"Base","Style","From","R","G","B","ShiftR","ShiftG","ShiftB"
"'Å¸Á¶·¹ÀÎÁ®_³²","10","9","1,15","0,85","0,8","18","-8","-14"
"'Å¸Á¶·¹ÀÎÁ®_³²","11","9","0,82","1,02","1,2","-18","0","24"
"'Å¸Á¶·¹ÀÎÁ®_³²","12","9","0,78","1,18","0,82","-20","22","-18"
"'Å¸Á¶·¹ÀÎÁ®_³²","13","9","1,2","0,92","1,15","22","-4","18"
"'Å¸Á¶·¹ÀÎÁ®_³²","14","9","0,82","1,15","1,16","-20","18","20"
"'Å¸Á¶·¹ÀÎÁ®_³²","15","9","1,18","1,06","0,72","22","12","-28"
"'Å¸Á¶·¹ÀÎÁ®_³²","16","6","1,2","0,76","0,72","28","-18","-22"
"'Å¸Á¶·¹ÀÎÁ®_³²","17","6","0,72","0,96","1,22","-28","-2","30"
"'Å¸Á¶·¹ÀÎÁ®_³²","18","1","0,78","0,88","1,18","-24","-10","28"
"'Å¸Á¶·¹ÀÎÁ®_³²","19","1","1,18","0,82","1,02","26","-16","8"
"'Å¸Á¶·¹ÀÎÁ®_³²","20","1","0,74","1,12","0,92","-26","18","-8"
"'Å¸Á¶·¹ÀÎÁ®_¿©","10","9","1,15","0,85","0,8","18","-8","-14"
"'Å¸Á¶·¹ÀÎÁ®_¿©","11","9","0,82","1,02","1,2","-18","0","24"
"'Å¸Á¶·¹ÀÎÁ®_¿©","12","9","0,78","1,18","0,82","-20","22","-18"
"'Å¸Á¶·¹ÀÎÁ®_¿©","13","9","1,2","0,92","1,15","22","-4","18"
"'Å¸Á¶·¹ÀÎÁ®_¿©","14","9","0,82","1,15","1,16","-20","18","20"
"'Å¸Á¶·¹ÀÎÁ®_¿©","15","9","1,18","1,06","0,72","22","12","-28"
"'Å¸Á¶·¹ÀÎÁ®_¿©","16","6","1,2","0,76","0,72","28","-18","-22"
"'Å¸Á¶·¹ÀÎÁ®_¿©","17","6","0,72","0,96","1,22","-28","-2","30"
"'Å¸Á¶·¹ÀÎÁ®_¿©","18","1","0,78","0,88","1,18","-24","-10","28"
"'Å¸Á¶·¹ÀÎÁ®_¿©","19","1","1,18","0,82","1,02","26","-16","8"
"'Å¸Á¶·¹ÀÎÁ®_¿©","20","1","0,74","1,12","0,92","-26","18","-8"
"abyss_chaser_female","10","9","1,15","0,85","0,8","18","-8","-14"
"abyss_chaser_female","11","9","0,82","1,02","1,2","-18","0","24"
"abyss_chaser_female","12","9","0,78","1,18","0,82","-20","22","-18"
"abyss_chaser_female","13","9","1,2","0,92","1,15","22","-4","18"
"abyss_chaser_female","14","9","0,82","1,15","1,16","-20","18","20"
"abyss_chaser_female","15","9","1,18","1,06","0,72","22","12","-28"
"abyss_chaser_female","16","6","1,2","0,76","0,72","28","-18","-22"
"abyss_chaser_female","17","6","0,72","0,96","1,22","-28","-2","30"
"abyss_chaser_female","18","1","0,78","0,88","1,18","-24","-10","28"
"abyss_chaser_female","19","1","1,18","0,82","1,02","26","-16","8"
"abyss_chaser_female","20","1","0,74","1,12","0,92","-26","18","-8"
"abyss_chaser_female_riding","10","9","1,15","0,85","0,8","18","-8","-14"
"abyss_chaser_female_riding","11","9","0,82","1,02","1,2","-18","0","24"
"abyss_chaser_female_riding","12","9","0,78","1,18","0,82","-20","22","-18"
"abyss_chaser_female_riding","13","9","1,2","0,92","1,15","22","-4","18"
"abyss_chaser_female_riding","14","9","0,82","1,15","1,16","-20","18","20"
"abyss_chaser_female_riding","15","9","1,18","1,06","0,72","22","12","-28"
"abyss_chaser_female_riding","16","6","1,2","0,76","0,72","28","-18","-22"
"abyss_chaser_female_riding","17","6","0,72","0,96","1,22","-28","-2","30"
"abyss_chaser_female_riding","18","1","0,78","0,88","1,18","-24","-10","28"
"abyss_chaser_female_riding","19","1","1,18","0,82","1,02","26","-16","8"
"abyss_chaser_female_riding","20","1","0,74","1,12","0,92","-26","18","-8"
"abyss_chaser_male","10","9","1,15","0,85","0,8","18","-8","-14"
"abyss_chaser_male","11","9","0,82","1,02","1,2","-18","0","24"
"abyss_chaser_male","12","9","0,78","1,18","0,82","-20","22","-18"
"abyss_chaser_male","13","9","1,2","0,92","1,15","22","-4","18"
"abyss_chaser_male","14","9","0,82","1,15","1,16","-20","18","20"
"abyss_chaser_male","15","9","1,18","1,06","0,72","22","12","-28"
"abyss_chaser_male","16","6","1,2","0,76","0,72","28","-18","-22"
"abyss_chaser_male","17","6","0,72","0,96","1,22","-28","-2","30"
"abyss_chaser_male","18","1","0,78","0,88","1,18","-24","-10","28"
"abyss_chaser_male","19","1","1,18","0,82","1,02","26","-16","8"
"abyss_chaser_male","20","1","0,74","1,12","0,92","-26","18","-8"
"abyss_chaser_male_riding","10","9","1,15","0,85","0,8","18","-8","-14"
"abyss_chaser_male_riding","11","9","0,82","1,02","1,2","-18","0","24"
"abyss_chaser_male_riding","12","9","0,78","1,18","0,82","-20","22","-18"
"abyss_chaser_male_riding","13","9","1,2","0,92","1,15","22","-4","18"
"abyss_chaser_male_riding","14","9","0,82","1,15","1,16","-20","18","20"
"abyss_chaser_male_riding","15","9","1,18","1,06","0,72","22","12","-28"
"abyss_chaser_male_riding","16","6","1,2","0,76","0,72","28","-18","-22"
"abyss_chaser_male_riding","17","6","0,72","0,96","1,22","-28","-2","30"
"abyss_chaser_male_riding","18","1","0,78","0,88","1,18","-24","-10","28"
"abyss_chaser_male_riding","19","1","1,18","0,82","1,02","26","-16","8"
"abyss_chaser_male_riding","20","1","0,74","1,12","0,92","-26","18","-8"
"abyss_chaser_riding_³²","10","9","1,15","0,85","0,8","18","-8","-14"
"abyss_chaser_riding_³²","11","9","0,82","1,02","1,2","-18","0","24"
"abyss_chaser_riding_³²","12","9","0,78","1,18","0,82","-20","22","-18"
"abyss_chaser_riding_³²","13","9","1,2","0,92","1,15","22","-4","18"
"abyss_chaser_riding_³²","14","9","0,82","1,15","1,16","-20","18","20"
"abyss_chaser_riding_³²","15","9","1,18","1,06","0,72","22","12","-28"
"abyss_chaser_riding_³²","16","6","1,2","0,76","0,72","28","-18","-22"
"abyss_chaser_riding_³²","17","6","0,72","0,96","1,22","-28","-2","30"
"abyss_chaser_riding_³²","18","1","0,78","0,88","1,18","-24","-10","28"
"abyss_chaser_riding_³²","19","1","1,18","0,82","1,02","26","-16","8"
"abyss_chaser_riding_³²","20","1","0,74","1,12","0,92","-26","18","-8"
"abyss_chaser_riding_¿©","10","9","1,15","0,85","0,8","18","-8","-14"
"abyss_chaser_riding_¿©","11","9","0,82","1,02","1,2","-18","0","24"
"abyss_chaser_riding_¿©","12","9","0,78","1,18","0,82","-20","22","-18"
"abyss_chaser_riding_¿©","13","9","1,2","0,92","1,15","22","-4","18"
"abyss_chaser_riding_¿©","14","9","0,82","1,15","1,16","-20","18","20"
"abyss_chaser_riding_¿©","15","9","1,18","1,06","0,72","22","12","-28"
"abyss_chaser_riding_¿©","16","6","1,2","0,76","0,72","28","-18","-22"
"abyss_chaser_riding_¿©","17","6","0,72","0,96","1,22","-28","-2","30"
"abyss_chaser_riding_¿©","18","1","0,78","0,88","1,18","-24","-10","28"
"abyss_chaser_riding_¿©","19","1","1,18","0,82","1,02","26","-16","8"
"abyss_chaser_riding_¿©","20","1","0,74","1,12","0,92","-26","18","-8"
"abyss_chaser_³²","10","9","1,15","0,85","0,8","18","-8","-14"
"abyss_chaser_³²","11","9","0,82","1,02","1,2","-18","0","24"
"abyss_chaser_³²","12","9","0,78","1,18","0,82","-20","22","-18"
"abyss_chaser_³²","13","9","1,2","0,92","1,15","22","-4","18"
"abyss_chaser_³²","14","9","0,82","1,15","1,16","-20","18","20"
"abyss_chaser_³²","15","9","1,18","1,06","0,72","22","12","-28"
"abyss_chaser_³²","16","6","1,2","0,76","0,72","28","-18","-22"
"abyss_chaser_³²","17","6","0,72","0,96","1,22","-28","-2","30"
"abyss_chaser_³²","18","1","0,78","0,88","1,18","-24","-10","28"
"abyss_chaser_³²","19","1","1,18","0,82","1,02","26","-16","8"
"abyss_chaser_³²","20","1","0,74","1,12","0,92","-26","18","-8"
"abyss_chaser_¿©","10","9","1,15","0,85","0,8","18","-8","-14"
"abyss_chaser_¿©","11","9","0,82","1,02","1,2","-18","0","24"
"abyss_chaser_¿©","12","9","0,78","1,18","0,82","-20","22","-18"
"abyss_chaser_¿©","13","9","1,2","0,92","1,15","22","-4","18"
"abyss_chaser_¿©","14","9","0,82","1,15","1,16","-20","18","20"
"abyss_chaser_¿©","15","9","1,18","1,06","0,72","22","12","-28"
"abyss_chaser_¿©","16","6","1,2","0,76","0,72","28","-18","-22"
"abyss_chaser_¿©","17","6","0,72","0,96","1,22","-28","-2","30"
"abyss_chaser_¿©","18","1","0,78","0,88","1,18","-24","-10","28"
"abyss_chaser_¿©","19","1","1,18","0,82","1,02","26","-16","8"
"abyss_chaser_¿©","20","1","0,74","1,12","0,92","-26","18","-8"
"alchemist_female","10","9","1,15","0,85","0,8","18","-8","-14"
"alchemist_female","11","9","0,82","1,02","1,2","-18","0","24"
"alchemist_female","12","9","0,78","1,18","0,82","-20","22","-18"
"alchemist_female","13","9","1,2","0,92","1,15","22","-4","18"
"alchemist_female","14","9","0,82","1,15","1,16","-20","18","20"
"alchemist_female","15","9","1,18","1,06","0,72","22","12","-28"
"alchemist_female","16","6","1,2","0,76","0,72","28","-18","-22"
"alchemist_female","17","6","0,72","0,96","1,22","-28","-2","30"
"alchemist_female","18","1","0,78","0,88","1,18","-24","-10","28"
"alchemist_female","19","1","1,18","0,82","1,02","26","-16","8"
"alchemist_female","20","1","0,74","1,12","0,92","-26","18","-8"
"alchemist_female_riding","10","9","1,15","0,85","0,8","18","-8","-14"
"alchemist_female_riding","11","9","0,82","1,02","1,2","-18","0","24"
"alchemist_female_riding","12","9","0,78","1,18","0,82","-20","22","-18"
"alchemist_female_riding","13","9","1,2","0,92","1,15","22","-4","18"
"alchemist_female_riding","14","9","0,82","1,15","1,16","-20","18","20"
"alchemist_female_riding","15","9","1,18","1,06","0,72","22","12","-28"
"alchemist_female_riding","16","6","1,2","0,76","0,72","28","-18","-22"
"alchemist_female_riding","17","6","0,72","0,96","1,22","-28","-2","30"
"alchemist_female_riding","18","1","0,78","0,88","1,18","-24","-10","28"
"alchemist_female_riding","19","1","1,18","0,82","1,02","26","-16","8"
"alchemist_female_riding","20","1","0,74","1,12","0,92","-26","18","-8"
"alchemist_male","10","9","1,15","0,85","0,8","18","-8","-14"
"alchemist_male","11","9","0,82","1,02","1,2","-18","0","24"
"alchemist_male","12","9","0,78","1,18","0,82","-20","22","-18"
"alchemist_male","13","9","1,2","0,92","1,15","22","-4","18"
"alchemist_male","14","9","0,82","1,15","1,16","-20","18","20"
"alchemist_male","15","9","1,18","1,06","0,72","22","12","-28"
"alchemist_male","16","6","1,2","0,76","0,72","28","-18","-22"
"alchemist_male","17","6","0,72","0,96","1,22","-28","-2","30"
"alchemist_male","18","1","0,78","0,88","1,18","-24","-10","28"
"alchemist_male","19","1","1,18","0,82","1,02","26","-16","8"
"alchemist_male","20","1","0,74","1,12","0,92","-26","18","-8"
"alchemist_male_riding","10","9","1,15","0,85","0,8","18","-8","-14"
"alchemist_male_riding","11","9","0,82","1,02","1,2","-18","0","24"
"alchemist_male_riding","12","9","0,78","1,18","0,82","-20","22","-18"
"alchemist_male_riding","13","9","1,2","0,92","1,15","22","-4","18"
"alchemist_male_riding","14","9","0,82","1,15","1,16","-20","18","20"
"alchemist_male_riding","15","9","1,18","1,06","0,72","22","12","-28"
"alchemist_male_riding","16","6","1,2","0,76","0,72","28","-18","-22"
"alchemist_male_riding","17","6","0,72","0,96","1,22","-28","-2","30"
"alchemist_male_riding","18","1","0,78","0,88","1,18","-24","-10","28"
"alchemist_male_riding","19","1","1,18","0,82","1,02","26","-16","8"
"alchemist_male_riding","20","1","0,74","1,12","0,92","-26","18","-8"
"archer_female","10","9","1,15","0,85","0,8","18","-8","-14"
"archer_female","11","9","0,82","1,02","1,2","-18","0","24"
"archer_female","12","9","0,78","1,18","0,82","-20","22","-18"
"archer_female","13","9","1,2","0,92","1,15","22","-4","18"
"archer_female","14","9","0,82","1,15","1,16","-20","18","20"
"archer_female","15","9","1,18","1,06","0,72","22","12","-28"
"archer_female","16","6","1,2","0,76","0,72","28","-18","-22"
"archer_female","17","6","0,72","0,96","1,22","-28","-2","30"
"archer_female","18","1","0,78","0,88","1,18","-24","-10","28"
"archer_female","19","1","1,18","0,82","1,02","26","-16","8"
"archer_female","20","1","0,74","1,12","0,92","-26","18","-8"
"archer_male","10","9","1,15","0,85","0,8","18","-8","-14"
"archer_male","11","9","0,82","1,02","1,2","-18","0","24"
"archer_male","12","9","0,78","1,18","0,82","-20","22","-18"
"archer_male","13","9","1,2","0,92","1,15","22","-4","18"
"archer_male","14","9","0,82","1,15","1,16","-20","18","20"
"archer_male","15","9","1,18","1,06","0,72","22","12","-28"
"archer_male","16","6","1,2","0,76","0,72","28","-18","-22"
"archer_male","17","6","0,72","0,96","1,22","-28","-2","30"
"archer_male","18","1","0,78","0,88","1,18","-24","-10","28"
"archer_male","19","1","1,18","0,82","1,02","26","-16","8"
"archer_male","20","1","0,74","1,12","0,92","-26","18","-8"
"arch_bishop_female","10","9","1,15","0,85","0,8","18","-8","-14"
"arch_bishop_female","11","9","0,82","1,02","1,2","-18","0","24"
"arch_bishop_female","12","9","0,78","1,18","0,82","-20","22","-18"
"arch_bishop_female","13","9","1,2","0,92","1,15","22","-4","18"
"arch_bishop_female","14","9","0,82","1,15","1,16","-20","18","20"
"arch_bishop_female","15","9","1,18","1,06","0,72","22","12","-28"
"arch_bishop_female","16","6","1,2","0,76","0,72","28","-18","-22"
"arch_bishop_female","17","6","0,72","0,96","1,22","-28","-2","30"
"arch_bishop_female","18","1","0,78","0,88","1,18","-24","-10","28"
"arch_bishop_female","19","1","1,18","0,82","1,02","26","-16","8"
"arch_bishop_female","20","1","0,74","1,12","0,92","-26","18","-8"
"arch_bishop_female_riding","10","9","1,15","0,85","0,8","18","-8","-14"
"arch_bishop_female_riding","11","9","0,82","1,02","1,2","-18","0","24"
"arch_bishop_female_riding","12","9","0,78","1,18","0,82","-20","22","-18"
"arch_bishop_female_riding","13","9","1,2","0,92","1,15","22","-4","18"
"arch_bishop_female_riding","14","9","0,82","1,15","1,16","-20","18","20"
"arch_bishop_female_riding","15","9","1,18","1,06","0,72","22","12","-28"
"arch_bishop_female_riding","16","6","1,2","0,76","0,72","28","-18","-22"
"arch_bishop_female_riding","17","6","0,72","0,96","1,22","-28","-2","30"
"arch_bishop_female_riding","18","1","0,78","0,88","1,18","-24","-10","28"
"arch_bishop_female_riding","19","1","1,18","0,82","1,02","26","-16","8"
"arch_bishop_female_riding","20","1","0,74","1,12","0,92","-26","18","-8"
"arch_bishop_male","10","9","1,15","0,85","0,8","18","-8","-14"
"arch_bishop_male","11","9","0,82","1,02","1,2","-18","0","24"
"arch_bishop_male","12","9","0,78","1,18","0,82","-20","22","-18"
"arch_bishop_male","13","9","1,2","0,92","1,15","22","-4","18"
"arch_bishop_male","14","9","0,82","1,15","1,16","-20","18","20"
"arch_bishop_male","15","9","1,18","1,06","0,72","22","12","-28"
"arch_bishop_male","16","6","1,2","0,76","0,72","28","-18","-22"
"arch_bishop_male","17","6","0,72","0,96","1,22","-28","-2","30"
"arch_bishop_male","18","1","0,78","0,88","1,18","-24","-10","28"
"arch_bishop_male","19","1","1,18","0,82","1,02","26","-16","8"
"arch_bishop_male","20","1","0,74","1,12","0,92","-26","18","-8"
"arch_bishop_male_riding","10","9","1,15","0,85","0,8","18","-8","-14"
"arch_bishop_male_riding","11","9","0,82","1,02","1,2","-18","0","24"
"arch_bishop_male_riding","12","9","0,78","1,18","0,82","-20","22","-18"
"arch_bishop_male_riding","13","9","1,2","0,92","1,15","22","-4","18"
"arch_bishop_male_riding","14","9","0,82","1,15","1,16","-20","18","20"
"arch_bishop_male_riding","15","9","1,18","1,06","0,72","22","12","-28"
"arch_bishop_male_riding","16","6","1,2","0,76","0,72","28","-18","-22"
"arch_bishop_male_riding","17","6","0,72","0,96","1,22","-28","-2","30"
"arch_bishop_male_riding","18","1","0,78","0,88","1,18","-24","-10","28"
"arch_bishop_male_riding","19","1","1,18","0,82","1,02","26","-16","8"
"arch_bishop_male_riding","20","1","0,74","1,12","0,92","-26","18","-8"
"arch_mage_female","10","9","1,15","0,85","0,8","18","-8","-14"
"arch_mage_female","11","9","0,82","1,02","1,2","-18","0","24"
"arch_mage_female","12","9","0,78","1,18","0,82","-20","22","-18"
"arch_mage_female","13","9","1,2","0,92","1,15","22","-4","18"
"arch_mage_female","14","9","0,82","1,15","1,16","-20","18","20"
"arch_mage_female","15","9","1,18","1,06","0,72","22","12","-28"
"arch_mage_female","16","6","1,2","0,76","0,72","28","-18","-22"
"arch_mage_female","17","6","0,72","0,96","1,22","-28","-2","30"
"arch_mage_female","18","1","0,78","0,88","1,18","-24","-10","28"
"arch_mage_female","19","1","1,18","0,82","1,02","26","-16","8"
"arch_mage_female","20","1","0,74","1,12","0,92","-26","18","-8"
"arch_mage_female_riding","10","9","1,15","0,85","0,8","18","-8","-14"
"arch_mage_female_riding","11","9","0,82","1,02","1,2","-18","0","24"
"arch_mage_female_riding","12","9","0,78","1,18","0,82","-20","22","-18"
"arch_mage_female_riding","13","9","1,2","0,92","1,15","22","-4","18"
"arch_mage_female_riding","14","9","0,82","1,15","1,16","-20","18","20"
"arch_mage_female_riding","15","9","1,18","1,06","0,72","22","12","-28"
"arch_mage_female_riding","16","6","1,2","0,76","0,72","28","-18","-22"
"arch_mage_female_riding","17","6","0,72","0,96","1,22","-28","-2","30"
"arch_mage_female_riding","18","1","0,78","0,88","1,18","-24","-10","28"
"arch_mage_female_riding","19","1","1,18","0,82","1,02","26","-16","8"
"arch_mage_female_riding","20","1","0,74","1,12","0,92","-26","18","-8"
"arch_mage_male","10","9","1,15","0,85","0,8","18","-8","-14"
"arch_mage_male","11","9","0,82","1,02","1,2","-18","0","24"
"arch_mage_male","12","9","0,78","1,18","0,82","-20","22","-18"
"arch_mage_male","13","9","1,2","0,92","1,15","22","-4","18"
"arch_mage_male","14","9","0,82","1,15","1,16","-20","18","20"
"arch_mage_male","15","9","1,18","1,06","0,72","22","12","-28"
"arch_mage_male","16","6","1,2","0,76","0,72","28","-18","-22"
"arch_mage_male","17","6","0,72","0,96","1,22","-28","-2","30"
"arch_mage_male","18","1","0,78","0,88","1,18","-24","-10","28"
"arch_mage_male","19","1","1,18","0,82","1,02","26","-16","8"
"arch_mage_male","20","1","0,74","1,12","0,92","-26","18","-8"
"arch_mage_male_riding","10","9","1,15","0,85","0,8","18","-8","-14"
"arch_mage_male_riding","11","9","0,82","1,02","1,2","-18","0","24"
"arch_mage_male_riding","12","9","0,78","1,18","0,82","-20","22","-18"
"arch_mage_male_riding","13","9","1,2","0,92","1,15","22","-4","18"
"arch_mage_male_riding","14","9","0,82","1,15","1,16","-20","18","20"
"arch_mage_male_riding","15","9","1,18","1,06","0,72","22","12","-28"
"arch_mage_male_riding","16","6","1,2","0,76","0,72","28","-18","-22"
"arch_mage_male_riding","17","6","0,72","0,96","1,22","-28","-2","30"
"arch_mage_male_riding","18","1","0,78","0,88","1,18","-24","-10","28"
"arch_mage_male_riding","19","1","1,18","0,82","1,02","26","-16","8"
"arch_mage_male_riding","20","1","0,74","1,12","0,92","-26","18","-8"
"arch_mage_riding_³²","10","9","1,15","0,85","0,8","18","-8","-14"
"arch_mage_riding_³²","11","9","0,82","1,02","1,2","-18","0","24"
"arch_mage_riding_³²","12","9","0,78","1,18","0,82","-20","22","-18"
"arch_mage_riding_³²","13","9","1,2","0,92","1,15","22","-4","18"
"arch_mage_riding_³²","14","9","0,82","1,15","1,16","-20","18","20"
"arch_mage_riding_³²","15","9","1,18","1,06","0,72","22","12","-28"
"arch_mage_riding_³²","16","6","1,2","0,76","0,72","28","-18","-22"
"arch_mage_riding_³²","17","6","0,72","0,96","1,22","-28","-2","30"
"arch_mage_riding_³²","18","1","0,78","0,88","1,18","-24","-10","28"
"arch_mage_riding_³²","19","1","1,18","0,82","1,02","26","-16","8"
"arch_mage_riding_³²","20","1","0,74","1,12","0,92","-26","18","-8"
"arch_mage_riding_¿©","10","9","1,15","0,85","0,8","18","-8","-14"
"arch_mage_riding_¿©","11","9","0,82","1,02","1,2","-18","0","24"
"arch_mage_riding_¿©","12","9","0,78","1,18","0,82","-20","22","-18"
"arch_mage_riding_¿©","13","9","1,2","0,92","1,15","22","-4","18"
"arch_mage_riding_¿©","14","9","0,82","1,15","1,16","-20","18","20"
"arch_mage_riding_¿©","15","9","1,18","1,06","0,72","22","12","-28"
"arch_mage_riding_¿©","16","6","1,2","0,76","0,72","28","-18","-22"
"arch_mage_riding_¿©","17","6","0,72","0,96","1,22","-28","-2","30"
"arch_mage_riding_¿©","18","1","0,78","0,88","1,18","-24","-10","28"
"arch_mage_riding_¿©","19","1","1,18","0,82","1,02","26","-16","8"
"arch_mage_riding_¿©","20","1","0,74","1,12","0,92","-26","18","-8"
"arch_mage_³²","10","9","1,15","0,85","0,8","18","-8","-14"
"arch_mage_³²","11","9","0,82","1,02","1,2","-18","0","24"
"arch_mage_³²","12","9","0,78","1,18","0,82","-20","22","-18"
"arch_mage_³²","13","9","1,2","0,92","1,15","22","-4","18"
"arch_mage_³²","14","9","0,82","1,15","1,16","-20","18","20"
"arch_mage_³²","15","9","1,18","1,06","0,72","22","12","-28"
"arch_mage_³²","16","6","1,2","0,76","0,72","28","-18","-22"
"arch_mage_³²","17","6","0,72","0,96","1,22","-28","-2","30"
"arch_mage_³²","18","1","0,78","0,88","1,18","-24","-10","28"
"arch_mage_³²","19","1","1,18","0,82","1,02","26","-16","8"
"arch_mage_³²","20","1","0,74","1,12","0,92","-26","18","-8"
"arch_mage_¿©","10","9","1,15","0,85","0,8","18","-8","-14"
"arch_mage_¿©","11","9","0,82","1,02","1,2","-18","0","24"
"arch_mage_¿©","12","9","0,78","1,18","0,82","-20","22","-18"
"arch_mage_¿©","13","9","1,2","0,92","1,15","22","-4","18"
"arch_mage_¿©","14","9","0,82","1,15","1,16","-20","18","20"
"arch_mage_¿©","15","9","1,18","1,06","0,72","22","12","-28"
"arch_mage_¿©","16","6","1,2","0,76","0,72","28","-18","-22"
"arch_mage_¿©","17","6","0,72","0,96","1,22","-28","-2","30"
"arch_mage_¿©","18","1","0,78","0,88","1,18","-24","-10","28"
"arch_mage_¿©","19","1","1,18","0,82","1,02","26","-16","8"
"arch_mage_¿©","20","1","0,74","1,12","0,92","-26","18","-8"
"bard_female","10","9","1,15","0,85","0,8","18","-8","-14"
"bard_female","11","9","0,82","1,02","1,2","-18","0","24"
"bard_female","12","9","0,78","1,18","0,82","-20","22","-18"
"bard_female","13","9","1,2","0,92","1,15","22","-4","18"
"bard_female","14","9","0,82","1,15","1,16","-20","18","20"
"bard_female","15","9","1,18","1,06","0,72","22","12","-28"
"bard_female","16","6","1,2","0,76","0,72","28","-18","-22"
"bard_female","17","6","0,72","0,96","1,22","-28","-2","30"
"bard_female","18","1","0,78","0,88","1,18","-24","-10","28"
"bard_female","19","1","1,18","0,82","1,02","26","-16","8"
"bard_female","20","1","0,74","1,12","0,92","-26","18","-8"
"bard_male","10","9","1,15","0,85","0,8","18","-8","-14"
"bard_male","11","9","0,82","1,02","1,2","-18","0","24"
"bard_male","12","9","0,78","1,18","0,82","-20","22","-18"
"bard_male","13","9","1,2","0,92","1,15","22","-4","18"
"bard_male","14","9","0,82","1,15","1,16","-20","18","20"
"bard_male","15","9","1,18","1,06","0,72","22","12","-28"
"bard_male","16","6","1,2","0,76","0,72","28","-18","-22"
"bard_male","17","6","0,72","0,96","1,22","-28","-2","30"
"bard_male","18","1","0,78","0,88","1,18","-24","-10","28"
"bard_male","19","1","1,18","0,82","1,02","26","-16","8"
"bard_male","20","1","0,74","1,12","0,92","-26","18","-8"
"biolo_female","10","9","1,15","0,85","0,8","18","-8","-14"
"biolo_female","11","9","0,82","1,02","1,2","-18","0","24"
"biolo_female","12","9","0,78","1,18","0,82","-20","22","-18"
"biolo_female","13","9","1,2","0,92","1,15","22","-4","18"
"biolo_female","14","9","0,82","1,15","1,16","-20","18","20"
"biolo_female","15","9","1,18","1,06","0,72","22","12","-28"
"biolo_female","16","6","1,2","0,76","0,72","28","-18","-22"
"biolo_female","17","6","0,72","0,96","1,22","-28","-2","30"
"biolo_female","18","1","0,78","0,88","1,18","-24","-10","28"
"biolo_female","19","1","1,18","0,82","1,02","26","-16","8"
"biolo_female","20","1","0,74","1,12","0,92","-26","18","-8"
"biolo_female_riding","10","9","1,15","0,85","0,8","18","-8","-14"
"biolo_female_riding","11","9","0,82","1,02","1,2","-18","0","24"
"biolo_female_riding","12","9","0,78","1,18","0,82","-20","22","-18"
"biolo_female_riding","13","9","1,2","0,92","1,15","22","-4","18"
"biolo_female_riding","14","9","0,82","1,15","1,16","-20","18","20"
"biolo_female_riding","15","9","1,18","1,06","0,72","22","12","-28"
"biolo_female_riding","16","6","1,2","0,76","0,72","28","-18","-22"
"biolo_female_riding","17","6","0,72","0,96","1,22","-28","-2","30"
"biolo_female_riding","18","1","0,78","0,88","1,18","-24","-10","28"
"biolo_female_riding","19","1","1,18","0,82","1,02","26","-16","8"
"biolo_female_riding","20","1","0,74","1,12","0,92","-26","18","-8"
"biolo_male","10","9","1,15","0,85","0,8","18","-8","-14"
"biolo_male","11","9","0,82","1,02","1,2","-18","0","24"
"biolo_male","12","9","0,78","1,18","0,82","-20","22","-18"
"biolo_male","13","9","1,2","0,92","1,15","22","-4","18"
"biolo_male","14","9","0,82","1,15","1,16","-20","18","20"
"biolo_male","15","9","1,18","1,06","0,72","22","12","-28"
"biolo_male","16","6","1,2","0,76","0,72","28","-18","-22"
"biolo_male","17","6","0,72","0,96","1,22","-28","-2","30"
"biolo_male","18","1","0,78","0,88","1,18","-24","-10","28"
"biolo_male","19","1","1,18","0,82","1,02","26","-16","8"
"biolo_male","20","1","0,74","1,12","0,92","-26","18","-8"
"biolo_male_riding","10","9","1,15","0,85","0,8","18","-8","-14"
"biolo_male_riding","11","9","0,82","1,02","1,2","-18","0","24"
"biolo_male_riding","12","9","0,78","1,18","0,82","-20","22","-18"
"biolo_male_riding","13","9","1,2","0,92","1,15","22","-4","18"
"biolo_male_riding","14","9","0,82","1,15","1,16","-20","18","20"
"biolo_male_riding","15","9","1,18","1,06","0,72","22","12","-28"
"biolo_male_riding","16","6","1,2","0,76","0,72","28","-18","-22"
"biolo_male_riding","17","6","0,72","0,96","1,22","-28","-2","30"
"biolo_male_riding","18","1","0,78","0,88","1,18","-24","-10","28"
"biolo_male_riding","19","1","1,18","0,82","1,02","26","-16","8"
"biolo_male_riding","20","1","0,74","1,12","0,92","-26","18","-8"
"biolo_riding_³²","10","9","1,15","0,85","0,8","18","-8","-14"
"biolo_riding_³²","11","9","0,82","1,02","1,2","-18","0","24"
"biolo_riding_³²","12","9","0,78","1,18","0,82","-20","22","-18"
"biolo_riding_³²","13","9","1,2","0,92","1,15","22","-4","18"
"biolo_riding_³²","14","9","0,82","1,15","1,16","-20","18","20"
"biolo_riding_³²","15","9","1,18","1,06","0,72","22","12","-28"
"biolo_riding_³²","16","6","1,2","0,76","0,72","28","-18","-22"
"biolo_riding_³²","17","6","0,72","0,96","1,22","-28","-2","30"
"biolo_riding_³²","18","1","0,78","0,88","1,18","-24","-10","28"
"biolo_riding_³²","19","1","1,18","0,82","1,02","26","-16","8"
"biolo_riding_³²","20","1","0,74","1,12","0,92","-26","18","-8"
"biolo_riding_¿©","10","9","1,15","0,85","0,8","18","-8","-14"
"biolo_riding_¿©","11","9","0,82","1,02","1,2","-18","0","24"
"biolo_riding_¿©","12","9","0,78","1,18","0,82","-20","22","-18"
"biolo_riding_¿©","13","9","1,2","0,92","1,15","22","-4","18"
"biolo_riding_¿©","14","9","0,82","1,15","1,16","-20","18","20"
"biolo_riding_¿©","15","9","1,18","1,06","0,72","22","12","-28"
"biolo_riding_¿©","16","6","1,2","0,76","0,72","28","-18","-22"
"biolo_riding_¿©","17","6","0,72","0,96","1,22","-28","-2","30"
"biolo_riding_¿©","18","1","0,78","0,88","1,18","-24","-10","28"
"biolo_riding_¿©","19","1","1,18","0,82","1,02","26","-16","8"
"biolo_riding_¿©","20","1","0,74","1,12","0,92","-26","18","-8"
"biolo_³²","10","9","1,15","0,85","0,8","18","-8","-14"
"biolo_³²","11","9","0,82","1,02","1,2","-18","0","24"
"biolo_³²","12","9","0,78","1,18","0,82","-20","22","-18"
"biolo_³²","13","9","1,2","0,92","1,15","22","-4","18"
"biolo_³²","14","9","0,82","1,15","1,16","-20","18","20"
"biolo_³²","15","9","1,18","1,06","0,72","22","12","-28"
"biolo_³²","16","6","1,2","0,76","0,72","28","-18","-22"
"biolo_³²","17","6","0,72","0,96","1,22","-28","-2","30"
"biolo_³²","18","1","0,78","0,88","1,18","-24","-10","28"
"biolo_³²","19","1","1,18","0,82","1,02","26","-16","8"
"biolo_³²","20","1","0,74","1,12","0,92","-26","18","-8"
"biolo_¿©","10","9","1,15","0,85","0,8","18","-8","-14"
"biolo_¿©","11","9","0,82","1,02","1,2","-18","0","24"
"biolo_¿©","12","9","0,78","1,18","0,82","-20","22","-18"
"biolo_¿©","13","9","1,2","0,92","1,15","22","-4","18"
"biolo_¿©","14","9","0,82","1,15","1,16","-20","18","20"
"biolo_¿©","15","9","1,18","1,06","0,72","22","12","-28"
"biolo_¿©","16","6","1,2","0,76","0,72","28","-18","-22"
"biolo_¿©","17","6","0,72","0,96","1,22","-28","-2","30"
"biolo_¿©","18","1","0,78","0,88","1,18","-24","-10","28"
"biolo_¿©","19","1","1,18","0,82","1,02","26","-16","8"
"biolo_¿©","20","1","0,74","1,12","0,92","-26","18","-8"
"cardinal_female","10","9","1,15","0,85","0,8","18","-8","-14"
"cardinal_female","11","9","0,82","1,02","1,2","-18","0","24"
"cardinal_female","12","9","0,78","1,18","0,82","-20","22","-18"
"cardinal_female","13","9","1,2","0,92","1,15","22","-4","18"
"cardinal_female","14","9","0,82","1,15","1,16","-20","18","20"
"cardinal_female","15","9","1,18","1,06","0,72","22","12","-28"
"cardinal_female","16","6","1,2","0,76","0,72","28","-18","-22"
"cardinal_female","17","6","0,72","0,96","1,22","-28","-2","30"
"cardinal_female","18","1","0,78","0,88","1,18","-24","-10","28"
"cardinal_female","19","1","1,18","0,82","1,02","26","-16","8"
"cardinal_female","20","1","0,74","1,12","0,92","-26","18","-8"
"cardinal_female_riding","10","9","1,15","0,85","0,8","18","-8","-14"
"cardinal_female_riding","11","9","0,82","1,02","1,2","-18","0","24"
"cardinal_female_riding","12","9","0,78","1,18","0,82","-20","22","-18"
"cardinal_female_riding","13","9","1,2","0,92","1,15","22","-4","18"
"cardinal_female_riding","14","9","0,82","1,15","1,16","-20","18","20"
"cardinal_female_riding","15","9","1,18","1,06","0,72","22","12","-28"
"cardinal_female_riding","16","6","1,2","0,76","0,72","28","-18","-22"
"cardinal_female_riding","17","6","0,72","0,96","1,22","-28","-2","30"
"cardinal_female_riding","18","1","0,78","0,88","1,18","-24","-10","28"
"cardinal_female_riding","19","1","1,18","0,82","1,02","26","-16","8"
"cardinal_female_riding","20","1","0,74","1,12","0,92","-26","18","-8"
"cardinal_legacy_female","10","9","1,15","0,85","0,8","18","-8","-14"
"cardinal_legacy_female","11","9","0,82","1,02","1,2","-18","0","24"
"cardinal_legacy_female","12","9","0,78","1,18","0,82","-20","22","-18"
"cardinal_legacy_female","13","9","1,2","0,92","1,15","22","-4","18"
"cardinal_legacy_female","14","9","0,82","1,15","1,16","-20","18","20"
"cardinal_legacy_female","15","9","1,18","1,06","0,72","22","12","-28"
"cardinal_legacy_female","16","6","1,2","0,76","0,72","28","-18","-22"
"cardinal_legacy_female","17","6","0,72","0,96","1,22","-28","-2","30"
"cardinal_legacy_female","18","1","0,78","0,88","1,18","-24","-10","28"
"cardinal_legacy_female","19","1","1,18","0,82","1,02","26","-16","8"
"cardinal_legacy_female","20","1","0,74","1,12","0,92","-26","18","-8"
"cardinal_legacy_female_riding","10","9","1,15","0,85","0,8","18","-8","-14"
"cardinal_legacy_female_riding","11","9","0,82","1,02","1,2","-18","0","24"
"cardinal_legacy_female_riding","12","9","0,78","1,18","0,82","-20","22","-18"
"cardinal_legacy_female_riding","13","9","1,2","0,92","1,15","22","-4","18"
"cardinal_legacy_female_riding","14","9","0,82","1,15","1,16","-20","18","20"
"cardinal_legacy_female_riding","15","9","1,18","1,06","0,72","22","12","-28"
"cardinal_legacy_female_riding","16","6","1,2","0,76","0,72","28","-18","-22"
"cardinal_legacy_female_riding","17","6","0,72","0,96","1,22","-28","-2","30"
"cardinal_legacy_female_riding","18","1","0,78","0,88","1,18","-24","-10","28"
"cardinal_legacy_female_riding","19","1","1,18","0,82","1,02","26","-16","8"
"cardinal_legacy_female_riding","20","1","0,74","1,12","0,92","-26","18","-8"
"cardinal_legacy_male","10","9","1,15","0,85","0,8","18","-8","-14"
"cardinal_legacy_male","11","9","0,82","1,02","1,2","-18","0","24"
"cardinal_legacy_male","12","9","0,78","1,18","0,82","-20","22","-18"
"cardinal_legacy_male","13","9","1,2","0,92","1,15","22","-4","18"
"cardinal_legacy_male","14","9","0,82","1,15","1,16","-20","18","20"
"cardinal_legacy_male","15","9","1,18","1,06","0,72","22","12","-28"
"cardinal_legacy_male","16","6","1,2","0,76","0,72","28","-18","-22"
"cardinal_legacy_male","17","6","0,72","0,96","1,22","-28","-2","30"
"cardinal_legacy_male","18","1","0,78","0,88","1,18","-24","-10","28"
"cardinal_legacy_male","19","1","1,18","0,82","1,02","26","-16","8"
"cardinal_legacy_male","20","1","0,74","1,12","0,92","-26","18","-8"
"cardinal_legacy_male_riding","10","9","1,15","0,85","0,8","18","-8","-14"
"cardinal_legacy_male_riding","11","9","0,82","1,02","1,2","-18","0","24"
"cardinal_legacy_male_riding","12","9","0,78","1,18","0,82","-20","22","-18"
"cardinal_legacy_male_riding","13","9","1,2","0,92","1,15","22","-4","18"
"cardinal_legacy_male_riding","14","9","0,82","1,15","1,16","-20","18","20"
"cardinal_legacy_male_riding","15","9","1,18","1,06","0,72","22","12","-28"
"cardinal_legacy_male_riding","16","6","1,2","0,76","0,72","28","-18","-22"
"cardinal_legacy_male_riding","17","6","0,72","0,96","1,22","-28","-2","30"
"cardinal_legacy_male_riding","18","1","0,78","0,88","1,18","-24","-10","28"
"cardinal_legacy_male_riding","19","1","1,18","0,82","1,02","26","-16","8"
"cardinal_legacy_male_riding","20","1","0,74","1,12","0,92","-26","18","-8"
"cardinal_male","10","9","1,15","0,85","0,8","18","-8","-14"
"cardinal_male","11","9","0,82","1,02","1,2","-18","0","24"
"cardinal_male","12","9","0,78","1,18","0,82","-20","22","-18"
"cardinal_male","13","9","1,2","0,92","1,15","22","-4","18"
"cardinal_male","14","9","0,82","1,15","1,16","-20","18","20"
"cardinal_male","15","9","1,18","1,06","0,72","22","12","-28"
"cardinal_male","16","6","1,2","0,76","0,72","28","-18","-22"
"cardinal_male","17","6","0,72","0,96","1,22","-28","-2","30"
"cardinal_male","18","1","0,78","0,88","1,18","-24","-10","28"
"cardinal_male","19","1","1,18","0,82","1,02","26","-16","8"
"cardinal_male","20","1","0,74","1,12","0,92","-26","18","-8"
"cardinal_male_riding","10","9","1,15","0,85","0,8","18","-8","-14"
"cardinal_male_riding","11","9","0,82","1,02","1,2","-18","0","24"
"cardinal_male_riding","12","9","0,78","1,18","0,82","-20","22","-18"
"cardinal_male_riding","13","9","1,2","0,92","1,15","22","-4","18"
"cardinal_male_riding","14","9","0,82","1,15","1,16","-20","18","20"
"cardinal_male_riding","15","9","1,18","1,06","0,72","22","12","-28"
"cardinal_male_riding","16","6","1,2","0,76","0,72","28","-18","-22"
"cardinal_male_riding","17","6","0,72","0,96","1,22","-28","-2","30"
"cardinal_male_riding","18","1","0,78","0,88","1,18","-24","-10","28"
"cardinal_male_riding","19","1","1,18","0,82","1,02","26","-16","8"
"cardinal_male_riding","20","1","0,74","1,12","0,92","-26","18","-8"
"cardinal_riding_³²","10","9","1,15","0,85","0,8","18","-8","-14"
"cardinal_riding_³²","11","9","0,82","1,02","1,2","-18","0","24"
"cardinal_riding_³²","12","9","0,78","1,18","0,82","-20","22","-18"
"cardinal_riding_³²","13","9","1,2","0,92","1,15","22","-4","18"
"cardinal_riding_³²","14","9","0,82","1,15","1,16","-20","18","20"
"cardinal_riding_³²","15","9","1,18","1,06","0,72","22","12","-28"
"cardinal_riding_³²","16","6","1,2","0,76","0,72","28","-18","-22"
"cardinal_riding_³²","17","6","0,72","0,96","1,22","-28","-2","30"
"cardinal_riding_³²","18","1","0,78","0,88","1,18","-24","-10","28"
"cardinal_riding_³²","19","1","1,18","0,82","1,02","26","-16","8"
"cardinal_riding_³²","20","1","0,74","1,12","0,92","-26","18","-8"
"cardinal_riding_¿©","10","9","1,15","0,85","0,8","18","-8","-14"
"cardinal_riding_¿©","11","9","0,82","1,02","1,2","-18","0","24"
"cardinal_riding_¿©","12","9","0,78","1,18","0,82","-20","22","-18"
"cardinal_riding_¿©","13","9","1,2","0,92","1,15","22","-4","18"
"cardinal_riding_¿©","14","9","0,82","1,15","1,16","-20","18","20"
"cardinal_riding_¿©","15","9","1,18","1,06","0,72","22","12","-28"
"cardinal_riding_¿©","16","6","1,2","0,76","0,72","28","-18","-22"
"cardinal_riding_¿©","17","6","0,72","0,96","1,22","-28","-2","30"
"cardinal_riding_¿©","18","1","0,78","0,88","1,18","-24","-10","28"
"cardinal_riding_¿©","19","1","1,18","0,82","1,02","26","-16","8"
"cardinal_riding_¿©","20","1","0,74","1,12","0,92","-26","18","-8"
"cardinal_³²","10","9","1,15","0,85","0,8","18","-8","-14"
"cardinal_³²","11","9","0,82","1,02","1,2","-18","0","24"
"cardinal_³²","12","9","0,78","1,18","0,82","-20","22","-18"
"cardinal_³²","13","9","1,2","0,92","1,15","22","-4","18"
"cardinal_³²","14","9","0,82","1,15","1,16","-20","18","20"
"cardinal_³²","15","9","1,18","1,06","0,72","22","12","-28"
"cardinal_³²","16","6","1,2","0,76","0,72","28","-18","-22"
"cardinal_³²","17","6","0,72","0,96","1,22","-28","-2","30"
"cardinal_³²","18","1","0,78","0,88","1,18","-24","-10","28"
"cardinal_³²","19","1","1,18","0,82","1,02","26","-16","8"
"cardinal_³²","20","1","0,74","1,12","0,92","-26","18","-8"
"cardinal_¿©","10","9","1,15","0,85","0,8","18","-8","-14"
"cardinal_¿©","11","9","0,82","1,02","1,2","-18","0","24"
"cardinal_¿©","12","9","0,78","1,18","0,82","-20","22","-18"
"cardinal_¿©","13","9","1,2","0,92","1,15","22","-4","18"
"cardinal_¿©","14","9","0,82","1,15","1,16","-20","18","20"
"cardinal_¿©","15","9","1,18","1,06","0,72","22","12","-28"
"cardinal_¿©","16","6","1,2","0,76","0,72","28","-18","-22"
"cardinal_¿©","17","6","0,72","0,96","1,22","-28","-2","30"
"cardinal_¿©","18","1","0,78","0,88","1,18","-24","-10","28"
"cardinal_¿©","19","1","1,18","0,82","1,02","26","-16","8"
"cardinal_¿©","20","1","0,74","1,12","0,92","-26","18","-8"
"cartsummoner_³²","10","9","1,15","0,85","0,8","18","-8","-14"
"cartsummoner_³²","11","9","0,82","1,02","1,2","-18","0","24"
"cartsummoner_³²","12","9","0,78","1,18","0,82","-20","22","-18"
"cartsummoner_³²","13","9","1,2","0,92","1,15","22","-4","18"
"cartsummoner_³²","14","9","0,82","1,15","1,16","-20","18","20"
"cartsummoner_³²","15","9","1,18","1,06","0,72","22","12","-28"
"cartsummoner_³²","16","6","1,2","0,76","0,72","28","-18","-22"
"cartsummoner_³²","17","6","0,72","0,96","1,22","-28","-2","30"
"cartsummoner_³²","18","1","0,78","0,88","1,18","-24","-10","28"
"cartsummoner_³²","19","1","1,18","0,82","1,02","26","-16","8"
"cartsummoner_³²","20","1","0,74","1,12","0,92","-26","18","-8"
"cartsummoner_¿©","10","9","1,15","0,85","0,8","18","-8","-14"
"cartsummoner_¿©","11","9","0,82","1,02","1,2","-18","0","24"
"cartsummoner_¿©","12","9","0,78","1,18","0,82","-20","22","-18"
"cartsummoner_¿©","13","9","1,2","0,92","1,15","22","-4","18"
"cartsummoner_¿©","14","9","0,82","1,15","1,16","-20","18","20"
"cartsummoner_¿©","15","9","1,18","1,06","0,72","22","12","-28"
"cartsummoner_¿©","16","6","1,2","0,76","0,72","28","-18","-22"
"cartsummoner_¿©","17","6","0,72","0,96","1,22","-28","-2","30"
"cartsummoner_¿©","18","1","0,78","0,88","1,18","-24","-10","28"
"cartsummoner_¿©","19","1","1,18","0,82","1,02","26","-16","8"
"cartsummoner_¿©","20","1","0,74","1,12","0,92","-26","18","-8"
"cart_summoner_³²","10","9","1,15","0,85","0,8","18","-8","-14"
"cart_summoner_³²","11","9","0,82","1,02","1,2","-18","0","24"
"cart_summoner_³²","12","9","0,78","1,18","0,82","-20","22","-18"
"cart_summoner_³²","13","9","1,2","0,92","1,15","22","-4","18"
"cart_summoner_³²","14","9","0,82","1,15","1,16","-20","18","20"
"cart_summoner_³²","15","9","1,18","1,06","0,72","22","12","-28"
"cart_summoner_³²","16","6","1,2","0,76","0,72","28","-18","-22"
"cart_summoner_³²","17","6","0,72","0,96","1,22","-28","-2","30"
"cart_summoner_³²","18","1","0,78","0,88","1,18","-24","-10","28"
"cart_summoner_³²","19","1","1,18","0,82","1,02","26","-16","8"
"cart_summoner_³²","20","1","0,74","1,12","0,92","-26","18","-8"
"cart_summoner_¿©","10","9","1,15","0,85","0,8","18","-8","-14"
"cart_summoner_¿©","11","9","0,82","1,02","1,2","-18","0","24"
"cart_summoner_¿©","12","9","0,78","1,18","0,82","-20","22","-18"
"cart_summoner_¿©","13","9","1,2","0,92","1,15","22","-4","18"
"cart_summoner_¿©","14","9","0,82","1,15","1,16","-20","18","20"
"cart_summoner_¿©","15","9","1,18","1,06","0,72","22","12","-28"
"cart_summoner_¿©","16","6","1,2","0,76","0,72","28","-18","-22"
"cart_summoner_¿©","17","6","0,72","0,96","1,22","-28","-2","30"
"cart_summoner_¿©","18","1","0,78","0,88","1,18","-24","-10","28"
"cart_summoner_¿©","19","1","1,18","0,82","1,02","26","-16","8"
"cart_summoner_¿©","20","1","0,74","1,12","0,92","-26","18","-8"
"champion_female","10","9","1,15","0,85","0,8","18","-8","-14"
"champion_female","11","9","0,82","1,02","1,2","-18","0","24"
"champion_female","12","9","0,78","1,18","0,82","-20","22","-18"
"champion_female","13","9","1,2","0,92","1,15","22","-4","18"
"champion_female","14","9","0,82","1,15","1,16","-20","18","20"
"champion_female","15","9","1,18","1,06","0,72","22","12","-28"
"champion_female","16","6","1,2","0,76","0,72","28","-18","-22"
"champion_female","17","6","0,72","0,96","1,22","-28","-2","30"
"champion_female","18","1","0,78","0,88","1,18","-24","-10","28"
"champion_female","19","1","1,18","0,82","1,02","26","-16","8"
"champion_female","20","1","0,74","1,12","0,92","-26","18","-8"
"champion_female_riding","10","9","1,15","0,85","0,8","18","-8","-14"
"champion_female_riding","11","9","0,82","1,02","1,2","-18","0","24"
"champion_female_riding","12","9","0,78","1,18","0,82","-20","22","-18"
"champion_female_riding","13","9","1,2","0,92","1,15","22","-4","18"
"champion_female_riding","14","9","0,82","1,15","1,16","-20","18","20"
"champion_female_riding","15","9","1,18","1,06","0,72","22","12","-28"
"champion_female_riding","16","6","1,2","0,76","0,72","28","-18","-22"
"champion_female_riding","17","6","0,72","0,96","1,22","-28","-2","30"
"champion_female_riding","18","1","0,78","0,88","1,18","-24","-10","28"
"champion_female_riding","19","1","1,18","0,82","1,02","26","-16","8"
"champion_female_riding","20","1","0,74","1,12","0,92","-26","18","-8"
"champion_male","10","9","1,15","0,85","0,8","18","-8","-14"
"champion_male","11","9","0,82","1,02","1,2","-18","0","24"
"champion_male","12","9","0,78","1,18","0,82","-20","22","-18"
"champion_male","13","9","1,2","0,92","1,15","22","-4","18"
"champion_male","14","9","0,82","1,15","1,16","-20","18","20"
"champion_male","15","9","1,18","1,06","0,72","22","12","-28"
"champion_male","16","6","1,2","0,76","0,72","28","-18","-22"
"champion_male","17","6","0,72","0,96","1,22","-28","-2","30"
"champion_male","18","1","0,78","0,88","1,18","-24","-10","28"
"champion_male","19","1","1,18","0,82","1,02","26","-16","8"
"champion_male","20","1","0,74","1,12","0,92","-26","18","-8"
"champion_male_riding","10","9","1,15","0,85","0,8","18","-8","-14"
"champion_male_riding","11","9","0,82","1,02","1,2","-18","0","24"
"champion_male_riding","12","9","0,78","1,18","0,82","-20","22","-18"
"champion_male_riding","13","9","1,2","0,92","1,15","22","-4","18"
"champion_male_riding","14","9","0,82","1,15","1,16","-20","18","20"
"champion_male_riding","15","9","1,18","1,06","0,72","22","12","-28"
"champion_male_riding","16","6","1,2","0,76","0,72","28","-18","-22"
"champion_male_riding","17","6","0,72","0,96","1,22","-28","-2","30"
"champion_male_riding","18","1","0,78","0,88","1,18","-24","-10","28"
"champion_male_riding","19","1","1,18","0,82","1,02","26","-16","8"
"champion_male_riding","20","1","0,74","1,12","0,92","-26","18","-8"
"clown_male","10","9","1,15","0,85","0,8","18","-8","-14"
"clown_male","11","9","0,82","1,02","1,2","-18","0","24"
"clown_male","12","9","0,78","1,18","0,82","-20","22","-18"
"clown_male","13","9","1,2","0,92","1,15","22","-4","18"
"clown_male","14","9","0,82","1,15","1,16","-20","18","20"
"clown_male","15","9","1,18","1,06","0,72","22","12","-28"
"clown_male","16","6","1,2","0,76","0,72","28","-18","-22"
"clown_male","17","6","0,72","0,96","1,22","-28","-2","30"
"clown_male","18","1","0,78","0,88","1,18","-24","-10","28"
"clown_male","19","1","1,18","0,82","1,02","26","-16","8"
"clown_male","20","1","0,74","1,12","0,92","-26","18","-8"
"creator_female","10","9","1,15","0,85","0,8","18","-8","-14"
"creator_female","11","9","0,82","1,02","1,2","-18","0","24"
"creator_female","12","9","0,78","1,18","0,82","-20","22","-18"
"creator_female","13","9","1,2","0,92","1,15","22","-4","18"
"creator_female","14","9","0,82","1,15","1,16","-20","18","20"
"creator_female","15","9","1,18","1,06","0,72","22","12","-28"
"creator_female","16","6","1,2","0,76","0,72","28","-18","-22"
"creator_female","17","6","0,72","0,96","1,22","-28","-2","30"
"creator_female","18","1","0,78","0,88","1,18","-24","-10","28"
"creator_female","19","1","1,18","0,82","1,02","26","-16","8"
"creator_female","20","1","0,74","1,12","0,92","-26","18","-8"
"creator_female_riding","10","9","1,15","0,85","0,8","18","-8","-14"
"creator_female_riding","11","9","0,82","1,02","1,2","-18","0","24"
"creator_female_riding","12","9","0,78","1,18","0,82","-20","22","-18"
"creator_female_riding","13","9","1,2","0,92","1,15","22","-4","18"
"creator_female_riding","14","9","0,82","1,15","1,16","-20","18","20"
"creator_female_riding","15","9","1,18","1,06","0,72","22","12","-28"
"creator_female_riding","16","6","1,2","0,76","0,72","28","-18","-22"
"creator_female_riding","17","6","0,72","0,96","1,22","-28","-2","30"
"creator_female_riding","18","1","0,78","0,88","1,18","-24","-10","28"
"creator_female_riding","19","1","1,18","0,82","1,02","26","-16","8"
"creator_female_riding","20","1","0,74","1,12","0,92","-26","18","-8"
"creator_male","10","9","1,15","0,85","0,8","18","-8","-14"
"creator_male","11","9","0,82","1,02","1,2","-18","0","24"
"creator_male","12","9","0,78","1,18","0,82","-20","22","-18"
"creator_male","13","9","1,2","0,92","1,15","22","-4","18"
"creator_male","14","9","0,82","1,15","1,16","-20","18","20"
"creator_male","15","9","1,18","1,06","0,72","22","12","-28"
"creator_male","16","6","1,2","0,76","0,72","28","-18","-22"
"creator_male","17","6","0,72","0,96","1,22","-28","-2","30"
"creator_male","18","1","0,78","0,88","1,18","-24","-10","28"
"creator_male","19","1","1,18","0,82","1,02","26","-16","8"
"creator_male","20","1","0,74","1,12","0,92","-26","18","-8"
"creator_male_riding","10","9","1,15","0,85","0,8","18","-8","-14"
"creator_male_riding","11","9","0,82","1,02","1,2","-18","0","24"
"creator_male_riding","12","9","0,78","1,18","0,82","-20","22","-18"
"creator_male_riding","13","9","1,2","0,92","1,15","22","-4","18"
"creator_male_riding","14","9","0,82","1,15","1,16","-20","18","20"
"creator_male_riding","15","9","1,18","1,06","0,72","22","12","-28"
"creator_male_riding","16","6","1,2","0,76","0,72","28","-18","-22"
"creator_male_riding","17","6","0,72","0,96","1,22","-28","-2","30"
"creator_male_riding","18","1","0,78","0,88","1,18","-24","-10","28"
"creator_male_riding","19","1","1,18","0,82","1,02","26","-16","8"
"creator_male_riding","20","1","0,74","1,12","0,92","-26","18","-8"
"crusader_female","10","9","1,15","0,85","0,8","18","-8","-14"
"crusader_female","11","9","0,82","1,02","1,2","-18","0","24"
"crusader_female","12","9","0,78","1,18","0,82","-20","22","-18"
"crusader_female","13","9","1,2","0,92","1,15","22","-4","18"
"crusader_female","14","9","0,82","1,15","1,16","-20","18","20"
"crusader_female","15","9","1,18","1,06","0,72","22","12","-28"
"crusader_female","16","6","1,2","0,76","0,72","28","-18","-22"
"crusader_female","17","6","0,72","0,96","1,22","-28","-2","30"
"crusader_female","18","1","0,78","0,88","1,18","-24","-10","28"
"crusader_female","19","1","1,18","0,82","1,02","26","-16","8"
"crusader_female","20","1","0,74","1,12","0,92","-26","18","-8"
"crusader_male","10","9","1,15","0,85","0,8","18","-8","-14"
"crusader_male","11","9","0,82","1,02","1,2","-18","0","24"
"crusader_male","12","9","0,78","1,18","0,82","-20","22","-18"
"crusader_male","13","9","1,2","0,92","1,15","22","-4","18"
"crusader_male","14","9","0,82","1,15","1,16","-20","18","20"
"crusader_male","15","9","1,18","1,06","0,72","22","12","-28"
"crusader_male","16","6","1,2","0,76","0,72","28","-18","-22"
"crusader_male","17","6","0,72","0,96","1,22","-28","-2","30"
"crusader_male","18","1","0,78","0,88","1,18","-24","-10","28"
"crusader_male","19","1","1,18","0,82","1,02","26","-16","8"
"crusader_male","20","1","0,74","1,12","0,92","-26","18","-8"
"dancer_female","10","9","1,15","0,85","0,8","18","-8","-14"
"dancer_female","11","9","0,82","1,02","1,2","-18","0","24"
"dancer_female","12","9","0,78","1,18","0,82","-20","22","-18"
"dancer_female","13","9","1,2","0,92","1,15","22","-4","18"
"dancer_female","14","9","0,82","1,15","1,16","-20","18","20"
"dancer_female","15","9","1,18","1,06","0,72","22","12","-28"
"dancer_female","16","6","1,2","0,76","0,72","28","-18","-22"
"dancer_female","17","6","0,72","0,96","1,22","-28","-2","30"
"dancer_female","18","1","0,78","0,88","1,18","-24","-10","28"
"dancer_female","19","1","1,18","0,82","1,02","26","-16","8"
"dancer_female","20","1","0,74","1,12","0,92","-26","18","-8"
"dancer_female_riding","10","9","1,15","0,85","0,8","18","-8","-14"
"dancer_female_riding","11","9","0,82","1,02","1,2","-18","0","24"
"dancer_female_riding","12","9","0,78","1,18","0,82","-20","22","-18"
"dancer_female_riding","13","9","1,2","0,92","1,15","22","-4","18"
"dancer_female_riding","14","9","0,82","1,15","1,16","-20","18","20"
"dancer_female_riding","15","9","1,18","1,06","0,72","22","12","-28"
"dancer_female_riding","16","6","1,2","0,76","0,72","28","-18","-22"
"dancer_female_riding","17","6","0,72","0,96","1,22","-28","-2","30"
"dancer_female_riding","18","1","0,78","0,88","1,18","-24","-10","28"
"dancer_female_riding","19","1","1,18","0,82","1,02","26","-16","8"
"dancer_female_riding","20","1","0,74","1,12","0,92","-26","18","-8"
"dancer_male","10","9","1,15","0,85","0,8","18","-8","-14"
"dancer_male","11","9","0,82","1,02","1,2","-18","0","24"
"dancer_male","12","9","0,78","1,18","0,82","-20","22","-18"
"dancer_male","13","9","1,2","0,92","1,15","22","-4","18"
"dancer_male","14","9","0,82","1,15","1,16","-20","18","20"
"dancer_male","15","9","1,18","1,06","0,72","22","12","-28"
"dancer_male","16","6","1,2","0,76","0,72","28","-18","-22"
"dancer_male","17","6","0,72","0,96","1,22","-28","-2","30"
"dancer_male","18","1","0,78","0,88","1,18","-24","-10","28"
"dancer_male","19","1","1,18","0,82","1,02","26","-16","8"
"dancer_male","20","1","0,74","1,12","0,92","-26","18","-8"
"dog_guillotine_cross_female","10","9","1,15","0,85","0,8","18","-8","-14"
"dog_guillotine_cross_female","11","9","0,82","1,02","1,2","-18","0","24"
"dog_guillotine_cross_female","12","9","0,78","1,18","0,82","-20","22","-18"
"dog_guillotine_cross_female","13","9","1,2","0,92","1,15","22","-4","18"
"dog_guillotine_cross_female","14","9","0,82","1,15","1,16","-20","18","20"
"dog_guillotine_cross_female","15","9","1,18","1,06","0,72","22","12","-28"
"dog_guillotine_cross_female","16","6","1,2","0,76","0,72","28","-18","-22"
"dog_guillotine_cross_female","17","6","0,72","0,96","1,22","-28","-2","30"
"dog_guillotine_cross_female","18","1","0,78","0,88","1,18","-24","-10","28"
"dog_guillotine_cross_female","19","1","1,18","0,82","1,02","26","-16","8"
"dog_guillotine_cross_female","20","1","0,74","1,12","0,92","-26","18","-8"
"dog_guillotine_cross_male","10","9","1,15","0,85","0,8","18","-8","-14"
"dog_guillotine_cross_male","11","9","0,82","1,02","1,2","-18","0","24"
"dog_guillotine_cross_male","12","9","0,78","1,18","0,82","-20","22","-18"
"dog_guillotine_cross_male","13","9","1,2","0,92","1,15","22","-4","18"
"dog_guillotine_cross_male","14","9","0,82","1,15","1,16","-20","18","20"
"dog_guillotine_cross_male","15","9","1,18","1,06","0,72","22","12","-28"
"dog_guillotine_cross_male","16","6","1,2","0,76","0,72","28","-18","-22"
"dog_guillotine_cross_male","17","6","0,72","0,96","1,22","-28","-2","30"
"dog_guillotine_cross_male","18","1","0,78","0,88","1,18","-24","-10","28"
"dog_guillotine_cross_male","19","1","1,18","0,82","1,02","26","-16","8"
"dog_guillotine_cross_male","20","1","0,74","1,12","0,92","-26","18","-8"
"dog_rogue_female","10","9","1,15","0,85","0,8","18","-8","-14"
"dog_rogue_female","11","9","0,82","1,02","1,2","-18","0","24"
"dog_rogue_female","12","9","0,78","1,18","0,82","-20","22","-18"
"dog_rogue_female","13","9","1,2","0,92","1,15","22","-4","18"
"dog_rogue_female","14","9","0,82","1,15","1,16","-20","18","20"
"dog_rogue_female","15","9","1,18","1,06","0,72","22","12","-28"
"dog_rogue_female","16","6","1,2","0,76","0,72","28","-18","-22"
"dog_rogue_female","17","6","0,72","0,96","1,22","-28","-2","30"
"dog_rogue_female","18","1","0,78","0,88","1,18","-24","-10","28"
"dog_rogue_female","19","1","1,18","0,82","1,02","26","-16","8"
"dog_rogue_female","20","1","0,74","1,12","0,92","-26","18","-8"
"dog_rogue_male","10","9","1,15","0,85","0,8","18","-8","-14"
"dog_rogue_male","11","9","0,82","1,02","1,2","-18","0","24"
"dog_rogue_male","12","9","0,78","1,18","0,82","-20","22","-18"
"dog_rogue_male","13","9","1,2","0,92","1,15","22","-4","18"
"dog_rogue_male","14","9","0,82","1,15","1,16","-20","18","20"
"dog_rogue_male","15","9","1,18","1,06","0,72","22","12","-28"
"dog_rogue_male","16","6","1,2","0,76","0,72","28","-18","-22"
"dog_rogue_male","17","6","0,72","0,96","1,22","-28","-2","30"
"dog_rogue_male","18","1","0,78","0,88","1,18","-24","-10","28"
"dog_rogue_male","19","1","1,18","0,82","1,02","26","-16","8"
"dog_rogue_male","20","1","0,74","1,12","0,92","-26","18","-8"
"dog_shadow_chaser_female","10","9","1,15","0,85","0,8","18","-8","-14"
"dog_shadow_chaser_female","11","9","0,82","1,02","1,2","-18","0","24"
"dog_shadow_chaser_female","12","9","0,78","1,18","0,82","-20","22","-18"
"dog_shadow_chaser_female","13","9","1,2","0,92","1,15","22","-4","18"
"dog_shadow_chaser_female","14","9","0,82","1,15","1,16","-20","18","20"
"dog_shadow_chaser_female","15","9","1,18","1,06","0,72","22","12","-28"
"dog_shadow_chaser_female","16","6","1,2","0,76","0,72","28","-18","-22"
"dog_shadow_chaser_female","17","6","0,72","0,96","1,22","-28","-2","30"
"dog_shadow_chaser_female","18","1","0,78","0,88","1,18","-24","-10","28"
"dog_shadow_chaser_female","19","1","1,18","0,82","1,02","26","-16","8"
"dog_shadow_chaser_female","20","1","0,74","1,12","0,92","-26","18","-8"
"dog_shadow_chaser_male","10","9","1,15","0,85","0,8","18","-8","-14"
"dog_shadow_chaser_male","11","9","0,82","1,02","1,2","-18","0","24"
"dog_shadow_chaser_male","12","9","0,78","1,18","0,82","-20","22","-18"
"dog_shadow_chaser_male","13","9","1,2","0,92","1,15","22","-4","18"
"dog_shadow_chaser_male","14","9","0,82","1,15","1,16","-20","18","20"
"dog_shadow_chaser_male","15","9","1,18","1,06","0,72","22","12","-28"
"dog_shadow_chaser_male","16","6","1,2","0,76","0,72","28","-18","-22"
"dog_shadow_chaser_male","17","6","0,72","0,96","1,22","-28","-2","30"
"dog_shadow_chaser_male","18","1","0,78","0,88","1,18","-24","-10","28"
"dog_shadow_chaser_male","19","1","1,18","0,82","1,02","26","-16","8"
"dog_shadow_chaser_male","20","1","0,74","1,12","0,92","-26","18","-8"
"dog_stalker_female","10","9","1,15","0,85","0,8","18","-8","-14"
"dog_stalker_female","11","9","0,82","1,02","1,2","-18","0","24"
"dog_stalker_female","12","9","0,78","1,18","0,82","-20","22","-18"
"dog_stalker_female","13","9","1,2","0,92","1,15","22","-4","18"
"dog_stalker_female","14","9","0,82","1,15","1,16","-20","18","20"
"dog_stalker_female","15","9","1,18","1,06","0,72","22","12","-28"
"dog_stalker_female","16","6","1,2","0,76","0,72","28","-18","-22"
"dog_stalker_female","17","6","0,72","0,96","1,22","-28","-2","30"
"dog_stalker_female","18","1","0,78","0,88","1,18","-24","-10","28"
"dog_stalker_female","19","1","1,18","0,82","1,02","26","-16","8"
"dog_stalker_female","20","1","0,74","1,12","0,92","-26","18","-8"
"dog_stalker_male","10","9","1,15","0,85","0,8","18","-8","-14"
"dog_stalker_male","11","9","0,82","1,02","1,2","-18","0","24"
"dog_stalker_male","12","9","0,78","1,18","0,82","-20","22","-18"
"dog_stalker_male","13","9","1,2","0,92","1,15","22","-4","18"
"dog_stalker_male","14","9","0,82","1,15","1,16","-20","18","20"
"dog_stalker_male","15","9","1,18","1,06","0,72","22","12","-28"
"dog_stalker_male","16","6","1,2","0,76","0,72","28","-18","-22"
"dog_stalker_male","17","6","0,72","0,96","1,22","-28","-2","30"
"dog_stalker_male","18","1","0,78","0,88","1,18","-24","-10","28"
"dog_stalker_male","19","1","1,18","0,82","1,02","26","-16","8"
"dog_stalker_male","20","1","0,74","1,12","0,92","-26","18","-8"
"dog_thief_female","10","9","1,15","0,85","0,8","18","-8","-14"
"dog_thief_female","11","9","0,82","1,02","1,2","-18","0","24"
"dog_thief_female","12","9","0,78","1,18","0,82","-20","22","-18"
"dog_thief_female","13","9","1,2","0,92","1,15","22","-4","18"
"dog_thief_female","14","9","0,82","1,15","1,16","-20","18","20"
"dog_thief_female","15","9","1,18","1,06","0,72","22","12","-28"
"dog_thief_female","16","6","1,2","0,76","0,72","28","-18","-22"
"dog_thief_female","17","6","0,72","0,96","1,22","-28","-2","30"
"dog_thief_female","18","1","0,78","0,88","1,18","-24","-10","28"
"dog_thief_female","19","1","1,18","0,82","1,02","26","-16","8"
"dog_thief_female","20","1","0,74","1,12","0,92","-26","18","-8"
"dog_thief_male","10","9","1,15","0,85","0,8","18","-8","-14"
"dog_thief_male","11","9","0,82","1,02","1,2","-18","0","24"
"dog_thief_male","12","9","0,78","1,18","0,82","-20","22","-18"
"dog_thief_male","13","9","1,2","0,92","1,15","22","-4","18"
"dog_thief_male","14","9","0,82","1,15","1,16","-20","18","20"
"dog_thief_male","15","9","1,18","1,06","0,72","22","12","-28"
"dog_thief_male","16","6","1,2","0,76","0,72","28","-18","-22"
"dog_thief_male","17","6","0,72","0,96","1,22","-28","-2","30"
"dog_thief_male","18","1","0,78","0,88","1,18","-24","-10","28"
"dog_thief_male","19","1","1,18","0,82","1,02","26","-16","8"
"dog_thief_male","20","1","0,74","1,12","0,92","-26","18","-8"
"dragon_knight_chicken_³²","10","9","1,15","0,85","0,8","18","-8","-14"
"dragon_knight_chicken_³²","11","9","0,82","1,02","1,2","-18","0","24"
"dragon_knight_chicken_³²","12","9","0,78","1,18","0,82","-20","22","-18"
"dragon_knight_chicken_³²","13","9","1,2","0,92","1,15","22","-4","18"
"dragon_knight_chicken_³²","14","9","0,82","1,15","1,16","-20","18","20"
"dragon_knight_chicken_³²","15","9","1,18","1,06","0,72","22","12","-28"
"dragon_knight_chicken_³²","16","6","1,2","0,76","0,72","28","-18","-22"
"dragon_knight_chicken_³²","17","6","0,72","0,96","1,22","-28","-2","30"
"dragon_knight_chicken_³²","18","1","0,78","0,88","1,18","-24","-10","28"
"dragon_knight_chicken_³²","19","1","1,18","0,82","1,02","26","-16","8"
"dragon_knight_chicken_³²","20","1","0,74","1,12","0,92","-26","18","-8"
"dragon_knight_chicken_¿©","10","9","1,15","0,85","0,8","18","-8","-14"
"dragon_knight_chicken_¿©","11","9","0,82","1,02","1,2","-18","0","24"
"dragon_knight_chicken_¿©","12","9","0,78","1,18","0,82","-20","22","-18"
"dragon_knight_chicken_¿©","13","9","1,2","0,92","1,15","22","-4","18"
"dragon_knight_chicken_¿©","14","9","0,82","1,15","1,16","-20","18","20"
"dragon_knight_chicken_¿©","15","9","1,18","1,06","0,72","22","12","-28"
"dragon_knight_chicken_¿©","16","6","1,2","0,76","0,72","28","-18","-22"
"dragon_knight_chicken_¿©","17","6","0,72","0,96","1,22","-28","-2","30"
"dragon_knight_chicken_¿©","18","1","0,78","0,88","1,18","-24","-10","28"
"dragon_knight_chicken_¿©","19","1","1,18","0,82","1,02","26","-16","8"
"dragon_knight_chicken_¿©","20","1","0,74","1,12","0,92","-26","18","-8"
"dragon_knight_female","10","9","1,15","0,85","0,8","18","-8","-14"
"dragon_knight_female","11","9","0,82","1,02","1,2","-18","0","24"
"dragon_knight_female","12","9","0,78","1,18","0,82","-20","22","-18"
"dragon_knight_female","13","9","1,2","0,92","1,15","22","-4","18"
"dragon_knight_female","14","9","0,82","1,15","1,16","-20","18","20"
"dragon_knight_female","15","9","1,18","1,06","0,72","22","12","-28"
"dragon_knight_female","16","6","1,2","0,76","0,72","28","-18","-22"
"dragon_knight_female","17","6","0,72","0,96","1,22","-28","-2","30"
"dragon_knight_female","18","1","0,78","0,88","1,18","-24","-10","28"
"dragon_knight_female","19","1","1,18","0,82","1,02","26","-16","8"
"dragon_knight_female","20","1","0,74","1,12","0,92","-26","18","-8"
"dragon_knight_female_riding","10","9","1,15","0,85","0,8","18","-8","-14"
"dragon_knight_female_riding","11","9","0,82","1,02","1,2","-18","0","24"
"dragon_knight_female_riding","12","9","0,78","1,18","0,82","-20","22","-18"
"dragon_knight_female_riding","13","9","1,2","0,92","1,15","22","-4","18"
"dragon_knight_female_riding","14","9","0,82","1,15","1,16","-20","18","20"
"dragon_knight_female_riding","15","9","1,18","1,06","0,72","22","12","-28"
"dragon_knight_female_riding","16","6","1,2","0,76","0,72","28","-18","-22"
"dragon_knight_female_riding","17","6","0,72","0,96","1,22","-28","-2","30"
"dragon_knight_female_riding","18","1","0,78","0,88","1,18","-24","-10","28"
"dragon_knight_female_riding","19","1","1,18","0,82","1,02","26","-16","8"
"dragon_knight_female_riding","20","1","0,74","1,12","0,92","-26","18","-8"
"dragon_knight_male","10","9","1,15","0,85","0,8","18","-8","-14"
"dragon_knight_male","11","9","0,82","1,02","1,2","-18","0","24"
"dragon_knight_male","12","9","0,78","1,18","0,82","-20","22","-18"
"dragon_knight_male","13","9","1,2","0,92","1,15","22","-4","18"
"dragon_knight_male","14","9","0,82","1,15","1,16","-20","18","20"
"dragon_knight_male","15","9","1,18","1,06","0,72","22","12","-28"
"dragon_knight_male","16","6","1,2","0,76","0,72","28","-18","-22"
"dragon_knight_male","17","6","0,72","0,96","1,22","-28","-2","30"
"dragon_knight_male","18","1","0,78","0,88","1,18","-24","-10","28"
"dragon_knight_male","19","1","1,18","0,82","1,02","26","-16","8"
"dragon_knight_male","20","1","0,74","1,12","0,92","-26","18","-8"
"dragon_knight_male_riding","10","9","1,15","0,85","0,8","18","-8","-14"
"dragon_knight_male_riding","11","9","0,82","1,02","1,2","-18","0","24"
"dragon_knight_male_riding","12","9","0,78","1,18","0,82","-20","22","-18"
"dragon_knight_male_riding","13","9","1,2","0,92","1,15","22","-4","18"
"dragon_knight_male_riding","14","9","0,82","1,15","1,16","-20","18","20"
"dragon_knight_male_riding","15","9","1,18","1,06","0,72","22","12","-28"
"dragon_knight_male_riding","16","6","1,2","0,76","0,72","28","-18","-22"
"dragon_knight_male_riding","17","6","0,72","0,96","1,22","-28","-2","30"
"dragon_knight_male_riding","18","1","0,78","0,88","1,18","-24","-10","28"
"dragon_knight_male_riding","19","1","1,18","0,82","1,02","26","-16","8"
"dragon_knight_male_riding","20","1","0,74","1,12","0,92","-26","18","-8"
"dragon_knight_riding_³²","10","9","1,15","0,85","0,8","18","-8","-14"
"dragon_knight_riding_³²","11","9","0,82","1,02","1,2","-18","0","24"
"dragon_knight_riding_³²","12","9","0,78","1,18","0,82","-20","22","-18"
"dragon_knight_riding_³²","13","9","1,2","0,92","1,15","22","-4","18"
"dragon_knight_riding_³²","14","9","0,82","1,15","1,16","-20","18","20"
"dragon_knight_riding_³²","15","9","1,18","1,06","0,72","22","12","-28"
"dragon_knight_riding_³²","16","6","1,2","0,76","0,72","28","-18","-22"
"dragon_knight_riding_³²","17","6","0,72","0,96","1,22","-28","-2","30"
"dragon_knight_riding_³²","18","1","0,78","0,88","1,18","-24","-10","28"
"dragon_knight_riding_³²","19","1","1,18","0,82","1,02","26","-16","8"
"dragon_knight_riding_³²","20","1","0,74","1,12","0,92","-26","18","-8"
"dragon_knight_riding_¿©","10","9","1,15","0,85","0,8","18","-8","-14"
"dragon_knight_riding_¿©","11","9","0,82","1,02","1,2","-18","0","24"
"dragon_knight_riding_¿©","12","9","0,78","1,18","0,82","-20","22","-18"
"dragon_knight_riding_¿©","13","9","1,2","0,92","1,15","22","-4","18"
"dragon_knight_riding_¿©","14","9","0,82","1,15","1,16","-20","18","20"
"dragon_knight_riding_¿©","15","9","1,18","1,06","0,72","22","12","-28"
"dragon_knight_riding_¿©","16","6","1,2","0,76","0,72","28","-18","-22"
"dragon_knight_riding_¿©","17","6","0,72","0,96","1,22","-28","-2","30"
"dragon_knight_riding_¿©","18","1","0,78","0,88","1,18","-24","-10","28"
"dragon_knight_riding_¿©","19","1","1,18","0,82","1,02","26","-16","8"
"dragon_knight_riding_¿©","20","1","0,74","1,12","0,92","-26","18","-8"
"dragon_knight_³²","10","9","1,15","0,85","0,8","18","-8","-14"
"dragon_knight_³²","11","9","0,82","1,02","1,2","-18","0","24"
"dragon_knight_³²","12","9","0,78","1,18","0,82","-20","22","-18"
"dragon_knight_³²","13","9","1,2","0,92","1,15","22","-4","18"
"dragon_knight_³²","14","9","0,82","1,15","1,16","-20","18","20"
"dragon_knight_³²","15","9","1,18","1,06","0,72","22","12","-28"
"dragon_knight_³²","16","6","1,2","0,76","0,72","28","-18","-22"
"dragon_knight_³²","17","6","0,72","0,96","1,22","-28","-2","30"
"dragon_knight_³²","18","1","0,78","0,88","1,18","-24","-10","28"
"dragon_knight_³²","19","1","1,18","0,82","1,02","26","-16","8"
"dragon_knight_³²","20","1","0,74","1,12","0,92","-26","18","-8"
"dragon_knight_¿©","10","9","1,15","0,85","0,8","18","-8","-14"
"dragon_knight_¿©","11","9","0,82","1,02","1,2","-18","0","24"
"dragon_knight_¿©","12","9","0,78","1,18","0,82","-20","22","-18"
"dragon_knight_¿©","13","9","1,2","0,92","1,15","22","-4","18"
"dragon_knight_¿©","14","9","0,82","1,15","1,16","-20","18","20"
"dragon_knight_¿©","15","9","1,18","1,06","0,72","22","12","-28"
"dragon_knight_¿©","16","6","1,2","0,76","0,72","28","-18","-22"
"dragon_knight_¿©","17","6","0,72","0,96","1,22","-28","-2","30"
"dragon_knight_¿©","18","1","0,78","0,88","1,18","-24","-10","28"
"dragon_knight_¿©","19","1","1,18","0,82","1,02","26","-16","8"
"dragon_knight_¿©","20","1","0,74","1,12","0,92","-26","18","-8"
"elemental_master_female_riding","10","9","1,15","0,85","0,8","18","-8","-14"
"elemental_master_female_riding","11","9","0,82","1,02","1,2","-18","0","24"
"elemental_master_female_riding","12","9","0,78","1,18","0,82","-20","22","-18"
"elemental_master_female_riding","13","9","1,2","0,92","1,15","22","-4","18"
"elemental_master_female_riding","14","9","0,82","1,15","1,16","-20","18","20"
"elemental_master_female_riding","15","9","1,18","1,06","0,72","22","12","-28"
"elemental_master_female_riding","16","6","1,2","0,76","0,72","28","-18","-22"
"elemental_master_female_riding","17","6","0,72","0,96","1,22","-28","-2","30"
"elemental_master_female_riding","18","1","0,78","0,88","1,18","-24","-10","28"
"elemental_master_female_riding","19","1","1,18","0,82","1,02","26","-16","8"
"elemental_master_female_riding","20","1","0,74","1,12","0,92","-26","18","-8"
"elemental_master_male_riding","10","9","1,15","0,85","0,8","18","-8","-14"
"elemental_master_male_riding","11","9","0,82","1,02","1,2","-18","0","24"
"elemental_master_male_riding","12","9","0,78","1,18","0,82","-20","22","-18"
"elemental_master_male_riding","13","9","1,2","0,92","1,15","22","-4","18"
"elemental_master_male_riding","14","9","0,82","1,15","1,16","-20","18","20"
"elemental_master_male_riding","15","9","1,18","1,06","0,72","22","12","-28"
"elemental_master_male_riding","16","6","1,2","0,76","0,72","28","-18","-22"
"elemental_master_male_riding","17","6","0,72","0,96","1,22","-28","-2","30"
"elemental_master_male_riding","18","1","0,78","0,88","1,18","-24","-10","28"
"elemental_master_male_riding","19","1","1,18","0,82","1,02","26","-16","8"
"elemental_master_male_riding","20","1","0,74","1,12","0,92","-26","18","-8"
"elemetal_master_female","10","9","1,15","0,85","0,8","18","-8","-14"
"elemetal_master_female","11","9","0,82","1,02","1,2","-18","0","24"
"elemetal_master_female","12","9","0,78","1,18","0,82","-20","22","-18"
"elemetal_master_female","13","9","1,2","0,92","1,15","22","-4","18"
"elemetal_master_female","14","9","0,82","1,15","1,16","-20","18","20"
"elemetal_master_female","15","9","1,18","1,06","0,72","22","12","-28"
"elemetal_master_female","16","6","1,2","0,76","0,72","28","-18","-22"
"elemetal_master_female","17","6","0,72","0,96","1,22","-28","-2","30"
"elemetal_master_female","18","1","0,78","0,88","1,18","-24","-10","28"
"elemetal_master_female","19","1","1,18","0,82","1,02","26","-16","8"
"elemetal_master_female","20","1","0,74","1,12","0,92","-26","18","-8"
"elemetal_master_female_riding","10","9","1,15","0,85","0,8","18","-8","-14"
"elemetal_master_female_riding","11","9","0,82","1,02","1,2","-18","0","24"
"elemetal_master_female_riding","12","9","0,78","1,18","0,82","-20","22","-18"
"elemetal_master_female_riding","13","9","1,2","0,92","1,15","22","-4","18"
"elemetal_master_female_riding","14","9","0,82","1,15","1,16","-20","18","20"
"elemetal_master_female_riding","15","9","1,18","1,06","0,72","22","12","-28"
"elemetal_master_female_riding","16","6","1,2","0,76","0,72","28","-18","-22"
"elemetal_master_female_riding","17","6","0,72","0,96","1,22","-28","-2","30"
"elemetal_master_female_riding","18","1","0,78","0,88","1,18","-24","-10","28"
"elemetal_master_female_riding","19","1","1,18","0,82","1,02","26","-16","8"
"elemetal_master_female_riding","20","1","0,74","1,12","0,92","-26","18","-8"
"elemetal_master_male","10","9","1,15","0,85","0,8","18","-8","-14"
"elemetal_master_male","11","9","0,82","1,02","1,2","-18","0","24"
"elemetal_master_male","12","9","0,78","1,18","0,82","-20","22","-18"
"elemetal_master_male","13","9","1,2","0,92","1,15","22","-4","18"
"elemetal_master_male","14","9","0,82","1,15","1,16","-20","18","20"
"elemetal_master_male","15","9","1,18","1,06","0,72","22","12","-28"
"elemetal_master_male","16","6","1,2","0,76","0,72","28","-18","-22"
"elemetal_master_male","17","6","0,72","0,96","1,22","-28","-2","30"
"elemetal_master_male","18","1","0,78","0,88","1,18","-24","-10","28"
"elemetal_master_male","19","1","1,18","0,82","1,02","26","-16","8"
"elemetal_master_male","20","1","0,74","1,12","0,92","-26","18","-8"
"elemetal_master_male_riding","10","9","1,15","0,85","0,8","18","-8","-14"
"elemetal_master_male_riding","11","9","0,82","1,02","1,2","-18","0","24"
"elemetal_master_male_riding","12","9","0,78","1,18","0,82","-20","22","-18"
"elemetal_master_male_riding","13","9","1,2","0,92","1,15","22","-4","18"
"elemetal_master_male_riding","14","9","0,82","1,15","1,16","-20","18","20"
"elemetal_master_male_riding","15","9","1,18","1,06","0,72","22","12","-28"
"elemetal_master_male_riding","16","6","1,2","0,76","0,72","28","-18","-22"
"elemetal_master_male_riding","17","6","0,72","0,96","1,22","-28","-2","30"
"elemetal_master_male_riding","18","1","0,78","0,88","1,18","-24","-10","28"
"elemetal_master_male_riding","19","1","1,18","0,82","1,02","26","-16","8"
"elemetal_master_male_riding","20","1","0,74","1,12","0,92","-26","18","-8"
"elemetal_master_riding_³²","10","9","1,15","0,85","0,8","18","-8","-14"
"elemetal_master_riding_³²","11","9","0,82","1,02","1,2","-18","0","24"
"elemetal_master_riding_³²","12","9","0,78","1,18","0,82","-20","22","-18"
"elemetal_master_riding_³²","13","9","1,2","0,92","1,15","22","-4","18"
"elemetal_master_riding_³²","14","9","0,82","1,15","1,16","-20","18","20"
"elemetal_master_riding_³²","15","9","1,18","1,06","0,72","22","12","-28"
"elemetal_master_riding_³²","16","6","1,2","0,76","0,72","28","-18","-22"
"elemetal_master_riding_³²","17","6","0,72","0,96","1,22","-28","-2","30"
"elemetal_master_riding_³²","18","1","0,78","0,88","1,18","-24","-10","28"
"elemetal_master_riding_³²","19","1","1,18","0,82","1,02","26","-16","8"
"elemetal_master_riding_³²","20","1","0,74","1,12","0,92","-26","18","-8"
"elemetal_master_riding_¿©","10","9","1,15","0,85","0,8","18","-8","-14"
"elemetal_master_riding_¿©","11","9","0,82","1,02","1,2","-18","0","24"
"elemetal_master_riding_¿©","12","9","0,78","1,18","0,82","-20","22","-18"
"elemetal_master_riding_¿©","13","9","1,2","0,92","1,15","22","-4","18"
"elemetal_master_riding_¿©","14","9","0,82","1,15","1,16","-20","18","20"
"elemetal_master_riding_¿©","15","9","1,18","1,06","0,72","22","12","-28"
"elemetal_master_riding_¿©","16","6","1,2","0,76","0,72","28","-18","-22"
"elemetal_master_riding_¿©","17","6","0,72","0,96","1,22","-28","-2","30"
"elemetal_master_riding_¿©","18","1","0,78","0,88","1,18","-24","-10","28"
"elemetal_master_riding_¿©","19","1","1,18","0,82","1,02","26","-16","8"
"elemetal_master_riding_¿©","20","1","0,74","1,12","0,92","-26","18","-8"
"elemetal_master_³²","10","9","1,15","0,85","0,8","18","-8","-14"
"elemetal_master_³²","11","9","0,82","1,02","1,2","-18","0","24"
"elemetal_master_³²","12","9","0,78","1,18","0,82","-20","22","-18"
"elemetal_master_³²","13","9","1,2","0,92","1,15","22","-4","18"
"elemetal_master_³²","14","9","0,82","1,15","1,16","-20","18","20"
"elemetal_master_³²","15","9","1,18","1,06","0,72","22","12","-28"
"elemetal_master_³²","16","6","1,2","0,76","0,72","28","-18","-22"
"elemetal_master_³²","17","6","0,72","0,96","1,22","-28","-2","30"
"elemetal_master_³²","18","1","0,78","0,88","1,18","-24","-10","28"
"elemetal_master_³²","19","1","1,18","0,82","1,02","26","-16","8"
"elemetal_master_³²","20","1","0,74","1,12","0,92","-26","18","-8"
"elemetal_master_¿©","10","9","1,15","0,85","0,8","18","-8","-14"
"elemetal_master_¿©","11","9","0,82","1,02","1,2","-18","0","24"
"elemetal_master_¿©","12","9","0,78","1,18","0,82","-20","22","-18"
"elemetal_master_¿©","13","9","1,2","0,92","1,15","22","-4","18"
"elemetal_master_¿©","14","9","0,82","1,15","1,16","-20","18","20"
"elemetal_master_¿©","15","9","1,18","1,06","0,72","22","12","-28"
"elemetal_master_¿©","16","6","1,2","0,76","0,72","28","-18","-22"
"elemetal_master_¿©","17","6","0,72","0,96","1,22","-28","-2","30"
"elemetal_master_¿©","18","1","0,78","0,88","1,18","-24","-10","28"
"elemetal_master_¿©","19","1","1,18","0,82","1,02","26","-16","8"
"elemetal_master_¿©","20","1","0,74","1,12","0,92","-26","18","-8"
"frog_kagerou_male","10","9","1,15","0,85","0,8","18","-8","-14"
"frog_kagerou_male","11","9","0,82","1,02","1,2","-18","0","24"
"frog_kagerou_male","12","9","0,78","1,18","0,82","-20","22","-18"
"frog_kagerou_male","13","9","1,2","0,92","1,15","22","-4","18"
"frog_kagerou_male","14","9","0,82","1,15","1,16","-20","18","20"
"frog_kagerou_male","15","9","1,18","1,06","0,72","22","12","-28"
"frog_kagerou_male","16","6","1,2","0,76","0,72","28","-18","-22"
"frog_kagerou_male","17","6","0,72","0,96","1,22","-28","-2","30"
"frog_kagerou_male","18","1","0,78","0,88","1,18","-24","-10","28"
"frog_kagerou_male","19","1","1,18","0,82","1,02","26","-16","8"
"frog_kagerou_male","20","1","0,74","1,12","0,92","-26","18","-8"
"frog_kagerou_³²","10","9","1,15","0,85","0,8","18","-8","-14"
"frog_kagerou_³²","11","9","0,82","1,02","1,2","-18","0","24"
"frog_kagerou_³²","12","9","0,78","1,18","0,82","-20","22","-18"
"frog_kagerou_³²","13","9","1,2","0,92","1,15","22","-4","18"
"frog_kagerou_³²","14","9","0,82","1,15","1,16","-20","18","20"
"frog_kagerou_³²","15","9","1,18","1,06","0,72","22","12","-28"
"frog_kagerou_³²","16","6","1,2","0,76","0,72","28","-18","-22"
"frog_kagerou_³²","17","6","0,72","0,96","1,22","-28","-2","30"
"frog_kagerou_³²","18","1","0,78","0,88","1,18","-24","-10","28"
"frog_kagerou_³²","19","1","1,18","0,82","1,02","26","-16","8"
"frog_kagerou_³²","20","1","0,74","1,12","0,92","-26","18","-8"
"frog_ninja_female","10","9","1,15","0,85","0,8","18","-8","-14"
"frog_ninja_female","11","9","0,82","1,02","1,2","-18","0","24"
"frog_ninja_female","12","9","0,78","1,18","0,82","-20","22","-18"
"frog_ninja_female","13","9","1,2","0,92","1,15","22","-4","18"
"frog_ninja_female","14","9","0,82","1,15","1,16","-20","18","20"
"frog_ninja_female","15","9","1,18","1,06","0,72","22","12","-28"
"frog_ninja_female","16","6","1,2","0,76","0,72","28","-18","-22"
"frog_ninja_female","17","6","0,72","0,96","1,22","-28","-2","30"
"frog_ninja_female","18","1","0,78","0,88","1,18","-24","-10","28"
"frog_ninja_female","19","1","1,18","0,82","1,02","26","-16","8"
"frog_ninja_female","20","1","0,74","1,12","0,92","-26","18","-8"
"frog_ninja_male","10","9","1,15","0,85","0,8","18","-8","-14"
"frog_ninja_male","11","9","0,82","1,02","1,2","-18","0","24"
"frog_ninja_male","12","9","0,78","1,18","0,82","-20","22","-18"
"frog_ninja_male","13","9","1,2","0,92","1,15","22","-4","18"
"frog_ninja_male","14","9","0,82","1,15","1,16","-20","18","20"
"frog_ninja_male","15","9","1,18","1,06","0,72","22","12","-28"
"frog_ninja_male","16","6","1,2","0,76","0,72","28","-18","-22"
"frog_ninja_male","17","6","0,72","0,96","1,22","-28","-2","30"
"frog_ninja_male","18","1","0,78","0,88","1,18","-24","-10","28"
"frog_ninja_male","19","1","1,18","0,82","1,02","26","-16","8"
"frog_ninja_male","20","1","0,74","1,12","0,92","-26","18","-8"
"frog_oboro_female","10","9","1,15","0,85","0,8","18","-8","-14"
"frog_oboro_female","11","9","0,82","1,02","1,2","-18","0","24"
"frog_oboro_female","12","9","0,78","1,18","0,82","-20","22","-18"
"frog_oboro_female","13","9","1,2","0,92","1,15","22","-4","18"
"frog_oboro_female","14","9","0,82","1,15","1,16","-20","18","20"
"frog_oboro_female","15","9","1,18","1,06","0,72","22","12","-28"
"frog_oboro_female","16","6","1,2","0,76","0,72","28","-18","-22"
"frog_oboro_female","17","6","0,72","0,96","1,22","-28","-2","30"
"frog_oboro_female","18","1","0,78","0,88","1,18","-24","-10","28"
"frog_oboro_female","19","1","1,18","0,82","1,02","26","-16","8"
"frog_oboro_female","20","1","0,74","1,12","0,92","-26","18","-8"
"frog_oboro_¿©","10","9","1,15","0,85","0,8","18","-8","-14"
"frog_oboro_¿©","11","9","0,82","1,02","1,2","-18","0","24"
"frog_oboro_¿©","12","9","0,78","1,18","0,82","-20","22","-18"
"frog_oboro_¿©","13","9","1,2","0,92","1,15","22","-4","18"
"frog_oboro_¿©","14","9","0,82","1,15","1,16","-20","18","20"
"frog_oboro_¿©","15","9","1,18","1,06","0,72","22","12","-28"
"frog_oboro_¿©","16","6","1,2","0,76","0,72","28","-18","-22"
"frog_oboro_¿©","17","6","0,72","0,96","1,22","-28","-2","30"
"frog_oboro_¿©","18","1","0,78","0,88","1,18","-24","-10","28"
"frog_oboro_¿©","19","1","1,18","0,82","1,02","26","-16","8"
"frog_oboro_¿©","20","1","0,74","1,12","0,92","-26","18","-8"
"frog_soul_linker_female","10","9","1,15","0,85","0,8","18","-8","-14"
"frog_soul_linker_female","11","9","0,82","1,02","1,2","-18","0","24"
"frog_soul_linker_female","12","9","0,78","1,18","0,82","-20","22","-18"
"frog_soul_linker_female","13","9","1,2","0,92","1,15","22","-4","18"
"frog_soul_linker_female","14","9","0,82","1,15","1,16","-20","18","20"
"frog_soul_linker_female","15","9","1,18","1,06","0,72","22","12","-28"
"frog_soul_linker_female","16","6","1,2","0,76","0,72","28","-18","-22"
"frog_soul_linker_female","17","6","0,72","0,96","1,22","-28","-2","30"
"frog_soul_linker_female","18","1","0,78","0,88","1,18","-24","-10","28"
"frog_soul_linker_female","19","1","1,18","0,82","1,02","26","-16","8"
"frog_soul_linker_female","20","1","0,74","1,12","0,92","-26","18","-8"
"frog_soul_linker_male","10","9","1,15","0,85","0,8","18","-8","-14"
"frog_soul_linker_male","11","9","0,82","1,02","1,2","-18","0","24"
"frog_soul_linker_male","12","9","0,78","1,18","0,82","-20","22","-18"
"frog_soul_linker_male","13","9","1,2","0,92","1,15","22","-4","18"
"frog_soul_linker_male","14","9","0,82","1,15","1,16","-20","18","20"
"frog_soul_linker_male","15","9","1,18","1,06","0,72","22","12","-28"
"frog_soul_linker_male","16","6","1,2","0,76","0,72","28","-18","-22"
"frog_soul_linker_male","17","6","0,72","0,96","1,22","-28","-2","30"
"frog_soul_linker_male","18","1","0,78","0,88","1,18","-24","-10","28"
"frog_soul_linker_male","19","1","1,18","0,82","1,02","26","-16","8"
"frog_soul_linker_male","20","1","0,74","1,12","0,92","-26","18","-8"
"genetic_female","10","9","1,15","0,85","0,8","18","-8","-14"
"genetic_female","11","9","0,82","1,02","1,2","-18","0","24"
"genetic_female","12","9","0,78","1,18","0,82","-20","22","-18"
"genetic_female","13","9","1,2","0,92","1,15","22","-4","18"
"genetic_female","14","9","0,82","1,15","1,16","-20","18","20"
"genetic_female","15","9","1,18","1,06","0,72","22","12","-28"
"genetic_female","16","6","1,2","0,76","0,72","28","-18","-22"
"genetic_female","17","6","0,72","0,96","1,22","-28","-2","30"
"genetic_female","18","1","0,78","0,88","1,18","-24","-10","28"
"genetic_female","19","1","1,18","0,82","1,02","26","-16","8"
"genetic_female","20","1","0,74","1,12","0,92","-26","18","-8"
"genetic_female_riding","10","9","1,15","0,85","0,8","18","-8","-14"
"genetic_female_riding","11","9","0,82","1,02","1,2","-18","0","24"
"genetic_female_riding","12","9","0,78","1,18","0,82","-20","22","-18"
"genetic_female_riding","13","9","1,2","0,92","1,15","22","-4","18"
"genetic_female_riding","14","9","0,82","1,15","1,16","-20","18","20"
"genetic_female_riding","15","9","1,18","1,06","0,72","22","12","-28"
"genetic_female_riding","16","6","1,2","0,76","0,72","28","-18","-22"
"genetic_female_riding","17","6","0,72","0,96","1,22","-28","-2","30"
"genetic_female_riding","18","1","0,78","0,88","1,18","-24","-10","28"
"genetic_female_riding","19","1","1,18","0,82","1,02","26","-16","8"
"genetic_female_riding","20","1","0,74","1,12","0,92","-26","18","-8"
"genetic_male","10","9","1,15","0,85","0,8","18","-8","-14"
"genetic_male","11","9","0,82","1,02","1,2","-18","0","24"
"genetic_male","12","9","0,78","1,18","0,82","-20","22","-18"
"genetic_male","13","9","1,2","0,92","1,15","22","-4","18"
"genetic_male","14","9","0,82","1,15","1,16","-20","18","20"
"genetic_male","15","9","1,18","1,06","0,72","22","12","-28"
"genetic_male","16","6","1,2","0,76","0,72","28","-18","-22"
"genetic_male","17","6","0,72","0,96","1,22","-28","-2","30"
"genetic_male","18","1","0,78","0,88","1,18","-24","-10","28"
"genetic_male","19","1","1,18","0,82","1,02","26","-16","8"
"genetic_male","20","1","0,74","1,12","0,92","-26","18","-8"
"genetic_male_riding","10","9","1,15","0,85","0,8","18","-8","-14"
"genetic_male_riding","11","9","0,82","1,02","1,2","-18","0","24"
"genetic_male_riding","12","9","0,78","1,18","0,82","-20","22","-18"
"genetic_male_riding","13","9","1,2","0,92","1,15","22","-4","18"
"genetic_male_riding","14","9","0,82","1,15","1,16","-20","18","20"
"genetic_male_riding","15","9","1,18","1,06","0,72","22","12","-28"
"genetic_male_riding","16","6","1,2","0,76","0,72","28","-18","-22"
"genetic_male_riding","17","6","0,72","0,96","1,22","-28","-2","30"
"genetic_male_riding","18","1","0,78","0,88","1,18","-24","-10","28"
"genetic_male_riding","19","1","1,18","0,82","1,02","26","-16","8"
"genetic_male_riding","20","1","0,74","1,12","0,92","-26","18","-8"
"guillotine_cross_female","10","9","1,15","0,85","0,8","18","-8","-14"
"guillotine_cross_female","11","9","0,82","1,02","1,2","-18","0","24"
"guillotine_cross_female","12","9","0,78","1,18","0,82","-20","22","-18"
"guillotine_cross_female","13","9","1,2","0,92","1,15","22","-4","18"
"guillotine_cross_female","14","9","0,82","1,15","1,16","-20","18","20"
"guillotine_cross_female","15","9","1,18","1,06","0,72","22","12","-28"
"guillotine_cross_female","16","6","1,2","0,76","0,72","28","-18","-22"
"guillotine_cross_female","17","6","0,72","0,96","1,22","-28","-2","30"
"guillotine_cross_female","18","1","0,78","0,88","1,18","-24","-10","28"
"guillotine_cross_female","19","1","1,18","0,82","1,02","26","-16","8"
"guillotine_cross_female","20","1","0,74","1,12","0,92","-26","18","-8"
"guillotine_cross_male","10","9","1,15","0,85","0,8","18","-8","-14"
"guillotine_cross_male","11","9","0,82","1,02","1,2","-18","0","24"
"guillotine_cross_male","12","9","0,78","1,18","0,82","-20","22","-18"
"guillotine_cross_male","13","9","1,2","0,92","1,15","22","-4","18"
"guillotine_cross_male","14","9","0,82","1,15","1,16","-20","18","20"
"guillotine_cross_male","15","9","1,18","1,06","0,72","22","12","-28"
"guillotine_cross_male","16","6","1,2","0,76","0,72","28","-18","-22"
"guillotine_cross_male","17","6","0,72","0,96","1,22","-28","-2","30"
"guillotine_cross_male","18","1","0,78","0,88","1,18","-24","-10","28"
"guillotine_cross_male","19","1","1,18","0,82","1,02","26","-16","8"
"guillotine_cross_male","20","1","0,74","1,12","0,92","-26","18","-8"
"gunslinger_female","10","9","1,15","0,85","0,8","18","-8","-14"
"gunslinger_female","11","9","0,82","1,02","1,2","-18","0","24"
"gunslinger_female","12","9","0,78","1,18","0,82","-20","22","-18"
"gunslinger_female","13","9","1,2","0,92","1,15","22","-4","18"
"gunslinger_female","14","9","0,82","1,15","1,16","-20","18","20"
"gunslinger_female","15","9","1,18","1,06","0,72","22","12","-28"
"gunslinger_female","16","6","1,2","0,76","0,72","28","-18","-22"
"gunslinger_female","17","6","0,72","0,96","1,22","-28","-2","30"
"gunslinger_female","18","1","0,78","0,88","1,18","-24","-10","28"
"gunslinger_female","19","1","1,18","0,82","1,02","26","-16","8"
"gunslinger_female","20","1","0,74","1,12","0,92","-26","18","-8"
"gunslinger_male","10","9","1,15","0,85","0,8","18","-8","-14"
"gunslinger_male","11","9","0,82","1,02","1,2","-18","0","24"
"gunslinger_male","12","9","0,78","1,18","0,82","-20","22","-18"
"gunslinger_male","13","9","1,2","0,92","1,15","22","-4","18"
"gunslinger_male","14","9","0,82","1,15","1,16","-20","18","20"
"gunslinger_male","15","9","1,18","1,06","0,72","22","12","-28"
"gunslinger_male","16","6","1,2","0,76","0,72","28","-18","-22"
"gunslinger_male","17","6","0,72","0,96","1,22","-28","-2","30"
"gunslinger_male","18","1","0,78","0,88","1,18","-24","-10","28"
"gunslinger_male","19","1","1,18","0,82","1,02","26","-16","8"
"gunslinger_male","20","1","0,74","1,12","0,92","-26","18","-8"
"high_priest_female","10","9","1,15","0,85","0,8","18","-8","-14"
"high_priest_female","11","9","0,82","1,02","1,2","-18","0","24"
"high_priest_female","12","9","0,78","1,18","0,82","-20","22","-18"
"high_priest_female","13","9","1,2","0,92","1,15","22","-4","18"
"high_priest_female","14","9","0,82","1,15","1,16","-20","18","20"
"high_priest_female","15","9","1,18","1,06","0,72","22","12","-28"
"high_priest_female","16","6","1,2","0,76","0,72","28","-18","-22"
"high_priest_female","17","6","0,72","0,96","1,22","-28","-2","30"
"high_priest_female","18","1","0,78","0,88","1,18","-24","-10","28"
"high_priest_female","19","1","1,18","0,82","1,02","26","-16","8"
"high_priest_female","20","1","0,74","1,12","0,92","-26","18","-8"
"high_priest_female_riding","10","9","1,15","0,85","0,8","18","-8","-14"
"high_priest_female_riding","11","9","0,82","1,02","1,2","-18","0","24"
"high_priest_female_riding","12","9","0,78","1,18","0,82","-20","22","-18"
"high_priest_female_riding","13","9","1,2","0,92","1,15","22","-4","18"
"high_priest_female_riding","14","9","0,82","1,15","1,16","-20","18","20"
"high_priest_female_riding","15","9","1,18","1,06","0,72","22","12","-28"
"high_priest_female_riding","16","6","1,2","0,76","0,72","28","-18","-22"
"high_priest_female_riding","17","6","0,72","0,96","1,22","-28","-2","30"
"high_priest_female_riding","18","1","0,78","0,88","1,18","-24","-10","28"
"high_priest_female_riding","19","1","1,18","0,82","1,02","26","-16","8"
"high_priest_female_riding","20","1","0,74","1,12","0,92","-26","18","-8"
"high_priest_male","10","9","1,15","0,85","0,8","18","-8","-14"
"high_priest_male","11","9","0,82","1,02","1,2","-18","0","24"
"high_priest_male","12","9","0,78","1,18","0,82","-20","22","-18"
"high_priest_male","13","9","1,2","0,92","1,15","22","-4","18"
"high_priest_male","14","9","0,82","1,15","1,16","-20","18","20"
"high_priest_male","15","9","1,18","1,06","0,72","22","12","-28"
"high_priest_male","16","6","1,2","0,76","0,72","28","-18","-22"
"high_priest_male","17","6","0,72","0,96","1,22","-28","-2","30"
"high_priest_male","18","1","0,78","0,88","1,18","-24","-10","28"
"high_priest_male","19","1","1,18","0,82","1,02","26","-16","8"
"high_priest_male","20","1","0,74","1,12","0,92","-26","18","-8"
"high_priest_male_riding","10","9","1,15","0,85","0,8","18","-8","-14"
"high_priest_male_riding","11","9","0,82","1,02","1,2","-18","0","24"
"high_priest_male_riding","12","9","0,78","1,18","0,82","-20","22","-18"
"high_priest_male_riding","13","9","1,2","0,92","1,15","22","-4","18"
"high_priest_male_riding","14","9","0,82","1,15","1,16","-20","18","20"
"high_priest_male_riding","15","9","1,18","1,06","0,72","22","12","-28"
"high_priest_male_riding","16","6","1,2","0,76","0,72","28","-18","-22"
"high_priest_male_riding","17","6","0,72","0,96","1,22","-28","-2","30"
"high_priest_male_riding","18","1","0,78","0,88","1,18","-24","-10","28"
"high_priest_male_riding","19","1","1,18","0,82","1,02","26","-16","8"
"high_priest_male_riding","20","1","0,74","1,12","0,92","-26","18","-8"
"high_wizard_female","10","9","1,15","0,85","0,8","18","-8","-14"
"high_wizard_female","11","9","0,82","1,02","1,2","-18","0","24"
"high_wizard_female","12","9","0,78","1,18","0,82","-20","22","-18"
"high_wizard_female","13","9","1,2","0,92","1,15","22","-4","18"
"high_wizard_female","14","9","0,82","1,15","1,16","-20","18","20"
"high_wizard_female","15","9","1,18","1,06","0,72","22","12","-28"
"high_wizard_female","16","6","1,2","0,76","0,72","28","-18","-22"
"high_wizard_female","17","6","0,72","0,96","1,22","-28","-2","30"
"high_wizard_female","18","1","0,78","0,88","1,18","-24","-10","28"
"high_wizard_female","19","1","1,18","0,82","1,02","26","-16","8"
"high_wizard_female","20","1","0,74","1,12","0,92","-26","18","-8"
"high_wizard_male","10","9","1,15","0,85","0,8","18","-8","-14"
"high_wizard_male","11","9","0,82","1,02","1,2","-18","0","24"
"high_wizard_male","12","9","0,78","1,18","0,82","-20","22","-18"
"high_wizard_male","13","9","1,2","0,92","1,15","22","-4","18"
"high_wizard_male","14","9","0,82","1,15","1,16","-20","18","20"
"high_wizard_male","15","9","1,18","1,06","0,72","22","12","-28"
"high_wizard_male","16","6","1,2","0,76","0,72","28","-18","-22"
"high_wizard_male","17","6","0,72","0,96","1,22","-28","-2","30"
"high_wizard_male","18","1","0,78","0,88","1,18","-24","-10","28"
"high_wizard_male","19","1","1,18","0,82","1,02","26","-16","8"
"high_wizard_male","20","1","0,74","1,12","0,92","-26","18","-8"
"hunter_female","10","9","1,15","0,85","0,8","18","-8","-14"
"hunter_female","11","9","0,82","1,02","1,2","-18","0","24"
"hunter_female","12","9","0,78","1,18","0,82","-20","22","-18"
"hunter_female","13","9","1,2","0,92","1,15","22","-4","18"
"hunter_female","14","9","0,82","1,15","1,16","-20","18","20"
"hunter_female","15","9","1,18","1,06","0,72","22","12","-28"
"hunter_female","16","6","1,2","0,76","0,72","28","-18","-22"
"hunter_female","17","6","0,72","0,96","1,22","-28","-2","30"
"hunter_female","18","1","0,78","0,88","1,18","-24","-10","28"
"hunter_female","19","1","1,18","0,82","1,02","26","-16","8"
"hunter_female","20","1","0,74","1,12","0,92","-26","18","-8"
"hunter_male","10","9","1,15","0,85","0,8","18","-8","-14"
"hunter_male","11","9","0,82","1,02","1,2","-18","0","24"
"hunter_male","12","9","0,78","1,18","0,82","-20","22","-18"
"hunter_male","13","9","1,2","0,92","1,15","22","-4","18"
"hunter_male","14","9","0,82","1,15","1,16","-20","18","20"
"hunter_male","15","9","1,18","1,06","0,72","22","12","-28"
"hunter_male","16","6","1,2","0,76","0,72","28","-18","-22"
"hunter_male","17","6","0,72","0,96","1,22","-28","-2","30"
"hunter_male","18","1","0,78","0,88","1,18","-24","-10","28"
"hunter_male","19","1","1,18","0,82","1,02","26","-16","8"
"hunter_male","20","1","0,74","1,12","0,92","-26","18","-8"
"hyper_novice_female","10","9","1,15","0,85","0,8","18","-8","-14"
"hyper_novice_female","11","9","0,82","1,02","1,2","-18","0","24"
"hyper_novice_female","12","9","0,78","1,18","0,82","-20","22","-18"
"hyper_novice_female","13","9","1,2","0,92","1,15","22","-4","18"
"hyper_novice_female","14","9","0,82","1,15","1,16","-20","18","20"
"hyper_novice_female","15","9","1,18","1,06","0,72","22","12","-28"
"hyper_novice_female","16","6","1,2","0,76","0,72","28","-18","-22"
"hyper_novice_female","17","6","0,72","0,96","1,22","-28","-2","30"
"hyper_novice_female","18","1","0,78","0,88","1,18","-24","-10","28"
"hyper_novice_female","19","1","1,18","0,82","1,02","26","-16","8"
"hyper_novice_female","20","1","0,74","1,12","0,92","-26","18","-8"
"hyper_novice_female_riding","10","9","1,15","0,85","0,8","18","-8","-14"
"hyper_novice_female_riding","11","9","0,82","1,02","1,2","-18","0","24"
"hyper_novice_female_riding","12","9","0,78","1,18","0,82","-20","22","-18"
"hyper_novice_female_riding","13","9","1,2","0,92","1,15","22","-4","18"
"hyper_novice_female_riding","14","9","0,82","1,15","1,16","-20","18","20"
"hyper_novice_female_riding","15","9","1,18","1,06","0,72","22","12","-28"
"hyper_novice_female_riding","16","6","1,2","0,76","0,72","28","-18","-22"
"hyper_novice_female_riding","17","6","0,72","0,96","1,22","-28","-2","30"
"hyper_novice_female_riding","18","1","0,78","0,88","1,18","-24","-10","28"
"hyper_novice_female_riding","19","1","1,18","0,82","1,02","26","-16","8"
"hyper_novice_female_riding","20","1","0,74","1,12","0,92","-26","18","-8"
"hyper_novice_male","10","9","1,15","0,85","0,8","18","-8","-14"
"hyper_novice_male","11","9","0,82","1,02","1,2","-18","0","24"
"hyper_novice_male","12","9","0,78","1,18","0,82","-20","22","-18"
"hyper_novice_male","13","9","1,2","0,92","1,15","22","-4","18"
"hyper_novice_male","14","9","0,82","1,15","1,16","-20","18","20"
"hyper_novice_male","15","9","1,18","1,06","0,72","22","12","-28"
"hyper_novice_male","16","6","1,2","0,76","0,72","28","-18","-22"
"hyper_novice_male","17","6","0,72","0,96","1,22","-28","-2","30"
"hyper_novice_male","18","1","0,78","0,88","1,18","-24","-10","28"
"hyper_novice_male","19","1","1,18","0,82","1,02","26","-16","8"
"hyper_novice_male","20","1","0,74","1,12","0,92","-26","18","-8"
"hyper_novice_male_riding","10","9","1,15","0,85","0,8","18","-8","-14"
"hyper_novice_male_riding","11","9","0,82","1,02","1,2","-18","0","24"
"hyper_novice_male_riding","12","9","0,78","1,18","0,82","-20","22","-18"
"hyper_novice_male_riding","13","9","1,2","0,92","1,15","22","-4","18"
"hyper_novice_male_riding","14","9","0,82","1,15","1,16","-20","18","20"
"hyper_novice_male_riding","15","9","1,18","1,06","0,72","22","12","-28"
"hyper_novice_male_riding","16","6","1,2","0,76","0,72","28","-18","-22"
"hyper_novice_male_riding","17","6","0,72","0,96","1,22","-28","-2","30"
"hyper_novice_male_riding","18","1","0,78","0,88","1,18","-24","-10","28"
"hyper_novice_male_riding","19","1","1,18","0,82","1,02","26","-16","8"
"hyper_novice_male_riding","20","1","0,74","1,12","0,92","-26","18","-8"
"hyper_novice_riding_³²","10","9","1,15","0,85","0,8","18","-8","-14"
"hyper_novice_riding_³²","11","9","0,82","1,02","1,2","-18","0","24"
"hyper_novice_riding_³²","12","9","0,78","1,18","0,82","-20","22","-18"
"hyper_novice_riding_³²","13","9","1,2","0,92","1,15","22","-4","18"
"hyper_novice_riding_³²","14","9","0,82","1,15","1,16","-20","18","20"
"hyper_novice_riding_³²","15","9","1,18","1,06","0,72","22","12","-28"
"hyper_novice_riding_³²","16","6","1,2","0,76","0,72","28","-18","-22"
"hyper_novice_riding_³²","17","6","0,72","0,96","1,22","-28","-2","30"
"hyper_novice_riding_³²","18","1","0,78","0,88","1,18","-24","-10","28"
"hyper_novice_riding_³²","19","1","1,18","0,82","1,02","26","-16","8"
"hyper_novice_riding_³²","20","1","0,74","1,12","0,92","-26","18","-8"
"hyper_novice_riding_¿©","10","9","1,15","0,85","0,8","18","-8","-14"
"hyper_novice_riding_¿©","11","9","0,82","1,02","1,2","-18","0","24"
"hyper_novice_riding_¿©","12","9","0,78","1,18","0,82","-20","22","-18"
"hyper_novice_riding_¿©","13","9","1,2","0,92","1,15","22","-4","18"
"hyper_novice_riding_¿©","14","9","0,82","1,15","1,16","-20","18","20"
"hyper_novice_riding_¿©","15","9","1,18","1,06","0,72","22","12","-28"
"hyper_novice_riding_¿©","16","6","1,2","0,76","0,72","28","-18","-22"
"hyper_novice_riding_¿©","17","6","0,72","0,96","1,22","-28","-2","30"
"hyper_novice_riding_¿©","18","1","0,78","0,88","1,18","-24","-10","28"
"hyper_novice_riding_¿©","19","1","1,18","0,82","1,02","26","-16","8"
"hyper_novice_riding_¿©","20","1","0,74","1,12","0,92","-26","18","-8"
"hyper_novice_³²","10","9","1,15","0,85","0,8","18","-8","-14"
"hyper_novice_³²","11","9","0,82","1,02","1,2","-18","0","24"
"hyper_novice_³²","12","9","0,78","1,18","0,82","-20","22","-18"
"hyper_novice_³²","13","9","1,2","0,92","1,15","22","-4","18"
"hyper_novice_³²","14","9","0,82","1,15","1,16","-20","18","20"
"hyper_novice_³²","15","9","1,18","1,06","0,72","22","12","-28"
"hyper_novice_³²","16","6","1,2","0,76","0,72","28","-18","-22"
"hyper_novice_³²","17","6","0,72","0,96","1,22","-28","-2","30"
"hyper_novice_³²","18","1","0,78","0,88","1,18","-24","-10","28"
"hyper_novice_³²","19","1","1,18","0,82","1,02","26","-16","8"
"hyper_novice_³²","20","1","0,74","1,12","0,92","-26","18","-8"
"hyper_novice_¿©","10","9","1,15","0,85","0,8","18","-8","-14"
"hyper_novice_¿©","11","9","0,82","1,02","1,2","-18","0","24"
"hyper_novice_¿©","12","9","0,78","1,18","0,82","-20","22","-18"
"hyper_novice_¿©","13","9","1,2","0,92","1,15","22","-4","18"
"hyper_novice_¿©","14","9","0,82","1,15","1,16","-20","18","20"
"hyper_novice_¿©","15","9","1,18","1,06","0,72","22","12","-28"
"hyper_novice_¿©","16","6","1,2","0,76","0,72","28","-18","-22"
"hyper_novice_¿©","17","6","0,72","0,96","1,22","-28","-2","30"
"hyper_novice_¿©","18","1","0,78","0,88","1,18","-24","-10","28"
"hyper_novice_¿©","19","1","1,18","0,82","1,02","26","-16","8"
"hyper_novice_¿©","20","1","0,74","1,12","0,92","-26","18","-8"
"imperial_guard_chicken_³²","10","9","1,15","0,85","0,8","18","-8","-14"
"imperial_guard_chicken_³²","11","9","0,82","1,02","1,2","-18","0","24"
"imperial_guard_chicken_³²","12","9","0,78","1,18","0,82","-20","22","-18"
"imperial_guard_chicken_³²","13","9","1,2","0,92","1,15","22","-4","18"
"imperial_guard_chicken_³²","14","9","0,82","1,15","1,16","-20","18","20"
"imperial_guard_chicken_³²","15","9","1,18","1,06","0,72","22","12","-28"
"imperial_guard_chicken_³²","16","6","1,2","0,76","0,72","28","-18","-22"
"imperial_guard_chicken_³²","17","6","0,72","0,96","1,22","-28","-2","30"
"imperial_guard_chicken_³²","18","1","0,78","0,88","1,18","-24","-10","28"
"imperial_guard_chicken_³²","19","1","1,18","0,82","1,02","26","-16","8"
"imperial_guard_chicken_³²","20","1","0,74","1,12","0,92","-26","18","-8"
"imperial_guard_chicken_¿©","10","9","1,15","0,85","0,8","18","-8","-14"
"imperial_guard_chicken_¿©","11","9","0,82","1,02","1,2","-18","0","24"
"imperial_guard_chicken_¿©","12","9","0,78","1,18","0,82","-20","22","-18"
"imperial_guard_chicken_¿©","13","9","1,2","0,92","1,15","22","-4","18"
"imperial_guard_chicken_¿©","14","9","0,82","1,15","1,16","-20","18","20"
"imperial_guard_chicken_¿©","15","9","1,18","1,06","0,72","22","12","-28"
"imperial_guard_chicken_¿©","16","6","1,2","0,76","0,72","28","-18","-22"
"imperial_guard_chicken_¿©","17","6","0,72","0,96","1,22","-28","-2","30"
"imperial_guard_chicken_¿©","18","1","0,78","0,88","1,18","-24","-10","28"
"imperial_guard_chicken_¿©","19","1","1,18","0,82","1,02","26","-16","8"
"imperial_guard_chicken_¿©","20","1","0,74","1,12","0,92","-26","18","-8"
"imperial_guard_female","10","9","1,15","0,85","0,8","18","-8","-14"
"imperial_guard_female","11","9","0,82","1,02","1,2","-18","0","24"
"imperial_guard_female","12","9","0,78","1,18","0,82","-20","22","-18"
"imperial_guard_female","13","9","1,2","0,92","1,15","22","-4","18"
"imperial_guard_female","14","9","0,82","1,15","1,16","-20","18","20"
"imperial_guard_female","15","9","1,18","1,06","0,72","22","12","-28"
"imperial_guard_female","16","6","1,2","0,76","0,72","28","-18","-22"
"imperial_guard_female","17","6","0,72","0,96","1,22","-28","-2","30"
"imperial_guard_female","18","1","0,78","0,88","1,18","-24","-10","28"
"imperial_guard_female","19","1","1,18","0,82","1,02","26","-16","8"
"imperial_guard_female","20","1","0,74","1,12","0,92","-26","18","-8"
"imperial_guard_female_riding","10","9","1,15","0,85","0,8","18","-8","-14"
"imperial_guard_female_riding","11","9","0,82","1,02","1,2","-18","0","24"
"imperial_guard_female_riding","12","9","0,78","1,18","0,82","-20","22","-18"
"imperial_guard_female_riding","13","9","1,2","0,92","1,15","22","-4","18"
"imperial_guard_female_riding","14","9","0,82","1,15","1,16","-20","18","20"
"imperial_guard_female_riding","15","9","1,18","1,06","0,72","22","12","-28"
"imperial_guard_female_riding","16","6","1,2","0,76","0,72","28","-18","-22"
"imperial_guard_female_riding","17","6","0,72","0,96","1,22","-28","-2","30"
"imperial_guard_female_riding","18","1","0,78","0,88","1,18","-24","-10","28"
"imperial_guard_female_riding","19","1","1,18","0,82","1,02","26","-16","8"
"imperial_guard_female_riding","20","1","0,74","1,12","0,92","-26","18","-8"
"imperial_guard_male","10","9","1,15","0,85","0,8","18","-8","-14"
"imperial_guard_male","11","9","0,82","1,02","1,2","-18","0","24"
"imperial_guard_male","12","9","0,78","1,18","0,82","-20","22","-18"
"imperial_guard_male","13","9","1,2","0,92","1,15","22","-4","18"
"imperial_guard_male","14","9","0,82","1,15","1,16","-20","18","20"
"imperial_guard_male","15","9","1,18","1,06","0,72","22","12","-28"
"imperial_guard_male","16","6","1,2","0,76","0,72","28","-18","-22"
"imperial_guard_male","17","6","0,72","0,96","1,22","-28","-2","30"
"imperial_guard_male","18","1","0,78","0,88","1,18","-24","-10","28"
"imperial_guard_male","19","1","1,18","0,82","1,02","26","-16","8"
"imperial_guard_male","20","1","0,74","1,12","0,92","-26","18","-8"
"imperial_guard_male_riding","10","9","1,15","0,85","0,8","18","-8","-14"
"imperial_guard_male_riding","11","9","0,82","1,02","1,2","-18","0","24"
"imperial_guard_male_riding","12","9","0,78","1,18","0,82","-20","22","-18"
"imperial_guard_male_riding","13","9","1,2","0,92","1,15","22","-4","18"
"imperial_guard_male_riding","14","9","0,82","1,15","1,16","-20","18","20"
"imperial_guard_male_riding","15","9","1,18","1,06","0,72","22","12","-28"
"imperial_guard_male_riding","16","6","1,2","0,76","0,72","28","-18","-22"
"imperial_guard_male_riding","17","6","0,72","0,96","1,22","-28","-2","30"
"imperial_guard_male_riding","18","1","0,78","0,88","1,18","-24","-10","28"
"imperial_guard_male_riding","19","1","1,18","0,82","1,02","26","-16","8"
"imperial_guard_male_riding","20","1","0,74","1,12","0,92","-26","18","-8"
"imperial_guard_riding_³²","10","9","1,15","0,85","0,8","18","-8","-14"
"imperial_guard_riding_³²","11","9","0,82","1,02","1,2","-18","0","24"
"imperial_guard_riding_³²","12","9","0,78","1,18","0,82","-20","22","-18"
"imperial_guard_riding_³²","13","9","1,2","0,92","1,15","22","-4","18"
"imperial_guard_riding_³²","14","9","0,82","1,15","1,16","-20","18","20"
"imperial_guard_riding_³²","15","9","1,18","1,06","0,72","22","12","-28"
"imperial_guard_riding_³²","16","6","1,2","0,76","0,72","28","-18","-22"
"imperial_guard_riding_³²","17","6","0,72","0,96","1,22","-28","-2","30"
"imperial_guard_riding_³²","18","1","0,78","0,88","1,18","-24","-10","28"
"imperial_guard_riding_³²","19","1","1,18","0,82","1,02","26","-16","8"
"imperial_guard_riding_³²","20","1","0,74","1,12","0,92","-26","18","-8"
"imperial_guard_riding_¿©","10","9","1,15","0,85","0,8","18","-8","-14"
"imperial_guard_riding_¿©","11","9","0,82","1,02","1,2","-18","0","24"
"imperial_guard_riding_¿©","12","9","0,78","1,18","0,82","-20","22","-18"
"imperial_guard_riding_¿©","13","9","1,2","0,92","1,15","22","-4","18"
"imperial_guard_riding_¿©","14","9","0,82","1,15","1,16","-20","18","20"
"imperial_guard_riding_¿©","15","9","1,18","1,06","0,72","22","12","-28"
"imperial_guard_riding_¿©","16","6","1,2","0,76","0,72","28","-18","-22"
"imperial_guard_riding_¿©","17","6","0,72","0,96","1,22","-28","-2","30"
"imperial_guard_riding_¿©","18","1","0,78","0,88","1,18","-24","-10","28"
"imperial_guard_riding_¿©","19","1","1,18","0,82","1,02","26","-16","8"
"imperial_guard_riding_¿©","20","1","0,74","1,12","0,92","-26","18","-8"
"imperial_guard_³²","10","9","1,15","0,85","0,8","18","-8","-14"
"imperial_guard_³²","11","9","0,82","1,02","1,2","-18","0","24"
"imperial_guard_³²","12","9","0,78","1,18","0,82","-20","22","-18"
"imperial_guard_³²","13","9","1,2","0,92","1,15","22","-4","18"
"imperial_guard_³²","14","9","0,82","1,15","1,16","-20","18","20"
"imperial_guard_³²","15","9","1,18","1,06","0,72","22","12","-28"
"imperial_guard_³²","16","6","1,2","0,76","0,72","28","-18","-22"
"imperial_guard_³²","17","6","0,72","0,96","1,22","-28","-2","30"
"imperial_guard_³²","18","1","0,78","0,88","1,18","-24","-10","28"
"imperial_guard_³²","19","1","1,18","0,82","1,02","26","-16","8"
"imperial_guard_³²","20","1","0,74","1,12","0,92","-26","18","-8"
"imperial_guard_¿©","10","9","1,15","0,85","0,8","18","-8","-14"
"imperial_guard_¿©","11","9","0,82","1,02","1,2","-18","0","24"
"imperial_guard_¿©","12","9","0,78","1,18","0,82","-20","22","-18"
"imperial_guard_¿©","13","9","1,2","0,92","1,15","22","-4","18"
"imperial_guard_¿©","14","9","0,82","1,15","1,16","-20","18","20"
"imperial_guard_¿©","15","9","1,18","1,06","0,72","22","12","-28"
"imperial_guard_¿©","16","6","1,2","0,76","0,72","28","-18","-22"
"imperial_guard_¿©","17","6","0,72","0,96","1,22","-28","-2","30"
"imperial_guard_¿©","18","1","0,78","0,88","1,18","-24","-10","28"
"imperial_guard_¿©","19","1","1,18","0,82","1,02","26","-16","8"
"imperial_guard_¿©","20","1","0,74","1,12","0,92","-26","18","-8"
"inquisitor_female","10","9","1,15","0,85","0,8","18","-8","-14"
"inquisitor_female","11","9","0,82","1,02","1,2","-18","0","24"
"inquisitor_female","12","9","0,78","1,18","0,82","-20","22","-18"
"inquisitor_female","13","9","1,2","0,92","1,15","22","-4","18"
"inquisitor_female","14","9","0,82","1,15","1,16","-20","18","20"
"inquisitor_female","15","9","1,18","1,06","0,72","22","12","-28"
"inquisitor_female","16","6","1,2","0,76","0,72","28","-18","-22"
"inquisitor_female","17","6","0,72","0,96","1,22","-28","-2","30"
"inquisitor_female","18","1","0,78","0,88","1,18","-24","-10","28"
"inquisitor_female","19","1","1,18","0,82","1,02","26","-16","8"
"inquisitor_female","20","1","0,74","1,12","0,92","-26","18","-8"
"inquisitor_female_riding","10","9","1,15","0,85","0,8","18","-8","-14"
"inquisitor_female_riding","11","9","0,82","1,02","1,2","-18","0","24"
"inquisitor_female_riding","12","9","0,78","1,18","0,82","-20","22","-18"
"inquisitor_female_riding","13","9","1,2","0,92","1,15","22","-4","18"
"inquisitor_female_riding","14","9","0,82","1,15","1,16","-20","18","20"
"inquisitor_female_riding","15","9","1,18","1,06","0,72","22","12","-28"
"inquisitor_female_riding","16","6","1,2","0,76","0,72","28","-18","-22"
"inquisitor_female_riding","17","6","0,72","0,96","1,22","-28","-2","30"
"inquisitor_female_riding","18","1","0,78","0,88","1,18","-24","-10","28"
"inquisitor_female_riding","19","1","1,18","0,82","1,02","26","-16","8"
"inquisitor_female_riding","20","1","0,74","1,12","0,92","-26","18","-8"
"inquisitor_male","10","9","1,15","0,85","0,8","18","-8","-14"
"inquisitor_male","11","9","0,82","1,02","1,2","-18","0","24"
"inquisitor_male","12","9","0,78","1,18","0,82","-20","22","-18"
"inquisitor_male","13","9","1,2","0,92","1,15","22","-4","18"
"inquisitor_male","14","9","0,82","1,15","1,16","-20","18","20"
"inquisitor_male","15","9","1,18","1,06","0,72","22","12","-28"
"inquisitor_male","16","6","1,2","0,76","0,72","28","-18","-22"
"inquisitor_male","17","6","0,72","0,96","1,22","-28","-2","30"
"inquisitor_male","18","1","0,78","0,88","1,18","-24","-10","28"
"inquisitor_male","19","1","1,18","0,82","1,02","26","-16","8"
"inquisitor_male","20","1","0,74","1,12","0,92","-26","18","-8"
"inquisitor_male_riding","10","9","1,15","0,85","0,8","18","-8","-14"
"inquisitor_male_riding","11","9","0,82","1,02","1,2","-18","0","24"
"inquisitor_male_riding","12","9","0,78","1,18","0,82","-20","22","-18"
"inquisitor_male_riding","13","9","1,2","0,92","1,15","22","-4","18"
"inquisitor_male_riding","14","9","0,82","1,15","1,16","-20","18","20"
"inquisitor_male_riding","15","9","1,18","1,06","0,72","22","12","-28"
"inquisitor_male_riding","16","6","1,2","0,76","0,72","28","-18","-22"
"inquisitor_male_riding","17","6","0,72","0,96","1,22","-28","-2","30"
"inquisitor_male_riding","18","1","0,78","0,88","1,18","-24","-10","28"
"inquisitor_male_riding","19","1","1,18","0,82","1,02","26","-16","8"
"inquisitor_male_riding","20","1","0,74","1,12","0,92","-26","18","-8"
"inquisitor_riding_³²","10","9","1,15","0,85","0,8","18","-8","-14"
"inquisitor_riding_³²","11","9","0,82","1,02","1,2","-18","0","24"
"inquisitor_riding_³²","12","9","0,78","1,18","0,82","-20","22","-18"
"inquisitor_riding_³²","13","9","1,2","0,92","1,15","22","-4","18"
"inquisitor_riding_³²","14","9","0,82","1,15","1,16","-20","18","20"
"inquisitor_riding_³²","15","9","1,18","1,06","0,72","22","12","-28"
"inquisitor_riding_³²","16","6","1,2","0,76","0,72","28","-18","-22"
"inquisitor_riding_³²","17","6","0,72","0,96","1,22","-28","-2","30"
"inquisitor_riding_³²","18","1","0,78","0,88","1,18","-24","-10","28"
"inquisitor_riding_³²","19","1","1,18","0,82","1,02","26","-16","8"
"inquisitor_riding_³²","20","1","0,74","1,12","0,92","-26","18","-8"
"inquisitor_riding_¿©","10","9","1,15","0,85","0,8","18","-8","-14"
"inquisitor_riding_¿©","11","9","0,82","1,02","1,2","-18","0","24"
"inquisitor_riding_¿©","12","9","0,78","1,18","0,82","-20","22","-18"
"inquisitor_riding_¿©","13","9","1,2","0,92","1,15","22","-4","18"
"inquisitor_riding_¿©","14","9","0,82","1,15","1,16","-20","18","20"
"inquisitor_riding_¿©","15","9","1,18","1,06","0,72","22","12","-28"
"inquisitor_riding_¿©","16","6","1,2","0,76","0,72","28","-18","-22"
"inquisitor_riding_¿©","17","6","0,72","0,96","1,22","-28","-2","30"
"inquisitor_riding_¿©","18","1","0,78","0,88","1,18","-24","-10","28"
"inquisitor_riding_¿©","19","1","1,18","0,82","1,02","26","-16","8"
"inquisitor_riding_¿©","20","1","0,74","1,12","0,92","-26","18","-8"
"inquisitor_³²","10","9","1,15","0,85","0,8","18","-8","-14"
"inquisitor_³²","11","9","0,82","1,02","1,2","-18","0","24"
"inquisitor_³²","12","9","0,78","1,18","0,82","-20","22","-18"
"inquisitor_³²","13","9","1,2","0,92","1,15","22","-4","18"
"inquisitor_³²","14","9","0,82","1,15","1,16","-20","18","20"
"inquisitor_³²","15","9","1,18","1,06","0,72","22","12","-28"
"inquisitor_³²","16","6","1,2","0,76","0,72","28","-18","-22"
"inquisitor_³²","17","6","0,72","0,96","1,22","-28","-2","30"
"inquisitor_³²","18","1","0,78","0,88","1,18","-24","-10","28"
"inquisitor_³²","19","1","1,18","0,82","1,02","26","-16","8"
"inquisitor_³²","20","1","0,74","1,12","0,92","-26","18","-8"
"inquisitor_¿©","10","9","1,15","0,85","0,8","18","-8","-14"
"inquisitor_¿©","11","9","0,82","1,02","1,2","-18","0","24"
"inquisitor_¿©","12","9","0,78","1,18","0,82","-20","22","-18"
"inquisitor_¿©","13","9","1,2","0,92","1,15","22","-4","18"
"inquisitor_¿©","14","9","0,82","1,15","1,16","-20","18","20"
"inquisitor_¿©","15","9","1,18","1,06","0,72","22","12","-28"
"inquisitor_¿©","16","6","1,2","0,76","0,72","28","-18","-22"
"inquisitor_¿©","17","6","0,72","0,96","1,22","-28","-2","30"
"inquisitor_¿©","18","1","0,78","0,88","1,18","-24","-10","28"
"inquisitor_¿©","19","1","1,18","0,82","1,02","26","-16","8"
"inquisitor_¿©","20","1","0,74","1,12","0,92","-26","18","-8"
"kagerou_male","10","9","1,15","0,85","0,8","18","-8","-14"
"kagerou_male","11","9","0,82","1,02","1,2","-18","0","24"
"kagerou_male","12","9","0,78","1,18","0,82","-20","22","-18"
"kagerou_male","13","9","1,2","0,92","1,15","22","-4","18"
"kagerou_male","14","9","0,82","1,15","1,16","-20","18","20"
"kagerou_male","15","9","1,18","1,06","0,72","22","12","-28"
"kagerou_male","16","6","1,2","0,76","0,72","28","-18","-22"
"kagerou_male","17","6","0,72","0,96","1,22","-28","-2","30"
"kagerou_male","18","1","0,78","0,88","1,18","-24","-10","28"
"kagerou_male","19","1","1,18","0,82","1,02","26","-16","8"
"kagerou_male","20","1","0,74","1,12","0,92","-26","18","-8"
"kagerou_³²","10","9","1,15","0,85","0,8","18","-8","-14"
"kagerou_³²","11","9","0,82","1,02","1,2","-18","0","24"
"kagerou_³²","12","9","0,78","1,18","0,82","-20","22","-18"
"kagerou_³²","13","9","1,2","0,92","1,15","22","-4","18"
"kagerou_³²","14","9","0,82","1,15","1,16","-20","18","20"
"kagerou_³²","15","9","1,18","1,06","0,72","22","12","-28"
"kagerou_³²","16","6","1,2","0,76","0,72","28","-18","-22"
"kagerou_³²","17","6","0,72","0,96","1,22","-28","-2","30"
"kagerou_³²","18","1","0,78","0,88","1,18","-24","-10","28"
"kagerou_³²","19","1","1,18","0,82","1,02","26","-16","8"
"kagerou_³²","20","1","0,74","1,12","0,92","-26","18","-8"
"knight_female","10","9","1,15","0,85","0,8","18","-8","-14"
"knight_female","11","9","0,82","1,02","1,2","-18","0","24"
"knight_female","12","9","0,78","1,18","0,82","-20","22","-18"
"knight_female","13","9","1,2","0,92","1,15","22","-4","18"
"knight_female","14","9","0,82","1,15","1,16","-20","18","20"
"knight_female","15","9","1,18","1,06","0,72","22","12","-28"
"knight_female","16","6","1,2","0,76","0,72","28","-18","-22"
"knight_female","17","6","0,72","0,96","1,22","-28","-2","30"
"knight_female","18","1","0,78","0,88","1,18","-24","-10","28"
"knight_female","19","1","1,18","0,82","1,02","26","-16","8"
"knight_female","20","1","0,74","1,12","0,92","-26","18","-8"
"knight_male","10","9","1,15","0,85","0,8","18","-8","-14"
"knight_male","11","9","0,82","1,02","1,2","-18","0","24"
"knight_male","12","9","0,78","1,18","0,82","-20","22","-18"
"knight_male","13","9","1,2","0,92","1,15","22","-4","18"
"knight_male","14","9","0,82","1,15","1,16","-20","18","20"
"knight_male","15","9","1,18","1,06","0,72","22","12","-28"
"knight_male","16","6","1,2","0,76","0,72","28","-18","-22"
"knight_male","17","6","0,72","0,96","1,22","-28","-2","30"
"knight_male","18","1","0,78","0,88","1,18","-24","-10","28"
"knight_male","19","1","1,18","0,82","1,02","26","-16","8"
"knight_male","20","1","0,74","1,12","0,92","-26","18","-8"
"lion_crusader_female","10","9","1,15","0,85","0,8","18","-8","-14"
"lion_crusader_female","11","9","0,82","1,02","1,2","-18","0","24"
"lion_crusader_female","12","9","0,78","1,18","0,82","-20","22","-18"
"lion_crusader_female","13","9","1,2","0,92","1,15","22","-4","18"
"lion_crusader_female","14","9","0,82","1,15","1,16","-20","18","20"
"lion_crusader_female","15","9","1,18","1,06","0,72","22","12","-28"
"lion_crusader_female","16","6","1,2","0,76","0,72","28","-18","-22"
"lion_crusader_female","17","6","0,72","0,96","1,22","-28","-2","30"
"lion_crusader_female","18","1","0,78","0,88","1,18","-24","-10","28"
"lion_crusader_female","19","1","1,18","0,82","1,02","26","-16","8"
"lion_crusader_female","20","1","0,74","1,12","0,92","-26","18","-8"
"lion_crusader_male","10","9","1,15","0,85","0,8","18","-8","-14"
"lion_crusader_male","11","9","0,82","1,02","1,2","-18","0","24"
"lion_crusader_male","12","9","0,78","1,18","0,82","-20","22","-18"
"lion_crusader_male","13","9","1,2","0,92","1,15","22","-4","18"
"lion_crusader_male","14","9","0,82","1,15","1,16","-20","18","20"
"lion_crusader_male","15","9","1,18","1,06","0,72","22","12","-28"
"lion_crusader_male","16","6","1,2","0,76","0,72","28","-18","-22"
"lion_crusader_male","17","6","0,72","0,96","1,22","-28","-2","30"
"lion_crusader_male","18","1","0,78","0,88","1,18","-24","-10","28"
"lion_crusader_male","19","1","1,18","0,82","1,02","26","-16","8"
"lion_crusader_male","20","1","0,74","1,12","0,92","-26","18","-8"
"lion_knight_female","10","9","1,15","0,85","0,8","18","-8","-14"
"lion_knight_female","11","9","0,82","1,02","1,2","-18","0","24"
"lion_knight_female","12","9","0,78","1,18","0,82","-20","22","-18"
"lion_knight_female","13","9","1,2","0,92","1,15","22","-4","18"
"lion_knight_female","14","9","0,82","1,15","1,16","-20","18","20"
"lion_knight_female","15","9","1,18","1,06","0,72","22","12","-28"
"lion_knight_female","16","6","1,2","0,76","0,72","28","-18","-22"
"lion_knight_female","17","6","0,72","0,96","1,22","-28","-2","30"
"lion_knight_female","18","1","0,78","0,88","1,18","-24","-10","28"
"lion_knight_female","19","1","1,18","0,82","1,02","26","-16","8"
"lion_knight_female","20","1","0,74","1,12","0,92","-26","18","-8"
"lion_knight_male","10","9","1,15","0,85","0,8","18","-8","-14"
"lion_knight_male","11","9","0,82","1,02","1,2","-18","0","24"
"lion_knight_male","12","9","0,78","1,18","0,82","-20","22","-18"
"lion_knight_male","13","9","1,2","0,92","1,15","22","-4","18"
"lion_knight_male","14","9","0,82","1,15","1,16","-20","18","20"
"lion_knight_male","15","9","1,18","1,06","0,72","22","12","-28"
"lion_knight_male","16","6","1,2","0,76","0,72","28","-18","-22"
"lion_knight_male","17","6","0,72","0,96","1,22","-28","-2","30"
"lion_knight_male","18","1","0,78","0,88","1,18","-24","-10","28"
"lion_knight_male","19","1","1,18","0,82","1,02","26","-16","8"
"lion_knight_male","20","1","0,74","1,12","0,92","-26","18","-8"
"lion_lord_knight_female","10","9","1,15","0,85","0,8","18","-8","-14"
"lion_lord_knight_female","11","9","0,82","1,02","1,2","-18","0","24"
"lion_lord_knight_female","12","9","0,78","1,18","0,82","-20","22","-18"
"lion_lord_knight_female","13","9","1,2","0,92","1,15","22","-4","18"
"lion_lord_knight_female","14","9","0,82","1,15","1,16","-20","18","20"
"lion_lord_knight_female","15","9","1,18","1,06","0,72","22","12","-28"
"lion_lord_knight_female","16","6","1,2","0,76","0,72","28","-18","-22"
"lion_lord_knight_female","17","6","0,72","0,96","1,22","-28","-2","30"
"lion_lord_knight_female","18","1","0,78","0,88","1,18","-24","-10","28"
"lion_lord_knight_female","19","1","1,18","0,82","1,02","26","-16","8"
"lion_lord_knight_female","20","1","0,74","1,12","0,92","-26","18","-8"
"lion_lord_knight_male","10","9","1,15","0,85","0,8","18","-8","-14"
"lion_lord_knight_male","11","9","0,82","1,02","1,2","-18","0","24"
"lion_lord_knight_male","12","9","0,78","1,18","0,82","-20","22","-18"
"lion_lord_knight_male","13","9","1,2","0,92","1,15","22","-4","18"
"lion_lord_knight_male","14","9","0,82","1,15","1,16","-20","18","20"
"lion_lord_knight_male","15","9","1,18","1,06","0,72","22","12","-28"
"lion_lord_knight_male","16","6","1,2","0,76","0,72","28","-18","-22"
"lion_lord_knight_male","17","6","0,72","0,96","1,22","-28","-2","30"
"lion_lord_knight_male","18","1","0,78","0,88","1,18","-24","-10","28"
"lion_lord_knight_male","19","1","1,18","0,82","1,02","26","-16","8"
"lion_lord_knight_male","20","1","0,74","1,12","0,92","-26","18","-8"
"lion_paladin_female","10","9","1,15","0,85","0,8","18","-8","-14"
"lion_paladin_female","11","9","0,82","1,02","1,2","-18","0","24"
"lion_paladin_female","12","9","0,78","1,18","0,82","-20","22","-18"
"lion_paladin_female","13","9","1,2","0,92","1,15","22","-4","18"
"lion_paladin_female","14","9","0,82","1,15","1,16","-20","18","20"
"lion_paladin_female","15","9","1,18","1,06","0,72","22","12","-28"
"lion_paladin_female","16","6","1,2","0,76","0,72","28","-18","-22"
"lion_paladin_female","17","6","0,72","0,96","1,22","-28","-2","30"
"lion_paladin_female","18","1","0,78","0,88","1,18","-24","-10","28"
"lion_paladin_female","19","1","1,18","0,82","1,02","26","-16","8"
"lion_paladin_female","20","1","0,74","1,12","0,92","-26","18","-8"
"lion_paladin_male","10","9","1,15","0,85","0,8","18","-8","-14"
"lion_paladin_male","11","9","0,82","1,02","1,2","-18","0","24"
"lion_paladin_male","12","9","0,78","1,18","0,82","-20","22","-18"
"lion_paladin_male","13","9","1,2","0,92","1,15","22","-4","18"
"lion_paladin_male","14","9","0,82","1,15","1,16","-20","18","20"
"lion_paladin_male","15","9","1,18","1,06","0,72","22","12","-28"
"lion_paladin_male","16","6","1,2","0,76","0,72","28","-18","-22"
"lion_paladin_male","17","6","0,72","0,96","1,22","-28","-2","30"
"lion_paladin_male","18","1","0,78","0,88","1,18","-24","-10","28"
"lion_paladin_male","19","1","1,18","0,82","1,02","26","-16","8"
"lion_paladin_male","20","1","0,74","1,12","0,92","-26","18","-8"
"lion_royal_guard_female","10","9","1,15","0,85","0,8","18","-8","-14"
"lion_royal_guard_female","11","9","0,82","1,02","1,2","-18","0","24"
"lion_royal_guard_female","12","9","0,78","1,18","0,82","-20","22","-18"
"lion_royal_guard_female","13","9","1,2","0,92","1,15","22","-4","18"
"lion_royal_guard_female","14","9","0,82","1,15","1,16","-20","18","20"
"lion_royal_guard_female","15","9","1,18","1,06","0,72","22","12","-28"
"lion_royal_guard_female","16","6","1,2","0,76","0,72","28","-18","-22"
"lion_royal_guard_female","17","6","0,72","0,96","1,22","-28","-2","30"
"lion_royal_guard_female","18","1","0,78","0,88","1,18","-24","-10","28"
"lion_royal_guard_female","19","1","1,18","0,82","1,02","26","-16","8"
"lion_royal_guard_female","20","1","0,74","1,12","0,92","-26","18","-8"
"lion_royal_guard_male","10","9","1,15","0,85","0,8","18","-8","-14"
"lion_royal_guard_male","11","9","0,82","1,02","1,2","-18","0","24"
"lion_royal_guard_male","12","9","0,78","1,18","0,82","-20","22","-18"
"lion_royal_guard_male","13","9","1,2","0,92","1,15","22","-4","18"
"lion_royal_guard_male","14","9","0,82","1,15","1,16","-20","18","20"
"lion_royal_guard_male","15","9","1,18","1,06","0,72","22","12","-28"
"lion_royal_guard_male","16","6","1,2","0,76","0,72","28","-18","-22"
"lion_royal_guard_male","17","6","0,72","0,96","1,22","-28","-2","30"
"lion_royal_guard_male","18","1","0,78","0,88","1,18","-24","-10","28"
"lion_royal_guard_male","19","1","1,18","0,82","1,02","26","-16","8"
"lion_royal_guard_male","20","1","0,74","1,12","0,92","-26","18","-8"
"lion_rune_knight_female","10","9","1,15","0,85","0,8","18","-8","-14"
"lion_rune_knight_female","11","9","0,82","1,02","1,2","-18","0","24"
"lion_rune_knight_female","12","9","0,78","1,18","0,82","-20","22","-18"
"lion_rune_knight_female","13","9","1,2","0,92","1,15","22","-4","18"
"lion_rune_knight_female","14","9","0,82","1,15","1,16","-20","18","20"
"lion_rune_knight_female","15","9","1,18","1,06","0,72","22","12","-28"
"lion_rune_knight_female","16","6","1,2","0,76","0,72","28","-18","-22"
"lion_rune_knight_female","17","6","0,72","0,96","1,22","-28","-2","30"
"lion_rune_knight_female","18","1","0,78","0,88","1,18","-24","-10","28"
"lion_rune_knight_female","19","1","1,18","0,82","1,02","26","-16","8"
"lion_rune_knight_female","20","1","0,74","1,12","0,92","-26","18","-8"
"lion_rune_knight_male","10","9","1,15","0,85","0,8","18","-8","-14"
"lion_rune_knight_male","11","9","0,82","1,02","1,2","-18","0","24"
"lion_rune_knight_male","12","9","0,78","1,18","0,82","-20","22","-18"
"lion_rune_knight_male","13","9","1,2","0,92","1,15","22","-4","18"
"lion_rune_knight_male","14","9","0,82","1,15","1,16","-20","18","20"
"lion_rune_knight_male","15","9","1,18","1,06","0,72","22","12","-28"
"lion_rune_knight_male","16","6","1,2","0,76","0,72","28","-18","-22"
"lion_rune_knight_male","17","6","0,72","0,96","1,22","-28","-2","30"
"lion_rune_knight_male","18","1","0,78","0,88","1,18","-24","-10","28"
"lion_rune_knight_male","19","1","1,18","0,82","1,02","26","-16","8"
"lion_rune_knight_male","20","1","0,74","1,12","0,92","-26","18","-8"
"lord_knight_female","10","9","1,15","0,85","0,8","18","-8","-14"
"lord_knight_female","11","9","0,82","1,02","1,2","-18","0","24"
"lord_knight_female","12","9","0,78","1,18","0,82","-20","22","-18"
"lord_knight_female","13","9","1,2","0,92","1,15","22","-4","18"
"lord_knight_female","14","9","0,82","1,15","1,16","-20","18","20"
"lord_knight_female","15","9","1,18","1,06","0,72","22","12","-28"
"lord_knight_female","16","6","1,2","0,76","0,72","28","-18","-22"
"lord_knight_female","17","6","0,72","0,96","1,22","-28","-2","30"
"lord_knight_female","18","1","0,78","0,88","1,18","-24","-10","28"
"lord_knight_female","19","1","1,18","0,82","1,02","26","-16","8"
"lord_knight_female","20","1","0,74","1,12","0,92","-26","18","-8"
"lord_knight_male","10","9","1,15","0,85","0,8","18","-8","-14"
"lord_knight_male","11","9","0,82","1,02","1,2","-18","0","24"
"lord_knight_male","12","9","0,78","1,18","0,82","-20","22","-18"
"lord_knight_male","13","9","1,2","0,92","1,15","22","-4","18"
"lord_knight_male","14","9","0,82","1,15","1,16","-20","18","20"
"lord_knight_male","15","9","1,18","1,06","0,72","22","12","-28"
"lord_knight_male","16","6","1,2","0,76","0,72","28","-18","-22"
"lord_knight_male","17","6","0,72","0,96","1,22","-28","-2","30"
"lord_knight_male","18","1","0,78","0,88","1,18","-24","-10","28"
"lord_knight_male","19","1","1,18","0,82","1,02","26","-16","8"
"lord_knight_male","20","1","0,74","1,12","0,92","-26","18","-8"
"magician_female","10","9","1,15","0,85","0,8","18","-8","-14"
"magician_female","11","9","0,82","1,02","1,2","-18","0","24"
"magician_female","12","9","0,78","1,18","0,82","-20","22","-18"
"magician_female","13","9","1,2","0,92","1,15","22","-4","18"
"magician_female","14","9","0,82","1,15","1,16","-20","18","20"
"magician_female","15","9","1,18","1,06","0,72","22","12","-28"
"magician_female","16","6","1,2","0,76","0,72","28","-18","-22"
"magician_female","17","6","0,72","0,96","1,22","-28","-2","30"
"magician_female","18","1","0,78","0,88","1,18","-24","-10","28"
"magician_female","19","1","1,18","0,82","1,02","26","-16","8"
"magician_female","20","1","0,74","1,12","0,92","-26","18","-8"
"magician_male","10","9","1,15","0,85","0,8","18","-8","-14"
"magician_male","11","9","0,82","1,02","1,2","-18","0","24"
"magician_male","12","9","0,78","1,18","0,82","-20","22","-18"
"magician_male","13","9","1,2","0,92","1,15","22","-4","18"
"magician_male","14","9","0,82","1,15","1,16","-20","18","20"
"magician_male","15","9","1,18","1,06","0,72","22","12","-28"
"magician_male","16","6","1,2","0,76","0,72","28","-18","-22"
"magician_male","17","6","0,72","0,96","1,22","-28","-2","30"
"magician_male","18","1","0,78","0,88","1,18","-24","-10","28"
"magician_male","19","1","1,18","0,82","1,02","26","-16","8"
"magician_male","20","1","0,74","1,12","0,92","-26","18","-8"
"mechanic_female","10","9","1,15","0,85","0,8","18","-8","-14"
"mechanic_female","11","9","0,82","1,02","1,2","-18","0","24"
"mechanic_female","12","9","0,78","1,18","0,82","-20","22","-18"
"mechanic_female","13","9","1,2","0,92","1,15","22","-4","18"
"mechanic_female","14","9","0,82","1,15","1,16","-20","18","20"
"mechanic_female","15","9","1,18","1,06","0,72","22","12","-28"
"mechanic_female","16","6","1,2","0,76","0,72","28","-18","-22"
"mechanic_female","17","6","0,72","0,96","1,22","-28","-2","30"
"mechanic_female","18","1","0,78","0,88","1,18","-24","-10","28"
"mechanic_female","19","1","1,18","0,82","1,02","26","-16","8"
"mechanic_female","20","1","0,74","1,12","0,92","-26","18","-8"
"mechanic_female_madogear","10","9","1,15","0,85","0,8","18","-8","-14"
"mechanic_female_madogear","11","9","0,82","1,02","1,2","-18","0","24"
"mechanic_female_madogear","12","9","0,78","1,18","0,82","-20","22","-18"
"mechanic_female_madogear","13","9","1,2","0,92","1,15","22","-4","18"
"mechanic_female_madogear","14","9","0,82","1,15","1,16","-20","18","20"
"mechanic_female_madogear","15","9","1,18","1,06","0,72","22","12","-28"
"mechanic_female_madogear","16","6","1,2","0,76","0,72","28","-18","-22"
"mechanic_female_madogear","17","6","0,72","0,96","1,22","-28","-2","30"
"mechanic_female_madogear","18","1","0,78","0,88","1,18","-24","-10","28"
"mechanic_female_madogear","19","1","1,18","0,82","1,02","26","-16","8"
"mechanic_female_madogear","20","1","0,74","1,12","0,92","-26","18","-8"
"mechanic_female_riding","10","9","1,15","0,85","0,8","18","-8","-14"
"mechanic_female_riding","11","9","0,82","1,02","1,2","-18","0","24"
"mechanic_female_riding","12","9","0,78","1,18","0,82","-20","22","-18"
"mechanic_female_riding","13","9","1,2","0,92","1,15","22","-4","18"
"mechanic_female_riding","14","9","0,82","1,15","1,16","-20","18","20"
"mechanic_female_riding","15","9","1,18","1,06","0,72","22","12","-28"
"mechanic_female_riding","16","6","1,2","0,76","0,72","28","-18","-22"
"mechanic_female_riding","17","6","0,72","0,96","1,22","-28","-2","30"
"mechanic_female_riding","18","1","0,78","0,88","1,18","-24","-10","28"
"mechanic_female_riding","19","1","1,18","0,82","1,02","26","-16","8"
"mechanic_female_riding","20","1","0,74","1,12","0,92","-26","18","-8"
"mechanic_male","10","9","1,15","0,85","0,8","18","-8","-14"
"mechanic_male","11","9","0,82","1,02","1,2","-18","0","24"
"mechanic_male","12","9","0,78","1,18","0,82","-20","22","-18"
"mechanic_male","13","9","1,2","0,92","1,15","22","-4","18"
"mechanic_male","14","9","0,82","1,15","1,16","-20","18","20"
"mechanic_male","15","9","1,18","1,06","0,72","22","12","-28"
"mechanic_male","16","6","1,2","0,76","0,72","28","-18","-22"
"mechanic_male","17","6","0,72","0,96","1,22","-28","-2","30"
"mechanic_male","18","1","0,78","0,88","1,18","-24","-10","28"
"mechanic_male","19","1","1,18","0,82","1,02","26","-16","8"
"mechanic_male","20","1","0,74","1,12","0,92","-26","18","-8"
"mechanic_male_madogear","10","9","1,15","0,85","0,8","18","-8","-14"
"mechanic_male_madogear","11","9","0,82","1,02","1,2","-18","0","24"
"mechanic_male_madogear","12","9","0,78","1,18","0,82","-20","22","-18"
"mechanic_male_madogear","13","9","1,2","0,92","1,15","22","-4","18"
"mechanic_male_madogear","14","9","0,82","1,15","1,16","-20","18","20"
"mechanic_male_madogear","15","9","1,18","1,06","0,72","22","12","-28"
"mechanic_male_madogear","16","6","1,2","0,76","0,72","28","-18","-22"
"mechanic_male_madogear","17","6","0,72","0,96","1,22","-28","-2","30"
"mechanic_male_madogear","18","1","0,78","0,88","1,18","-24","-10","28"
"mechanic_male_madogear","19","1","1,18","0,82","1,02","26","-16","8"
"mechanic_male_madogear","20","1","0,74","1,12","0,92","-26","18","-8"
"mechanic_male_riding","10","9","1,15","0,85","0,8","18","-8","-14"
"mechanic_male_riding","11","9","0,82","1,02","1,2","-18","0","24"
"mechanic_male_riding","12","9","0,78","1,18","0,82","-20","22","-18"
"mechanic_male_riding","13","9","1,2","0,92","1,15","22","-4","18"
"mechanic_male_riding","14","9","0,82","1,15","1,16","-20","18","20"
"mechanic_male_riding","15","9","1,18","1,06","0,72","22","12","-28"
"mechanic_male_riding","16","6","1,2","0,76","0,72","28","-18","-22"
"mechanic_male_riding","17","6","0,72","0,96","1,22","-28","-2","30"
"mechanic_male_riding","18","1","0,78","0,88","1,18","-24","-10","28"
"mechanic_male_riding","19","1","1,18","0,82","1,02","26","-16","8"
"mechanic_male_riding","20","1","0,74","1,12","0,92","-26","18","-8"
"meister_female","10","9","1,15","0,85","0,8","18","-8","-14"
"meister_female","11","9","0,82","1,02","1,2","-18","0","24"
"meister_female","12","9","0,78","1,18","0,82","-20","22","-18"
"meister_female","13","9","1,2","0,92","1,15","22","-4","18"
"meister_female","14","9","0,82","1,15","1,16","-20","18","20"
"meister_female","15","9","1,18","1,06","0,72","22","12","-28"
"meister_female","16","6","1,2","0,76","0,72","28","-18","-22"
"meister_female","17","6","0,72","0,96","1,22","-28","-2","30"
"meister_female","18","1","0,78","0,88","1,18","-24","-10","28"
"meister_female","19","1","1,18","0,82","1,02","26","-16","8"
"meister_female","20","1","0,74","1,12","0,92","-26","18","-8"
"meister_female_madogear1","10","9","1,15","0,85","0,8","18","-8","-14"
"meister_female_madogear1","11","9","0,82","1,02","1,2","-18","0","24"
"meister_female_madogear1","12","9","0,78","1,18","0,82","-20","22","-18"
"meister_female_madogear1","13","9","1,2","0,92","1,15","22","-4","18"
"meister_female_madogear1","14","9","0,82","1,15","1,16","-20","18","20"
"meister_female_madogear1","15","9","1,18","1,06","0,72","22","12","-28"
"meister_female_madogear1","16","6","1,2","0,76","0,72","28","-18","-22"
"meister_female_madogear1","17","6","0,72","0,96","1,22","-28","-2","30"
"meister_female_madogear1","18","1","0,78","0,88","1,18","-24","-10","28"
"meister_female_madogear1","19","1","1,18","0,82","1,02","26","-16","8"
"meister_female_madogear1","20","1","0,74","1,12","0,92","-26","18","-8"
"meister_female_madogear2","10","9","1,15","0,85","0,8","18","-8","-14"
"meister_female_madogear2","11","9","0,82","1,02","1,2","-18","0","24"
"meister_female_madogear2","12","9","0,78","1,18","0,82","-20","22","-18"
"meister_female_madogear2","13","9","1,2","0,92","1,15","22","-4","18"
"meister_female_madogear2","14","9","0,82","1,15","1,16","-20","18","20"
"meister_female_madogear2","15","9","1,18","1,06","0,72","22","12","-28"
"meister_female_madogear2","16","6","1,2","0,76","0,72","28","-18","-22"
"meister_female_madogear2","17","6","0,72","0,96","1,22","-28","-2","30"
"meister_female_madogear2","18","1","0,78","0,88","1,18","-24","-10","28"
"meister_female_madogear2","19","1","1,18","0,82","1,02","26","-16","8"
"meister_female_madogear2","20","1","0,74","1,12","0,92","-26","18","-8"
"meister_female_riding","10","9","1,15","0,85","0,8","18","-8","-14"
"meister_female_riding","11","9","0,82","1,02","1,2","-18","0","24"
"meister_female_riding","12","9","0,78","1,18","0,82","-20","22","-18"
"meister_female_riding","13","9","1,2","0,92","1,15","22","-4","18"
"meister_female_riding","14","9","0,82","1,15","1,16","-20","18","20"
"meister_female_riding","15","9","1,18","1,06","0,72","22","12","-28"
"meister_female_riding","16","6","1,2","0,76","0,72","28","-18","-22"
"meister_female_riding","17","6","0,72","0,96","1,22","-28","-2","30"
"meister_female_riding","18","1","0,78","0,88","1,18","-24","-10","28"
"meister_female_riding","19","1","1,18","0,82","1,02","26","-16","8"
"meister_female_riding","20","1","0,74","1,12","0,92","-26","18","-8"
"meister_madogear1_³²","10","9","1,15","0,85","0,8","18","-8","-14"
"meister_madogear1_³²","11","9","0,82","1,02","1,2","-18","0","24"
"meister_madogear1_³²","12","9","0,78","1,18","0,82","-20","22","-18"
"meister_madogear1_³²","13","9","1,2","0,92","1,15","22","-4","18"
"meister_madogear1_³²","14","9","0,82","1,15","1,16","-20","18","20"
"meister_madogear1_³²","15","9","1,18","1,06","0,72","22","12","-28"
"meister_madogear1_³²","16","6","1,2","0,76","0,72","28","-18","-22"
"meister_madogear1_³²","17","6","0,72","0,96","1,22","-28","-2","30"
"meister_madogear1_³²","18","1","0,78","0,88","1,18","-24","-10","28"
"meister_madogear1_³²","19","1","1,18","0,82","1,02","26","-16","8"
"meister_madogear1_³²","20","1","0,74","1,12","0,92","-26","18","-8"
"meister_madogear1_¿©","10","9","1,15","0,85","0,8","18","-8","-14"
"meister_madogear1_¿©","11","9","0,82","1,02","1,2","-18","0","24"
"meister_madogear1_¿©","12","9","0,78","1,18","0,82","-20","22","-18"
"meister_madogear1_¿©","13","9","1,2","0,92","1,15","22","-4","18"
"meister_madogear1_¿©","14","9","0,82","1,15","1,16","-20","18","20"
"meister_madogear1_¿©","15","9","1,18","1,06","0,72","22","12","-28"
"meister_madogear1_¿©","16","6","1,2","0,76","0,72","28","-18","-22"
"meister_madogear1_¿©","17","6","0,72","0,96","1,22","-28","-2","30"
"meister_madogear1_¿©","18","1","0,78","0,88","1,18","-24","-10","28"
"meister_madogear1_¿©","19","1","1,18","0,82","1,02","26","-16","8"
"meister_madogear1_¿©","20","1","0,74","1,12","0,92","-26","18","-8"
"meister_madogear2_³²","10","9","1,15","0,85","0,8","18","-8","-14"
"meister_madogear2_³²","11","9","0,82","1,02","1,2","-18","0","24"
"meister_madogear2_³²","12","9","0,78","1,18","0,82","-20","22","-18"
"meister_madogear2_³²","13","9","1,2","0,92","1,15","22","-4","18"
"meister_madogear2_³²","14","9","0,82","1,15","1,16","-20","18","20"
"meister_madogear2_³²","15","9","1,18","1,06","0,72","22","12","-28"
"meister_madogear2_³²","16","6","1,2","0,76","0,72","28","-18","-22"
"meister_madogear2_³²","17","6","0,72","0,96","1,22","-28","-2","30"
"meister_madogear2_³²","18","1","0,78","0,88","1,18","-24","-10","28"
"meister_madogear2_³²","19","1","1,18","0,82","1,02","26","-16","8"
"meister_madogear2_³²","20","1","0,74","1,12","0,92","-26","18","-8"
"meister_madogear2_¿©","10","9","1,15","0,85","0,8","18","-8","-14"
"meister_madogear2_¿©","11","9","0,82","1,02","1,2","-18","0","24"
"meister_madogear2_¿©","12","9","0,78","1,18","0,82","-20","22","-18"
"meister_madogear2_¿©","13","9","1,2","0,92","1,15","22","-4","18"
"meister_madogear2_¿©","14","9","0,82","1,15","1,16","-20","18","20"
"meister_madogear2_¿©","15","9","1,18","1,06","0,72","22","12","-28"
"meister_madogear2_¿©","16","6","1,2","0,76","0,72","28","-18","-22"
"meister_madogear2_¿©","17","6","0,72","0,96","1,22","-28","-2","30"
"meister_madogear2_¿©","18","1","0,78","0,88","1,18","-24","-10","28"
"meister_madogear2_¿©","19","1","1,18","0,82","1,02","26","-16","8"
"meister_madogear2_¿©","20","1","0,74","1,12","0,92","-26","18","-8"
"meister_male","10","9","1,15","0,85","0,8","18","-8","-14"
"meister_male","11","9","0,82","1,02","1,2","-18","0","24"
"meister_male","12","9","0,78","1,18","0,82","-20","22","-18"
"meister_male","13","9","1,2","0,92","1,15","22","-4","18"
"meister_male","14","9","0,82","1,15","1,16","-20","18","20"
"meister_male","15","9","1,18","1,06","0,72","22","12","-28"
"meister_male","16","6","1,2","0,76","0,72","28","-18","-22"
"meister_male","17","6","0,72","0,96","1,22","-28","-2","30"
"meister_male","18","1","0,78","0,88","1,18","-24","-10","28"
"meister_male","19","1","1,18","0,82","1,02","26","-16","8"
"meister_male","20","1","0,74","1,12","0,92","-26","18","-8"
"meister_male_madogear1","10","9","1,15","0,85","0,8","18","-8","-14"
"meister_male_madogear1","11","9","0,82","1,02","1,2","-18","0","24"
"meister_male_madogear1","12","9","0,78","1,18","0,82","-20","22","-18"
"meister_male_madogear1","13","9","1,2","0,92","1,15","22","-4","18"
"meister_male_madogear1","14","9","0,82","1,15","1,16","-20","18","20"
"meister_male_madogear1","15","9","1,18","1,06","0,72","22","12","-28"
"meister_male_madogear1","16","6","1,2","0,76","0,72","28","-18","-22"
"meister_male_madogear1","17","6","0,72","0,96","1,22","-28","-2","30"
"meister_male_madogear1","18","1","0,78","0,88","1,18","-24","-10","28"
"meister_male_madogear1","19","1","1,18","0,82","1,02","26","-16","8"
"meister_male_madogear1","20","1","0,74","1,12","0,92","-26","18","-8"
"meister_male_madogear2","10","9","1,15","0,85","0,8","18","-8","-14"
"meister_male_madogear2","11","9","0,82","1,02","1,2","-18","0","24"
"meister_male_madogear2","12","9","0,78","1,18","0,82","-20","22","-18"
"meister_male_madogear2","13","9","1,2","0,92","1,15","22","-4","18"
"meister_male_madogear2","14","9","0,82","1,15","1,16","-20","18","20"
"meister_male_madogear2","15","9","1,18","1,06","0,72","22","12","-28"
"meister_male_madogear2","16","6","1,2","0,76","0,72","28","-18","-22"
"meister_male_madogear2","17","6","0,72","0,96","1,22","-28","-2","30"
"meister_male_madogear2","18","1","0,78","0,88","1,18","-24","-10","28"
"meister_male_madogear2","19","1","1,18","0,82","1,02","26","-16","8"
"meister_male_madogear2","20","1","0,74","1,12","0,92","-26","18","-8"
"meister_male_riding","10","9","1,15","0,85","0,8","18","-8","-14"
"meister_male_riding","11","9","0,82","1,02","1,2","-18","0","24"
"meister_male_riding","12","9","0,78","1,18","0,82","-20","22","-18"
"meister_male_riding","13","9","1,2","0,92","1,15","22","-4","18"
"meister_male_riding","14","9","0,82","1,15","1,16","-20","18","20"
"meister_male_riding","15","9","1,18","1,06","0,72","22","12","-28"
"meister_male_riding","16","6","1,2","0,76","0,72","28","-18","-22"
"meister_male_riding","17","6","0,72","0,96","1,22","-28","-2","30"
"meister_male_riding","18","1","0,78","0,88","1,18","-24","-10","28"
"meister_male_riding","19","1","1,18","0,82","1,02","26","-16","8"
"meister_male_riding","20","1","0,74","1,12","0,92","-26","18","-8"
"meister_riding_³²","10","9","1,15","0,85","0,8","18","-8","-14"
"meister_riding_³²","11","9","0,82","1,02","1,2","-18","0","24"
"meister_riding_³²","12","9","0,78","1,18","0,82","-20","22","-18"
"meister_riding_³²","13","9","1,2","0,92","1,15","22","-4","18"
"meister_riding_³²","14","9","0,82","1,15","1,16","-20","18","20"
"meister_riding_³²","15","9","1,18","1,06","0,72","22","12","-28"
"meister_riding_³²","16","6","1,2","0,76","0,72","28","-18","-22"
"meister_riding_³²","17","6","0,72","0,96","1,22","-28","-2","30"
"meister_riding_³²","18","1","0,78","0,88","1,18","-24","-10","28"
"meister_riding_³²","19","1","1,18","0,82","1,02","26","-16","8"
"meister_riding_³²","20","1","0,74","1,12","0,92","-26","18","-8"
"meister_riding_¿©","10","9","1,15","0,85","0,8","18","-8","-14"
"meister_riding_¿©","11","9","0,82","1,02","1,2","-18","0","24"
"meister_riding_¿©","12","9","0,78","1,18","0,82","-20","22","-18"
"meister_riding_¿©","13","9","1,2","0,92","1,15","22","-4","18"
"meister_riding_¿©","14","9","0,82","1,15","1,16","-20","18","20"
"meister_riding_¿©","15","9","1,18","1,06","0,72","22","12","-28"
"meister_riding_¿©","16","6","1,2","0,76","0,72","28","-18","-22"
"meister_riding_¿©","17","6","0,72","0,96","1,22","-28","-2","30"
"meister_riding_¿©","18","1","0,78","0,88","1,18","-24","-10","28"
"meister_riding_¿©","19","1","1,18","0,82","1,02","26","-16","8"
"meister_riding_¿©","20","1","0,74","1,12","0,92","-26","18","-8"
"meister_³²","10","9","1,15","0,85","0,8","18","-8","-14"
"meister_³²","11","9","0,82","1,02","1,2","-18","0","24"
"meister_³²","12","9","0,78","1,18","0,82","-20","22","-18"
"meister_³²","13","9","1,2","0,92","1,15","22","-4","18"
"meister_³²","14","9","0,82","1,15","1,16","-20","18","20"
"meister_³²","15","9","1,18","1,06","0,72","22","12","-28"
"meister_³²","16","6","1,2","0,76","0,72","28","-18","-22"
"meister_³²","17","6","0,72","0,96","1,22","-28","-2","30"
"meister_³²","18","1","0,78","0,88","1,18","-24","-10","28"
"meister_³²","19","1","1,18","0,82","1,02","26","-16","8"
"meister_³²","20","1","0,74","1,12","0,92","-26","18","-8"
"meister_¿©","10","9","1,15","0,85","0,8","18","-8","-14"
"meister_¿©","11","9","0,82","1,02","1,2","-18","0","24"
"meister_¿©","12","9","0,78","1,18","0,82","-20","22","-18"
"meister_¿©","13","9","1,2","0,92","1,15","22","-4","18"
"meister_¿©","14","9","0,82","1,15","1,16","-20","18","20"
"meister_¿©","15","9","1,18","1,06","0,72","22","12","-28"
"meister_¿©","16","6","1,2","0,76","0,72","28","-18","-22"
"meister_¿©","17","6","0,72","0,96","1,22","-28","-2","30"
"meister_¿©","18","1","0,78","0,88","1,18","-24","-10","28"
"meister_¿©","19","1","1,18","0,82","1,02","26","-16","8"
"meister_¿©","20","1","0,74","1,12","0,92","-26","18","-8"
"merchant_female","10","9","1,15","0,85","0,8","18","-8","-14"
"merchant_female","11","9","0,82","1,02","1,2","-18","0","24"
"merchant_female","12","9","0,78","1,18","0,82","-20","22","-18"
"merchant_female","13","9","1,2","0,92","1,15","22","-4","18"
"merchant_female","14","9","0,82","1,15","1,16","-20","18","20"
"merchant_female","15","9","1,18","1,06","0,72","22","12","-28"
"merchant_female","16","6","1,2","0,76","0,72","28","-18","-22"
"merchant_female","17","6","0,72","0,96","1,22","-28","-2","30"
"merchant_female","18","1","0,78","0,88","1,18","-24","-10","28"
"merchant_female","19","1","1,18","0,82","1,02","26","-16","8"
"merchant_female","20","1","0,74","1,12","0,92","-26","18","-8"
"merchant_female_riding","10","9","1,15","0,85","0,8","18","-8","-14"
"merchant_female_riding","11","9","0,82","1,02","1,2","-18","0","24"
"merchant_female_riding","12","9","0,78","1,18","0,82","-20","22","-18"
"merchant_female_riding","13","9","1,2","0,92","1,15","22","-4","18"
"merchant_female_riding","14","9","0,82","1,15","1,16","-20","18","20"
"merchant_female_riding","15","9","1,18","1,06","0,72","22","12","-28"
"merchant_female_riding","16","6","1,2","0,76","0,72","28","-18","-22"
"merchant_female_riding","17","6","0,72","0,96","1,22","-28","-2","30"
"merchant_female_riding","18","1","0,78","0,88","1,18","-24","-10","28"
"merchant_female_riding","19","1","1,18","0,82","1,02","26","-16","8"
"merchant_female_riding","20","1","0,74","1,12","0,92","-26","18","-8"
"merchant_male","10","9","1,15","0,85","0,8","18","-8","-14"
"merchant_male","11","9","0,82","1,02","1,2","-18","0","24"
"merchant_male","12","9","0,78","1,18","0,82","-20","22","-18"
"merchant_male","13","9","1,2","0,92","1,15","22","-4","18"
"merchant_male","14","9","0,82","1,15","1,16","-20","18","20"
"merchant_male","15","9","1,18","1,06","0,72","22","12","-28"
"merchant_male","16","6","1,2","0,76","0,72","28","-18","-22"
"merchant_male","17","6","0,72","0,96","1,22","-28","-2","30"
"merchant_male","18","1","0,78","0,88","1,18","-24","-10","28"
"merchant_male","19","1","1,18","0,82","1,02","26","-16","8"
"merchant_male","20","1","0,74","1,12","0,92","-26","18","-8"
"merchant_male_riding","10","9","1,15","0,85","0,8","18","-8","-14"
"merchant_male_riding","11","9","0,82","1,02","1,2","-18","0","24"
"merchant_male_riding","12","9","0,78","1,18","0,82","-20","22","-18"
"merchant_male_riding","13","9","1,2","0,92","1,15","22","-4","18"
"merchant_male_riding","14","9","0,82","1,15","1,16","-20","18","20"
"merchant_male_riding","15","9","1,18","1,06","0,72","22","12","-28"
"merchant_male_riding","16","6","1,2","0,76","0,72","28","-18","-22"
"merchant_male_riding","17","6","0,72","0,96","1,22","-28","-2","30"
"merchant_male_riding","18","1","0,78","0,88","1,18","-24","-10","28"
"merchant_male_riding","19","1","1,18","0,82","1,02","26","-16","8"
"merchant_male_riding","20","1","0,74","1,12","0,92","-26","18","-8"
"minstrel_male","10","9","1,15","0,85","0,8","18","-8","-14"
"minstrel_male","11","9","0,82","1,02","1,2","-18","0","24"
"minstrel_male","12","9","0,78","1,18","0,82","-20","22","-18"
"minstrel_male","13","9","1,2","0,92","1,15","22","-4","18"
"minstrel_male","14","9","0,82","1,15","1,16","-20","18","20"
"minstrel_male","15","9","1,18","1,06","0,72","22","12","-28"
"minstrel_male","16","6","1,2","0,76","0,72","28","-18","-22"
"minstrel_male","17","6","0,72","0,96","1,22","-28","-2","30"
"minstrel_male","18","1","0,78","0,88","1,18","-24","-10","28"
"minstrel_male","19","1","1,18","0,82","1,02","26","-16","8"
"minstrel_male","20","1","0,74","1,12","0,92","-26","18","-8"
"monk_female","10","9","1,15","0,85","0,8","18","-8","-14"
"monk_female","11","9","0,82","1,02","1,2","-18","0","24"
"monk_female","12","9","0,78","1,18","0,82","-20","22","-18"
"monk_female","13","9","1,2","0,92","1,15","22","-4","18"
"monk_female","14","9","0,82","1,15","1,16","-20","18","20"
"monk_female","15","9","1,18","1,06","0,72","22","12","-28"
"monk_female","16","6","1,2","0,76","0,72","28","-18","-22"
"monk_female","17","6","0,72","0,96","1,22","-28","-2","30"
"monk_female","18","1","0,78","0,88","1,18","-24","-10","28"
"monk_female","19","1","1,18","0,82","1,02","26","-16","8"
"monk_female","20","1","0,74","1,12","0,92","-26","18","-8"
"monk_female_riding","10","9","1,15","0,85","0,8","18","-8","-14"
"monk_female_riding","11","9","0,82","1,02","1,2","-18","0","24"
"monk_female_riding","12","9","0,78","1,18","0,82","-20","22","-18"
"monk_female_riding","13","9","1,2","0,92","1,15","22","-4","18"
"monk_female_riding","14","9","0,82","1,15","1,16","-20","18","20"
"monk_female_riding","15","9","1,18","1,06","0,72","22","12","-28"
"monk_female_riding","16","6","1,2","0,76","0,72","28","-18","-22"
"monk_female_riding","17","6","0,72","0,96","1,22","-28","-2","30"
"monk_female_riding","18","1","0,78","0,88","1,18","-24","-10","28"
"monk_female_riding","19","1","1,18","0,82","1,02","26","-16","8"
"monk_female_riding","20","1","0,74","1,12","0,92","-26","18","-8"
"monk_male","10","9","1,15","0,85","0,8","18","-8","-14"
"monk_male","11","9","0,82","1,02","1,2","-18","0","24"
"monk_male","12","9","0,78","1,18","0,82","-20","22","-18"
"monk_male","13","9","1,2","0,92","1,15","22","-4","18"
"monk_male","14","9","0,82","1,15","1,16","-20","18","20"
"monk_male","15","9","1,18","1,06","0,72","22","12","-28"
"monk_male","16","6","1,2","0,76","0,72","28","-18","-22"
"monk_male","17","6","0,72","0,96","1,22","-28","-2","30"
"monk_male","18","1","0,78","0,88","1,18","-24","-10","28"
"monk_male","19","1","1,18","0,82","1,02","26","-16","8"
"monk_male","20","1","0,74","1,12","0,92","-26","18","-8"
"monk_male_riding","10","9","1,15","0,85","0,8","18","-8","-14"
"monk_male_riding","11","9","0,82","1,02","1,2","-18","0","24"
"monk_male_riding","12","9","0,78","1,18","0,82","-20","22","-18"
"monk_male_riding","13","9","1,2","0,92","1,15","22","-4","18"
"monk_male_riding","14","9","0,82","1,15","1,16","-20","18","20"
"monk_male_riding","15","9","1,18","1,06","0,72","22","12","-28"
"monk_male_riding","16","6","1,2","0,76","0,72","28","-18","-22"
"monk_male_riding","17","6","0,72","0,96","1,22","-28","-2","30"
"monk_male_riding","18","1","0,78","0,88","1,18","-24","-10","28"
"monk_male_riding","19","1","1,18","0,82","1,02","26","-16","8"
"monk_male_riding","20","1","0,74","1,12","0,92","-26","18","-8"
"new_peco_crusader_female","10","9","1,15","0,85","0,8","18","-8","-14"
"new_peco_crusader_female","11","9","0,82","1,02","1,2","-18","0","24"
"new_peco_crusader_female","12","9","0,78","1,18","0,82","-20","22","-18"
"new_peco_crusader_female","13","9","1,2","0,92","1,15","22","-4","18"
"new_peco_crusader_female","14","9","0,82","1,15","1,16","-20","18","20"
"new_peco_crusader_female","15","9","1,18","1,06","0,72","22","12","-28"
"new_peco_crusader_female","16","6","1,2","0,76","0,72","28","-18","-22"
"new_peco_crusader_female","17","6","0,72","0,96","1,22","-28","-2","30"
"new_peco_crusader_female","18","1","0,78","0,88","1,18","-24","-10","28"
"new_peco_crusader_female","19","1","1,18","0,82","1,02","26","-16","8"
"new_peco_crusader_female","20","1","0,74","1,12","0,92","-26","18","-8"
"new_peco_crusader_male","10","9","1,15","0,85","0,8","18","-8","-14"
"new_peco_crusader_male","11","9","0,82","1,02","1,2","-18","0","24"
"new_peco_crusader_male","12","9","0,78","1,18","0,82","-20","22","-18"
"new_peco_crusader_male","13","9","1,2","0,92","1,15","22","-4","18"
"new_peco_crusader_male","14","9","0,82","1,15","1,16","-20","18","20"
"new_peco_crusader_male","15","9","1,18","1,06","0,72","22","12","-28"
"new_peco_crusader_male","16","6","1,2","0,76","0,72","28","-18","-22"
"new_peco_crusader_male","17","6","0,72","0,96","1,22","-28","-2","30"
"new_peco_crusader_male","18","1","0,78","0,88","1,18","-24","-10","28"
"new_peco_crusader_male","19","1","1,18","0,82","1,02","26","-16","8"
"new_peco_crusader_male","20","1","0,74","1,12","0,92","-26","18","-8"
"night_watch_female","10","9","1,15","0,85","0,8","18","-8","-14"
"night_watch_female","11","9","0,82","1,02","1,2","-18","0","24"
"night_watch_female","12","9","0,78","1,18","0,82","-20","22","-18"
"night_watch_female","13","9","1,2","0,92","1,15","22","-4","18"
"night_watch_female","14","9","0,82","1,15","1,16","-20","18","20"
"night_watch_female","15","9","1,18","1,06","0,72","22","12","-28"
"night_watch_female","16","6","1,2","0,76","0,72","28","-18","-22"
"night_watch_female","17","6","0,72","0,96","1,22","-28","-2","30"
"night_watch_female","18","1","0,78","0,88","1,18","-24","-10","28"
"night_watch_female","19","1","1,18","0,82","1,02","26","-16","8"
"night_watch_female","20","1","0,74","1,12","0,92","-26","18","-8"
"night_watch_female_riding","10","9","1,15","0,85","0,8","18","-8","-14"
"night_watch_female_riding","11","9","0,82","1,02","1,2","-18","0","24"
"night_watch_female_riding","12","9","0,78","1,18","0,82","-20","22","-18"
"night_watch_female_riding","13","9","1,2","0,92","1,15","22","-4","18"
"night_watch_female_riding","14","9","0,82","1,15","1,16","-20","18","20"
"night_watch_female_riding","15","9","1,18","1,06","0,72","22","12","-28"
"night_watch_female_riding","16","6","1,2","0,76","0,72","28","-18","-22"
"night_watch_female_riding","17","6","0,72","0,96","1,22","-28","-2","30"
"night_watch_female_riding","18","1","0,78","0,88","1,18","-24","-10","28"
"night_watch_female_riding","19","1","1,18","0,82","1,02","26","-16","8"
"night_watch_female_riding","20","1","0,74","1,12","0,92","-26","18","-8"
"night_watch_male","10","9","1,15","0,85","0,8","18","-8","-14"
"night_watch_male","11","9","0,82","1,02","1,2","-18","0","24"
"night_watch_male","12","9","0,78","1,18","0,82","-20","22","-18"
"night_watch_male","13","9","1,2","0,92","1,15","22","-4","18"
"night_watch_male","14","9","0,82","1,15","1,16","-20","18","20"
"night_watch_male","15","9","1,18","1,06","0,72","22","12","-28"
"night_watch_male","16","6","1,2","0,76","0,72","28","-18","-22"
"night_watch_male","17","6","0,72","0,96","1,22","-28","-2","30"
"night_watch_male","18","1","0,78","0,88","1,18","-24","-10","28"
"night_watch_male","19","1","1,18","0,82","1,02","26","-16","8"
"night_watch_male","20","1","0,74","1,12","0,92","-26","18","-8"
"night_watch_male_riding","10","9","1,15","0,85","0,8","18","-8","-14"
"night_watch_male_riding","11","9","0,82","1,02","1,2","-18","0","24"
"night_watch_male_riding","12","9","0,78","1,18","0,82","-20","22","-18"
"night_watch_male_riding","13","9","1,2","0,92","1,15","22","-4","18"
"night_watch_male_riding","14","9","0,82","1,15","1,16","-20","18","20"
"night_watch_male_riding","15","9","1,18","1,06","0,72","22","12","-28"
"night_watch_male_riding","16","6","1,2","0,76","0,72","28","-18","-22"
"night_watch_male_riding","17","6","0,72","0,96","1,22","-28","-2","30"
"night_watch_male_riding","18","1","0,78","0,88","1,18","-24","-10","28"
"night_watch_male_riding","19","1","1,18","0,82","1,02","26","-16","8"
"night_watch_male_riding","20","1","0,74","1,12","0,92","-26","18","-8"
"night_watch_riding_³²","10","9","1,15","0,85","0,8","18","-8","-14"
"night_watch_riding_³²","11","9","0,82","1,02","1,2","-18","0","24"
"night_watch_riding_³²","12","9","0,78","1,18","0,82","-20","22","-18"
"night_watch_riding_³²","13","9","1,2","0,92","1,15","22","-4","18"
"night_watch_riding_³²","14","9","0,82","1,15","1,16","-20","18","20"
"night_watch_riding_³²","15","9","1,18","1,06","0,72","22","12","-28"
"night_watch_riding_³²","16","6","1,2","0,76","0,72","28","-18","-22"
"night_watch_riding_³²","17","6","0,72","0,96","1,22","-28","-2","30"
"night_watch_riding_³²","18","1","0,78","0,88","1,18","-24","-10","28"
"night_watch_riding_³²","19","1","1,18","0,82","1,02","26","-16","8"
"night_watch_riding_³²","20","1","0,74","1,12","0,92","-26","18","-8"
"night_watch_riding_¿©","10","9","1,15","0,85","0,8","18","-8","-14"
"night_watch_riding_¿©","11","9","0,82","1,02","1,2","-18","0","24"
"night_watch_riding_¿©","12","9","0,78","1,18","0,82","-20","22","-18"
"night_watch_riding_¿©","13","9","1,2","0,92","1,15","22","-4","18"
"night_watch_riding_¿©","14","9","0,82","1,15","1,16","-20","18","20"
"night_watch_riding_¿©","15","9","1,18","1,06","0,72","22","12","-28"
"night_watch_riding_¿©","16","6","1,2","0,76","0,72","28","-18","-22"
"night_watch_riding_¿©","17","6","0,72","0,96","1,22","-28","-2","30"
"night_watch_riding_¿©","18","1","0,78","0,88","1,18","-24","-10","28"
"night_watch_riding_¿©","19","1","1,18","0,82","1,02","26","-16","8"
"night_watch_riding_¿©","20","1","0,74","1,12","0,92","-26","18","-8"
"night_watch_³²","10","9","1,15","0,85","0,8","18","-8","-14"
"night_watch_³²","11","9","0,82","1,02","1,2","-18","0","24"
"night_watch_³²","12","9","0,78","1,18","0,82","-20","22","-18"
"night_watch_³²","13","9","1,2","0,92","1,15","22","-4","18"
"night_watch_³²","14","9","0,82","1,15","1,16","-20","18","20"
"night_watch_³²","15","9","1,18","1,06","0,72","22","12","-28"
"night_watch_³²","16","6","1,2","0,76","0,72","28","-18","-22"
"night_watch_³²","17","6","0,72","0,96","1,22","-28","-2","30"
"night_watch_³²","18","1","0,78","0,88","1,18","-24","-10","28"
"night_watch_³²","19","1","1,18","0,82","1,02","26","-16","8"
"night_watch_³²","20","1","0,74","1,12","0,92","-26","18","-8"
"night_watch_¿©","10","9","1,15","0,85","0,8","18","-8","-14"
"night_watch_¿©","11","9","0,82","1,02","1,2","-18","0","24"
"night_watch_¿©","12","9","0,78","1,18","0,82","-20","22","-18"
"night_watch_¿©","13","9","1,2","0,92","1,15","22","-4","18"
"night_watch_¿©","14","9","0,82","1,15","1,16","-20","18","20"
"night_watch_¿©","15","9","1,18","1,06","0,72","22","12","-28"
"night_watch_¿©","16","6","1,2","0,76","0,72","28","-18","-22"
"night_watch_¿©","17","6","0,72","0,96","1,22","-28","-2","30"
"night_watch_¿©","18","1","0,78","0,88","1,18","-24","-10","28"
"night_watch_¿©","19","1","1,18","0,82","1,02","26","-16","8"
"night_watch_¿©","20","1","0,74","1,12","0,92","-26","18","-8"
"ninja_female","10","9","1,15","0,85","0,8","18","-8","-14"
"ninja_female","11","9","0,82","1,02","1,2","-18","0","24"
"ninja_female","12","9","0,78","1,18","0,82","-20","22","-18"
"ninja_female","13","9","1,2","0,92","1,15","22","-4","18"
"ninja_female","14","9","0,82","1,15","1,16","-20","18","20"
"ninja_female","15","9","1,18","1,06","0,72","22","12","-28"
"ninja_female","16","6","1,2","0,76","0,72","28","-18","-22"
"ninja_female","17","6","0,72","0,96","1,22","-28","-2","30"
"ninja_female","18","1","0,78","0,88","1,18","-24","-10","28"
"ninja_female","19","1","1,18","0,82","1,02","26","-16","8"
"ninja_female","20","1","0,74","1,12","0,92","-26","18","-8"
"ninja_male","10","9","1,15","0,85","0,8","18","-8","-14"
"ninja_male","11","9","0,82","1,02","1,2","-18","0","24"
"ninja_male","12","9","0,78","1,18","0,82","-20","22","-18"
"ninja_male","13","9","1,2","0,92","1,15","22","-4","18"
"ninja_male","14","9","0,82","1,15","1,16","-20","18","20"
"ninja_male","15","9","1,18","1,06","0,72","22","12","-28"
"ninja_male","16","6","1,2","0,76","0,72","28","-18","-22"
"ninja_male","17","6","0,72","0,96","1,22","-28","-2","30"
"ninja_male","18","1","0,78","0,88","1,18","-24","-10","28"
"ninja_male","19","1","1,18","0,82","1,02","26","-16","8"
"ninja_male","20","1","0,74","1,12","0,92","-26","18","-8"
"oboro_female","10","9","1,15","0,85","0,8","18","-8","-14"
"oboro_female","11","9","0,82","1,02","1,2","-18","0","24"
"oboro_female","12","9","0,78","1,18","0,82","-20","22","-18"
"oboro_female","13","9","1,2","0,92","1,15","22","-4","18"
"oboro_female","14","9","0,82","1,15","1,16","-20","18","20"
"oboro_female","15","9","1,18","1,06","0,72","22","12","-28"
"oboro_female","16","6","1,2","0,76","0,72","28","-18","-22"
"oboro_female","17","6","0,72","0,96","1,22","-28","-2","30"
"oboro_female","18","1","0,78","0,88","1,18","-24","-10","28"
"oboro_female","19","1","1,18","0,82","1,02","26","-16","8"
"oboro_female","20","1","0,74","1,12","0,92","-26","18","-8"
"oboro_¿©","10","9","1,15","0,85","0,8","18","-8","-14"
"oboro_¿©","11","9","0,82","1,02","1,2","-18","0","24"
"oboro_¿©","12","9","0,78","1,18","0,82","-20","22","-18"
"oboro_¿©","13","9","1,2","0,92","1,15","22","-4","18"
"oboro_¿©","14","9","0,82","1,15","1,16","-20","18","20"
"oboro_¿©","15","9","1,18","1,06","0,72","22","12","-28"
"oboro_¿©","16","6","1,2","0,76","0,72","28","-18","-22"
"oboro_¿©","17","6","0,72","0,96","1,22","-28","-2","30"
"oboro_¿©","18","1","0,78","0,88","1,18","-24","-10","28"
"oboro_¿©","19","1","1,18","0,82","1,02","26","-16","8"
"oboro_¿©","20","1","0,74","1,12","0,92","-26","18","-8"
"ostrich_archer_female","10","9","1,15","0,85","0,8","18","-8","-14"
"ostrich_archer_female","11","9","0,82","1,02","1,2","-18","0","24"
"ostrich_archer_female","12","9","0,78","1,18","0,82","-20","22","-18"
"ostrich_archer_female","13","9","1,2","0,92","1,15","22","-4","18"
"ostrich_archer_female","14","9","0,82","1,15","1,16","-20","18","20"
"ostrich_archer_female","15","9","1,18","1,06","0,72","22","12","-28"
"ostrich_archer_female","16","6","1,2","0,76","0,72","28","-18","-22"
"ostrich_archer_female","17","6","0,72","0,96","1,22","-28","-2","30"
"ostrich_archer_female","18","1","0,78","0,88","1,18","-24","-10","28"
"ostrich_archer_female","19","1","1,18","0,82","1,02","26","-16","8"
"ostrich_archer_female","20","1","0,74","1,12","0,92","-26","18","-8"
"ostrich_archer_male","10","9","1,15","0,85","0,8","18","-8","-14"
"ostrich_archer_male","11","9","0,82","1,02","1,2","-18","0","24"
"ostrich_archer_male","12","9","0,78","1,18","0,82","-20","22","-18"
"ostrich_archer_male","13","9","1,2","0,92","1,15","22","-4","18"
"ostrich_archer_male","14","9","0,82","1,15","1,16","-20","18","20"
"ostrich_archer_male","15","9","1,18","1,06","0,72","22","12","-28"
"ostrich_archer_male","16","6","1,2","0,76","0,72","28","-18","-22"
"ostrich_archer_male","17","6","0,72","0,96","1,22","-28","-2","30"
"ostrich_archer_male","18","1","0,78","0,88","1,18","-24","-10","28"
"ostrich_archer_male","19","1","1,18","0,82","1,02","26","-16","8"
"ostrich_archer_male","20","1","0,74","1,12","0,92","-26","18","-8"
"ostrich_bard_female","10","9","1,15","0,85","0,8","18","-8","-14"
"ostrich_bard_female","11","9","0,82","1,02","1,2","-18","0","24"
"ostrich_bard_female","12","9","0,78","1,18","0,82","-20","22","-18"
"ostrich_bard_female","13","9","1,2","0,92","1,15","22","-4","18"
"ostrich_bard_female","14","9","0,82","1,15","1,16","-20","18","20"
"ostrich_bard_female","15","9","1,18","1,06","0,72","22","12","-28"
"ostrich_bard_female","16","6","1,2","0,76","0,72","28","-18","-22"
"ostrich_bard_female","17","6","0,72","0,96","1,22","-28","-2","30"
"ostrich_bard_female","18","1","0,78","0,88","1,18","-24","-10","28"
"ostrich_bard_female","19","1","1,18","0,82","1,02","26","-16","8"
"ostrich_bard_female","20","1","0,74","1,12","0,92","-26","18","-8"
"ostrich_bard_male","10","9","1,15","0,85","0,8","18","-8","-14"
"ostrich_bard_male","11","9","0,82","1,02","1,2","-18","0","24"
"ostrich_bard_male","12","9","0,78","1,18","0,82","-20","22","-18"
"ostrich_bard_male","13","9","1,2","0,92","1,15","22","-4","18"
"ostrich_bard_male","14","9","0,82","1,15","1,16","-20","18","20"
"ostrich_bard_male","15","9","1,18","1,06","0,72","22","12","-28"
"ostrich_bard_male","16","6","1,2","0,76","0,72","28","-18","-22"
"ostrich_bard_male","17","6","0,72","0,96","1,22","-28","-2","30"
"ostrich_bard_male","18","1","0,78","0,88","1,18","-24","-10","28"
"ostrich_bard_male","19","1","1,18","0,82","1,02","26","-16","8"
"ostrich_bard_male","20","1","0,74","1,12","0,92","-26","18","-8"
"ostrich_clown_male","10","9","1,15","0,85","0,8","18","-8","-14"
"ostrich_clown_male","11","9","0,82","1,02","1,2","-18","0","24"
"ostrich_clown_male","12","9","0,78","1,18","0,82","-20","22","-18"
"ostrich_clown_male","13","9","1,2","0,92","1,15","22","-4","18"
"ostrich_clown_male","14","9","0,82","1,15","1,16","-20","18","20"
"ostrich_clown_male","15","9","1,18","1,06","0,72","22","12","-28"
"ostrich_clown_male","16","6","1,2","0,76","0,72","28","-18","-22"
"ostrich_clown_male","17","6","0,72","0,96","1,22","-28","-2","30"
"ostrich_clown_male","18","1","0,78","0,88","1,18","-24","-10","28"
"ostrich_clown_male","19","1","1,18","0,82","1,02","26","-16","8"
"ostrich_clown_male","20","1","0,74","1,12","0,92","-26","18","-8"
"ostrich_dancer_female","10","9","1,15","0,85","0,8","18","-8","-14"
"ostrich_dancer_female","11","9","0,82","1,02","1,2","-18","0","24"
"ostrich_dancer_female","12","9","0,78","1,18","0,82","-20","22","-18"
"ostrich_dancer_female","13","9","1,2","0,92","1,15","22","-4","18"
"ostrich_dancer_female","14","9","0,82","1,15","1,16","-20","18","20"
"ostrich_dancer_female","15","9","1,18","1,06","0,72","22","12","-28"
"ostrich_dancer_female","16","6","1,2","0,76","0,72","28","-18","-22"
"ostrich_dancer_female","17","6","0,72","0,96","1,22","-28","-2","30"
"ostrich_dancer_female","18","1","0,78","0,88","1,18","-24","-10","28"
"ostrich_dancer_female","19","1","1,18","0,82","1,02","26","-16","8"
"ostrich_dancer_female","20","1","0,74","1,12","0,92","-26","18","-8"
"ostrich_dancer_male","10","9","1,15","0,85","0,8","18","-8","-14"
"ostrich_dancer_male","11","9","0,82","1,02","1,2","-18","0","24"
"ostrich_dancer_male","12","9","0,78","1,18","0,82","-20","22","-18"
"ostrich_dancer_male","13","9","1,2","0,92","1,15","22","-4","18"
"ostrich_dancer_male","14","9","0,82","1,15","1,16","-20","18","20"
"ostrich_dancer_male","15","9","1,18","1,06","0,72","22","12","-28"
"ostrich_dancer_male","16","6","1,2","0,76","0,72","28","-18","-22"
"ostrich_dancer_male","17","6","0,72","0,96","1,22","-28","-2","30"
"ostrich_dancer_male","18","1","0,78","0,88","1,18","-24","-10","28"
"ostrich_dancer_male","19","1","1,18","0,82","1,02","26","-16","8"
"ostrich_dancer_male","20","1","0,74","1,12","0,92","-26","18","-8"
"ostrich_hunter_female","10","9","1,15","0,85","0,8","18","-8","-14"
"ostrich_hunter_female","11","9","0,82","1,02","1,2","-18","0","24"
"ostrich_hunter_female","12","9","0,78","1,18","0,82","-20","22","-18"
"ostrich_hunter_female","13","9","1,2","0,92","1,15","22","-4","18"
"ostrich_hunter_female","14","9","0,82","1,15","1,16","-20","18","20"
"ostrich_hunter_female","15","9","1,18","1,06","0,72","22","12","-28"
"ostrich_hunter_female","16","6","1,2","0,76","0,72","28","-18","-22"
"ostrich_hunter_female","17","6","0,72","0,96","1,22","-28","-2","30"
"ostrich_hunter_female","18","1","0,78","0,88","1,18","-24","-10","28"
"ostrich_hunter_female","19","1","1,18","0,82","1,02","26","-16","8"
"ostrich_hunter_female","20","1","0,74","1,12","0,92","-26","18","-8"
"ostrich_hunter_male","10","9","1,15","0,85","0,8","18","-8","-14"
"ostrich_hunter_male","11","9","0,82","1,02","1,2","-18","0","24"
"ostrich_hunter_male","12","9","0,78","1,18","0,82","-20","22","-18"
"ostrich_hunter_male","13","9","1,2","0,92","1,15","22","-4","18"
"ostrich_hunter_male","14","9","0,82","1,15","1,16","-20","18","20"
"ostrich_hunter_male","15","9","1,18","1,06","0,72","22","12","-28"
"ostrich_hunter_male","16","6","1,2","0,76","0,72","28","-18","-22"
"ostrich_hunter_male","17","6","0,72","0,96","1,22","-28","-2","30"
"ostrich_hunter_male","18","1","0,78","0,88","1,18","-24","-10","28"
"ostrich_hunter_male","19","1","1,18","0,82","1,02","26","-16","8"
"ostrich_hunter_male","20","1","0,74","1,12","0,92","-26","18","-8"
"ostrich_minstrel_male","10","9","1,15","0,85","0,8","18","-8","-14"
"ostrich_minstrel_male","11","9","0,82","1,02","1,2","-18","0","24"
"ostrich_minstrel_male","12","9","0,78","1,18","0,82","-20","22","-18"
"ostrich_minstrel_male","13","9","1,2","0,92","1,15","22","-4","18"
"ostrich_minstrel_male","14","9","0,82","1,15","1,16","-20","18","20"
"ostrich_minstrel_male","15","9","1,18","1,06","0,72","22","12","-28"
"ostrich_minstrel_male","16","6","1,2","0,76","0,72","28","-18","-22"
"ostrich_minstrel_male","17","6","0,72","0,96","1,22","-28","-2","30"
"ostrich_minstrel_male","18","1","0,78","0,88","1,18","-24","-10","28"
"ostrich_minstrel_male","19","1","1,18","0,82","1,02","26","-16","8"
"ostrich_minstrel_male","20","1","0,74","1,12","0,92","-26","18","-8"
"ostrich_sniper_female","10","9","1,15","0,85","0,8","18","-8","-14"
"ostrich_sniper_female","11","9","0,82","1,02","1,2","-18","0","24"
"ostrich_sniper_female","12","9","0,78","1,18","0,82","-20","22","-18"
"ostrich_sniper_female","13","9","1,2","0,92","1,15","22","-4","18"
"ostrich_sniper_female","14","9","0,82","1,15","1,16","-20","18","20"
"ostrich_sniper_female","15","9","1,18","1,06","0,72","22","12","-28"
"ostrich_sniper_female","16","6","1,2","0,76","0,72","28","-18","-22"
"ostrich_sniper_female","17","6","0,72","0,96","1,22","-28","-2","30"
"ostrich_sniper_female","18","1","0,78","0,88","1,18","-24","-10","28"
"ostrich_sniper_female","19","1","1,18","0,82","1,02","26","-16","8"
"ostrich_sniper_female","20","1","0,74","1,12","0,92","-26","18","-8"
"ostrich_sniper_male","10","9","1,15","0,85","0,8","18","-8","-14"
"ostrich_sniper_male","11","9","0,82","1,02","1,2","-18","0","24"
"ostrich_sniper_male","12","9","0,78","1,18","0,82","-20","22","-18"
"ostrich_sniper_male","13","9","1,2","0,92","1,15","22","-4","18"
"ostrich_sniper_male","14","9","0,82","1,15","1,16","-20","18","20"
"ostrich_sniper_male","15","9","1,18","1,06","0,72","22","12","-28"
"ostrich_sniper_male","16","6","1,2","0,76","0,72","28","-18","-22"
"ostrich_sniper_male","17","6","0,72","0,96","1,22","-28","-2","30"
"ostrich_sniper_male","18","1","0,78","0,88","1,18","-24","-10","28"
"ostrich_sniper_male","19","1","1,18","0,82","1,02","26","-16","8"
"ostrich_sniper_male","20","1","0,74","1,12","0,92","-26","18","-8"
"ostrich_wanderer_female","10","9","1,15","0,85","0,8","18","-8","-14"
"ostrich_wanderer_female","11","9","0,82","1,02","1,2","-18","0","24"
"ostrich_wanderer_female","12","9","0,78","1,18","0,82","-20","22","-18"
"ostrich_wanderer_female","13","9","1,2","0,92","1,15","22","-4","18"
"ostrich_wanderer_female","14","9","0,82","1,15","1,16","-20","18","20"
"ostrich_wanderer_female","15","9","1,18","1,06","0,72","22","12","-28"
"ostrich_wanderer_female","16","6","1,2","0,76","0,72","28","-18","-22"
"ostrich_wanderer_female","17","6","0,72","0,96","1,22","-28","-2","30"
"ostrich_wanderer_female","18","1","0,78","0,88","1,18","-24","-10","28"
"ostrich_wanderer_female","19","1","1,18","0,82","1,02","26","-16","8"
"ostrich_wanderer_female","20","1","0,74","1,12","0,92","-26","18","-8"
"paladin_female","10","9","1,15","0,85","0,8","18","-8","-14"
"paladin_female","11","9","0,82","1,02","1,2","-18","0","24"
"paladin_female","12","9","0,78","1,18","0,82","-20","22","-18"
"paladin_female","13","9","1,2","0,92","1,15","22","-4","18"
"paladin_female","14","9","0,82","1,15","1,16","-20","18","20"
"paladin_female","15","9","1,18","1,06","0,72","22","12","-28"
"paladin_female","16","6","1,2","0,76","0,72","28","-18","-22"
"paladin_female","17","6","0,72","0,96","1,22","-28","-2","30"
"paladin_female","18","1","0,78","0,88","1,18","-24","-10","28"
"paladin_female","19","1","1,18","0,82","1,02","26","-16","8"
"paladin_female","20","1","0,74","1,12","0,92","-26","18","-8"
"paladin_male","10","9","1,15","0,85","0,8","18","-8","-14"
"paladin_male","11","9","0,82","1,02","1,2","-18","0","24"
"paladin_male","12","9","0,78","1,18","0,82","-20","22","-18"
"paladin_male","13","9","1,2","0,92","1,15","22","-4","18"
"paladin_male","14","9","0,82","1,15","1,16","-20","18","20"
"paladin_male","15","9","1,18","1,06","0,72","22","12","-28"
"paladin_male","16","6","1,2","0,76","0,72","28","-18","-22"
"paladin_male","17","6","0,72","0,96","1,22","-28","-2","30"
"paladin_male","18","1","0,78","0,88","1,18","-24","-10","28"
"paladin_male","19","1","1,18","0,82","1,02","26","-16","8"
"paladin_male","20","1","0,74","1,12","0,92","-26","18","-8"
"peco_gunslinger_female","10","9","1,15","0,85","0,8","18","-8","-14"
"peco_gunslinger_female","11","9","0,82","1,02","1,2","-18","0","24"
"peco_gunslinger_female","12","9","0,78","1,18","0,82","-20","22","-18"
"peco_gunslinger_female","13","9","1,2","0,92","1,15","22","-4","18"
"peco_gunslinger_female","14","9","0,82","1,15","1,16","-20","18","20"
"peco_gunslinger_female","15","9","1,18","1,06","0,72","22","12","-28"
"peco_gunslinger_female","16","6","1,2","0,76","0,72","28","-18","-22"
"peco_gunslinger_female","17","6","0,72","0,96","1,22","-28","-2","30"
"peco_gunslinger_female","18","1","0,78","0,88","1,18","-24","-10","28"
"peco_gunslinger_female","19","1","1,18","0,82","1,02","26","-16","8"
"peco_gunslinger_female","20","1","0,74","1,12","0,92","-26","18","-8"
"peco_gunslinger_male","10","9","1,15","0,85","0,8","18","-8","-14"
"peco_gunslinger_male","11","9","0,82","1,02","1,2","-18","0","24"
"peco_gunslinger_male","12","9","0,78","1,18","0,82","-20","22","-18"
"peco_gunslinger_male","13","9","1,2","0,92","1,15","22","-4","18"
"peco_gunslinger_male","14","9","0,82","1,15","1,16","-20","18","20"
"peco_gunslinger_male","15","9","1,18","1,06","0,72","22","12","-28"
"peco_gunslinger_male","16","6","1,2","0,76","0,72","28","-18","-22"
"peco_gunslinger_male","17","6","0,72","0,96","1,22","-28","-2","30"
"peco_gunslinger_male","18","1","0,78","0,88","1,18","-24","-10","28"
"peco_gunslinger_male","19","1","1,18","0,82","1,02","26","-16","8"
"peco_gunslinger_male","20","1","0,74","1,12","0,92","-26","18","-8"
"peco_paladin_female","10","9","1,15","0,85","0,8","18","-8","-14"
"peco_paladin_female","11","9","0,82","1,02","1,2","-18","0","24"
"peco_paladin_female","12","9","0,78","1,18","0,82","-20","22","-18"
"peco_paladin_female","13","9","1,2","0,92","1,15","22","-4","18"
"peco_paladin_female","14","9","0,82","1,15","1,16","-20","18","20"
"peco_paladin_female","15","9","1,18","1,06","0,72","22","12","-28"
"peco_paladin_female","16","6","1,2","0,76","0,72","28","-18","-22"
"peco_paladin_female","17","6","0,72","0,96","1,22","-28","-2","30"
"peco_paladin_female","18","1","0,78","0,88","1,18","-24","-10","28"
"peco_paladin_female","19","1","1,18","0,82","1,02","26","-16","8"
"peco_paladin_female","20","1","0,74","1,12","0,92","-26","18","-8"
"peco_paladin_male","10","9","1,15","0,85","0,8","18","-8","-14"
"peco_paladin_male","11","9","0,82","1,02","1,2","-18","0","24"
"peco_paladin_male","12","9","0,78","1,18","0,82","-20","22","-18"
"peco_paladin_male","13","9","1,2","0,92","1,15","22","-4","18"
"peco_paladin_male","14","9","0,82","1,15","1,16","-20","18","20"
"peco_paladin_male","15","9","1,18","1,06","0,72","22","12","-28"
"peco_paladin_male","16","6","1,2","0,76","0,72","28","-18","-22"
"peco_paladin_male","17","6","0,72","0,96","1,22","-28","-2","30"
"peco_paladin_male","18","1","0,78","0,88","1,18","-24","-10","28"
"peco_paladin_male","19","1","1,18","0,82","1,02","26","-16","8"
"peco_paladin_male","20","1","0,74","1,12","0,92","-26","18","-8"
"peco_swordman_female","10","9","1,15","0,85","0,8","18","-8","-14"
"peco_swordman_female","11","9","0,82","1,02","1,2","-18","0","24"
"peco_swordman_female","12","9","0,78","1,18","0,82","-20","22","-18"
"peco_swordman_female","13","9","1,2","0,92","1,15","22","-4","18"
"peco_swordman_female","14","9","0,82","1,15","1,16","-20","18","20"
"peco_swordman_female","15","9","1,18","1,06","0,72","22","12","-28"
"peco_swordman_female","16","6","1,2","0,76","0,72","28","-18","-22"
"peco_swordman_female","17","6","0,72","0,96","1,22","-28","-2","30"
"peco_swordman_female","18","1","0,78","0,88","1,18","-24","-10","28"
"peco_swordman_female","19","1","1,18","0,82","1,02","26","-16","8"
"peco_swordman_female","20","1","0,74","1,12","0,92","-26","18","-8"
"peco_swordman_male","10","9","1,15","0,85","0,8","18","-8","-14"
"peco_swordman_male","11","9","0,82","1,02","1,2","-18","0","24"
"peco_swordman_male","12","9","0,78","1,18","0,82","-20","22","-18"
"peco_swordman_male","13","9","1,2","0,92","1,15","22","-4","18"
"peco_swordman_male","14","9","0,82","1,15","1,16","-20","18","20"
"peco_swordman_male","15","9","1,18","1,06","0,72","22","12","-28"
"peco_swordman_male","16","6","1,2","0,76","0,72","28","-18","-22"
"peco_swordman_male","17","6","0,72","0,96","1,22","-28","-2","30"
"peco_swordman_male","18","1","0,78","0,88","1,18","-24","-10","28"
"peco_swordman_male","19","1","1,18","0,82","1,02","26","-16","8"
"peco_swordman_male","20","1","0,74","1,12","0,92","-26","18","-8"
"priest_female","10","9","1,15","0,85","0,8","18","-8","-14"
"priest_female","11","9","0,82","1,02","1,2","-18","0","24"
"priest_female","12","9","0,78","1,18","0,82","-20","22","-18"
"priest_female","13","9","1,2","0,92","1,15","22","-4","18"
"priest_female","14","9","0,82","1,15","1,16","-20","18","20"
"priest_female","15","9","1,18","1,06","0,72","22","12","-28"
"priest_female","16","6","1,2","0,76","0,72","28","-18","-22"
"priest_female","17","6","0,72","0,96","1,22","-28","-2","30"
"priest_female","18","1","0,78","0,88","1,18","-24","-10","28"
"priest_female","19","1","1,18","0,82","1,02","26","-16","8"
"priest_female","20","1","0,74","1,12","0,92","-26","18","-8"
"priest_female_riding","10","9","1,15","0,85","0,8","18","-8","-14"
"priest_female_riding","11","9","0,82","1,02","1,2","-18","0","24"
"priest_female_riding","12","9","0,78","1,18","0,82","-20","22","-18"
"priest_female_riding","13","9","1,2","0,92","1,15","22","-4","18"
"priest_female_riding","14","9","0,82","1,15","1,16","-20","18","20"
"priest_female_riding","15","9","1,18","1,06","0,72","22","12","-28"
"priest_female_riding","16","6","1,2","0,76","0,72","28","-18","-22"
"priest_female_riding","17","6","0,72","0,96","1,22","-28","-2","30"
"priest_female_riding","18","1","0,78","0,88","1,18","-24","-10","28"
"priest_female_riding","19","1","1,18","0,82","1,02","26","-16","8"
"priest_female_riding","20","1","0,74","1,12","0,92","-26","18","-8"
"priest_male","10","9","1,15","0,85","0,8","18","-8","-14"
"priest_male","11","9","0,82","1,02","1,2","-18","0","24"
"priest_male","12","9","0,78","1,18","0,82","-20","22","-18"
"priest_male","13","9","1,2","0,92","1,15","22","-4","18"
"priest_male","14","9","0,82","1,15","1,16","-20","18","20"
"priest_male","15","9","1,18","1,06","0,72","22","12","-28"
"priest_male","16","6","1,2","0,76","0,72","28","-18","-22"
"priest_male","17","6","0,72","0,96","1,22","-28","-2","30"
"priest_male","18","1","0,78","0,88","1,18","-24","-10","28"
"priest_male","19","1","1,18","0,82","1,02","26","-16","8"
"priest_male","20","1","0,74","1,12","0,92","-26","18","-8"
"priest_male_riding","10","9","1,15","0,85","0,8","18","-8","-14"
"priest_male_riding","11","9","0,82","1,02","1,2","-18","0","24"
"priest_male_riding","12","9","0,78","1,18","0,82","-20","22","-18"
"priest_male_riding","13","9","1,2","0,92","1,15","22","-4","18"
"priest_male_riding","14","9","0,82","1,15","1,16","-20","18","20"
"priest_male_riding","15","9","1,18","1,06","0,72","22","12","-28"
"priest_male_riding","16","6","1,2","0,76","0,72","28","-18","-22"
"priest_male_riding","17","6","0,72","0,96","1,22","-28","-2","30"
"priest_male_riding","18","1","0,78","0,88","1,18","-24","-10","28"
"priest_male_riding","19","1","1,18","0,82","1,02","26","-16","8"
"priest_male_riding","20","1","0,74","1,12","0,92","-26","18","-8"
"professor_female","10","9","1,15","0,85","0,8","18","-8","-14"
"professor_female","11","9","0,82","1,02","1,2","-18","0","24"
"professor_female","12","9","0,78","1,18","0,82","-20","22","-18"
"professor_female","13","9","1,2","0,92","1,15","22","-4","18"
"professor_female","14","9","0,82","1,15","1,16","-20","18","20"
"professor_female","15","9","1,18","1,06","0,72","22","12","-28"
"professor_female","16","6","1,2","0,76","0,72","28","-18","-22"
"professor_female","17","6","0,72","0,96","1,22","-28","-2","30"
"professor_female","18","1","0,78","0,88","1,18","-24","-10","28"
"professor_female","19","1","1,18","0,82","1,02","26","-16","8"
"professor_female","20","1","0,74","1,12","0,92","-26","18","-8"
"professor_male","10","9","1,15","0,85","0,8","18","-8","-14"
"professor_male","11","9","0,82","1,02","1,2","-18","0","24"
"professor_male","12","9","0,78","1,18","0,82","-20","22","-18"
"professor_male","13","9","1,2","0,92","1,15","22","-4","18"
"professor_male","14","9","0,82","1,15","1,16","-20","18","20"
"professor_male","15","9","1,18","1,06","0,72","22","12","-28"
"professor_male","16","6","1,2","0,76","0,72","28","-18","-22"
"professor_male","17","6","0,72","0,96","1,22","-28","-2","30"
"professor_male","18","1","0,78","0,88","1,18","-24","-10","28"
"professor_male","19","1","1,18","0,82","1,02","26","-16","8"
"professor_male","20","1","0,74","1,12","0,92","-26","18","-8"
"rebellion_female","10","9","1,15","0,85","0,8","18","-8","-14"
"rebellion_female","11","9","0,82","1,02","1,2","-18","0","24"
"rebellion_female","12","9","0,78","1,18","0,82","-20","22","-18"
"rebellion_female","13","9","1,2","0,92","1,15","22","-4","18"
"rebellion_female","14","9","0,82","1,15","1,16","-20","18","20"
"rebellion_female","15","9","1,18","1,06","0,72","22","12","-28"
"rebellion_female","16","6","1,2","0,76","0,72","28","-18","-22"
"rebellion_female","17","6","0,72","0,96","1,22","-28","-2","30"
"rebellion_female","18","1","0,78","0,88","1,18","-24","-10","28"
"rebellion_female","19","1","1,18","0,82","1,02","26","-16","8"
"rebellion_female","20","1","0,74","1,12","0,92","-26","18","-8"
"rebellion_female_riding","10","9","1,15","0,85","0,8","18","-8","-14"
"rebellion_female_riding","11","9","0,82","1,02","1,2","-18","0","24"
"rebellion_female_riding","12","9","0,78","1,18","0,82","-20","22","-18"
"rebellion_female_riding","13","9","1,2","0,92","1,15","22","-4","18"
"rebellion_female_riding","14","9","0,82","1,15","1,16","-20","18","20"
"rebellion_female_riding","15","9","1,18","1,06","0,72","22","12","-28"
"rebellion_female_riding","16","6","1,2","0,76","0,72","28","-18","-22"
"rebellion_female_riding","17","6","0,72","0,96","1,22","-28","-2","30"
"rebellion_female_riding","18","1","0,78","0,88","1,18","-24","-10","28"
"rebellion_female_riding","19","1","1,18","0,82","1,02","26","-16","8"
"rebellion_female_riding","20","1","0,74","1,12","0,92","-26","18","-8"
"rebellion_male","10","9","1,15","0,85","0,8","18","-8","-14"
"rebellion_male","11","9","0,82","1,02","1,2","-18","0","24"
"rebellion_male","12","9","0,78","1,18","0,82","-20","22","-18"
"rebellion_male","13","9","1,2","0,92","1,15","22","-4","18"
"rebellion_male","14","9","0,82","1,15","1,16","-20","18","20"
"rebellion_male","15","9","1,18","1,06","0,72","22","12","-28"
"rebellion_male","16","6","1,2","0,76","0,72","28","-18","-22"
"rebellion_male","17","6","0,72","0,96","1,22","-28","-2","30"
"rebellion_male","18","1","0,78","0,88","1,18","-24","-10","28"
"rebellion_male","19","1","1,18","0,82","1,02","26","-16","8"
"rebellion_male","20","1","0,74","1,12","0,92","-26","18","-8"
"rebellion_male_riding","10","9","1,15","0,85","0,8","18","-8","-14"
"rebellion_male_riding","11","9","0,82","1,02","1,2","-18","0","24"
"rebellion_male_riding","12","9","0,78","1,18","0,82","-20","22","-18"
"rebellion_male_riding","13","9","1,2","0,92","1,15","22","-4","18"
"rebellion_male_riding","14","9","0,82","1,15","1,16","-20","18","20"
"rebellion_male_riding","15","9","1,18","1,06","0,72","22","12","-28"
"rebellion_male_riding","16","6","1,2","0,76","0,72","28","-18","-22"
"rebellion_male_riding","17","6","0,72","0,96","1,22","-28","-2","30"
"rebellion_male_riding","18","1","0,78","0,88","1,18","-24","-10","28"
"rebellion_male_riding","19","1","1,18","0,82","1,02","26","-16","8"
"rebellion_male_riding","20","1","0,74","1,12","0,92","-26","18","-8"
"rogue_female","10","9","1,15","0,85","0,8","18","-8","-14"
"rogue_female","11","9","0,82","1,02","1,2","-18","0","24"
"rogue_female","12","9","0,78","1,18","0,82","-20","22","-18"
"rogue_female","13","9","1,2","0,92","1,15","22","-4","18"
"rogue_female","14","9","0,82","1,15","1,16","-20","18","20"
"rogue_female","15","9","1,18","1,06","0,72","22","12","-28"
"rogue_female","16","6","1,2","0,76","0,72","28","-18","-22"
"rogue_female","17","6","0,72","0,96","1,22","-28","-2","30"
"rogue_female","18","1","0,78","0,88","1,18","-24","-10","28"
"rogue_female","19","1","1,18","0,82","1,02","26","-16","8"
"rogue_female","20","1","0,74","1,12","0,92","-26","18","-8"
"rogue_male","10","9","1,15","0,85","0,8","18","-8","-14"
"rogue_male","11","9","0,82","1,02","1,2","-18","0","24"
"rogue_male","12","9","0,78","1,18","0,82","-20","22","-18"
"rogue_male","13","9","1,2","0,92","1,15","22","-4","18"
"rogue_male","14","9","0,82","1,15","1,16","-20","18","20"
"rogue_male","15","9","1,18","1,06","0,72","22","12","-28"
"rogue_male","16","6","1,2","0,76","0,72","28","-18","-22"
"rogue_male","17","6","0,72","0,96","1,22","-28","-2","30"
"rogue_male","18","1","0,78","0,88","1,18","-24","-10","28"
"rogue_male","19","1","1,18","0,82","1,02","26","-16","8"
"rogue_male","20","1","0,74","1,12","0,92","-26","18","-8"
"royal_guard_female","10","9","1,15","0,85","0,8","18","-8","-14"
"royal_guard_female","11","9","0,82","1,02","1,2","-18","0","24"
"royal_guard_female","12","9","0,78","1,18","0,82","-20","22","-18"
"royal_guard_female","13","9","1,2","0,92","1,15","22","-4","18"
"royal_guard_female","14","9","0,82","1,15","1,16","-20","18","20"
"royal_guard_female","15","9","1,18","1,06","0,72","22","12","-28"
"royal_guard_female","16","6","1,2","0,76","0,72","28","-18","-22"
"royal_guard_female","17","6","0,72","0,96","1,22","-28","-2","30"
"royal_guard_female","18","1","0,78","0,88","1,18","-24","-10","28"
"royal_guard_female","19","1","1,18","0,82","1,02","26","-16","8"
"royal_guard_female","20","1","0,74","1,12","0,92","-26","18","-8"
"royal_guard_male","10","9","1,15","0,85","0,8","18","-8","-14"
"royal_guard_male","11","9","0,82","1,02","1,2","-18","0","24"
"royal_guard_male","12","9","0,78","1,18","0,82","-20","22","-18"
"royal_guard_male","13","9","1,2","0,92","1,15","22","-4","18"
"royal_guard_male","14","9","0,82","1,15","1,16","-20","18","20"
"royal_guard_male","15","9","1,18","1,06","0,72","22","12","-28"
"royal_guard_male","16","6","1,2","0,76","0,72","28","-18","-22"
"royal_guard_male","17","6","0,72","0,96","1,22","-28","-2","30"
"royal_guard_male","18","1","0,78","0,88","1,18","-24","-10","28"
"royal_guard_male","19","1","1,18","0,82","1,02","26","-16","8"
"royal_guard_male","20","1","0,74","1,12","0,92","-26","18","-8"
"rune_knight_female","10","9","1,15","0,85","0,8","18","-8","-14"
"rune_knight_female","11","9","0,82","1,02","1,2","-18","0","24"
"rune_knight_female","12","9","0,78","1,18","0,82","-20","22","-18"
"rune_knight_female","13","9","1,2","0,92","1,15","22","-4","18"
"rune_knight_female","14","9","0,82","1,15","1,16","-20","18","20"
"rune_knight_female","15","9","1,18","1,06","0,72","22","12","-28"
"rune_knight_female","16","6","1,2","0,76","0,72","28","-18","-22"
"rune_knight_female","17","6","0,72","0,96","1,22","-28","-2","30"
"rune_knight_female","18","1","0,78","0,88","1,18","-24","-10","28"
"rune_knight_female","19","1","1,18","0,82","1,02","26","-16","8"
"rune_knight_female","20","1","0,74","1,12","0,92","-26","18","-8"
"rune_knight_female_riding","10","9","1,15","0,85","0,8","18","-8","-14"
"rune_knight_female_riding","11","9","0,82","1,02","1,2","-18","0","24"
"rune_knight_female_riding","12","9","0,78","1,18","0,82","-20","22","-18"
"rune_knight_female_riding","13","9","1,2","0,92","1,15","22","-4","18"
"rune_knight_female_riding","14","9","0,82","1,15","1,16","-20","18","20"
"rune_knight_female_riding","15","9","1,18","1,06","0,72","22","12","-28"
"rune_knight_female_riding","16","6","1,2","0,76","0,72","28","-18","-22"
"rune_knight_female_riding","17","6","0,72","0,96","1,22","-28","-2","30"
"rune_knight_female_riding","18","1","0,78","0,88","1,18","-24","-10","28"
"rune_knight_female_riding","19","1","1,18","0,82","1,02","26","-16","8"
"rune_knight_female_riding","20","1","0,74","1,12","0,92","-26","18","-8"
"rune_knight_male","10","9","1,15","0,85","0,8","18","-8","-14"
"rune_knight_male","11","9","0,82","1,02","1,2","-18","0","24"
"rune_knight_male","12","9","0,78","1,18","0,82","-20","22","-18"
"rune_knight_male","13","9","1,2","0,92","1,15","22","-4","18"
"rune_knight_male","14","9","0,82","1,15","1,16","-20","18","20"
"rune_knight_male","15","9","1,18","1,06","0,72","22","12","-28"
"rune_knight_male","16","6","1,2","0,76","0,72","28","-18","-22"
"rune_knight_male","17","6","0,72","0,96","1,22","-28","-2","30"
"rune_knight_male","18","1","0,78","0,88","1,18","-24","-10","28"
"rune_knight_male","19","1","1,18","0,82","1,02","26","-16","8"
"rune_knight_male","20","1","0,74","1,12","0,92","-26","18","-8"
"rune_knight_male_riding","10","9","1,15","0,85","0,8","18","-8","-14"
"rune_knight_male_riding","11","9","0,82","1,02","1,2","-18","0","24"
"rune_knight_male_riding","12","9","0,78","1,18","0,82","-20","22","-18"
"rune_knight_male_riding","13","9","1,2","0,92","1,15","22","-4","18"
"rune_knight_male_riding","14","9","0,82","1,15","1,16","-20","18","20"
"rune_knight_male_riding","15","9","1,18","1,06","0,72","22","12","-28"
"rune_knight_male_riding","16","6","1,2","0,76","0,72","28","-18","-22"
"rune_knight_male_riding","17","6","0,72","0,96","1,22","-28","-2","30"
"rune_knight_male_riding","18","1","0,78","0,88","1,18","-24","-10","28"
"rune_knight_male_riding","19","1","1,18","0,82","1,02","26","-16","8"
"rune_knight_male_riding","20","1","0,74","1,12","0,92","-26","18","-8"
"sage_female","10","9","1,15","0,85","0,8","18","-8","-14"
"sage_female","11","9","0,82","1,02","1,2","-18","0","24"
"sage_female","12","9","0,78","1,18","0,82","-20","22","-18"
"sage_female","13","9","1,2","0,92","1,15","22","-4","18"
"sage_female","14","9","0,82","1,15","1,16","-20","18","20"
"sage_female","15","9","1,18","1,06","0,72","22","12","-28"
"sage_female","16","6","1,2","0,76","0,72","28","-18","-22"
"sage_female","17","6","0,72","0,96","1,22","-28","-2","30"
"sage_female","18","1","0,78","0,88","1,18","-24","-10","28"
"sage_female","19","1","1,18","0,82","1,02","26","-16","8"
"sage_female","20","1","0,74","1,12","0,92","-26","18","-8"
"sage_male","10","9","1,15","0,85","0,8","18","-8","-14"
"sage_male","11","9","0,82","1,02","1,2","-18","0","24"
"sage_male","12","9","0,78","1,18","0,82","-20","22","-18"
"sage_male","13","9","1,2","0,92","1,15","22","-4","18"
"sage_male","14","9","0,82","1,15","1,16","-20","18","20"
"sage_male","15","9","1,18","1,06","0,72","22","12","-28"
"sage_male","16","6","1,2","0,76","0,72","28","-18","-22"
"sage_male","17","6","0,72","0,96","1,22","-28","-2","30"
"sage_male","18","1","0,78","0,88","1,18","-24","-10","28"
"sage_male","19","1","1,18","0,82","1,02","26","-16","8"
"sage_male","20","1","0,74","1,12","0,92","-26","18","-8"
"shadow_chaser_female","10","9","1,15","0,85","0,8","18","-8","-14"
"shadow_chaser_female","11","9","0,82","1,02","1,2","-18","0","24"
"shadow_chaser_female","12","9","0,78","1,18","0,82","-20","22","-18"
"shadow_chaser_female","13","9","1,2","0,92","1,15","22","-4","18"
"shadow_chaser_female","14","9","0,82","1,15","1,16","-20","18","20"
"shadow_chaser_female","15","9","1,18","1,06","0,72","22","12","-28"
"shadow_chaser_female","16","6","1,2","0,76","0,72","28","-18","-22"
"shadow_chaser_female","17","6","0,72","0,96","1,22","-28","-2","30"
"shadow_chaser_female","18","1","0,78","0,88","1,18","-24","-10","28"
"shadow_chaser_female","19","1","1,18","0,82","1,02","26","-16","8"
"shadow_chaser_female","20","1","0,74","1,12","0,92","-26","18","-8"
"shadow_chaser_male","10","9","1,15","0,85","0,8","18","-8","-14"
"shadow_chaser_male","11","9","0,82","1,02","1,2","-18","0","24"
"shadow_chaser_male","12","9","0,78","1,18","0,82","-20","22","-18"
"shadow_chaser_male","13","9","1,2","0,92","1,15","22","-4","18"
"shadow_chaser_male","14","9","0,82","1,15","1,16","-20","18","20"
"shadow_chaser_male","15","9","1,18","1,06","0,72","22","12","-28"
"shadow_chaser_male","16","6","1,2","0,76","0,72","28","-18","-22"
"shadow_chaser_male","17","6","0,72","0,96","1,22","-28","-2","30"
"shadow_chaser_male","18","1","0,78","0,88","1,18","-24","-10","28"
"shadow_chaser_male","19","1","1,18","0,82","1,02","26","-16","8"
"shadow_chaser_male","20","1","0,74","1,12","0,92","-26","18","-8"
"shadow_cross_female","10","9","1,15","0,85","0,8","18","-8","-14"
"shadow_cross_female","11","9","0,82","1,02","1,2","-18","0","24"
"shadow_cross_female","12","9","0,78","1,18","0,82","-20","22","-18"
"shadow_cross_female","13","9","1,2","0,92","1,15","22","-4","18"
"shadow_cross_female","14","9","0,82","1,15","1,16","-20","18","20"
"shadow_cross_female","15","9","1,18","1,06","0,72","22","12","-28"
"shadow_cross_female","16","6","1,2","0,76","0,72","28","-18","-22"
"shadow_cross_female","17","6","0,72","0,96","1,22","-28","-2","30"
"shadow_cross_female","18","1","0,78","0,88","1,18","-24","-10","28"
"shadow_cross_female","19","1","1,18","0,82","1,02","26","-16","8"
"shadow_cross_female","20","1","0,74","1,12","0,92","-26","18","-8"
"shadow_cross_female_riding","10","9","1,15","0,85","0,8","18","-8","-14"
"shadow_cross_female_riding","11","9","0,82","1,02","1,2","-18","0","24"
"shadow_cross_female_riding","12","9","0,78","1,18","0,82","-20","22","-18"
"shadow_cross_female_riding","13","9","1,2","0,92","1,15","22","-4","18"
"shadow_cross_female_riding","14","9","0,82","1,15","1,16","-20","18","20"
"shadow_cross_female_riding","15","9","1,18","1,06","0,72","22","12","-28"
"shadow_cross_female_riding","16","6","1,2","0,76","0,72","28","-18","-22"
"shadow_cross_female_riding","17","6","0,72","0,96","1,22","-28","-2","30"
"shadow_cross_female_riding","18","1","0,78","0,88","1,18","-24","-10","28"
"shadow_cross_female_riding","19","1","1,18","0,82","1,02","26","-16","8"
"shadow_cross_female_riding","20","1","0,74","1,12","0,92","-26","18","-8"
"shadow_cross_male","10","9","1,15","0,85","0,8","18","-8","-14"
"shadow_cross_male","11","9","0,82","1,02","1,2","-18","0","24"
"shadow_cross_male","12","9","0,78","1,18","0,82","-20","22","-18"
"shadow_cross_male","13","9","1,2","0,92","1,15","22","-4","18"
"shadow_cross_male","14","9","0,82","1,15","1,16","-20","18","20"
"shadow_cross_male","15","9","1,18","1,06","0,72","22","12","-28"
"shadow_cross_male","16","6","1,2","0,76","0,72","28","-18","-22"
"shadow_cross_male","17","6","0,72","0,96","1,22","-28","-2","30"
"shadow_cross_male","18","1","0,78","0,88","1,18","-24","-10","28"
"shadow_cross_male","19","1","1,18","0,82","1,02","26","-16","8"
"shadow_cross_male","20","1","0,74","1,12","0,92","-26","18","-8"
"shadow_cross_male_riding","10","9","1,15","0,85","0,8","18","-8","-14"
"shadow_cross_male_riding","11","9","0,82","1,02","1,2","-18","0","24"
"shadow_cross_male_riding","12","9","0,78","1,18","0,82","-20","22","-18"
"shadow_cross_male_riding","13","9","1,2","0,92","1,15","22","-4","18"
"shadow_cross_male_riding","14","9","0,82","1,15","1,16","-20","18","20"
"shadow_cross_male_riding","15","9","1,18","1,06","0,72","22","12","-28"
"shadow_cross_male_riding","16","6","1,2","0,76","0,72","28","-18","-22"
"shadow_cross_male_riding","17","6","0,72","0,96","1,22","-28","-2","30"
"shadow_cross_male_riding","18","1","0,78","0,88","1,18","-24","-10","28"
"shadow_cross_male_riding","19","1","1,18","0,82","1,02","26","-16","8"
"shadow_cross_male_riding","20","1","0,74","1,12","0,92","-26","18","-8"
"shadow_cross_riding_³²","10","9","1,15","0,85","0,8","18","-8","-14"
"shadow_cross_riding_³²","11","9","0,82","1,02","1,2","-18","0","24"
"shadow_cross_riding_³²","12","9","0,78","1,18","0,82","-20","22","-18"
"shadow_cross_riding_³²","13","9","1,2","0,92","1,15","22","-4","18"
"shadow_cross_riding_³²","14","9","0,82","1,15","1,16","-20","18","20"
"shadow_cross_riding_³²","15","9","1,18","1,06","0,72","22","12","-28"
"shadow_cross_riding_³²","16","6","1,2","0,76","0,72","28","-18","-22"
"shadow_cross_riding_³²","17","6","0,72","0,96","1,22","-28","-2","30"
"shadow_cross_riding_³²","18","1","0,78","0,88","1,18","-24","-10","28"
"shadow_cross_riding_³²","19","1","1,18","0,82","1,02","26","-16","8"
"shadow_cross_riding_³²","20","1","0,74","1,12","0,92","-26","18","-8"
"shadow_cross_riding_¿©","10","9","1,15","0,85","0,8","18","-8","-14"
"shadow_cross_riding_¿©","11","9","0,82","1,02","1,2","-18","0","24"
"shadow_cross_riding_¿©","12","9","0,78","1,18","0,82","-20","22","-18"
"shadow_cross_riding_¿©","13","9","1,2","0,92","1,15","22","-4","18"
"shadow_cross_riding_¿©","14","9","0,82","1,15","1,16","-20","18","20"
"shadow_cross_riding_¿©","15","9","1,18","1,06","0,72","22","12","-28"
"shadow_cross_riding_¿©","16","6","1,2","0,76","0,72","28","-18","-22"
"shadow_cross_riding_¿©","17","6","0,72","0,96","1,22","-28","-2","30"
"shadow_cross_riding_¿©","18","1","0,78","0,88","1,18","-24","-10","28"
"shadow_cross_riding_¿©","19","1","1,18","0,82","1,02","26","-16","8"
"shadow_cross_riding_¿©","20","1","0,74","1,12","0,92","-26","18","-8"
"shadow_cross_³²","10","9","1,15","0,85","0,8","18","-8","-14"
"shadow_cross_³²","11","9","0,82","1,02","1,2","-18","0","24"
"shadow_cross_³²","12","9","0,78","1,18","0,82","-20","22","-18"
"shadow_cross_³²","13","9","1,2","0,92","1,15","22","-4","18"
"shadow_cross_³²","14","9","0,82","1,15","1,16","-20","18","20"
"shadow_cross_³²","15","9","1,18","1,06","0,72","22","12","-28"
"shadow_cross_³²","16","6","1,2","0,76","0,72","28","-18","-22"
"shadow_cross_³²","17","6","0,72","0,96","1,22","-28","-2","30"
"shadow_cross_³²","18","1","0,78","0,88","1,18","-24","-10","28"
"shadow_cross_³²","19","1","1,18","0,82","1,02","26","-16","8"
"shadow_cross_³²","20","1","0,74","1,12","0,92","-26","18","-8"
"shadow_cross_¿©","10","9","1,15","0,85","0,8","18","-8","-14"
"shadow_cross_¿©","11","9","0,82","1,02","1,2","-18","0","24"
"shadow_cross_¿©","12","9","0,78","1,18","0,82","-20","22","-18"
"shadow_cross_¿©","13","9","1,2","0,92","1,15","22","-4","18"
"shadow_cross_¿©","14","9","0,82","1,15","1,16","-20","18","20"
"shadow_cross_¿©","15","9","1,18","1,06","0,72","22","12","-28"
"shadow_cross_¿©","16","6","1,2","0,76","0,72","28","-18","-22"
"shadow_cross_¿©","17","6","0,72","0,96","1,22","-28","-2","30"
"shadow_cross_¿©","18","1","0,78","0,88","1,18","-24","-10","28"
"shadow_cross_¿©","19","1","1,18","0,82","1,02","26","-16","8"
"shadow_cross_¿©","20","1","0,74","1,12","0,92","-26","18","-8"
"shinkiro_male","10","9","1,15","0,85","0,8","18","-8","-14"
"shinkiro_male","11","9","0,82","1,02","1,2","-18","0","24"
"shinkiro_male","12","9","0,78","1,18","0,82","-20","22","-18"
"shinkiro_male","13","9","1,2","0,92","1,15","22","-4","18"
"shinkiro_male","14","9","0,82","1,15","1,16","-20","18","20"
"shinkiro_male","15","9","1,18","1,06","0,72","22","12","-28"
"shinkiro_male","16","6","1,2","0,76","0,72","28","-18","-22"
"shinkiro_male","17","6","0,72","0,96","1,22","-28","-2","30"
"shinkiro_male","18","1","0,78","0,88","1,18","-24","-10","28"
"shinkiro_male","19","1","1,18","0,82","1,02","26","-16","8"
"shinkiro_male","20","1","0,74","1,12","0,92","-26","18","-8"
"shinkiro_male_riding","10","9","1,15","0,85","0,8","18","-8","-14"
"shinkiro_male_riding","11","9","0,82","1,02","1,2","-18","0","24"
"shinkiro_male_riding","12","9","0,78","1,18","0,82","-20","22","-18"
"shinkiro_male_riding","13","9","1,2","0,92","1,15","22","-4","18"
"shinkiro_male_riding","14","9","0,82","1,15","1,16","-20","18","20"
"shinkiro_male_riding","15","9","1,18","1,06","0,72","22","12","-28"
"shinkiro_male_riding","16","6","1,2","0,76","0,72","28","-18","-22"
"shinkiro_male_riding","17","6","0,72","0,96","1,22","-28","-2","30"
"shinkiro_male_riding","18","1","0,78","0,88","1,18","-24","-10","28"
"shinkiro_male_riding","19","1","1,18","0,82","1,02","26","-16","8"
"shinkiro_male_riding","20","1","0,74","1,12","0,92","-26","18","-8"
"shinkiro_riding_³²","10","9","1,15","0,85","0,8","18","-8","-14"
"shinkiro_riding_³²","11","9","0,82","1,02","1,2","-18","0","24"
"shinkiro_riding_³²","12","9","0,78","1,18","0,82","-20","22","-18"
"shinkiro_riding_³²","13","9","1,2","0,92","1,15","22","-4","18"
"shinkiro_riding_³²","14","9","0,82","1,15","1,16","-20","18","20"
"shinkiro_riding_³²","15","9","1,18","1,06","0,72","22","12","-28"
"shinkiro_riding_³²","16","6","1,2","0,76","0,72","28","-18","-22"
"shinkiro_riding_³²","17","6","0,72","0,96","1,22","-28","-2","30"
"shinkiro_riding_³²","18","1","0,78","0,88","1,18","-24","-10","28"
"shinkiro_riding_³²","19","1","1,18","0,82","1,02","26","-16","8"
"shinkiro_riding_³²","20","1","0,74","1,12","0,92","-26","18","-8"
"shinkiro_³²","10","9","1,15","0,85","0,8","18","-8","-14"
"shinkiro_³²","11","9","0,82","1,02","1,2","-18","0","24"
"shinkiro_³²","12","9","0,78","1,18","0,82","-20","22","-18"
"shinkiro_³²","13","9","1,2","0,92","1,15","22","-4","18"
"shinkiro_³²","14","9","0,82","1,15","1,16","-20","18","20"
"shinkiro_³²","15","9","1,18","1,06","0,72","22","12","-28"
"shinkiro_³²","16","6","1,2","0,76","0,72","28","-18","-22"
"shinkiro_³²","17","6","0,72","0,96","1,22","-28","-2","30"
"shinkiro_³²","18","1","0,78","0,88","1,18","-24","-10","28"
"shinkiro_³²","19","1","1,18","0,82","1,02","26","-16","8"
"shinkiro_³²","20","1","0,74","1,12","0,92","-26","18","-8"
"shiranui_female","10","9","1,15","0,85","0,8","18","-8","-14"
"shiranui_female","11","9","0,82","1,02","1,2","-18","0","24"
"shiranui_female","12","9","0,78","1,18","0,82","-20","22","-18"
"shiranui_female","13","9","1,2","0,92","1,15","22","-4","18"
"shiranui_female","14","9","0,82","1,15","1,16","-20","18","20"
"shiranui_female","15","9","1,18","1,06","0,72","22","12","-28"
"shiranui_female","16","6","1,2","0,76","0,72","28","-18","-22"
"shiranui_female","17","6","0,72","0,96","1,22","-28","-2","30"
"shiranui_female","18","1","0,78","0,88","1,18","-24","-10","28"
"shiranui_female","19","1","1,18","0,82","1,02","26","-16","8"
"shiranui_female","20","1","0,74","1,12","0,92","-26","18","-8"
"shiranui_female_riding","10","9","1,15","0,85","0,8","18","-8","-14"
"shiranui_female_riding","11","9","0,82","1,02","1,2","-18","0","24"
"shiranui_female_riding","12","9","0,78","1,18","0,82","-20","22","-18"
"shiranui_female_riding","13","9","1,2","0,92","1,15","22","-4","18"
"shiranui_female_riding","14","9","0,82","1,15","1,16","-20","18","20"
"shiranui_female_riding","15","9","1,18","1,06","0,72","22","12","-28"
"shiranui_female_riding","16","6","1,2","0,76","0,72","28","-18","-22"
"shiranui_female_riding","17","6","0,72","0,96","1,22","-28","-2","30"
"shiranui_female_riding","18","1","0,78","0,88","1,18","-24","-10","28"
"shiranui_female_riding","19","1","1,18","0,82","1,02","26","-16","8"
"shiranui_female_riding","20","1","0,74","1,12","0,92","-26","18","-8"
"shiranui_riding_¿©","10","9","1,15","0,85","0,8","18","-8","-14"
"shiranui_riding_¿©","11","9","0,82","1,02","1,2","-18","0","24"
"shiranui_riding_¿©","12","9","0,78","1,18","0,82","-20","22","-18"
"shiranui_riding_¿©","13","9","1,2","0,92","1,15","22","-4","18"
"shiranui_riding_¿©","14","9","0,82","1,15","1,16","-20","18","20"
"shiranui_riding_¿©","15","9","1,18","1,06","0,72","22","12","-28"
"shiranui_riding_¿©","16","6","1,2","0,76","0,72","28","-18","-22"
"shiranui_riding_¿©","17","6","0,72","0,96","1,22","-28","-2","30"
"shiranui_riding_¿©","18","1","0,78","0,88","1,18","-24","-10","28"
"shiranui_riding_¿©","19","1","1,18","0,82","1,02","26","-16","8"
"shiranui_riding_¿©","20","1","0,74","1,12","0,92","-26","18","-8"
"shiranui_¿©","10","9","1,15","0,85","0,8","18","-8","-14"
"shiranui_¿©","11","9","0,82","1,02","1,2","-18","0","24"
"shiranui_¿©","12","9","0,78","1,18","0,82","-20","22","-18"
"shiranui_¿©","13","9","1,2","0,92","1,15","22","-4","18"
"shiranui_¿©","14","9","0,82","1,15","1,16","-20","18","20"
"shiranui_¿©","15","9","1,18","1,06","0,72","22","12","-28"
"shiranui_¿©","16","6","1,2","0,76","0,72","28","-18","-22"
"shiranui_¿©","17","6","0,72","0,96","1,22","-28","-2","30"
"shiranui_¿©","18","1","0,78","0,88","1,18","-24","-10","28"
"shiranui_¿©","19","1","1,18","0,82","1,02","26","-16","8"
"shiranui_¿©","20","1","0,74","1,12","0,92","-26","18","-8"
"sky_emperor2_³²","10","9","1,15","0,85","0,8","18","-8","-14"
"sky_emperor2_³²","11","9","0,82","1,02","1,2","-18","0","24"
"sky_emperor2_³²","12","9","0,78","1,18","0,82","-20","22","-18"
"sky_emperor2_³²","13","9","1,2","0,92","1,15","22","-4","18"
"sky_emperor2_³²","14","9","0,82","1,15","1,16","-20","18","20"
"sky_emperor2_³²","15","9","1,18","1,06","0,72","22","12","-28"
"sky_emperor2_³²","16","6","1,2","0,76","0,72","28","-18","-22"
"sky_emperor2_³²","17","6","0,72","0,96","1,22","-28","-2","30"
"sky_emperor2_³²","18","1","0,78","0,88","1,18","-24","-10","28"
"sky_emperor2_³²","19","1","1,18","0,82","1,02","26","-16","8"
"sky_emperor2_³²","20","1","0,74","1,12","0,92","-26","18","-8"
"sky_emperor2_¿©","10","9","1,15","0,85","0,8","18","-8","-14"
"sky_emperor2_¿©","11","9","0,82","1,02","1,2","-18","0","24"
"sky_emperor2_¿©","12","9","0,78","1,18","0,82","-20","22","-18"
"sky_emperor2_¿©","13","9","1,2","0,92","1,15","22","-4","18"
"sky_emperor2_¿©","14","9","0,82","1,15","1,16","-20","18","20"
"sky_emperor2_¿©","15","9","1,18","1,06","0,72","22","12","-28"
"sky_emperor2_¿©","16","6","1,2","0,76","0,72","28","-18","-22"
"sky_emperor2_¿©","17","6","0,72","0,96","1,22","-28","-2","30"
"sky_emperor2_¿©","18","1","0,78","0,88","1,18","-24","-10","28"
"sky_emperor2_¿©","19","1","1,18","0,82","1,02","26","-16","8"
"sky_emperor2_¿©","20","1","0,74","1,12","0,92","-26","18","-8"
"sky_emperor_female","10","9","1,15","0,85","0,8","18","-8","-14"
"sky_emperor_female","11","9","0,82","1,02","1,2","-18","0","24"
"sky_emperor_female","12","9","0,78","1,18","0,82","-20","22","-18"
"sky_emperor_female","13","9","1,2","0,92","1,15","22","-4","18"
"sky_emperor_female","14","9","0,82","1,15","1,16","-20","18","20"
"sky_emperor_female","15","9","1,18","1,06","0,72","22","12","-28"
"sky_emperor_female","16","6","1,2","0,76","0,72","28","-18","-22"
"sky_emperor_female","17","6","0,72","0,96","1,22","-28","-2","30"
"sky_emperor_female","18","1","0,78","0,88","1,18","-24","-10","28"
"sky_emperor_female","19","1","1,18","0,82","1,02","26","-16","8"
"sky_emperor_female","20","1","0,74","1,12","0,92","-26","18","-8"
"sky_emperor_female_riding","10","9","1,15","0,85","0,8","18","-8","-14"
"sky_emperor_female_riding","11","9","0,82","1,02","1,2","-18","0","24"
"sky_emperor_female_riding","12","9","0,78","1,18","0,82","-20","22","-18"
"sky_emperor_female_riding","13","9","1,2","0,92","1,15","22","-4","18"
"sky_emperor_female_riding","14","9","0,82","1,15","1,16","-20","18","20"
"sky_emperor_female_riding","15","9","1,18","1,06","0,72","22","12","-28"
"sky_emperor_female_riding","16","6","1,2","0,76","0,72","28","-18","-22"
"sky_emperor_female_riding","17","6","0,72","0,96","1,22","-28","-2","30"
"sky_emperor_female_riding","18","1","0,78","0,88","1,18","-24","-10","28"
"sky_emperor_female_riding","19","1","1,18","0,82","1,02","26","-16","8"
"sky_emperor_female_riding","20","1","0,74","1,12","0,92","-26","18","-8"
"sky_emperor_male","10","9","1,15","0,85","0,8","18","-8","-14"
"sky_emperor_male","11","9","0,82","1,02","1,2","-18","0","24"
"sky_emperor_male","12","9","0,78","1,18","0,82","-20","22","-18"
"sky_emperor_male","13","9","1,2","0,92","1,15","22","-4","18"
"sky_emperor_male","14","9","0,82","1,15","1,16","-20","18","20"
"sky_emperor_male","15","9","1,18","1,06","0,72","22","12","-28"
"sky_emperor_male","16","6","1,2","0,76","0,72","28","-18","-22"
"sky_emperor_male","17","6","0,72","0,96","1,22","-28","-2","30"
"sky_emperor_male","18","1","0,78","0,88","1,18","-24","-10","28"
"sky_emperor_male","19","1","1,18","0,82","1,02","26","-16","8"
"sky_emperor_male","20","1","0,74","1,12","0,92","-26","18","-8"
"sky_emperor_male_riding","10","9","1,15","0,85","0,8","18","-8","-14"
"sky_emperor_male_riding","11","9","0,82","1,02","1,2","-18","0","24"
"sky_emperor_male_riding","12","9","0,78","1,18","0,82","-20","22","-18"
"sky_emperor_male_riding","13","9","1,2","0,92","1,15","22","-4","18"
"sky_emperor_male_riding","14","9","0,82","1,15","1,16","-20","18","20"
"sky_emperor_male_riding","15","9","1,18","1,06","0,72","22","12","-28"
"sky_emperor_male_riding","16","6","1,2","0,76","0,72","28","-18","-22"
"sky_emperor_male_riding","17","6","0,72","0,96","1,22","-28","-2","30"
"sky_emperor_male_riding","18","1","0,78","0,88","1,18","-24","-10","28"
"sky_emperor_male_riding","19","1","1,18","0,82","1,02","26","-16","8"
"sky_emperor_male_riding","20","1","0,74","1,12","0,92","-26","18","-8"
"sky_emperor_riding_³²","10","9","1,15","0,85","0,8","18","-8","-14"
"sky_emperor_riding_³²","11","9","0,82","1,02","1,2","-18","0","24"
"sky_emperor_riding_³²","12","9","0,78","1,18","0,82","-20","22","-18"
"sky_emperor_riding_³²","13","9","1,2","0,92","1,15","22","-4","18"
"sky_emperor_riding_³²","14","9","0,82","1,15","1,16","-20","18","20"
"sky_emperor_riding_³²","15","9","1,18","1,06","0,72","22","12","-28"
"sky_emperor_riding_³²","16","6","1,2","0,76","0,72","28","-18","-22"
"sky_emperor_riding_³²","17","6","0,72","0,96","1,22","-28","-2","30"
"sky_emperor_riding_³²","18","1","0,78","0,88","1,18","-24","-10","28"
"sky_emperor_riding_³²","19","1","1,18","0,82","1,02","26","-16","8"
"sky_emperor_riding_³²","20","1","0,74","1,12","0,92","-26","18","-8"
"sky_emperor_riding_¿©","10","9","1,15","0,85","0,8","18","-8","-14"
"sky_emperor_riding_¿©","11","9","0,82","1,02","1,2","-18","0","24"
"sky_emperor_riding_¿©","12","9","0,78","1,18","0,82","-20","22","-18"
"sky_emperor_riding_¿©","13","9","1,2","0,92","1,15","22","-4","18"
"sky_emperor_riding_¿©","14","9","0,82","1,15","1,16","-20","18","20"
"sky_emperor_riding_¿©","15","9","1,18","1,06","0,72","22","12","-28"
"sky_emperor_riding_¿©","16","6","1,2","0,76","0,72","28","-18","-22"
"sky_emperor_riding_¿©","17","6","0,72","0,96","1,22","-28","-2","30"
"sky_emperor_riding_¿©","18","1","0,78","0,88","1,18","-24","-10","28"
"sky_emperor_riding_¿©","19","1","1,18","0,82","1,02","26","-16","8"
"sky_emperor_riding_¿©","20","1","0,74","1,12","0,92","-26","18","-8"
"sky_emperor_³²","10","9","1,15","0,85","0,8","18","-8","-14"
"sky_emperor_³²","11","9","0,82","1,02","1,2","-18","0","24"
"sky_emperor_³²","12","9","0,78","1,18","0,82","-20","22","-18"
"sky_emperor_³²","13","9","1,2","0,92","1,15","22","-4","18"
"sky_emperor_³²","14","9","0,82","1,15","1,16","-20","18","20"
"sky_emperor_³²","15","9","1,18","1,06","0,72","22","12","-28"
"sky_emperor_³²","16","6","1,2","0,76","0,72","28","-18","-22"
"sky_emperor_³²","17","6","0,72","0,96","1,22","-28","-2","30"
"sky_emperor_³²","18","1","0,78","0,88","1,18","-24","-10","28"
"sky_emperor_³²","19","1","1,18","0,82","1,02","26","-16","8"
"sky_emperor_³²","20","1","0,74","1,12","0,92","-26","18","-8"
"sky_emperor_¿©","10","9","1,15","0,85","0,8","18","-8","-14"
"sky_emperor_¿©","11","9","0,82","1,02","1,2","-18","0","24"
"sky_emperor_¿©","12","9","0,78","1,18","0,82","-20","22","-18"
"sky_emperor_¿©","13","9","1,2","0,92","1,15","22","-4","18"
"sky_emperor_¿©","14","9","0,82","1,15","1,16","-20","18","20"
"sky_emperor_¿©","15","9","1,18","1,06","0,72","22","12","-28"
"sky_emperor_¿©","16","6","1,2","0,76","0,72","28","-18","-22"
"sky_emperor_¿©","17","6","0,72","0,96","1,22","-28","-2","30"
"sky_emperor_¿©","18","1","0,78","0,88","1,18","-24","-10","28"
"sky_emperor_¿©","19","1","1,18","0,82","1,02","26","-16","8"
"sky_emperor_¿©","20","1","0,74","1,12","0,92","-26","18","-8"
"sniper_female","10","9","1,15","0,85","0,8","18","-8","-14"
"sniper_female","11","9","0,82","1,02","1,2","-18","0","24"
"sniper_female","12","9","0,78","1,18","0,82","-20","22","-18"
"sniper_female","13","9","1,2","0,92","1,15","22","-4","18"
"sniper_female","14","9","0,82","1,15","1,16","-20","18","20"
"sniper_female","15","9","1,18","1,06","0,72","22","12","-28"
"sniper_female","16","6","1,2","0,76","0,72","28","-18","-22"
"sniper_female","17","6","0,72","0,96","1,22","-28","-2","30"
"sniper_female","18","1","0,78","0,88","1,18","-24","-10","28"
"sniper_female","19","1","1,18","0,82","1,02","26","-16","8"
"sniper_female","20","1","0,74","1,12","0,92","-26","18","-8"
"sniper_male","10","9","1,15","0,85","0,8","18","-8","-14"
"sniper_male","11","9","0,82","1,02","1,2","-18","0","24"
"sniper_male","12","9","0,78","1,18","0,82","-20","22","-18"
"sniper_male","13","9","1,2","0,92","1,15","22","-4","18"
"sniper_male","14","9","0,82","1,15","1,16","-20","18","20"
"sniper_male","15","9","1,18","1,06","0,72","22","12","-28"
"sniper_male","16","6","1,2","0,76","0,72","28","-18","-22"
"sniper_male","17","6","0,72","0,96","1,22","-28","-2","30"
"sniper_male","18","1","0,78","0,88","1,18","-24","-10","28"
"sniper_male","19","1","1,18","0,82","1,02","26","-16","8"
"sniper_male","20","1","0,74","1,12","0,92","-26","18","-8"
"sorcerer_female","10","9","1,15","0,85","0,8","18","-8","-14"
"sorcerer_female","11","9","0,82","1,02","1,2","-18","0","24"
"sorcerer_female","12","9","0,78","1,18","0,82","-20","22","-18"
"sorcerer_female","13","9","1,2","0,92","1,15","22","-4","18"
"sorcerer_female","14","9","0,82","1,15","1,16","-20","18","20"
"sorcerer_female","15","9","1,18","1,06","0,72","22","12","-28"
"sorcerer_female","16","6","1,2","0,76","0,72","28","-18","-22"
"sorcerer_female","17","6","0,72","0,96","1,22","-28","-2","30"
"sorcerer_female","18","1","0,78","0,88","1,18","-24","-10","28"
"sorcerer_female","19","1","1,18","0,82","1,02","26","-16","8"
"sorcerer_female","20","1","0,74","1,12","0,92","-26","18","-8"
"sorcerer_male","10","9","1,15","0,85","0,8","18","-8","-14"
"sorcerer_male","11","9","0,82","1,02","1,2","-18","0","24"
"sorcerer_male","12","9","0,78","1,18","0,82","-20","22","-18"
"sorcerer_male","13","9","1,2","0,92","1,15","22","-4","18"
"sorcerer_male","14","9","0,82","1,15","1,16","-20","18","20"
"sorcerer_male","15","9","1,18","1,06","0,72","22","12","-28"
"sorcerer_male","16","6","1,2","0,76","0,72","28","-18","-22"
"sorcerer_male","17","6","0,72","0,96","1,22","-28","-2","30"
"sorcerer_male","18","1","0,78","0,88","1,18","-24","-10","28"
"sorcerer_male","19","1","1,18","0,82","1,02","26","-16","8"
"sorcerer_male","20","1","0,74","1,12","0,92","-26","18","-8"
"soul_ascetic_female","10","9","1,15","0,85","0,8","18","-8","-14"
"soul_ascetic_female","11","9","0,82","1,02","1,2","-18","0","24"
"soul_ascetic_female","12","9","0,78","1,18","0,82","-20","22","-18"
"soul_ascetic_female","13","9","1,2","0,92","1,15","22","-4","18"
"soul_ascetic_female","14","9","0,82","1,15","1,16","-20","18","20"
"soul_ascetic_female","15","9","1,18","1,06","0,72","22","12","-28"
"soul_ascetic_female","16","6","1,2","0,76","0,72","28","-18","-22"
"soul_ascetic_female","17","6","0,72","0,96","1,22","-28","-2","30"
"soul_ascetic_female","18","1","0,78","0,88","1,18","-24","-10","28"
"soul_ascetic_female","19","1","1,18","0,82","1,02","26","-16","8"
"soul_ascetic_female","20","1","0,74","1,12","0,92","-26","18","-8"
"soul_ascetic_female_riding","10","9","1,15","0,85","0,8","18","-8","-14"
"soul_ascetic_female_riding","11","9","0,82","1,02","1,2","-18","0","24"
"soul_ascetic_female_riding","12","9","0,78","1,18","0,82","-20","22","-18"
"soul_ascetic_female_riding","13","9","1,2","0,92","1,15","22","-4","18"
"soul_ascetic_female_riding","14","9","0,82","1,15","1,16","-20","18","20"
"soul_ascetic_female_riding","15","9","1,18","1,06","0,72","22","12","-28"
"soul_ascetic_female_riding","16","6","1,2","0,76","0,72","28","-18","-22"
"soul_ascetic_female_riding","17","6","0,72","0,96","1,22","-28","-2","30"
"soul_ascetic_female_riding","18","1","0,78","0,88","1,18","-24","-10","28"
"soul_ascetic_female_riding","19","1","1,18","0,82","1,02","26","-16","8"
"soul_ascetic_female_riding","20","1","0,74","1,12","0,92","-26","18","-8"
"soul_ascetic_male","10","9","1,15","0,85","0,8","18","-8","-14"
"soul_ascetic_male","11","9","0,82","1,02","1,2","-18","0","24"
"soul_ascetic_male","12","9","0,78","1,18","0,82","-20","22","-18"
"soul_ascetic_male","13","9","1,2","0,92","1,15","22","-4","18"
"soul_ascetic_male","14","9","0,82","1,15","1,16","-20","18","20"
"soul_ascetic_male","15","9","1,18","1,06","0,72","22","12","-28"
"soul_ascetic_male","16","6","1,2","0,76","0,72","28","-18","-22"
"soul_ascetic_male","17","6","0,72","0,96","1,22","-28","-2","30"
"soul_ascetic_male","18","1","0,78","0,88","1,18","-24","-10","28"
"soul_ascetic_male","19","1","1,18","0,82","1,02","26","-16","8"
"soul_ascetic_male","20","1","0,74","1,12","0,92","-26","18","-8"
"soul_ascetic_male_riding","10","9","1,15","0,85","0,8","18","-8","-14"
"soul_ascetic_male_riding","11","9","0,82","1,02","1,2","-18","0","24"
"soul_ascetic_male_riding","12","9","0,78","1,18","0,82","-20","22","-18"
"soul_ascetic_male_riding","13","9","1,2","0,92","1,15","22","-4","18"
"soul_ascetic_male_riding","14","9","0,82","1,15","1,16","-20","18","20"
"soul_ascetic_male_riding","15","9","1,18","1,06","0,72","22","12","-28"
"soul_ascetic_male_riding","16","6","1,2","0,76","0,72","28","-18","-22"
"soul_ascetic_male_riding","17","6","0,72","0,96","1,22","-28","-2","30"
"soul_ascetic_male_riding","18","1","0,78","0,88","1,18","-24","-10","28"
"soul_ascetic_male_riding","19","1","1,18","0,82","1,02","26","-16","8"
"soul_ascetic_male_riding","20","1","0,74","1,12","0,92","-26","18","-8"
"soul_ascetic_riding_³²","10","9","1,15","0,85","0,8","18","-8","-14"
"soul_ascetic_riding_³²","11","9","0,82","1,02","1,2","-18","0","24"
"soul_ascetic_riding_³²","12","9","0,78","1,18","0,82","-20","22","-18"
"soul_ascetic_riding_³²","13","9","1,2","0,92","1,15","22","-4","18"
"soul_ascetic_riding_³²","14","9","0,82","1,15","1,16","-20","18","20"
"soul_ascetic_riding_³²","15","9","1,18","1,06","0,72","22","12","-28"
"soul_ascetic_riding_³²","16","6","1,2","0,76","0,72","28","-18","-22"
"soul_ascetic_riding_³²","17","6","0,72","0,96","1,22","-28","-2","30"
"soul_ascetic_riding_³²","18","1","0,78","0,88","1,18","-24","-10","28"
"soul_ascetic_riding_³²","19","1","1,18","0,82","1,02","26","-16","8"
"soul_ascetic_riding_³²","20","1","0,74","1,12","0,92","-26","18","-8"
"soul_ascetic_riding_¿©","10","9","1,15","0,85","0,8","18","-8","-14"
"soul_ascetic_riding_¿©","11","9","0,82","1,02","1,2","-18","0","24"
"soul_ascetic_riding_¿©","12","9","0,78","1,18","0,82","-20","22","-18"
"soul_ascetic_riding_¿©","13","9","1,2","0,92","1,15","22","-4","18"
"soul_ascetic_riding_¿©","14","9","0,82","1,15","1,16","-20","18","20"
"soul_ascetic_riding_¿©","15","9","1,18","1,06","0,72","22","12","-28"
"soul_ascetic_riding_¿©","16","6","1,2","0,76","0,72","28","-18","-22"
"soul_ascetic_riding_¿©","17","6","0,72","0,96","1,22","-28","-2","30"
"soul_ascetic_riding_¿©","18","1","0,78","0,88","1,18","-24","-10","28"
"soul_ascetic_riding_¿©","19","1","1,18","0,82","1,02","26","-16","8"
"soul_ascetic_riding_¿©","20","1","0,74","1,12","0,92","-26","18","-8"
"soul_ascetic_³²","10","9","1,15","0,85","0,8","18","-8","-14"
"soul_ascetic_³²","11","9","0,82","1,02","1,2","-18","0","24"
"soul_ascetic_³²","12","9","0,78","1,18","0,82","-20","22","-18"
"soul_ascetic_³²","13","9","1,2","0,92","1,15","22","-4","18"
"soul_ascetic_³²","14","9","0,82","1,15","1,16","-20","18","20"
"soul_ascetic_³²","15","9","1,18","1,06","0,72","22","12","-28"
"soul_ascetic_³²","16","6","1,2","0,76","0,72","28","-18","-22"
"soul_ascetic_³²","17","6","0,72","0,96","1,22","-28","-2","30"
"soul_ascetic_³²","18","1","0,78","0,88","1,18","-24","-10","28"
"soul_ascetic_³²","19","1","1,18","0,82","1,02","26","-16","8"
"soul_ascetic_³²","20","1","0,74","1,12","0,92","-26","18","-8"
"soul_ascetic_¿©","10","9","1,15","0,85","0,8","18","-8","-14"
"soul_ascetic_¿©","11","9","0,82","1,02","1,2","-18","0","24"
"soul_ascetic_¿©","12","9","0,78","1,18","0,82","-20","22","-18"
"soul_ascetic_¿©","13","9","1,2","0,92","1,15","22","-4","18"
"soul_ascetic_¿©","14","9","0,82","1,15","1,16","-20","18","20"
"soul_ascetic_¿©","15","9","1,18","1,06","0,72","22","12","-28"
"soul_ascetic_¿©","16","6","1,2","0,76","0,72","28","-18","-22"
"soul_ascetic_¿©","17","6","0,72","0,96","1,22","-28","-2","30"
"soul_ascetic_¿©","18","1","0,78","0,88","1,18","-24","-10","28"
"soul_ascetic_¿©","19","1","1,18","0,82","1,02","26","-16","8"
"soul_ascetic_¿©","20","1","0,74","1,12","0,92","-26","18","-8"
"soul_linker_female","10","9","1,15","0,85","0,8","18","-8","-14"
"soul_linker_female","11","9","0,82","1,02","1,2","-18","0","24"
"soul_linker_female","12","9","0,78","1,18","0,82","-20","22","-18"
"soul_linker_female","13","9","1,2","0,92","1,15","22","-4","18"
"soul_linker_female","14","9","0,82","1,15","1,16","-20","18","20"
"soul_linker_female","15","9","1,18","1,06","0,72","22","12","-28"
"soul_linker_female","16","6","1,2","0,76","0,72","28","-18","-22"
"soul_linker_female","17","6","0,72","0,96","1,22","-28","-2","30"
"soul_linker_female","18","1","0,78","0,88","1,18","-24","-10","28"
"soul_linker_female","19","1","1,18","0,82","1,02","26","-16","8"
"soul_linker_female","20","1","0,74","1,12","0,92","-26","18","-8"
"soul_linker_male","10","9","1,15","0,85","0,8","18","-8","-14"
"soul_linker_male","11","9","0,82","1,02","1,2","-18","0","24"
"soul_linker_male","12","9","0,78","1,18","0,82","-20","22","-18"
"soul_linker_male","13","9","1,2","0,92","1,15","22","-4","18"
"soul_linker_male","14","9","0,82","1,15","1,16","-20","18","20"
"soul_linker_male","15","9","1,18","1,06","0,72","22","12","-28"
"soul_linker_male","16","6","1,2","0,76","0,72","28","-18","-22"
"soul_linker_male","17","6","0,72","0,96","1,22","-28","-2","30"
"soul_linker_male","18","1","0,78","0,88","1,18","-24","-10","28"
"soul_linker_male","19","1","1,18","0,82","1,02","26","-16","8"
"soul_linker_male","20","1","0,74","1,12","0,92","-26","18","-8"
"stalker_female","10","9","1,15","0,85","0,8","18","-8","-14"
"stalker_female","11","9","0,82","1,02","1,2","-18","0","24"
"stalker_female","12","9","0,78","1,18","0,82","-20","22","-18"
"stalker_female","13","9","1,2","0,92","1,15","22","-4","18"
"stalker_female","14","9","0,82","1,15","1,16","-20","18","20"
"stalker_female","15","9","1,18","1,06","0,72","22","12","-28"
"stalker_female","16","6","1,2","0,76","0,72","28","-18","-22"
"stalker_female","17","6","0,72","0,96","1,22","-28","-2","30"
"stalker_female","18","1","0,78","0,88","1,18","-24","-10","28"
"stalker_female","19","1","1,18","0,82","1,02","26","-16","8"
"stalker_female","20","1","0,74","1,12","0,92","-26","18","-8"
"stalker_male","10","9","1,15","0,85","0,8","18","-8","-14"
"stalker_male","11","9","0,82","1,02","1,2","-18","0","24"
"stalker_male","12","9","0,78","1,18","0,82","-20","22","-18"
"stalker_male","13","9","1,2","0,92","1,15","22","-4","18"
"stalker_male","14","9","0,82","1,15","1,16","-20","18","20"
"stalker_male","15","9","1,18","1,06","0,72","22","12","-28"
"stalker_male","16","6","1,2","0,76","0,72","28","-18","-22"
"stalker_male","17","6","0,72","0,96","1,22","-28","-2","30"
"stalker_male","18","1","0,78","0,88","1,18","-24","-10","28"
"stalker_male","19","1","1,18","0,82","1,02","26","-16","8"
"stalker_male","20","1","0,74","1,12","0,92","-26","18","-8"
"summoner_female","10","9","1,15","0,85","0,8","18","-8","-14"
"summoner_female","11","9","0,82","1,02","1,2","-18","0","24"
"summoner_female","12","9","0,78","1,18","0,82","-20","22","-18"
"summoner_female","13","9","1,2","0,92","1,15","22","-4","18"
"summoner_female","14","9","0,82","1,15","1,16","-20","18","20"
"summoner_female","15","9","1,18","1,06","0,72","22","12","-28"
"summoner_female","16","6","1,2","0,76","0,72","28","-18","-22"
"summoner_female","17","6","0,72","0,96","1,22","-28","-2","30"
"summoner_female","18","1","0,78","0,88","1,18","-24","-10","28"
"summoner_female","19","1","1,18","0,82","1,02","26","-16","8"
"summoner_female","20","1","0,74","1,12","0,92","-26","18","-8"
"summoner_female_riding","10","9","1,15","0,85","0,8","18","-8","-14"
"summoner_female_riding","11","9","0,82","1,02","1,2","-18","0","24"
"summoner_female_riding","12","9","0,78","1,18","0,82","-20","22","-18"
"summoner_female_riding","13","9","1,2","0,92","1,15","22","-4","18"
"summoner_female_riding","14","9","0,82","1,15","1,16","-20","18","20"
"summoner_female_riding","15","9","1,18","1,06","0,72","22","12","-28"
"summoner_female_riding","16","6","1,2","0,76","0,72","28","-18","-22"
"summoner_female_riding","17","6","0,72","0,96","1,22","-28","-2","30"
"summoner_female_riding","18","1","0,78","0,88","1,18","-24","-10","28"
"summoner_female_riding","19","1","1,18","0,82","1,02","26","-16","8"
"summoner_female_riding","20","1","0,74","1,12","0,92","-26","18","-8"
"summoner_male","10","9","1,15","0,85","0,8","18","-8","-14"
"summoner_male","11","9","0,82","1,02","1,2","-18","0","24"
"summoner_male","12","9","0,78","1,18","0,82","-20","22","-18"
"summoner_male","13","9","1,2","0,92","1,15","22","-4","18"
"summoner_male","14","9","0,82","1,15","1,16","-20","18","20"
"summoner_male","15","9","1,18","1,06","0,72","22","12","-28"
"summoner_male","16","6","1,2","0,76","0,72","28","-18","-22"
"summoner_male","17","6","0,72","0,96","1,22","-28","-2","30"
"summoner_male","18","1","0,78","0,88","1,18","-24","-10","28"
"summoner_male","19","1","1,18","0,82","1,02","26","-16","8"
"summoner_male","20","1","0,74","1,12","0,92","-26","18","-8"
"summoner_male_riding","10","9","1,15","0,85","0,8","18","-8","-14"
"summoner_male_riding","11","9","0,82","1,02","1,2","-18","0","24"
"summoner_male_riding","12","9","0,78","1,18","0,82","-20","22","-18"
"summoner_male_riding","13","9","1,2","0,92","1,15","22","-4","18"
"summoner_male_riding","14","9","0,82","1,15","1,16","-20","18","20"
"summoner_male_riding","15","9","1,18","1,06","0,72","22","12","-28"
"summoner_male_riding","16","6","1,2","0,76","0,72","28","-18","-22"
"summoner_male_riding","17","6","0,72","0,96","1,22","-28","-2","30"
"summoner_male_riding","18","1","0,78","0,88","1,18","-24","-10","28"
"summoner_male_riding","19","1","1,18","0,82","1,02","26","-16","8"
"summoner_male_riding","20","1","0,74","1,12","0,92","-26","18","-8"
"summoner_³²","10","9","1,15","0,85","0,8","18","-8","-14"
"summoner_³²","11","9","0,82","1,02","1,2","-18","0","24"
"summoner_³²","12","9","0,78","1,18","0,82","-20","22","-18"
"summoner_³²","13","9","1,2","0,92","1,15","22","-4","18"
"summoner_³²","14","9","0,82","1,15","1,16","-20","18","20"
"summoner_³²","15","9","1,18","1,06","0,72","22","12","-28"
"summoner_³²","16","6","1,2","0,76","0,72","28","-18","-22"
"summoner_³²","17","6","0,72","0,96","1,22","-28","-2","30"
"summoner_³²","18","1","0,78","0,88","1,18","-24","-10","28"
"summoner_³²","19","1","1,18","0,82","1,02","26","-16","8"
"summoner_³²","20","1","0,74","1,12","0,92","-26","18","-8"
"summoner_¿©","10","9","1,15","0,85","0,8","18","-8","-14"
"summoner_¿©","11","9","0,82","1,02","1,2","-18","0","24"
"summoner_¿©","12","9","0,78","1,18","0,82","-20","22","-18"
"summoner_¿©","13","9","1,2","0,92","1,15","22","-4","18"
"summoner_¿©","14","9","0,82","1,15","1,16","-20","18","20"
"summoner_¿©","15","9","1,18","1,06","0,72","22","12","-28"
"summoner_¿©","16","6","1,2","0,76","0,72","28","-18","-22"
"summoner_¿©","17","6","0,72","0,96","1,22","-28","-2","30"
"summoner_¿©","18","1","0,78","0,88","1,18","-24","-10","28"
"summoner_¿©","19","1","1,18","0,82","1,02","26","-16","8"
"summoner_¿©","20","1","0,74","1,12","0,92","-26","18","-8"
"super_novice_female","10","9","1,15","0,85","0,8","18","-8","-14"
"super_novice_female","11","9","0,82","1,02","1,2","-18","0","24"
"super_novice_female","12","9","0,78","1,18","0,82","-20","22","-18"
"super_novice_female","13","9","1,2","0,92","1,15","22","-4","18"
"super_novice_female","14","9","0,82","1,15","1,16","-20","18","20"
"super_novice_female","15","9","1,18","1,06","0,72","22","12","-28"
"super_novice_female","16","6","1,2","0,76","0,72","28","-18","-22"
"super_novice_female","17","6","0,72","0,96","1,22","-28","-2","30"
"super_novice_female","18","1","0,78","0,88","1,18","-24","-10","28"
"super_novice_female","19","1","1,18","0,82","1,02","26","-16","8"
"super_novice_female","20","1","0,74","1,12","0,92","-26","18","-8"
"super_novice_female_riding","10","9","1,15","0,85","0,8","18","-8","-14"
"super_novice_female_riding","11","9","0,82","1,02","1,2","-18","0","24"
"super_novice_female_riding","12","9","0,78","1,18","0,82","-20","22","-18"
"super_novice_female_riding","13","9","1,2","0,92","1,15","22","-4","18"
"super_novice_female_riding","14","9","0,82","1,15","1,16","-20","18","20"
"super_novice_female_riding","15","9","1,18","1,06","0,72","22","12","-28"
"super_novice_female_riding","16","6","1,2","0,76","0,72","28","-18","-22"
"super_novice_female_riding","17","6","0,72","0,96","1,22","-28","-2","30"
"super_novice_female_riding","18","1","0,78","0,88","1,18","-24","-10","28"
"super_novice_female_riding","19","1","1,18","0,82","1,02","26","-16","8"
"super_novice_female_riding","20","1","0,74","1,12","0,92","-26","18","-8"
"super_novice_male","10","9","1,15","0,85","0,8","18","-8","-14"
"super_novice_male","11","9","0,82","1,02","1,2","-18","0","24"
"super_novice_male","12","9","0,78","1,18","0,82","-20","22","-18"
"super_novice_male","13","9","1,2","0,92","1,15","22","-4","18"
"super_novice_male","14","9","0,82","1,15","1,16","-20","18","20"
"super_novice_male","15","9","1,18","1,06","0,72","22","12","-28"
"super_novice_male","16","6","1,2","0,76","0,72","28","-18","-22"
"super_novice_male","17","6","0,72","0,96","1,22","-28","-2","30"
"super_novice_male","18","1","0,78","0,88","1,18","-24","-10","28"
"super_novice_male","19","1","1,18","0,82","1,02","26","-16","8"
"super_novice_male","20","1","0,74","1,12","0,92","-26","18","-8"
"super_novice_male_riding","10","9","1,15","0,85","0,8","18","-8","-14"
"super_novice_male_riding","11","9","0,82","1,02","1,2","-18","0","24"
"super_novice_male_riding","12","9","0,78","1,18","0,82","-20","22","-18"
"super_novice_male_riding","13","9","1,2","0,92","1,15","22","-4","18"
"super_novice_male_riding","14","9","0,82","1,15","1,16","-20","18","20"
"super_novice_male_riding","15","9","1,18","1,06","0,72","22","12","-28"
"super_novice_male_riding","16","6","1,2","0,76","0,72","28","-18","-22"
"super_novice_male_riding","17","6","0,72","0,96","1,22","-28","-2","30"
"super_novice_male_riding","18","1","0,78","0,88","1,18","-24","-10","28"
"super_novice_male_riding","19","1","1,18","0,82","1,02","26","-16","8"
"super_novice_male_riding","20","1","0,74","1,12","0,92","-26","18","-8"
"sura_female","10","9","1,15","0,85","0,8","18","-8","-14"
"sura_female","11","9","0,82","1,02","1,2","-18","0","24"
"sura_female","12","9","0,78","1,18","0,82","-20","22","-18"
"sura_female","13","9","1,2","0,92","1,15","22","-4","18"
"sura_female","14","9","0,82","1,15","1,16","-20","18","20"
"sura_female","15","9","1,18","1,06","0,72","22","12","-28"
"sura_female","16","6","1,2","0,76","0,72","28","-18","-22"
"sura_female","17","6","0,72","0,96","1,22","-28","-2","30"
"sura_female","18","1","0,78","0,88","1,18","-24","-10","28"
"sura_female","19","1","1,18","0,82","1,02","26","-16","8"
"sura_female","20","1","0,74","1,12","0,92","-26","18","-8"
"sura_female_riding","10","9","1,15","0,85","0,8","18","-8","-14"
"sura_female_riding","11","9","0,82","1,02","1,2","-18","0","24"
"sura_female_riding","12","9","0,78","1,18","0,82","-20","22","-18"
"sura_female_riding","13","9","1,2","0,92","1,15","22","-4","18"
"sura_female_riding","14","9","0,82","1,15","1,16","-20","18","20"
"sura_female_riding","15","9","1,18","1,06","0,72","22","12","-28"
"sura_female_riding","16","6","1,2","0,76","0,72","28","-18","-22"
"sura_female_riding","17","6","0,72","0,96","1,22","-28","-2","30"
"sura_female_riding","18","1","0,78","0,88","1,18","-24","-10","28"
"sura_female_riding","19","1","1,18","0,82","1,02","26","-16","8"
"sura_female_riding","20","1","0,74","1,12","0,92","-26","18","-8"
"sura_male","10","9","1,15","0,85","0,8","18","-8","-14"
"sura_male","11","9","0,82","1,02","1,2","-18","0","24"
"sura_male","12","9","0,78","1,18","0,82","-20","22","-18"
"sura_male","13","9","1,2","0,92","1,15","22","-4","18"
"sura_male","14","9","0,82","1,15","1,16","-20","18","20"
"sura_male","15","9","1,18","1,06","0,72","22","12","-28"
"sura_male","16","6","1,2","0,76","0,72","28","-18","-22"
"sura_male","17","6","0,72","0,96","1,22","-28","-2","30"
"sura_male","18","1","0,78","0,88","1,18","-24","-10","28"
"sura_male","19","1","1,18","0,82","1,02","26","-16","8"
"sura_male","20","1","0,74","1,12","0,92","-26","18","-8"
"sura_male_riding","10","9","1,15","0,85","0,8","18","-8","-14"
"sura_male_riding","11","9","0,82","1,02","1,2","-18","0","24"
"sura_male_riding","12","9","0,78","1,18","0,82","-20","22","-18"
"sura_male_riding","13","9","1,2","0,92","1,15","22","-4","18"
"sura_male_riding","14","9","0,82","1,15","1,16","-20","18","20"
"sura_male_riding","15","9","1,18","1,06","0,72","22","12","-28"
"sura_male_riding","16","6","1,2","0,76","0,72","28","-18","-22"
"sura_male_riding","17","6","0,72","0,96","1,22","-28","-2","30"
"sura_male_riding","18","1","0,78","0,88","1,18","-24","-10","28"
"sura_male_riding","19","1","1,18","0,82","1,02","26","-16","8"
"sura_male_riding","20","1","0,74","1,12","0,92","-26","18","-8"
"swordman_female","10","9","1,15","0,85","0,8","18","-8","-14"
"swordman_female","11","9","0,82","1,02","1,2","-18","0","24"
"swordman_female","12","9","0,78","1,18","0,82","-20","22","-18"
"swordman_female","13","9","1,2","0,92","1,15","22","-4","18"
"swordman_female","14","9","0,82","1,15","1,16","-20","18","20"
"swordman_female","15","9","1,18","1,06","0,72","22","12","-28"
"swordman_female","16","6","1,2","0,76","0,72","28","-18","-22"
"swordman_female","17","6","0,72","0,96","1,22","-28","-2","30"
"swordman_female","18","1","0,78","0,88","1,18","-24","-10","28"
"swordman_female","19","1","1,18","0,82","1,02","26","-16","8"
"swordman_female","20","1","0,74","1,12","0,92","-26","18","-8"
"swordman_male","10","9","1,15","0,85","0,8","18","-8","-14"
"swordman_male","11","9","0,82","1,02","1,2","-18","0","24"
"swordman_male","12","9","0,78","1,18","0,82","-20","22","-18"
"swordman_male","13","9","1,2","0,92","1,15","22","-4","18"
"swordman_male","14","9","0,82","1,15","1,16","-20","18","20"
"swordman_male","15","9","1,18","1,06","0,72","22","12","-28"
"swordman_male","16","6","1,2","0,76","0,72","28","-18","-22"
"swordman_male","17","6","0,72","0,96","1,22","-28","-2","30"
"swordman_male","18","1","0,78","0,88","1,18","-24","-10","28"
"swordman_male","19","1","1,18","0,82","1,02","26","-16","8"
"swordman_male","20","1","0,74","1,12","0,92","-26","18","-8"
"taekwon_female","10","9","1,15","0,85","0,8","18","-8","-14"
"taekwon_female","11","9","0,82","1,02","1,2","-18","0","24"
"taekwon_female","12","9","0,78","1,18","0,82","-20","22","-18"
"taekwon_female","13","9","1,2","0,92","1,15","22","-4","18"
"taekwon_female","14","9","0,82","1,15","1,16","-20","18","20"
"taekwon_female","15","9","1,18","1,06","0,72","22","12","-28"
"taekwon_female","16","6","1,2","0,76","0,72","28","-18","-22"
"taekwon_female","17","6","0,72","0,96","1,22","-28","-2","30"
"taekwon_female","18","1","0,78","0,88","1,18","-24","-10","28"
"taekwon_female","19","1","1,18","0,82","1,02","26","-16","8"
"taekwon_female","20","1","0,74","1,12","0,92","-26","18","-8"
"taekwon_female_riding","10","9","1,15","0,85","0,8","18","-8","-14"
"taekwon_female_riding","11","9","0,82","1,02","1,2","-18","0","24"
"taekwon_female_riding","12","9","0,78","1,18","0,82","-20","22","-18"
"taekwon_female_riding","13","9","1,2","0,92","1,15","22","-4","18"
"taekwon_female_riding","14","9","0,82","1,15","1,16","-20","18","20"
"taekwon_female_riding","15","9","1,18","1,06","0,72","22","12","-28"
"taekwon_female_riding","16","6","1,2","0,76","0,72","28","-18","-22"
"taekwon_female_riding","17","6","0,72","0,96","1,22","-28","-2","30"
"taekwon_female_riding","18","1","0,78","0,88","1,18","-24","-10","28"
"taekwon_female_riding","19","1","1,18","0,82","1,02","26","-16","8"
"taekwon_female_riding","20","1","0,74","1,12","0,92","-26","18","-8"
"taekwon_male","10","9","1,15","0,85","0,8","18","-8","-14"
"taekwon_male","11","9","0,82","1,02","1,2","-18","0","24"
"taekwon_male","12","9","0,78","1,18","0,82","-20","22","-18"
"taekwon_male","13","9","1,2","0,92","1,15","22","-4","18"
"taekwon_male","14","9","0,82","1,15","1,16","-20","18","20"
"taekwon_male","15","9","1,18","1,06","0,72","22","12","-28"
"taekwon_male","16","6","1,2","0,76","0,72","28","-18","-22"
"taekwon_male","17","6","0,72","0,96","1,22","-28","-2","30"
"taekwon_male","18","1","0,78","0,88","1,18","-24","-10","28"
"taekwon_male","19","1","1,18","0,82","1,02","26","-16","8"
"taekwon_male","20","1","0,74","1,12","0,92","-26","18","-8"
"taekwon_male_riding","10","9","1,15","0,85","0,8","18","-8","-14"
"taekwon_male_riding","11","9","0,82","1,02","1,2","-18","0","24"
"taekwon_male_riding","12","9","0,78","1,18","0,82","-20","22","-18"
"taekwon_male_riding","13","9","1,2","0,92","1,15","22","-4","18"
"taekwon_male_riding","14","9","0,82","1,15","1,16","-20","18","20"
"taekwon_male_riding","15","9","1,18","1,06","0,72","22","12","-28"
"taekwon_male_riding","16","6","1,2","0,76","0,72","28","-18","-22"
"taekwon_male_riding","17","6","0,72","0,96","1,22","-28","-2","30"
"taekwon_male_riding","18","1","0,78","0,88","1,18","-24","-10","28"
"taekwon_male_riding","19","1","1,18","0,82","1,02","26","-16","8"
"taekwon_male_riding","20","1","0,74","1,12","0,92","-26","18","-8"
"thief_female","10","9","1,15","0,85","0,8","18","-8","-14"
"thief_female","11","9","0,82","1,02","1,2","-18","0","24"
"thief_female","12","9","0,78","1,18","0,82","-20","22","-18"
"thief_female","13","9","1,2","0,92","1,15","22","-4","18"
"thief_female","14","9","0,82","1,15","1,16","-20","18","20"
"thief_female","15","9","1,18","1,06","0,72","22","12","-28"
"thief_female","16","6","1,2","0,76","0,72","28","-18","-22"
"thief_female","17","6","0,72","0,96","1,22","-28","-2","30"
"thief_female","18","1","0,78","0,88","1,18","-24","-10","28"
"thief_female","19","1","1,18","0,82","1,02","26","-16","8"
"thief_female","20","1","0,74","1,12","0,92","-26","18","-8"
"thief_male","10","9","1,15","0,85","0,8","18","-8","-14"
"thief_male","11","9","0,82","1,02","1,2","-18","0","24"
"thief_male","12","9","0,78","1,18","0,82","-20","22","-18"
"thief_male","13","9","1,2","0,92","1,15","22","-4","18"
"thief_male","14","9","0,82","1,15","1,16","-20","18","20"
"thief_male","15","9","1,18","1,06","0,72","22","12","-28"
"thief_male","16","6","1,2","0,76","0,72","28","-18","-22"
"thief_male","17","6","0,72","0,96","1,22","-28","-2","30"
"thief_male","18","1","0,78","0,88","1,18","-24","-10","28"
"thief_male","19","1","1,18","0,82","1,02","26","-16","8"
"thief_male","20","1","0,74","1,12","0,92","-26","18","-8"
"trans_high_wizard_female","10","9","1,15","0,85","0,8","18","-8","-14"
"trans_high_wizard_female","11","9","0,82","1,02","1,2","-18","0","24"
"trans_high_wizard_female","12","9","0,78","1,18","0,82","-20","22","-18"
"trans_high_wizard_female","13","9","1,2","0,92","1,15","22","-4","18"
"trans_high_wizard_female","14","9","0,82","1,15","1,16","-20","18","20"
"trans_high_wizard_female","15","9","1,18","1,06","0,72","22","12","-28"
"trans_high_wizard_female","16","6","1,2","0,76","0,72","28","-18","-22"
"trans_high_wizard_female","17","6","0,72","0,96","1,22","-28","-2","30"
"trans_high_wizard_female","18","1","0,78","0,88","1,18","-24","-10","28"
"trans_high_wizard_female","19","1","1,18","0,82","1,02","26","-16","8"
"trans_high_wizard_female","20","1","0,74","1,12","0,92","-26","18","-8"
"trans_high_wizard_male","10","9","1,15","0,85","0,8","18","-8","-14"
"trans_high_wizard_male","11","9","0,82","1,02","1,2","-18","0","24"
"trans_high_wizard_male","12","9","0,78","1,18","0,82","-20","22","-18"
"trans_high_wizard_male","13","9","1,2","0,92","1,15","22","-4","18"
"trans_high_wizard_male","14","9","0,82","1,15","1,16","-20","18","20"
"trans_high_wizard_male","15","9","1,18","1,06","0,72","22","12","-28"
"trans_high_wizard_male","16","6","1,2","0,76","0,72","28","-18","-22"
"trans_high_wizard_male","17","6","0,72","0,96","1,22","-28","-2","30"
"trans_high_wizard_male","18","1","0,78","0,88","1,18","-24","-10","28"
"trans_high_wizard_male","19","1","1,18","0,82","1,02","26","-16","8"
"trans_high_wizard_male","20","1","0,74","1,12","0,92","-26","18","-8"
"trans_magician_female","10","9","1,15","0,85","0,8","18","-8","-14"
"trans_magician_female","11","9","0,82","1,02","1,2","-18","0","24"
"trans_magician_female","12","9","0,78","1,18","0,82","-20","22","-18"
"trans_magician_female","13","9","1,2","0,92","1,15","22","-4","18"
"trans_magician_female","14","9","0,82","1,15","1,16","-20","18","20"
"trans_magician_female","15","9","1,18","1,06","0,72","22","12","-28"
"trans_magician_female","16","6","1,2","0,76","0,72","28","-18","-22"
"trans_magician_female","17","6","0,72","0,96","1,22","-28","-2","30"
"trans_magician_female","18","1","0,78","0,88","1,18","-24","-10","28"
"trans_magician_female","19","1","1,18","0,82","1,02","26","-16","8"
"trans_magician_female","20","1","0,74","1,12","0,92","-26","18","-8"
"trans_magician_male","10","9","1,15","0,85","0,8","18","-8","-14"
"trans_magician_male","11","9","0,82","1,02","1,2","-18","0","24"
"trans_magician_male","12","9","0,78","1,18","0,82","-20","22","-18"
"trans_magician_male","13","9","1,2","0,92","1,15","22","-4","18"
"trans_magician_male","14","9","0,82","1,15","1,16","-20","18","20"
"trans_magician_male","15","9","1,18","1,06","0,72","22","12","-28"
"trans_magician_male","16","6","1,2","0,76","0,72","28","-18","-22"
"trans_magician_male","17","6","0,72","0,96","1,22","-28","-2","30"
"trans_magician_male","18","1","0,78","0,88","1,18","-24","-10","28"
"trans_magician_male","19","1","1,18","0,82","1,02","26","-16","8"
"trans_magician_male","20","1","0,74","1,12","0,92","-26","18","-8"
"trans_professor_female","10","9","1,15","0,85","0,8","18","-8","-14"
"trans_professor_female","11","9","0,82","1,02","1,2","-18","0","24"
"trans_professor_female","12","9","0,78","1,18","0,82","-20","22","-18"
"trans_professor_female","13","9","1,2","0,92","1,15","22","-4","18"
"trans_professor_female","14","9","0,82","1,15","1,16","-20","18","20"
"trans_professor_female","15","9","1,18","1,06","0,72","22","12","-28"
"trans_professor_female","16","6","1,2","0,76","0,72","28","-18","-22"
"trans_professor_female","17","6","0,72","0,96","1,22","-28","-2","30"
"trans_professor_female","18","1","0,78","0,88","1,18","-24","-10","28"
"trans_professor_female","19","1","1,18","0,82","1,02","26","-16","8"
"trans_professor_female","20","1","0,74","1,12","0,92","-26","18","-8"
"trans_professor_male","10","9","1,15","0,85","0,8","18","-8","-14"
"trans_professor_male","11","9","0,82","1,02","1,2","-18","0","24"
"trans_professor_male","12","9","0,78","1,18","0,82","-20","22","-18"
"trans_professor_male","13","9","1,2","0,92","1,15","22","-4","18"
"trans_professor_male","14","9","0,82","1,15","1,16","-20","18","20"
"trans_professor_male","15","9","1,18","1,06","0,72","22","12","-28"
"trans_professor_male","16","6","1,2","0,76","0,72","28","-18","-22"
"trans_professor_male","17","6","0,72","0,96","1,22","-28","-2","30"
"trans_professor_male","18","1","0,78","0,88","1,18","-24","-10","28"
"trans_professor_male","19","1","1,18","0,82","1,02","26","-16","8"
"trans_professor_male","20","1","0,74","1,12","0,92","-26","18","-8"
"trans_sage_female","10","9","1,15","0,85","0,8","18","-8","-14"
"trans_sage_female","11","9","0,82","1,02","1,2","-18","0","24"
"trans_sage_female","12","9","0,78","1,18","0,82","-20","22","-18"
"trans_sage_female","13","9","1,2","0,92","1,15","22","-4","18"
"trans_sage_female","14","9","0,82","1,15","1,16","-20","18","20"
"trans_sage_female","15","9","1,18","1,06","0,72","22","12","-28"
"trans_sage_female","16","6","1,2","0,76","0,72","28","-18","-22"
"trans_sage_female","17","6","0,72","0,96","1,22","-28","-2","30"
"trans_sage_female","18","1","0,78","0,88","1,18","-24","-10","28"
"trans_sage_female","19","1","1,18","0,82","1,02","26","-16","8"
"trans_sage_female","20","1","0,74","1,12","0,92","-26","18","-8"
"trans_sage_male","10","9","1,15","0,85","0,8","18","-8","-14"
"trans_sage_male","11","9","0,82","1,02","1,2","-18","0","24"
"trans_sage_male","12","9","0,78","1,18","0,82","-20","22","-18"
"trans_sage_male","13","9","1,2","0,92","1,15","22","-4","18"
"trans_sage_male","14","9","0,82","1,15","1,16","-20","18","20"
"trans_sage_male","15","9","1,18","1,06","0,72","22","12","-28"
"trans_sage_male","16","6","1,2","0,76","0,72","28","-18","-22"
"trans_sage_male","17","6","0,72","0,96","1,22","-28","-2","30"
"trans_sage_male","18","1","0,78","0,88","1,18","-24","-10","28"
"trans_sage_male","19","1","1,18","0,82","1,02","26","-16","8"
"trans_sage_male","20","1","0,74","1,12","0,92","-26","18","-8"
"trans_sorcerer_female","10","9","1,15","0,85","0,8","18","-8","-14"
"trans_sorcerer_female","11","9","0,82","1,02","1,2","-18","0","24"
"trans_sorcerer_female","12","9","0,78","1,18","0,82","-20","22","-18"
"trans_sorcerer_female","13","9","1,2","0,92","1,15","22","-4","18"
"trans_sorcerer_female","14","9","0,82","1,15","1,16","-20","18","20"
"trans_sorcerer_female","15","9","1,18","1,06","0,72","22","12","-28"
"trans_sorcerer_female","16","6","1,2","0,76","0,72","28","-18","-22"
"trans_sorcerer_female","17","6","0,72","0,96","1,22","-28","-2","30"
"trans_sorcerer_female","18","1","0,78","0,88","1,18","-24","-10","28"
"trans_sorcerer_female","19","1","1,18","0,82","1,02","26","-16","8"
"trans_sorcerer_female","20","1","0,74","1,12","0,92","-26","18","-8"
"trans_sorcerer_male","10","9","1,15","0,85","0,8","18","-8","-14"
"trans_sorcerer_male","11","9","0,82","1,02","1,2","-18","0","24"
"trans_sorcerer_male","12","9","0,78","1,18","0,82","-20","22","-18"
"trans_sorcerer_male","13","9","1,2","0,92","1,15","22","-4","18"
"trans_sorcerer_male","14","9","0,82","1,15","1,16","-20","18","20"
"trans_sorcerer_male","15","9","1,18","1,06","0,72","22","12","-28"
"trans_sorcerer_male","16","6","1,2","0,76","0,72","28","-18","-22"
"trans_sorcerer_male","17","6","0,72","0,96","1,22","-28","-2","30"
"trans_sorcerer_male","18","1","0,78","0,88","1,18","-24","-10","28"
"trans_sorcerer_male","19","1","1,18","0,82","1,02","26","-16","8"
"trans_sorcerer_male","20","1","0,74","1,12","0,92","-26","18","-8"
"trans_warlock_female","10","9","1,15","0,85","0,8","18","-8","-14"
"trans_warlock_female","11","9","0,82","1,02","1,2","-18","0","24"
"trans_warlock_female","12","9","0,78","1,18","0,82","-20","22","-18"
"trans_warlock_female","13","9","1,2","0,92","1,15","22","-4","18"
"trans_warlock_female","14","9","0,82","1,15","1,16","-20","18","20"
"trans_warlock_female","15","9","1,18","1,06","0,72","22","12","-28"
"trans_warlock_female","16","6","1,2","0,76","0,72","28","-18","-22"
"trans_warlock_female","17","6","0,72","0,96","1,22","-28","-2","30"
"trans_warlock_female","18","1","0,78","0,88","1,18","-24","-10","28"
"trans_warlock_female","19","1","1,18","0,82","1,02","26","-16","8"
"trans_warlock_female","20","1","0,74","1,12","0,92","-26","18","-8"
"trans_warlock_male","10","9","1,15","0,85","0,8","18","-8","-14"
"trans_warlock_male","11","9","0,82","1,02","1,2","-18","0","24"
"trans_warlock_male","12","9","0,78","1,18","0,82","-20","22","-18"
"trans_warlock_male","13","9","1,2","0,92","1,15","22","-4","18"
"trans_warlock_male","14","9","0,82","1,15","1,16","-20","18","20"
"trans_warlock_male","15","9","1,18","1,06","0,72","22","12","-28"
"trans_warlock_male","16","6","1,2","0,76","0,72","28","-18","-22"
"trans_warlock_male","17","6","0,72","0,96","1,22","-28","-2","30"
"trans_warlock_male","18","1","0,78","0,88","1,18","-24","-10","28"
"trans_warlock_male","19","1","1,18","0,82","1,02","26","-16","8"
"trans_warlock_male","20","1","0,74","1,12","0,92","-26","18","-8"
"trans_wizard_female","10","9","1,15","0,85","0,8","18","-8","-14"
"trans_wizard_female","11","9","0,82","1,02","1,2","-18","0","24"
"trans_wizard_female","12","9","0,78","1,18","0,82","-20","22","-18"
"trans_wizard_female","13","9","1,2","0,92","1,15","22","-4","18"
"trans_wizard_female","14","9","0,82","1,15","1,16","-20","18","20"
"trans_wizard_female","15","9","1,18","1,06","0,72","22","12","-28"
"trans_wizard_female","16","6","1,2","0,76","0,72","28","-18","-22"
"trans_wizard_female","17","6","0,72","0,96","1,22","-28","-2","30"
"trans_wizard_female","18","1","0,78","0,88","1,18","-24","-10","28"
"trans_wizard_female","19","1","1,18","0,82","1,02","26","-16","8"
"trans_wizard_female","20","1","0,74","1,12","0,92","-26","18","-8"
"trans_wizard_male","10","9","1,15","0,85","0,8","18","-8","-14"
"trans_wizard_male","11","9","0,82","1,02","1,2","-18","0","24"
"trans_wizard_male","12","9","0,78","1,18","0,82","-20","22","-18"
"trans_wizard_male","13","9","1,2","0,92","1,15","22","-4","18"
"trans_wizard_male","14","9","0,82","1,15","1,16","-20","18","20"
"trans_wizard_male","15","9","1,18","1,06","0,72","22","12","-28"
"trans_wizard_male","16","6","1,2","0,76","0,72","28","-18","-22"
"trans_wizard_male","17","6","0,72","0,96","1,22","-28","-2","30"
"trans_wizard_male","18","1","0,78","0,88","1,18","-24","-10","28"
"trans_wizard_male","19","1","1,18","0,82","1,02","26","-16","8"
"trans_wizard_male","20","1","0,74","1,12","0,92","-26","18","-8"
"troubadour_male","10","9","1,15","0,85","0,8","18","-8","-14"
"troubadour_male","11","9","0,82","1,02","1,2","-18","0","24"
"troubadour_male","12","9","0,78","1,18","0,82","-20","22","-18"
"troubadour_male","13","9","1,2","0,92","1,15","22","-4","18"
"troubadour_male","14","9","0,82","1,15","1,16","-20","18","20"
"troubadour_male","15","9","1,18","1,06","0,72","22","12","-28"
"troubadour_male","16","6","1,2","0,76","0,72","28","-18","-22"
"troubadour_male","17","6","0,72","0,96","1,22","-28","-2","30"
"troubadour_male","18","1","0,78","0,88","1,18","-24","-10","28"
"troubadour_male","19","1","1,18","0,82","1,02","26","-16","8"
"troubadour_male","20","1","0,74","1,12","0,92","-26","18","-8"
"troubadour_male_riding","10","9","1,15","0,85","0,8","18","-8","-14"
"troubadour_male_riding","11","9","0,82","1,02","1,2","-18","0","24"
"troubadour_male_riding","12","9","0,78","1,18","0,82","-20","22","-18"
"troubadour_male_riding","13","9","1,2","0,92","1,15","22","-4","18"
"troubadour_male_riding","14","9","0,82","1,15","1,16","-20","18","20"
"troubadour_male_riding","15","9","1,18","1,06","0,72","22","12","-28"
"troubadour_male_riding","16","6","1,2","0,76","0,72","28","-18","-22"
"troubadour_male_riding","17","6","0,72","0,96","1,22","-28","-2","30"
"troubadour_male_riding","18","1","0,78","0,88","1,18","-24","-10","28"
"troubadour_male_riding","19","1","1,18","0,82","1,02","26","-16","8"
"troubadour_male_riding","20","1","0,74","1,12","0,92","-26","18","-8"
"troubadour_riding_³²","10","9","1,15","0,85","0,8","18","-8","-14"
"troubadour_riding_³²","11","9","0,82","1,02","1,2","-18","0","24"
"troubadour_riding_³²","12","9","0,78","1,18","0,82","-20","22","-18"
"troubadour_riding_³²","13","9","1,2","0,92","1,15","22","-4","18"
"troubadour_riding_³²","14","9","0,82","1,15","1,16","-20","18","20"
"troubadour_riding_³²","15","9","1,18","1,06","0,72","22","12","-28"
"troubadour_riding_³²","16","6","1,2","0,76","0,72","28","-18","-22"
"troubadour_riding_³²","17","6","0,72","0,96","1,22","-28","-2","30"
"troubadour_riding_³²","18","1","0,78","0,88","1,18","-24","-10","28"
"troubadour_riding_³²","19","1","1,18","0,82","1,02","26","-16","8"
"troubadour_riding_³²","20","1","0,74","1,12","0,92","-26","18","-8"
"troubadour_³²","10","9","1,15","0,85","0,8","18","-8","-14"
"troubadour_³²","11","9","0,82","1,02","1,2","-18","0","24"
"troubadour_³²","12","9","0,78","1,18","0,82","-20","22","-18"
"troubadour_³²","13","9","1,2","0,92","1,15","22","-4","18"
"troubadour_³²","14","9","0,82","1,15","1,16","-20","18","20"
"troubadour_³²","15","9","1,18","1,06","0,72","22","12","-28"
"troubadour_³²","16","6","1,2","0,76","0,72","28","-18","-22"
"troubadour_³²","17","6","0,72","0,96","1,22","-28","-2","30"
"troubadour_³²","18","1","0,78","0,88","1,18","-24","-10","28"
"troubadour_³²","19","1","1,18","0,82","1,02","26","-16","8"
"troubadour_³²","20","1","0,74","1,12","0,92","-26","18","-8"
"trouvere_female","10","9","1,15","0,85","0,8","18","-8","-14"
"trouvere_female","11","9","0,82","1,02","1,2","-18","0","24"
"trouvere_female","12","9","0,78","1,18","0,82","-20","22","-18"
"trouvere_female","13","9","1,2","0,92","1,15","22","-4","18"
"trouvere_female","14","9","0,82","1,15","1,16","-20","18","20"
"trouvere_female","15","9","1,18","1,06","0,72","22","12","-28"
"trouvere_female","16","6","1,2","0,76","0,72","28","-18","-22"
"trouvere_female","17","6","0,72","0,96","1,22","-28","-2","30"
"trouvere_female","18","1","0,78","0,88","1,18","-24","-10","28"
"trouvere_female","19","1","1,18","0,82","1,02","26","-16","8"
"trouvere_female","20","1","0,74","1,12","0,92","-26","18","-8"
"trouvere_female_riding","10","9","1,15","0,85","0,8","18","-8","-14"
"trouvere_female_riding","11","9","0,82","1,02","1,2","-18","0","24"
"trouvere_female_riding","12","9","0,78","1,18","0,82","-20","22","-18"
"trouvere_female_riding","13","9","1,2","0,92","1,15","22","-4","18"
"trouvere_female_riding","14","9","0,82","1,15","1,16","-20","18","20"
"trouvere_female_riding","15","9","1,18","1,06","0,72","22","12","-28"
"trouvere_female_riding","16","6","1,2","0,76","0,72","28","-18","-22"
"trouvere_female_riding","17","6","0,72","0,96","1,22","-28","-2","30"
"trouvere_female_riding","18","1","0,78","0,88","1,18","-24","-10","28"
"trouvere_female_riding","19","1","1,18","0,82","1,02","26","-16","8"
"trouvere_female_riding","20","1","0,74","1,12","0,92","-26","18","-8"
"trouvere_riding_¿©","10","9","1,15","0,85","0,8","18","-8","-14"
"trouvere_riding_¿©","11","9","0,82","1,02","1,2","-18","0","24"
"trouvere_riding_¿©","12","9","0,78","1,18","0,82","-20","22","-18"
"trouvere_riding_¿©","13","9","1,2","0,92","1,15","22","-4","18"
"trouvere_riding_¿©","14","9","0,82","1,15","1,16","-20","18","20"
"trouvere_riding_¿©","15","9","1,18","1,06","0,72","22","12","-28"
"trouvere_riding_¿©","16","6","1,2","0,76","0,72","28","-18","-22"
"trouvere_riding_¿©","17","6","0,72","0,96","1,22","-28","-2","30"
"trouvere_riding_¿©","18","1","0,78","0,88","1,18","-24","-10","28"
"trouvere_riding_¿©","19","1","1,18","0,82","1,02","26","-16","8"
"trouvere_riding_¿©","20","1","0,74","1,12","0,92","-26","18","-8"
"trouvere_¿©","10","9","1,15","0,85","0,8","18","-8","-14"
"trouvere_¿©","11","9","0,82","1,02","1,2","-18","0","24"
"trouvere_¿©","12","9","0,78","1,18","0,82","-20","22","-18"
"trouvere_¿©","13","9","1,2","0,92","1,15","22","-4","18"
"trouvere_¿©","14","9","0,82","1,15","1,16","-20","18","20"
"trouvere_¿©","15","9","1,18","1,06","0,72","22","12","-28"
"trouvere_¿©","16","6","1,2","0,76","0,72","28","-18","-22"
"trouvere_¿©","17","6","0,72","0,96","1,22","-28","-2","30"
"trouvere_¿©","18","1","0,78","0,88","1,18","-24","-10","28"
"trouvere_¿©","19","1","1,18","0,82","1,02","26","-16","8"
"trouvere_¿©","20","1","0,74","1,12","0,92","-26","18","-8"
"wanderer_female","10","9","1,15","0,85","0,8","18","-8","-14"
"wanderer_female","11","9","0,82","1,02","1,2","-18","0","24"
"wanderer_female","12","9","0,78","1,18","0,82","-20","22","-18"
"wanderer_female","13","9","1,2","0,92","1,15","22","-4","18"
"wanderer_female","14","9","0,82","1,15","1,16","-20","18","20"
"wanderer_female","15","9","1,18","1,06","0,72","22","12","-28"
"wanderer_female","16","6","1,2","0,76","0,72","28","-18","-22"
"wanderer_female","17","6","0,72","0,96","1,22","-28","-2","30"
"wanderer_female","18","1","0,78","0,88","1,18","-24","-10","28"
"wanderer_female","19","1","1,18","0,82","1,02","26","-16","8"
"wanderer_female","20","1","0,74","1,12","0,92","-26","18","-8"
"warlock_female","10","9","1,15","0,85","0,8","18","-8","-14"
"warlock_female","11","9","0,82","1,02","1,2","-18","0","24"
"warlock_female","12","9","0,78","1,18","0,82","-20","22","-18"
"warlock_female","13","9","1,2","0,92","1,15","22","-4","18"
"warlock_female","14","9","0,82","1,15","1,16","-20","18","20"
"warlock_female","15","9","1,18","1,06","0,72","22","12","-28"
"warlock_female","16","6","1,2","0,76","0,72","28","-18","-22"
"warlock_female","17","6","0,72","0,96","1,22","-28","-2","30"
"warlock_female","18","1","0,78","0,88","1,18","-24","-10","28"
"warlock_female","19","1","1,18","0,82","1,02","26","-16","8"
"warlock_female","20","1","0,74","1,12","0,92","-26","18","-8"
"warlock_male","10","9","1,15","0,85","0,8","18","-8","-14"
"warlock_male","11","9","0,82","1,02","1,2","-18","0","24"
"warlock_male","12","9","0,78","1,18","0,82","-20","22","-18"
"warlock_male","13","9","1,2","0,92","1,15","22","-4","18"
"warlock_male","14","9","0,82","1,15","1,16","-20","18","20"
"warlock_male","15","9","1,18","1,06","0,72","22","12","-28"
"warlock_male","16","6","1,2","0,76","0,72","28","-18","-22"
"warlock_male","17","6","0,72","0,96","1,22","-28","-2","30"
"warlock_male","18","1","0,78","0,88","1,18","-24","-10","28"
"warlock_male","19","1","1,18","0,82","1,02","26","-16","8"
"warlock_male","20","1","0,74","1,12","0,92","-26","18","-8"
"whitesmith_female","10","9","1,15","0,85","0,8","18","-8","-14"
"whitesmith_female","11","9","0,82","1,02","1,2","-18","0","24"
"whitesmith_female","12","9","0,78","1,18","0,82","-20","22","-18"
"whitesmith_female","13","9","1,2","0,92","1,15","22","-4","18"
"whitesmith_female","14","9","0,82","1,15","1,16","-20","18","20"
"whitesmith_female","15","9","1,18","1,06","0,72","22","12","-28"
"whitesmith_female","16","6","1,2","0,76","0,72","28","-18","-22"
"whitesmith_female","17","6","0,72","0,96","1,22","-28","-2","30"
"whitesmith_female","18","1","0,78","0,88","1,18","-24","-10","28"
"whitesmith_female","19","1","1,18","0,82","1,02","26","-16","8"
"whitesmith_female","20","1","0,74","1,12","0,92","-26","18","-8"
"whitesmith_female_riding","10","9","1,15","0,85","0,8","18","-8","-14"
"whitesmith_female_riding","11","9","0,82","1,02","1,2","-18","0","24"
"whitesmith_female_riding","12","9","0,78","1,18","0,82","-20","22","-18"
"whitesmith_female_riding","13","9","1,2","0,92","1,15","22","-4","18"
"whitesmith_female_riding","14","9","0,82","1,15","1,16","-20","18","20"
"whitesmith_female_riding","15","9","1,18","1,06","0,72","22","12","-28"
"whitesmith_female_riding","16","6","1,2","0,76","0,72","28","-18","-22"
"whitesmith_female_riding","17","6","0,72","0,96","1,22","-28","-2","30"
"whitesmith_female_riding","18","1","0,78","0,88","1,18","-24","-10","28"
"whitesmith_female_riding","19","1","1,18","0,82","1,02","26","-16","8"
"whitesmith_female_riding","20","1","0,74","1,12","0,92","-26","18","-8"
"whitesmith_male","10","9","1,15","0,85","0,8","18","-8","-14"
"whitesmith_male","11","9","0,82","1,02","1,2","-18","0","24"
"whitesmith_male","12","9","0,78","1,18","0,82","-20","22","-18"
"whitesmith_male","13","9","1,2","0,92","1,15","22","-4","18"
"whitesmith_male","14","9","0,82","1,15","1,16","-20","18","20"
"whitesmith_male","15","9","1,18","1,06","0,72","22","12","-28"
"whitesmith_male","16","6","1,2","0,76","0,72","28","-18","-22"
"whitesmith_male","17","6","0,72","0,96","1,22","-28","-2","30"
"whitesmith_male","18","1","0,78","0,88","1,18","-24","-10","28"
"whitesmith_male","19","1","1,18","0,82","1,02","26","-16","8"
"whitesmith_male","20","1","0,74","1,12","0,92","-26","18","-8"
"whitesmith_male_riding","10","9","1,15","0,85","0,8","18","-8","-14"
"whitesmith_male_riding","11","9","0,82","1,02","1,2","-18","0","24"
"whitesmith_male_riding","12","9","0,78","1,18","0,82","-20","22","-18"
"whitesmith_male_riding","13","9","1,2","0,92","1,15","22","-4","18"
"whitesmith_male_riding","14","9","0,82","1,15","1,16","-20","18","20"
"whitesmith_male_riding","15","9","1,18","1,06","0,72","22","12","-28"
"whitesmith_male_riding","16","6","1,2","0,76","0,72","28","-18","-22"
"whitesmith_male_riding","17","6","0,72","0,96","1,22","-28","-2","30"
"whitesmith_male_riding","18","1","0,78","0,88","1,18","-24","-10","28"
"whitesmith_male_riding","19","1","1,18","0,82","1,02","26","-16","8"
"whitesmith_male_riding","20","1","0,74","1,12","0,92","-26","18","-8"
"windhawk_female","10","9","1,15","0,85","0,8","18","-8","-14"
"windhawk_female","11","9","0,82","1,02","1,2","-18","0","24"
"windhawk_female","12","9","0,78","1,18","0,82","-20","22","-18"
"windhawk_female","13","9","1,2","0,92","1,15","22","-4","18"
"windhawk_female","14","9","0,82","1,15","1,16","-20","18","20"
"windhawk_female","15","9","1,18","1,06","0,72","22","12","-28"
"windhawk_female","16","6","1,2","0,76","0,72","28","-18","-22"
"windhawk_female","17","6","0,72","0,96","1,22","-28","-2","30"
"windhawk_female","18","1","0,78","0,88","1,18","-24","-10","28"
"windhawk_female","19","1","1,18","0,82","1,02","26","-16","8"
"windhawk_female","20","1","0,74","1,12","0,92","-26","18","-8"
"windhawk_female_riding","10","9","1,15","0,85","0,8","18","-8","-14"
"windhawk_female_riding","11","9","0,82","1,02","1,2","-18","0","24"
"windhawk_female_riding","12","9","0,78","1,18","0,82","-20","22","-18"
"windhawk_female_riding","13","9","1,2","0,92","1,15","22","-4","18"
"windhawk_female_riding","14","9","0,82","1,15","1,16","-20","18","20"
"windhawk_female_riding","15","9","1,18","1,06","0,72","22","12","-28"
"windhawk_female_riding","16","6","1,2","0,76","0,72","28","-18","-22"
"windhawk_female_riding","17","6","0,72","0,96","1,22","-28","-2","30"
"windhawk_female_riding","18","1","0,78","0,88","1,18","-24","-10","28"
"windhawk_female_riding","19","1","1,18","0,82","1,02","26","-16","8"
"windhawk_female_riding","20","1","0,74","1,12","0,92","-26","18","-8"
"windhawk_male","10","9","1,15","0,85","0,8","18","-8","-14"
"windhawk_male","11","9","0,82","1,02","1,2","-18","0","24"
"windhawk_male","12","9","0,78","1,18","0,82","-20","22","-18"
"windhawk_male","13","9","1,2","0,92","1,15","22","-4","18"
"windhawk_male","14","9","0,82","1,15","1,16","-20","18","20"
"windhawk_male","15","9","1,18","1,06","0,72","22","12","-28"
"windhawk_male","16","6","1,2","0,76","0,72","28","-18","-22"
"windhawk_male","17","6","0,72","0,96","1,22","-28","-2","30"
"windhawk_male","18","1","0,78","0,88","1,18","-24","-10","28"
"windhawk_male","19","1","1,18","0,82","1,02","26","-16","8"
"windhawk_male","20","1","0,74","1,12","0,92","-26","18","-8"
"windhawk_male_riding","10","9","1,15","0,85","0,8","18","-8","-14"
"windhawk_male_riding","11","9","0,82","1,02","1,2","-18","0","24"
"windhawk_male_riding","12","9","0,78","1,18","0,82","-20","22","-18"
"windhawk_male_riding","13","9","1,2","0,92","1,15","22","-4","18"
"windhawk_male_riding","14","9","0,82","1,15","1,16","-20","18","20"
"windhawk_male_riding","15","9","1,18","1,06","0,72","22","12","-28"
"windhawk_male_riding","16","6","1,2","0,76","0,72","28","-18","-22"
"windhawk_male_riding","17","6","0,72","0,96","1,22","-28","-2","30"
"windhawk_male_riding","18","1","0,78","0,88","1,18","-24","-10","28"
"windhawk_male_riding","19","1","1,18","0,82","1,02","26","-16","8"
"windhawk_male_riding","20","1","0,74","1,12","0,92","-26","18","-8"
"windhawk_riding_³²","10","9","1,15","0,85","0,8","18","-8","-14"
"windhawk_riding_³²","11","9","0,82","1,02","1,2","-18","0","24"
"windhawk_riding_³²","12","9","0,78","1,18","0,82","-20","22","-18"
"windhawk_riding_³²","13","9","1,2","0,92","1,15","22","-4","18"
"windhawk_riding_³²","14","9","0,82","1,15","1,16","-20","18","20"
"windhawk_riding_³²","15","9","1,18","1,06","0,72","22","12","-28"
"windhawk_riding_³²","16","6","1,2","0,76","0,72","28","-18","-22"
"windhawk_riding_³²","17","6","0,72","0,96","1,22","-28","-2","30"
"windhawk_riding_³²","18","1","0,78","0,88","1,18","-24","-10","28"
"windhawk_riding_³²","19","1","1,18","0,82","1,02","26","-16","8"
"windhawk_riding_³²","20","1","0,74","1,12","0,92","-26","18","-8"
"windhawk_riding_¿©","10","9","1,15","0,85","0,8","18","-8","-14"
"windhawk_riding_¿©","11","9","0,82","1,02","1,2","-18","0","24"
"windhawk_riding_¿©","12","9","0,78","1,18","0,82","-20","22","-18"
"windhawk_riding_¿©","13","9","1,2","0,92","1,15","22","-4","18"
"windhawk_riding_¿©","14","9","0,82","1,15","1,16","-20","18","20"
"windhawk_riding_¿©","15","9","1,18","1,06","0,72","22","12","-28"
"windhawk_riding_¿©","16","6","1,2","0,76","0,72","28","-18","-22"
"windhawk_riding_¿©","17","6","0,72","0,96","1,22","-28","-2","30"
"windhawk_riding_¿©","18","1","0,78","0,88","1,18","-24","-10","28"
"windhawk_riding_¿©","19","1","1,18","0,82","1,02","26","-16","8"
"windhawk_riding_¿©","20","1","0,74","1,12","0,92","-26","18","-8"
"windhawk_³²","10","9","1,15","0,85","0,8","18","-8","-14"
"windhawk_³²","11","9","0,82","1,02","1,2","-18","0","24"
"windhawk_³²","12","9","0,78","1,18","0,82","-20","22","-18"
"windhawk_³²","13","9","1,2","0,92","1,15","22","-4","18"
"windhawk_³²","14","9","0,82","1,15","1,16","-20","18","20"
"windhawk_³²","15","9","1,18","1,06","0,72","22","12","-28"
"windhawk_³²","16","6","1,2","0,76","0,72","28","-18","-22"
"windhawk_³²","17","6","0,72","0,96","1,22","-28","-2","30"
"windhawk_³²","18","1","0,78","0,88","1,18","-24","-10","28"
"windhawk_³²","19","1","1,18","0,82","1,02","26","-16","8"
"windhawk_³²","20","1","0,74","1,12","0,92","-26","18","-8"
"windhawk_¿©","10","9","1,15","0,85","0,8","18","-8","-14"
"windhawk_¿©","11","9","0,82","1,02","1,2","-18","0","24"
"windhawk_¿©","12","9","0,78","1,18","0,82","-20","22","-18"
"windhawk_¿©","13","9","1,2","0,92","1,15","22","-4","18"
"windhawk_¿©","14","9","0,82","1,15","1,16","-20","18","20"
"windhawk_¿©","15","9","1,18","1,06","0,72","22","12","-28"
"windhawk_¿©","16","6","1,2","0,76","0,72","28","-18","-22"
"windhawk_¿©","17","6","0,72","0,96","1,22","-28","-2","30"
"windhawk_¿©","18","1","0,78","0,88","1,18","-24","-10","28"
"windhawk_¿©","19","1","1,18","0,82","1,02","26","-16","8"
"windhawk_¿©","20","1","0,74","1,12","0,92","-26","18","-8"
"wizard_female","10","9","1,15","0,85","0,8","18","-8","-14"
"wizard_female","11","9","0,82","1,02","1,2","-18","0","24"
"wizard_female","12","9","0,78","1,18","0,82","-20","22","-18"
"wizard_female","13","9","1,2","0,92","1,15","22","-4","18"
"wizard_female","14","9","0,82","1,15","1,16","-20","18","20"
"wizard_female","15","9","1,18","1,06","0,72","22","12","-28"
"wizard_female","16","6","1,2","0,76","0,72","28","-18","-22"
"wizard_female","17","6","0,72","0,96","1,22","-28","-2","30"
"wizard_female","18","1","0,78","0,88","1,18","-24","-10","28"
"wizard_female","19","1","1,18","0,82","1,02","26","-16","8"
"wizard_female","20","1","0,74","1,12","0,92","-26","18","-8"
"wizard_male","10","9","1,15","0,85","0,8","18","-8","-14"
"wizard_male","11","9","0,82","1,02","1,2","-18","0","24"
"wizard_male","12","9","0,78","1,18","0,82","-20","22","-18"
"wizard_male","13","9","1,2","0,92","1,15","22","-4","18"
"wizard_male","14","9","0,82","1,15","1,16","-20","18","20"
"wizard_male","15","9","1,18","1,06","0,72","22","12","-28"
"wizard_male","16","6","1,2","0,76","0,72","28","-18","-22"
"wizard_male","17","6","0,72","0,96","1,22","-28","-2","30"
"wizard_male","18","1","0,78","0,88","1,18","-24","-10","28"
"wizard_male","19","1","1,18","0,82","1,02","26","-16","8"
"wizard_male","20","1","0,74","1,12","0,92","-26","18","-8"
"wolf_windhawk_female","10","9","1,15","0,85","0,8","18","-8","-14"
"wolf_windhawk_female","11","9","0,82","1,02","1,2","-18","0","24"
"wolf_windhawk_female","12","9","0,78","1,18","0,82","-20","22","-18"
"wolf_windhawk_female","13","9","1,2","0,92","1,15","22","-4","18"
"wolf_windhawk_female","14","9","0,82","1,15","1,16","-20","18","20"
"wolf_windhawk_female","15","9","1,18","1,06","0,72","22","12","-28"
"wolf_windhawk_female","16","6","1,2","0,76","0,72","28","-18","-22"
"wolf_windhawk_female","17","6","0,72","0,96","1,22","-28","-2","30"
"wolf_windhawk_female","18","1","0,78","0,88","1,18","-24","-10","28"
"wolf_windhawk_female","19","1","1,18","0,82","1,02","26","-16","8"
"wolf_windhawk_female","20","1","0,74","1,12","0,92","-26","18","-8"
"wolf_windhawk_male","10","9","1,15","0,85","0,8","18","-8","-14"
"wolf_windhawk_male","11","9","0,82","1,02","1,2","-18","0","24"
"wolf_windhawk_male","12","9","0,78","1,18","0,82","-20","22","-18"
"wolf_windhawk_male","13","9","1,2","0,92","1,15","22","-4","18"
"wolf_windhawk_male","14","9","0,82","1,15","1,16","-20","18","20"
"wolf_windhawk_male","15","9","1,18","1,06","0,72","22","12","-28"
"wolf_windhawk_male","16","6","1,2","0,76","0,72","28","-18","-22"
"wolf_windhawk_male","17","6","0,72","0,96","1,22","-28","-2","30"
"wolf_windhawk_male","18","1","0,78","0,88","1,18","-24","-10","28"
"wolf_windhawk_male","19","1","1,18","0,82","1,02","26","-16","8"
"wolf_windhawk_male","20","1","0,74","1,12","0,92","-26","18","-8"
"wolf_windhawk_³²","10","9","1,15","0,85","0,8","18","-8","-14"
"wolf_windhawk_³²","11","9","0,82","1,02","1,2","-18","0","24"
"wolf_windhawk_³²","12","9","0,78","1,18","0,82","-20","22","-18"
"wolf_windhawk_³²","13","9","1,2","0,92","1,15","22","-4","18"
"wolf_windhawk_³²","14","9","0,82","1,15","1,16","-20","18","20"
"wolf_windhawk_³²","15","9","1,18","1,06","0,72","22","12","-28"
"wolf_windhawk_³²","16","6","1,2","0,76","0,72","28","-18","-22"
"wolf_windhawk_³²","17","6","0,72","0,96","1,22","-28","-2","30"
"wolf_windhawk_³²","18","1","0,78","0,88","1,18","-24","-10","28"
"wolf_windhawk_³²","19","1","1,18","0,82","1,02","26","-16","8"
"wolf_windhawk_³²","20","1","0,74","1,12","0,92","-26","18","-8"
"wolf_windhawk_¿©","10","9","1,15","0,85","0,8","18","-8","-14"
"wolf_windhawk_¿©","11","9","0,82","1,02","1,2","-18","0","24"
"wolf_windhawk_¿©","12","9","0,78","1,18","0,82","-20","22","-18"
"wolf_windhawk_¿©","13","9","1,2","0,92","1,15","22","-4","18"
"wolf_windhawk_¿©","14","9","0,82","1,15","1,16","-20","18","20"
"wolf_windhawk_¿©","15","9","1,18","1,06","0,72","22","12","-28"
"wolf_windhawk_¿©","16","6","1,2","0,76","0,72","28","-18","-22"
"wolf_windhawk_¿©","17","6","0,72","0,96","1,22","-28","-2","30"
"wolf_windhawk_¿©","18","1","0,78","0,88","1,18","-24","-10","28"
"wolf_windhawk_¿©","19","1","1,18","0,82","1,02","26","-16","8"
"wolf_windhawk_¿©","20","1","0,74","1,12","0,92","-26","18","-8"
"°áÈ¥_³²","10","9","1,15","0,85","0,8","18","-8","-14"
"°áÈ¥_³²","11","9","0,82","1,02","1,2","-18","0","24"
"°áÈ¥_³²","12","9","0,78","1,18","0,82","-20","22","-18"
"°áÈ¥_³²","13","9","1,2","0,92","1,15","22","-4","18"
"°áÈ¥_³²","14","9","0,82","1,15","1,16","-20","18","20"
"°áÈ¥_³²","15","9","1,18","1,06","0,72","22","12","-28"
"°áÈ¥_³²","16","6","1,2","0,76","0,72","28","-18","-22"
"°áÈ¥_³²","17","6","0,72","0,96","1,22","-28","-2","30"
"°áÈ¥_³²","18","1","0,78","0,88","1,18","-24","-10","28"
"°áÈ¥_³²","19","1","1,18","0,82","1,02","26","-16","8"
"°áÈ¥_³²","20","1","0,74","1,12","0,92","-26","18","-8"
"°áÈ¥_¿©","10","9","1,15","0,85","0,8","18","-8","-14"
"°áÈ¥_¿©","11","9","0,82","1,02","1,2","-18","0","24"
"°áÈ¥_¿©","12","9","0,78","1,18","0,82","-20","22","-18"
"°áÈ¥_¿©","13","9","1,2","0,92","1,15","22","-4","18"
"°áÈ¥_¿©","14","9","0,82","1,15","1,16","-20","18","20"
"°áÈ¥_¿©","15","9","1,18","1,06","0,72","22","12","-28"
"°áÈ¥_¿©","16","6","1,2","0,76","0,72","28","-18","-22"
"°áÈ¥_¿©","17","6","0,72","0,96","1,22","-28","-2","30"
"°áÈ¥_¿©","18","1","0,78","0,88","1,18","-24","-10","28"
"°áÈ¥_¿©","19","1","1,18","0,82","1,02","26","-16","8"
"°áÈ¥_¿©","20","1","0,74","1,12","0,92","-26","18","-8"
"°Ç³Ê_³²","10","9","1,15","0,85","0,8","18","-8","-14"
"°Ç³Ê_³²","11","9","0,82","1,02","1,2","-18","0","24"
"°Ç³Ê_³²","12","9","0,78","1,18","0,82","-20","22","-18"
"°Ç³Ê_³²","13","9","1,2","0,92","1,15","22","-4","18"
"°Ç³Ê_³²","14","9","0,82","1,15","1,16","-20","18","20"
"°Ç³Ê_³²","15","9","1,18","1,06","0,72","22","12","-28"
"°Ç³Ê_³²","16","6","1,2","0,76","0,72","28","-18","-22"
"°Ç³Ê_³²","17","6","0,72","0,96","1,22","-28","-2","30"
"°Ç³Ê_³²","18","1","0,78","0,88","1,18","-24","-10","28"
"°Ç³Ê_³²","19","1","1,18","0,82","1,02","26","-16","8"
"°Ç³Ê_³²","20","1","0,74","1,12","0,92","-26","18","-8"
"°Ç³Ê_¿©","10","9","1,15","0,85","0,8","18","-8","-14"
"°Ç³Ê_¿©","11","9","0,82","1,02","1,2","-18","0","24"
"°Ç³Ê_¿©","12","9","0,78","1,18","0,82","-20","22","-18"
"°Ç³Ê_¿©","13","9","1,2","0,92","1,15","22","-4","18"
"°Ç³Ê_¿©","14","9","0,82","1,15","1,16","-20","18","20"
"°Ç³Ê_¿©","15","9","1,18","1,06","0,72","22","12","-28"
"°Ç³Ê_¿©","16","6","1,2","0,76","0,72","28","-18","-22"
"°Ç³Ê_¿©","17","6","0,72","0,96","1,22","-28","-2","30"
"°Ç³Ê_¿©","18","1","0,78","0,88","1,18","-24","-10","28"
"°Ç³Ê_¿©","19","1","1,18","0,82","1,02","26","-16","8"
"°Ç³Ê_¿©","20","1","0,74","1,12","0,92","-26","18","-8"
"°Ë»ç_³²","10","9","1,15","0,85","0,8","18","-8","-14"
"°Ë»ç_³²","11","9","0,82","1,02","1,2","-18","0","24"
"°Ë»ç_³²","12","9","0,78","1,18","0,82","-20","22","-18"
"°Ë»ç_³²","13","9","1,2","0,92","1,15","22","-4","18"
"°Ë»ç_³²","14","9","0,82","1,15","1,16","-20","18","20"
"°Ë»ç_³²","15","9","1,18","1,06","0,72","22","12","-28"
"°Ë»ç_³²","16","6","1,2","0,76","0,72","28","-18","-22"
"°Ë»ç_³²","17","6","0,72","0,96","1,22","-28","-2","30"
"°Ë»ç_³²","18","1","0,78","0,88","1,18","-24","-10","28"
"°Ë»ç_³²","19","1","1,18","0,82","1,02","26","-16","8"
"°Ë»ç_³²","20","1","0,74","1,12","0,92","-26","18","-8"
"°Ë»ç_¿©","10","9","1,15","0,85","0,8","18","-8","-14"
"°Ë»ç_¿©","11","9","0,82","1,02","1,2","-18","0","24"
"°Ë»ç_¿©","12","9","0,78","1,18","0,82","-20","22","-18"
"°Ë»ç_¿©","13","9","1,2","0,92","1,15","22","-4","18"
"°Ë»ç_¿©","14","9","0,82","1,15","1,16","-20","18","20"
"°Ë»ç_¿©","15","9","1,18","1,06","0,72","22","12","-28"
"°Ë»ç_¿©","16","6","1,2","0,76","0,72","28","-18","-22"
"°Ë»ç_¿©","17","6","0,72","0,96","1,22","-28","-2","30"
"°Ë»ç_¿©","18","1","0,78","0,88","1,18","-24","-10","28"
"°Ë»ç_¿©","19","1","1,18","0,82","1,02","26","-16","8"
"°Ë»ç_¿©","20","1","0,74","1,12","0,92","-26","18","-8"
"°Ë»çÆäÄÚ_³²","10","9","1,15","0,85","0,8","18","-8","-14"
"°Ë»çÆäÄÚ_³²","11","9","0,82","1,02","1,2","-18","0","24"
"°Ë»çÆäÄÚ_³²","12","9","0,78","1,18","0,82","-20","22","-18"
"°Ë»çÆäÄÚ_³²","13","9","1,2","0,92","1,15","22","-4","18"
"°Ë»çÆäÄÚ_³²","14","9","0,82","1,15","1,16","-20","18","20"
"°Ë»çÆäÄÚ_³²","15","9","1,18","1,06","0,72","22","12","-28"
"°Ë»çÆäÄÚ_³²","16","6","1,2","0,76","0,72","28","-18","-22"
"°Ë»çÆäÄÚ_³²","17","6","0,72","0,96","1,22","-28","-2","30"
"°Ë»çÆäÄÚ_³²","18","1","0,78","0,88","1,18","-24","-10","28"
"°Ë»çÆäÄÚ_³²","19","1","1,18","0,82","1,02","26","-16","8"
"°Ë»çÆäÄÚ_³²","20","1","0,74","1,12","0,92","-26","18","-8"
"°Ë»çÆäÄÚ_¿©","10","9","1,15","0,85","0,8","18","-8","-14"
"°Ë»çÆäÄÚ_¿©","11","9","0,82","1,02","1,2","-18","0","24"
"°Ë»çÆäÄÚ_¿©","12","9","0,78","1,18","0,82","-20","22","-18"
"°Ë»çÆäÄÚ_¿©","13","9","1,2","0,92","1,15","22","-4","18"
"°Ë»çÆäÄÚ_¿©","14","9","0,82","1,15","1,16","-20","18","20"
"°Ë»çÆäÄÚ_¿©","15","9","1,18","1,06","0,72","22","12","-28"
"°Ë»çÆäÄÚ_¿©","16","6","1,2","0,76","0,72","28","-18","-22"
"°Ë»çÆäÄÚ_¿©","17","6","0,72","0,96","1,22","-28","-2","30"
"°Ë»çÆäÄÚ_¿©","18","1","0,78","0,88","1,18","-24","-10","28"
"°Ë»çÆäÄÚ_¿©","19","1","1,18","0,82","1,02","26","-16","8"
"°Ë»çÆäÄÚ_¿©","20","1","0,74","1,12","0,92","-26","18","-8"
"±â»ç_³²","10","9","1,15","0,85","0,8","18","-8","-14"
"±â»ç_³²","11","9","0,82","1,02","1,2","-18","0","24"
"±â»ç_³²","12","9","0,78","1,18","0,82","-20","22","-18"
"±â»ç_³²","13","9","1,2","0,92","1,15","22","-4","18"
"±â»ç_³²","14","9","0,82","1,15","1,16","-20","18","20"
"±â»ç_³²","15","9","1,18","1,06","0,72","22","12","-28"
"±â»ç_³²","16","6","1,2","0,76","0,72","28","-18","-22"
"±â»ç_³²","17","6","0,72","0,96","1,22","-28","-2","30"
"±â»ç_³²","18","1","0,78","0,88","1,18","-24","-10","28"
"±â»ç_³²","19","1","1,18","0,82","1,02","26","-16","8"
"±â»ç_³²","20","1","0,74","1,12","0,92","-26","18","-8"
"±â»ç_¿©","10","9","1,15","0,85","0,8","18","-8","-14"
"±â»ç_¿©","11","9","0,82","1,02","1,2","-18","0","24"
"±â»ç_¿©","12","9","0,78","1,18","0,82","-20","22","-18"
"±â»ç_¿©","13","9","1,2","0,92","1,15","22","-4","18"
"±â»ç_¿©","14","9","0,82","1,15","1,16","-20","18","20"
"±â»ç_¿©","15","9","1,18","1,06","0,72","22","12","-28"
"±â»ç_¿©","16","6","1,2","0,76","0,72","28","-18","-22"
"±â»ç_¿©","17","6","0,72","0,96","1,22","-28","-2","30"
"±â»ç_¿©","18","1","0,78","0,88","1,18","-24","-10","28"
"±â»ç_¿©","19","1","1,18","0,82","1,02","26","-16","8"
"±â»ç_¿©","20","1","0,74","1,12","0,92","-26","18","-8"
"±Ã¼ö_³²","10","9","1,15","0,85","0,8","18","-8","-14"
"±Ã¼ö_³²","11","9","0,82","1,02","1,2","-18","0","24"
"±Ã¼ö_³²","12","9","0,78","1,18","0,82","-20","22","-18"
"±Ã¼ö_³²","13","9","1,2","0,92","1,15","22","-4","18"
"±Ã¼ö_³²","14","9","0,82","1,15","1,16","-20","18","20"
"±Ã¼ö_³²","15","9","1,18","1,06","0,72","22","12","-28"
"±Ã¼ö_³²","16","6","1,2","0,76","0,72","28","-18","-22"
"±Ã¼ö_³²","17","6","0,72","0,96","1,22","-28","-2","30"
"±Ã¼ö_³²","18","1","0,78","0,88","1,18","-24","-10","28"
"±Ã¼ö_³²","19","1","1,18","0,82","1,02","26","-16","8"
"±Ã¼ö_³²","20","1","0,74","1,12","0,92","-26","18","-8"
"±Ã¼ö_¿©","10","9","1,15","0,85","0,8","18","-8","-14"
"±Ã¼ö_¿©","11","9","0,82","1,02","1,2","-18","0","24"
"±Ã¼ö_¿©","12","9","0,78","1,18","0,82","-20","22","-18"
"±Ã¼ö_¿©","13","9","1,2","0,92","1,15","22","-4","18"
"±Ã¼ö_¿©","14","9","0,82","1,15","1,16","-20","18","20"
"±Ã¼ö_¿©","15","9","1,18","1,06","0,72","22","12","-28"
"±Ã¼ö_¿©","16","6","1,2","0,76","0,72","28","-18","-22"
"±Ã¼ö_¿©","17","6","0,72","0,96","1,22","-28","-2","30"
"±Ã¼ö_¿©","18","1","0,78","0,88","1,18","-24","-10","28"
"±Ã¼ö_¿©","19","1","1,18","0,82","1,02","26","-16","8"
"±Ã¼ö_¿©","20","1","0,74","1,12","0,92","-26","18","-8"
"±æ·ÎÆ¾Å©·Î½º_³²","10","9","1,15","0,85","0,8","18","-8","-14"
"±æ·ÎÆ¾Å©·Î½º_³²","11","9","0,82","1,02","1,2","-18","0","24"
"±æ·ÎÆ¾Å©·Î½º_³²","12","9","0,78","1,18","0,82","-20","22","-18"
"±æ·ÎÆ¾Å©·Î½º_³²","13","9","1,2","0,92","1,15","22","-4","18"
"±æ·ÎÆ¾Å©·Î½º_³²","14","9","0,82","1,15","1,16","-20","18","20"
"±æ·ÎÆ¾Å©·Î½º_³²","15","9","1,18","1,06","0,72","22","12","-28"
"±æ·ÎÆ¾Å©·Î½º_³²","16","6","1,2","0,76","0,72","28","-18","-22"
"±æ·ÎÆ¾Å©·Î½º_³²","17","6","0,72","0,96","1,22","-28","-2","30"
"±æ·ÎÆ¾Å©·Î½º_³²","18","1","0,78","0,88","1,18","-24","-10","28"
"±æ·ÎÆ¾Å©·Î½º_³²","19","1","1,18","0,82","1,02","26","-16","8"
"±æ·ÎÆ¾Å©·Î½º_³²","20","1","0,74","1,12","0,92","-26","18","-8"
"±æ·ÎÆ¾Å©·Î½º_¿©","10","9","1,15","0,85","0,8","18","-8","-14"
"±æ·ÎÆ¾Å©·Î½º_¿©","11","9","0,82","1,02","1,2","-18","0","24"
"±æ·ÎÆ¾Å©·Î½º_¿©","12","9","0,78","1,18","0,82","-20","22","-18"
"±æ·ÎÆ¾Å©·Î½º_¿©","13","9","1,2","0,92","1,15","22","-4","18"
"±æ·ÎÆ¾Å©·Î½º_¿©","14","9","0,82","1,15","1,16","-20","18","20"
"±æ·ÎÆ¾Å©·Î½º_¿©","15","9","1,18","1,06","0,72","22","12","-28"
"±æ·ÎÆ¾Å©·Î½º_¿©","16","6","1,2","0,76","0,72","28","-18","-22"
"±æ·ÎÆ¾Å©·Î½º_¿©","17","6","0,72","0,96","1,22","-28","-2","30"
"±æ·ÎÆ¾Å©·Î½º_¿©","18","1","0,78","0,88","1,18","-24","-10","28"
"±æ·ÎÆ¾Å©·Î½º_¿©","19","1","1,18","0,82","1,02","26","-16","8"
"±æ·ÎÆ¾Å©·Î½º_¿©","20","1","0,74","1,12","0,92","-26","18","-8"
"±Ç¼º_³²","10","9","1,15","0,85","0,8","18","-8","-14"
"±Ç¼º_³²","11","9","0,82","1,02","1,2","-18","0","24"
"±Ç¼º_³²","12","9","0,78","1,18","0,82","-20","22","-18"
"±Ç¼º_³²","13","9","1,2","0,92","1,15","22","-4","18"
"±Ç¼º_³²","14","9","0,82","1,15","1,16","-20","18","20"
"±Ç¼º_³²","15","9","1,18","1,06","0,72","22","12","-28"
"±Ç¼º_³²","16","6","1,2","0,76","0,72","28","-18","-22"
"±Ç¼º_³²","17","6","0,72","0,96","1,22","-28","-2","30"
"±Ç¼º_³²","18","1","0,78","0,88","1,18","-24","-10","28"
"±Ç¼º_³²","19","1","1,18","0,82","1,02","26","-16","8"
"±Ç¼º_³²","20","1","0,74","1,12","0,92","-26","18","-8"
"±Ç¼º_¿©","10","9","1,15","0,85","0,8","18","-8","-14"
"±Ç¼º_¿©","11","9","0,82","1,02","1,2","-18","0","24"
"±Ç¼º_¿©","12","9","0,78","1,18","0,82","-20","22","-18"
"±Ç¼º_¿©","13","9","1,2","0,92","1,15","22","-4","18"
"±Ç¼º_¿©","14","9","0,82","1,15","1,16","-20","18","20"
"±Ç¼º_¿©","15","9","1,18","1,06","0,72","22","12","-28"
"±Ç¼º_¿©","16","6","1,2","0,76","0,72","28","-18","-22"
"±Ç¼º_¿©","17","6","0,72","0,96","1,22","-28","-2","30"
"±Ç¼º_¿©","18","1","0,78","0,88","1,18","-24","-10","28"
"±Ç¼º_¿©","19","1","1,18","0,82","1,02","26","-16","8"
"±Ç¼º_¿©","20","1","0,74","1,12","0,92","-26","18","-8"
"±Ç¼ºÀ¶ÇÕ_³²","10","9","1,15","0,85","0,8","18","-8","-14"
"±Ç¼ºÀ¶ÇÕ_³²","11","9","0,82","1,02","1,2","-18","0","24"
"±Ç¼ºÀ¶ÇÕ_³²","12","9","0,78","1,18","0,82","-20","22","-18"
"±Ç¼ºÀ¶ÇÕ_³²","13","9","1,2","0,92","1,15","22","-4","18"
"±Ç¼ºÀ¶ÇÕ_³²","14","9","0,82","1,15","1,16","-20","18","20"
"±Ç¼ºÀ¶ÇÕ_³²","15","9","1,18","1,06","0,72","22","12","-28"
"±Ç¼ºÀ¶ÇÕ_³²","16","6","1,2","0,76","0,72","28","-18","-22"
"±Ç¼ºÀ¶ÇÕ_³²","17","6","0,72","0,96","1,22","-28","-2","30"
"±Ç¼ºÀ¶ÇÕ_³²","18","1","0,78","0,88","1,18","-24","-10","28"
"±Ç¼ºÀ¶ÇÕ_³²","19","1","1,18","0,82","1,02","26","-16","8"
"±Ç¼ºÀ¶ÇÕ_³²","20","1","0,74","1,12","0,92","-26","18","-8"
"±Ç¼ºÀ¶ÇÕ_¿©","10","9","1,15","0,85","0,8","18","-8","-14"
"±Ç¼ºÀ¶ÇÕ_¿©","11","9","0,82","1,02","1,2","-18","0","24"
"±Ç¼ºÀ¶ÇÕ_¿©","12","9","0,78","1,18","0,82","-20","22","-18"
"±Ç¼ºÀ¶ÇÕ_¿©","13","9","1,2","0,92","1,15","22","-4","18"
"±Ç¼ºÀ¶ÇÕ_¿©","14","9","0,82","1,15","1,16","-20","18","20"
"±Ç¼ºÀ¶ÇÕ_¿©","15","9","1,18","1,06","0,72","22","12","-28"
"±Ç¼ºÀ¶ÇÕ_¿©","16","6","1,2","0,76","0,72","28","-18","-22"
"±Ç¼ºÀ¶ÇÕ_¿©","17","6","0,72","0,96","1,22","-28","-2","30"
"±Ç¼ºÀ¶ÇÕ_¿©","18","1","0,78","0,88","1,18","-24","-10","28"
"±Ç¼ºÀ¶ÇÕ_¿©","19","1","1,18","0,82","1,02","26","-16","8"
"±Ç¼ºÀ¶ÇÕ_¿©","20","1","0,74","1,12","0,92","-26","18","-8"
"±Ç¼ºÆ÷¸µ_³²","10","9","1,15","0,85","0,8","18","-8","-14"
"±Ç¼ºÆ÷¸µ_³²","11","9","0,82","1,02","1,2","-18","0","24"
"±Ç¼ºÆ÷¸µ_³²","12","9","0,78","1,18","0,82","-20","22","-18"
"±Ç¼ºÆ÷¸µ_³²","13","9","1,2","0,92","1,15","22","-4","18"
"±Ç¼ºÆ÷¸µ_³²","14","9","0,82","1,15","1,16","-20","18","20"
"±Ç¼ºÆ÷¸µ_³²","15","9","1,18","1,06","0,72","22","12","-28"
"±Ç¼ºÆ÷¸µ_³²","16","6","1,2","0,76","0,72","28","-18","-22"
"±Ç¼ºÆ÷¸µ_³²","17","6","0,72","0,96","1,22","-28","-2","30"
"±Ç¼ºÆ÷¸µ_³²","18","1","0,78","0,88","1,18","-24","-10","28"
"±Ç¼ºÆ÷¸µ_³²","19","1","1,18","0,82","1,02","26","-16","8"
"±Ç¼ºÆ÷¸µ_³²","20","1","0,74","1,12","0,92","-26","18","-8"
"±Ç¼ºÆ÷¸µ_¿©","10","9","1,15","0,85","0,8","18","-8","-14"
"±Ç¼ºÆ÷¸µ_¿©","11","9","0,82","1,02","1,2","-18","0","24"
"±Ç¼ºÆ÷¸µ_¿©","12","9","0,78","1,18","0,82","-20","22","-18"
"±Ç¼ºÆ÷¸µ_¿©","13","9","1,2","0,92","1,15","22","-4","18"
"±Ç¼ºÆ÷¸µ_¿©","14","9","0,82","1,15","1,16","-20","18","20"
"±Ç¼ºÆ÷¸µ_¿©","15","9","1,18","1,06","0,72","22","12","-28"
"±Ç¼ºÆ÷¸µ_¿©","16","6","1,2","0,76","0,72","28","-18","-22"
"±Ç¼ºÆ÷¸µ_¿©","17","6","0,72","0,96","1,22","-28","-2","30"
"±Ç¼ºÆ÷¸µ_¿©","18","1","0,78","0,88","1,18","-24","-10","28"
"±Ç¼ºÆ÷¸µ_¿©","19","1","1,18","0,82","1,02","26","-16","8"
"±Ç¼ºÆ÷¸µ_¿©","20","1","0,74","1,12","0,92","-26","18","-8"
"±×¸®Æù·Î¾â_³²","10","9","1,15","0,85","0,8","18","-8","-14"
"±×¸®Æù·Î¾â_³²","11","9","0,82","1,02","1,2","-18","0","24"
"±×¸®Æù·Î¾â_³²","12","9","0,78","1,18","0,82","-20","22","-18"
"±×¸®Æù·Î¾â_³²","13","9","1,2","0,92","1,15","22","-4","18"
"±×¸®Æù·Î¾â_³²","14","9","0,82","1,15","1,16","-20","18","20"
"±×¸®Æù·Î¾â_³²","15","9","1,18","1,06","0,72","22","12","-28"
"±×¸®Æù·Î¾â_³²","16","6","1,2","0,76","0,72","28","-18","-22"
"±×¸®Æù·Î¾â_³²","17","6","0,72","0,96","1,22","-28","-2","30"
"±×¸®Æù·Î¾â_³²","18","1","0,78","0,88","1,18","-24","-10","28"
"±×¸®Æù·Î¾â_³²","19","1","1,18","0,82","1,02","26","-16","8"
"±×¸®Æù·Î¾â_³²","20","1","0,74","1,12","0,92","-26","18","-8"
"±×¸®Æù·Î¾â_¿©","10","9","1,15","0,85","0,8","18","-8","-14"
"±×¸®Æù·Î¾â_¿©","11","9","0,82","1,02","1,2","-18","0","24"
"±×¸®Æù·Î¾â_¿©","12","9","0,78","1,18","0,82","-20","22","-18"
"±×¸®Æù·Î¾â_¿©","13","9","1,2","0,92","1,15","22","-4","18"
"±×¸®Æù·Î¾â_¿©","14","9","0,82","1,15","1,16","-20","18","20"
"±×¸®Æù·Î¾â_¿©","15","9","1,18","1,06","0,72","22","12","-28"
"±×¸®Æù·Î¾â_¿©","16","6","1,2","0,76","0,72","28","-18","-22"
"±×¸®Æù·Î¾â_¿©","17","6","0,72","0,96","1,22","-28","-2","30"
"±×¸®Æù·Î¾â_¿©","18","1","0,78","0,88","1,18","-24","-10","28"
"±×¸®Æù·Î¾â_¿©","19","1","1,18","0,82","1,02","26","-16","8"
"±×¸®Æù·Î¾â_¿©","20","1","0,74","1,12","0,92","-26","18","-8"
"´í¼­_¿©","10","9","1,15","0,85","0,8","18","-8","-14"
"´í¼­_¿©","11","9","0,82","1,02","1,2","-18","0","24"
"´í¼­_¿©","12","9","0,78","1,18","0,82","-20","22","-18"
"´í¼­_¿©","13","9","1,2","0,92","1,15","22","-4","18"
"´í¼­_¿©","14","9","0,82","1,15","1,16","-20","18","20"
"´í¼­_¿©","15","9","1,18","1,06","0,72","22","12","-28"
"´í¼­_¿©","16","6","1,2","0,76","0,72","28","-18","-22"
"´í¼­_¿©","17","6","0,72","0,96","1,22","-28","-2","30"
"´í¼­_¿©","18","1","0,78","0,88","1,18","-24","-10","28"
"´í¼­_¿©","19","1","1,18","0,82","1,02","26","-16","8"
"´í¼­_¿©","20","1","0,74","1,12","0,92","-26","18","-8"
"´ÑÀÚ_³²","10","9","1,15","0,85","0,8","18","-8","-14"
"´ÑÀÚ_³²","11","9","0,82","1,02","1,2","-18","0","24"
"´ÑÀÚ_³²","12","9","0,78","1,18","0,82","-20","22","-18"
"´ÑÀÚ_³²","13","9","1,2","0,92","1,15","22","-4","18"
"´ÑÀÚ_³²","14","9","0,82","1,15","1,16","-20","18","20"
"´ÑÀÚ_³²","15","9","1,18","1,06","0,72","22","12","-28"
"´ÑÀÚ_³²","16","6","1,2","0,76","0,72","28","-18","-22"
"´ÑÀÚ_³²","17","6","0,72","0,96","1,22","-28","-2","30"
"´ÑÀÚ_³²","18","1","0,78","0,88","1,18","-24","-10","28"
"´ÑÀÚ_³²","19","1","1,18","0,82","1,02","26","-16","8"
"´ÑÀÚ_³²","20","1","0,74","1,12","0,92","-26","18","-8"
"´ÑÀÚ_¿©","10","9","1,15","0,85","0,8","18","-8","-14"
"´ÑÀÚ_¿©","11","9","0,82","1,02","1,2","-18","0","24"
"´ÑÀÚ_¿©","12","9","0,78","1,18","0,82","-20","22","-18"
"´ÑÀÚ_¿©","13","9","1,2","0,92","1,15","22","-4","18"
"´ÑÀÚ_¿©","14","9","0,82","1,15","1,16","-20","18","20"
"´ÑÀÚ_¿©","15","9","1,18","1,06","0,72","22","12","-28"
"´ÑÀÚ_¿©","16","6","1,2","0,76","0,72","28","-18","-22"
"´ÑÀÚ_¿©","17","6","0,72","0,96","1,22","-28","-2","30"
"´ÑÀÚ_¿©","18","1","0,78","0,88","1,18","-24","-10","28"
"´ÑÀÚ_¿©","19","1","1,18","0,82","1,02","26","-16","8"
"´ÑÀÚ_¿©","20","1","0,74","1,12","0,92","-26","18","-8"
"µµµÏ_³²","10","9","1,15","0,85","0,8","18","-8","-14"
"µµµÏ_³²","11","9","0,82","1,02","1,2","-18","0","24"
"µµµÏ_³²","12","9","0,78","1,18","0,82","-20","22","-18"
"µµµÏ_³²","13","9","1,2","0,92","1,15","22","-4","18"
"µµµÏ_³²","14","9","0,82","1,15","1,16","-20","18","20"
"µµµÏ_³²","15","9","1,18","1,06","0,72","22","12","-28"
"µµµÏ_³²","16","6","1,2","0,76","0,72","28","-18","-22"
"µµµÏ_³²","17","6","0,72","0,96","1,22","-28","-2","30"
"µµµÏ_³²","18","1","0,78","0,88","1,18","-24","-10","28"
"µµµÏ_³²","19","1","1,18","0,82","1,02","26","-16","8"
"µµµÏ_³²","20","1","0,74","1,12","0,92","-26","18","-8"
"µµµÏ_¿©","10","9","1,15","0,85","0,8","18","-8","-14"
"µµµÏ_¿©","11","9","0,82","1,02","1,2","-18","0","24"
"µµµÏ_¿©","12","9","0,78","1,18","0,82","-20","22","-18"
"µµµÏ_¿©","13","9","1,2","0,92","1,15","22","-4","18"
"µµµÏ_¿©","14","9","0,82","1,15","1,16","-20","18","20"
"µµµÏ_¿©","15","9","1,18","1,06","0,72","22","12","-28"
"µµµÏ_¿©","16","6","1,2","0,76","0,72","28","-18","-22"
"µµµÏ_¿©","17","6","0,72","0,96","1,22","-28","-2","30"
"µµµÏ_¿©","18","1","0,78","0,88","1,18","-24","-10","28"
"µµµÏ_¿©","19","1","1,18","0,82","1,02","26","-16","8"
"µµµÏ_¿©","20","1","0,74","1,12","0,92","-26","18","-8"
"µÎ²¨ºñ´ÑÀÚ_³²","10","9","1,15","0,85","0,8","18","-8","-14"
"µÎ²¨ºñ´ÑÀÚ_³²","11","9","0,82","1,02","1,2","-18","0","24"
"µÎ²¨ºñ´ÑÀÚ_³²","12","9","0,78","1,18","0,82","-20","22","-18"
"µÎ²¨ºñ´ÑÀÚ_³²","13","9","1,2","0,92","1,15","22","-4","18"
"µÎ²¨ºñ´ÑÀÚ_³²","14","9","0,82","1,15","1,16","-20","18","20"
"µÎ²¨ºñ´ÑÀÚ_³²","15","9","1,18","1,06","0,72","22","12","-28"
"µÎ²¨ºñ´ÑÀÚ_³²","16","6","1,2","0,76","0,72","28","-18","-22"
"µÎ²¨ºñ´ÑÀÚ_³²","17","6","0,72","0,96","1,22","-28","-2","30"
"µÎ²¨ºñ´ÑÀÚ_³²","18","1","0,78","0,88","1,18","-24","-10","28"
"µÎ²¨ºñ´ÑÀÚ_³²","19","1","1,18","0,82","1,02","26","-16","8"
"µÎ²¨ºñ´ÑÀÚ_³²","20","1","0,74","1,12","0,92","-26","18","-8"
"µÎ²¨ºñ´ÑÀÚ_¿©","10","9","1,15","0,85","0,8","18","-8","-14"
"µÎ²¨ºñ´ÑÀÚ_¿©","11","9","0,82","1,02","1,2","-18","0","24"
"µÎ²¨ºñ´ÑÀÚ_¿©","12","9","0,78","1,18","0,82","-20","22","-18"
"µÎ²¨ºñ´ÑÀÚ_¿©","13","9","1,2","0,92","1,15","22","-4","18"
"µÎ²¨ºñ´ÑÀÚ_¿©","14","9","0,82","1,15","1,16","-20","18","20"
"µÎ²¨ºñ´ÑÀÚ_¿©","15","9","1,18","1,06","0,72","22","12","-28"
"µÎ²¨ºñ´ÑÀÚ_¿©","16","6","1,2","0,76","0,72","28","-18","-22"
"µÎ²¨ºñ´ÑÀÚ_¿©","17","6","0,72","0,96","1,22","-28","-2","30"
"µÎ²¨ºñ´ÑÀÚ_¿©","18","1","0,78","0,88","1,18","-24","-10","28"
"µÎ²¨ºñ´ÑÀÚ_¿©","19","1","1,18","0,82","1,02","26","-16","8"
"µÎ²¨ºñ´ÑÀÚ_¿©","20","1","0,74","1,12","0,92","-26","18","-8"
"µÎ²¨ºñ¼Ò¿ï¸µÄ¿_³²","10","9","1,15","0,85","0,8","18","-8","-14"
"µÎ²¨ºñ¼Ò¿ï¸µÄ¿_³²","11","9","0,82","1,02","1,2","-18","0","24"
"µÎ²¨ºñ¼Ò¿ï¸µÄ¿_³²","12","9","0,78","1,18","0,82","-20","22","-18"
"µÎ²¨ºñ¼Ò¿ï¸µÄ¿_³²","13","9","1,2","0,92","1,15","22","-4","18"
"µÎ²¨ºñ¼Ò¿ï¸µÄ¿_³²","14","9","0,82","1,15","1,16","-20","18","20"
"µÎ²¨ºñ¼Ò¿ï¸µÄ¿_³²","15","9","1,18","1,06","0,72","22","12","-28"
"µÎ²¨ºñ¼Ò¿ï¸µÄ¿_³²","16","6","1,2","0,76","0,72","28","-18","-22"
"µÎ²¨ºñ¼Ò¿ï¸µÄ¿_³²","17","6","0,72","0,96","1,22","-28","-2","30"
"µÎ²¨ºñ¼Ò¿ï¸µÄ¿_³²","18","1","0,78","0,88","1,18","-24","-10","28"
"µÎ²¨ºñ¼Ò¿ï¸µÄ¿_³²","19","1","1,18","0,82","1,02","26","-16","8"
"µÎ²¨ºñ¼Ò¿ï¸µÄ¿_³²","20","1","0,74","1,12","0,92","-26","18","-8"
"µÎ²¨ºñ¼Ò¿ï¸µÄ¿_¿©","10","9","1,15","0,85","0,8","18","-8","-14"
"µÎ²¨ºñ¼Ò¿ï¸µÄ¿_¿©","11","9","0,82","1,02","1,2","-18","0","24"
"µÎ²¨ºñ¼Ò¿ï¸µÄ¿_¿©","12","9","0,78","1,18","0,82","-20","22","-18"
"µÎ²¨ºñ¼Ò¿ï¸µÄ¿_¿©","13","9","1,2","0,92","1,15","22","-4","18"
"µÎ²¨ºñ¼Ò¿ï¸µÄ¿_¿©","14","9","0,82","1,15","1,16","-20","18","20"
"µÎ²¨ºñ¼Ò¿ï¸µÄ¿_¿©","15","9","1,18","1,06","0,72","22","12","-28"
"µÎ²¨ºñ¼Ò¿ï¸µÄ¿_¿©","16","6","1,2","0,76","0,72","28","-18","-22"
"µÎ²¨ºñ¼Ò¿ï¸µÄ¿_¿©","17","6","0,72","0,96","1,22","-28","-2","30"
"µÎ²¨ºñ¼Ò¿ï¸µÄ¿_¿©","18","1","0,78","0,88","1,18","-24","-10","28"
"µÎ²¨ºñ¼Ò¿ï¸µÄ¿_¿©","19","1","1,18","0,82","1,02","26","-16","8"
"µÎ²¨ºñ¼Ò¿ï¸µÄ¿_¿©","20","1","0,74","1,12","0,92","-26","18","-8"
"·¹ÀÎÀú_³²","10","9","1,15","0,85","0,8","18","-8","-14"
"·¹ÀÎÀú_³²","11","9","0,82","1,02","1,2","-18","0","24"
"·¹ÀÎÀú_³²","12","9","0,78","1,18","0,82","-20","22","-18"
"·¹ÀÎÀú_³²","13","9","1,2","0,92","1,15","22","-4","18"
"·¹ÀÎÀú_³²","14","9","0,82","1,15","1,16","-20","18","20"
"·¹ÀÎÀú_³²","15","9","1,18","1,06","0,72","22","12","-28"
"·¹ÀÎÀú_³²","16","6","1,2","0,76","0,72","28","-18","-22"
"·¹ÀÎÀú_³²","17","6","0,72","0,96","1,22","-28","-2","30"
"·¹ÀÎÀú_³²","18","1","0,78","0,88","1,18","-24","-10","28"
"·¹ÀÎÀú_³²","19","1","1,18","0,82","1,02","26","-16","8"
"·¹ÀÎÀú_³²","20","1","0,74","1,12","0,92","-26","18","-8"
"·¹ÀÎÀú_¿©","10","9","1,15","0,85","0,8","18","-8","-14"
"·¹ÀÎÀú_¿©","11","9","0,82","1,02","1,2","-18","0","24"
"·¹ÀÎÀú_¿©","12","9","0,78","1,18","0,82","-20","22","-18"
"·¹ÀÎÀú_¿©","13","9","1,2","0,92","1,15","22","-4","18"
"·¹ÀÎÀú_¿©","14","9","0,82","1,15","1,16","-20","18","20"
"·¹ÀÎÀú_¿©","15","9","1,18","1,06","0,72","22","12","-28"
"·¹ÀÎÀú_¿©","16","6","1,2","0,76","0,72","28","-18","-22"
"·¹ÀÎÀú_¿©","17","6","0,72","0,96","1,22","-28","-2","30"
"·¹ÀÎÀú_¿©","18","1","0,78","0,88","1,18","-24","-10","28"
"·¹ÀÎÀú_¿©","19","1","1,18","0,82","1,02","26","-16","8"
"·¹ÀÎÀú_¿©","20","1","0,74","1,12","0,92","-26","18","-8"
"·é³ªÀÌÆ®_³²","10","9","1,15","0,85","0,8","18","-8","-14"
"·é³ªÀÌÆ®_³²","11","9","0,82","1,02","1,2","-18","0","24"
"·é³ªÀÌÆ®_³²","12","9","0,78","1,18","0,82","-20","22","-18"
"·é³ªÀÌÆ®_³²","13","9","1,2","0,92","1,15","22","-4","18"
"·é³ªÀÌÆ®_³²","14","9","0,82","1,15","1,16","-20","18","20"
"·é³ªÀÌÆ®_³²","15","9","1,18","1,06","0,72","22","12","-28"
"·é³ªÀÌÆ®_³²","16","6","1,2","0,76","0,72","28","-18","-22"
"·é³ªÀÌÆ®_³²","17","6","0,72","0,96","1,22","-28","-2","30"
"·é³ªÀÌÆ®_³²","18","1","0,78","0,88","1,18","-24","-10","28"
"·é³ªÀÌÆ®_³²","19","1","1,18","0,82","1,02","26","-16","8"
"·é³ªÀÌÆ®_³²","20","1","0,74","1,12","0,92","-26","18","-8"
"·é³ªÀÌÆ®_¿©","10","9","1,15","0,85","0,8","18","-8","-14"
"·é³ªÀÌÆ®_¿©","11","9","0,82","1,02","1,2","-18","0","24"
"·é³ªÀÌÆ®_¿©","12","9","0,78","1,18","0,82","-20","22","-18"
"·é³ªÀÌÆ®_¿©","13","9","1,2","0,92","1,15","22","-4","18"
"·é³ªÀÌÆ®_¿©","14","9","0,82","1,15","1,16","-20","18","20"
"·é³ªÀÌÆ®_¿©","15","9","1,18","1,06","0,72","22","12","-28"
"·é³ªÀÌÆ®_¿©","16","6","1,2","0,76","0,72","28","-18","-22"
"·é³ªÀÌÆ®_¿©","17","6","0,72","0,96","1,22","-28","-2","30"
"·é³ªÀÌÆ®_¿©","18","1","0,78","0,88","1,18","-24","-10","28"
"·é³ªÀÌÆ®_¿©","19","1","1,18","0,82","1,02","26","-16","8"
"·é³ªÀÌÆ®_¿©","20","1","0,74","1,12","0,92","-26","18","-8"
"·é³ªÀÌÆ®»Ú¶ì_³²","10","9","1,15","0,85","0,8","18","-8","-14"
"·é³ªÀÌÆ®»Ú¶ì_³²","11","9","0,82","1,02","1,2","-18","0","24"
"·é³ªÀÌÆ®»Ú¶ì_³²","12","9","0,78","1,18","0,82","-20","22","-18"
"·é³ªÀÌÆ®»Ú¶ì_³²","13","9","1,2","0,92","1,15","22","-4","18"
"·é³ªÀÌÆ®»Ú¶ì_³²","14","9","0,82","1,15","1,16","-20","18","20"
"·é³ªÀÌÆ®»Ú¶ì_³²","15","9","1,18","1,06","0,72","22","12","-28"
"·é³ªÀÌÆ®»Ú¶ì_³²","16","6","1,2","0,76","0,72","28","-18","-22"
"·é³ªÀÌÆ®»Ú¶ì_³²","17","6","0,72","0,96","1,22","-28","-2","30"
"·é³ªÀÌÆ®»Ú¶ì_³²","18","1","0,78","0,88","1,18","-24","-10","28"
"·é³ªÀÌÆ®»Ú¶ì_³²","19","1","1,18","0,82","1,02","26","-16","8"
"·é³ªÀÌÆ®»Ú¶ì_³²","20","1","0,74","1,12","0,92","-26","18","-8"
"·é³ªÀÌÆ®»Ú¶ì_¿©","10","9","1,15","0,85","0,8","18","-8","-14"
"·é³ªÀÌÆ®»Ú¶ì_¿©","11","9","0,82","1,02","1,2","-18","0","24"
"·é³ªÀÌÆ®»Ú¶ì_¿©","12","9","0,78","1,18","0,82","-20","22","-18"
"·é³ªÀÌÆ®»Ú¶ì_¿©","13","9","1,2","0,92","1,15","22","-4","18"
"·é³ªÀÌÆ®»Ú¶ì_¿©","14","9","0,82","1,15","1,16","-20","18","20"
"·é³ªÀÌÆ®»Ú¶ì_¿©","15","9","1,18","1,06","0,72","22","12","-28"
"·é³ªÀÌÆ®»Ú¶ì_¿©","16","6","1,2","0,76","0,72","28","-18","-22"
"·é³ªÀÌÆ®»Ú¶ì_¿©","17","6","0,72","0,96","1,22","-28","-2","30"
"·é³ªÀÌÆ®»Ú¶ì_¿©","18","1","0,78","0,88","1,18","-24","-10","28"
"·é³ªÀÌÆ®»Ú¶ì_¿©","19","1","1,18","0,82","1,02","26","-16","8"
"·é³ªÀÌÆ®»Ú¶ì_¿©","20","1","0,74","1,12","0,92","-26","18","-8"
"·éµå·¡°ï_³²","10","9","1,15","0,85","0,8","18","-8","-14"
"·éµå·¡°ï_³²","11","9","0,82","1,02","1,2","-18","0","24"
"·éµå·¡°ï_³²","12","9","0,78","1,18","0,82","-20","22","-18"
"·éµå·¡°ï_³²","13","9","1,2","0,92","1,15","22","-4","18"
"·éµå·¡°ï_³²","14","9","0,82","1,15","1,16","-20","18","20"
"·éµå·¡°ï_³²","15","9","1,18","1,06","0,72","22","12","-28"
"·éµå·¡°ï_³²","16","6","1,2","0,76","0,72","28","-18","-22"
"·éµå·¡°ï_³²","17","6","0,72","0,96","1,22","-28","-2","30"
"·éµå·¡°ï_³²","18","1","0,78","0,88","1,18","-24","-10","28"
"·éµå·¡°ï_³²","19","1","1,18","0,82","1,02","26","-16","8"
"·éµå·¡°ï_³²","20","1","0,74","1,12","0,92","-26","18","-8"
"·éµå·¡°ï_¿©","10","9","1,15","0,85","0,8","18","-8","-14"
"·éµå·¡°ï_¿©","11","9","0,82","1,02","1,2","-18","0","24"
"·éµå·¡°ï_¿©","12","9","0,78","1,18","0,82","-20","22","-18"
"·éµå·¡°ï_¿©","13","9","1,2","0,92","1,15","22","-4","18"
"·éµå·¡°ï_¿©","14","9","0,82","1,15","1,16","-20","18","20"
"·éµå·¡°ï_¿©","15","9","1,18","1,06","0,72","22","12","-28"
"·éµå·¡°ï_¿©","16","6","1,2","0,76","0,72","28","-18","-22"
"·éµå·¡°ï_¿©","17","6","0,72","0,96","1,22","-28","-2","30"
"·éµå·¡°ï_¿©","18","1","0,78","0,88","1,18","-24","-10","28"
"·éµå·¡°ï_¿©","19","1","1,18","0,82","1,02","26","-16","8"
"·éµå·¡°ï_¿©","20","1","0,74","1,12","0,92","-26","18","-8"
"·Î±×_³²","10","9","1,15","0,85","0,8","18","-8","-14"
"·Î±×_³²","11","9","0,82","1,02","1,2","-18","0","24"
"·Î±×_³²","12","9","0,78","1,18","0,82","-20","22","-18"
"·Î±×_³²","13","9","1,2","0,92","1,15","22","-4","18"
"·Î±×_³²","14","9","0,82","1,15","1,16","-20","18","20"
"·Î±×_³²","15","9","1,18","1,06","0,72","22","12","-28"
"·Î±×_³²","16","6","1,2","0,76","0,72","28","-18","-22"
"·Î±×_³²","17","6","0,72","0,96","1,22","-28","-2","30"
"·Î±×_³²","18","1","0,78","0,88","1,18","-24","-10","28"
"·Î±×_³²","19","1","1,18","0,82","1,02","26","-16","8"
"·Î±×_³²","20","1","0,74","1,12","0,92","-26","18","-8"
"·Î±×_¿©","10","9","1,15","0,85","0,8","18","-8","-14"
"·Î±×_¿©","11","9","0,82","1,02","1,2","-18","0","24"
"·Î±×_¿©","12","9","0,78","1,18","0,82","-20","22","-18"
"·Î±×_¿©","13","9","1,2","0,92","1,15","22","-4","18"
"·Î±×_¿©","14","9","0,82","1,15","1,16","-20","18","20"
"·Î±×_¿©","15","9","1,18","1,06","0,72","22","12","-28"
"·Î±×_¿©","16","6","1,2","0,76","0,72","28","-18","-22"
"·Î±×_¿©","17","6","0,72","0,96","1,22","-28","-2","30"
"·Î±×_¿©","18","1","0,78","0,88","1,18","-24","-10","28"
"·Î±×_¿©","19","1","1,18","0,82","1,02","26","-16","8"
"·Î±×_¿©","20","1","0,74","1,12","0,92","-26","18","-8"
"·Îµå³ªÀÌÆ®_³²","10","9","1,15","0,85","0,8","18","-8","-14"
"·Îµå³ªÀÌÆ®_³²","11","9","0,82","1,02","1,2","-18","0","24"
"·Îµå³ªÀÌÆ®_³²","12","9","0,78","1,18","0,82","-20","22","-18"
"·Îµå³ªÀÌÆ®_³²","13","9","1,2","0,92","1,15","22","-4","18"
"·Îµå³ªÀÌÆ®_³²","14","9","0,82","1,15","1,16","-20","18","20"
"·Îµå³ªÀÌÆ®_³²","15","9","1,18","1,06","0,72","22","12","-28"
"·Îµå³ªÀÌÆ®_³²","16","6","1,2","0,76","0,72","28","-18","-22"
"·Îµå³ªÀÌÆ®_³²","17","6","0,72","0,96","1,22","-28","-2","30"
"·Îµå³ªÀÌÆ®_³²","18","1","0,78","0,88","1,18","-24","-10","28"
"·Îµå³ªÀÌÆ®_³²","19","1","1,18","0,82","1,02","26","-16","8"
"·Îµå³ªÀÌÆ®_³²","20","1","0,74","1,12","0,92","-26","18","-8"
"·Îµå³ªÀÌÆ®_¿©","10","9","1,15","0,85","0,8","18","-8","-14"
"·Îµå³ªÀÌÆ®_¿©","11","9","0,82","1,02","1,2","-18","0","24"
"·Îµå³ªÀÌÆ®_¿©","12","9","0,78","1,18","0,82","-20","22","-18"
"·Îµå³ªÀÌÆ®_¿©","13","9","1,2","0,92","1,15","22","-4","18"
"·Îµå³ªÀÌÆ®_¿©","14","9","0,82","1,15","1,16","-20","18","20"
"·Îµå³ªÀÌÆ®_¿©","15","9","1,18","1,06","0,72","22","12","-28"
"·Îµå³ªÀÌÆ®_¿©","16","6","1,2","0,76","0,72","28","-18","-22"
"·Îµå³ªÀÌÆ®_¿©","17","6","0,72","0,96","1,22","-28","-2","30"
"·Îµå³ªÀÌÆ®_¿©","18","1","0,78","0,88","1,18","-24","-10","28"
"·Îµå³ªÀÌÆ®_¿©","19","1","1,18","0,82","1,02","26","-16","8"
"·Îµå³ªÀÌÆ®_¿©","20","1","0,74","1,12","0,92","-26","18","-8"
"·Î¾â°¡µå_³²","10","9","1,15","0,85","0,8","18","-8","-14"
"·Î¾â°¡µå_³²","11","9","0,82","1,02","1,2","-18","0","24"
"·Î¾â°¡µå_³²","12","9","0,78","1,18","0,82","-20","22","-18"
"·Î¾â°¡µå_³²","13","9","1,2","0,92","1,15","22","-4","18"
"·Î¾â°¡µå_³²","14","9","0,82","1,15","1,16","-20","18","20"
"·Î¾â°¡µå_³²","15","9","1,18","1,06","0,72","22","12","-28"
"·Î¾â°¡µå_³²","16","6","1,2","0,76","0,72","28","-18","-22"
"·Î¾â°¡µå_³²","17","6","0,72","0,96","1,22","-28","-2","30"
"·Î¾â°¡µå_³²","18","1","0,78","0,88","1,18","-24","-10","28"
"·Î¾â°¡µå_³²","19","1","1,18","0,82","1,02","26","-16","8"
"·Î¾â°¡µå_³²","20","1","0,74","1,12","0,92","-26","18","-8"
"·Î¾â°¡µå_¿©","10","9","1,15","0,85","0,8","18","-8","-14"
"·Î¾â°¡µå_¿©","11","9","0,82","1,02","1,2","-18","0","24"
"·Î¾â°¡µå_¿©","12","9","0,78","1,18","0,82","-20","22","-18"
"·Î¾â°¡µå_¿©","13","9","1,2","0,92","1,15","22","-4","18"
"·Î¾â°¡µå_¿©","14","9","0,82","1,15","1,16","-20","18","20"
"·Î¾â°¡µå_¿©","15","9","1,18","1,06","0,72","22","12","-28"
"·Î¾â°¡µå_¿©","16","6","1,2","0,76","0,72","28","-18","-22"
"·Î¾â°¡µå_¿©","17","6","0,72","0,96","1,22","-28","-2","30"
"·Î¾â°¡µå_¿©","18","1","0,78","0,88","1,18","-24","-10","28"
"·Î¾â°¡µå_¿©","19","1","1,18","0,82","1,02","26","-16","8"
"·Î¾â°¡µå_¿©","20","1","0,74","1,12","0,92","-26","18","-8"
"¸®º§¸®¿Â_³²","10","9","1,15","0,85","0,8","18","-8","-14"
"¸®º§¸®¿Â_³²","11","9","0,82","1,02","1,2","-18","0","24"
"¸®º§¸®¿Â_³²","12","9","0,78","1,18","0,82","-20","22","-18"
"¸®º§¸®¿Â_³²","13","9","1,2","0,92","1,15","22","-4","18"
"¸®º§¸®¿Â_³²","14","9","0,82","1,15","1,16","-20","18","20"
"¸®º§¸®¿Â_³²","15","9","1,18","1,06","0,72","22","12","-28"
"¸®º§¸®¿Â_³²","16","6","1,2","0,76","0,72","28","-18","-22"
"¸®º§¸®¿Â_³²","17","6","0,72","0,96","1,22","-28","-2","30"
"¸®º§¸®¿Â_³²","18","1","0,78","0,88","1,18","-24","-10","28"
"¸®º§¸®¿Â_³²","19","1","1,18","0,82","1,02","26","-16","8"
"¸®º§¸®¿Â_³²","20","1","0,74","1,12","0,92","-26","18","-8"
"¸®º§¸®¿Â_¿©","10","9","1,15","0,85","0,8","18","-8","-14"
"¸®º§¸®¿Â_¿©","11","9","0,82","1,02","1,2","-18","0","24"
"¸®º§¸®¿Â_¿©","12","9","0,78","1,18","0,82","-20","22","-18"
"¸®º§¸®¿Â_¿©","13","9","1,2","0,92","1,15","22","-4","18"
"¸®º§¸®¿Â_¿©","14","9","0,82","1,15","1,16","-20","18","20"
"¸®º§¸®¿Â_¿©","15","9","1,18","1,06","0,72","22","12","-28"
"¸®º§¸®¿Â_¿©","16","6","1,2","0,76","0,72","28","-18","-22"
"¸®º§¸®¿Â_¿©","17","6","0,72","0,96","1,22","-28","-2","30"
"¸®º§¸®¿Â_¿©","18","1","0,78","0,88","1,18","-24","-10","28"
"¸®º§¸®¿Â_¿©","19","1","1,18","0,82","1,02","26","-16","8"
"¸®º§¸®¿Â_¿©","20","1","0,74","1,12","0,92","-26","18","-8"
"¸¶¹ý»ç_³²","10","9","1,15","0,85","0,8","18","-8","-14"
"¸¶¹ý»ç_³²","11","9","0,82","1,02","1,2","-18","0","24"
"¸¶¹ý»ç_³²","12","9","0,78","1,18","0,82","-20","22","-18"
"¸¶¹ý»ç_³²","13","9","1,2","0,92","1,15","22","-4","18"
"¸¶¹ý»ç_³²","14","9","0,82","1,15","1,16","-20","18","20"
"¸¶¹ý»ç_³²","15","9","1,18","1,06","0,72","22","12","-28"
"¸¶¹ý»ç_³²","16","6","1,2","0,76","0,72","28","-18","-22"
"¸¶¹ý»ç_³²","17","6","0,72","0,96","1,22","-28","-2","30"
"¸¶¹ý»ç_³²","18","1","0,78","0,88","1,18","-24","-10","28"
"¸¶¹ý»ç_³²","19","1","1,18","0,82","1,02","26","-16","8"
"¸¶¹ý»ç_³²","20","1","0,74","1,12","0,92","-26","18","-8"
"¸¶¹ý»ç_¿©","10","9","1,15","0,85","0,8","18","-8","-14"
"¸¶¹ý»ç_¿©","11","9","0,82","1,02","1,2","-18","0","24"
"¸¶¹ý»ç_¿©","12","9","0,78","1,18","0,82","-20","22","-18"
"¸¶¹ý»ç_¿©","13","9","1,2","0,92","1,15","22","-4","18"
"¸¶¹ý»ç_¿©","14","9","0,82","1,15","1,16","-20","18","20"
"¸¶¹ý»ç_¿©","15","9","1,18","1,06","0,72","22","12","-28"
"¸¶¹ý»ç_¿©","16","6","1,2","0,76","0,72","28","-18","-22"
"¸¶¹ý»ç_¿©","17","6","0,72","0,96","1,22","-28","-2","30"
"¸¶¹ý»ç_¿©","18","1","0,78","0,88","1,18","-24","-10","28"
"¸¶¹ý»ç_¿©","19","1","1,18","0,82","1,02","26","-16","8"
"¸¶¹ý»ç_¿©","20","1","0,74","1,12","0,92","-26","18","-8"
"¸ùÅ©_³²","10","9","1,15","0,85","0,8","18","-8","-14"
"¸ùÅ©_³²","11","9","0,82","1,02","1,2","-18","0","24"
"¸ùÅ©_³²","12","9","0,78","1,18","0,82","-20","22","-18"
"¸ùÅ©_³²","13","9","1,2","0,92","1,15","22","-4","18"
"¸ùÅ©_³²","14","9","0,82","1,15","1,16","-20","18","20"
"¸ùÅ©_³²","15","9","1,18","1,06","0,72","22","12","-28"
"¸ùÅ©_³²","16","6","1,2","0,76","0,72","28","-18","-22"
"¸ùÅ©_³²","17","6","0,72","0,96","1,22","-28","-2","30"
"¸ùÅ©_³²","18","1","0,78","0,88","1,18","-24","-10","28"
"¸ùÅ©_³²","19","1","1,18","0,82","1,02","26","-16","8"
"¸ùÅ©_³²","20","1","0,74","1,12","0,92","-26","18","-8"
"¸ùÅ©_¿©","10","9","1,15","0,85","0,8","18","-8","-14"
"¸ùÅ©_¿©","11","9","0,82","1,02","1,2","-18","0","24"
"¸ùÅ©_¿©","12","9","0,78","1,18","0,82","-20","22","-18"
"¸ùÅ©_¿©","13","9","1,2","0,92","1,15","22","-4","18"
"¸ùÅ©_¿©","14","9","0,82","1,15","1,16","-20","18","20"
"¸ùÅ©_¿©","15","9","1,18","1,06","0,72","22","12","-28"
"¸ùÅ©_¿©","16","6","1,2","0,76","0,72","28","-18","-22"
"¸ùÅ©_¿©","17","6","0,72","0,96","1,22","-28","-2","30"
"¸ùÅ©_¿©","18","1","0,78","0,88","1,18","-24","-10","28"
"¸ùÅ©_¿©","19","1","1,18","0,82","1,02","26","-16","8"
"¸ùÅ©_¿©","20","1","0,74","1,12","0,92","-26","18","-8"
"¸ùÅ©¾ËÆÄÄ«_³²","10","9","1,15","0,85","0,8","18","-8","-14"
"¸ùÅ©¾ËÆÄÄ«_³²","11","9","0,82","1,02","1,2","-18","0","24"
"¸ùÅ©¾ËÆÄÄ«_³²","12","9","0,78","1,18","0,82","-20","22","-18"
"¸ùÅ©¾ËÆÄÄ«_³²","13","9","1,2","0,92","1,15","22","-4","18"
"¸ùÅ©¾ËÆÄÄ«_³²","14","9","0,82","1,15","1,16","-20","18","20"
"¸ùÅ©¾ËÆÄÄ«_³²","15","9","1,18","1,06","0,72","22","12","-28"
"¸ùÅ©¾ËÆÄÄ«_³²","16","6","1,2","0,76","0,72","28","-18","-22"
"¸ùÅ©¾ËÆÄÄ«_³²","17","6","0,72","0,96","1,22","-28","-2","30"
"¸ùÅ©¾ËÆÄÄ«_³²","18","1","0,78","0,88","1,18","-24","-10","28"
"¸ùÅ©¾ËÆÄÄ«_³²","19","1","1,18","0,82","1,02","26","-16","8"
"¸ùÅ©¾ËÆÄÄ«_³²","20","1","0,74","1,12","0,92","-26","18","-8"
"¸ùÅ©¾ËÆÄÄ«_¿©","10","9","1,15","0,85","0,8","18","-8","-14"
"¸ùÅ©¾ËÆÄÄ«_¿©","11","9","0,82","1,02","1,2","-18","0","24"
"¸ùÅ©¾ËÆÄÄ«_¿©","12","9","0,78","1,18","0,82","-20","22","-18"
"¸ùÅ©¾ËÆÄÄ«_¿©","13","9","1,2","0,92","1,15","22","-4","18"
"¸ùÅ©¾ËÆÄÄ«_¿©","14","9","0,82","1,15","1,16","-20","18","20"
"¸ùÅ©¾ËÆÄÄ«_¿©","15","9","1,18","1,06","0,72","22","12","-28"
"¸ùÅ©¾ËÆÄÄ«_¿©","16","6","1,2","0,76","0,72","28","-18","-22"
"¸ùÅ©¾ËÆÄÄ«_¿©","17","6","0,72","0,96","1,22","-28","-2","30"
"¸ùÅ©¾ËÆÄÄ«_¿©","18","1","0,78","0,88","1,18","-24","-10","28"
"¸ùÅ©¾ËÆÄÄ«_¿©","19","1","1,18","0,82","1,02","26","-16","8"
"¸ùÅ©¾ËÆÄÄ«_¿©","20","1","0,74","1,12","0,92","-26","18","-8"
"¹«Èñ_³²","10","9","1,15","0,85","0,8","18","-8","-14"
"¹«Èñ_³²","11","9","0,82","1,02","1,2","-18","0","24"
"¹«Èñ_³²","12","9","0,78","1,18","0,82","-20","22","-18"
"¹«Èñ_³²","13","9","1,2","0,92","1,15","22","-4","18"
"¹«Èñ_³²","14","9","0,82","1,15","1,16","-20","18","20"
"¹«Èñ_³²","15","9","1,18","1,06","0,72","22","12","-28"
"¹«Èñ_³²","16","6","1,2","0,76","0,72","28","-18","-22"
"¹«Èñ_³²","17","6","0,72","0,96","1,22","-28","-2","30"
"¹«Èñ_³²","18","1","0,78","0,88","1,18","-24","-10","28"
"¹«Èñ_³²","19","1","1,18","0,82","1,02","26","-16","8"
"¹«Èñ_³²","20","1","0,74","1,12","0,92","-26","18","-8"
"¹«Èñ_¿©","10","9","1,15","0,85","0,8","18","-8","-14"
"¹«Èñ_¿©","11","9","0,82","1,02","1,2","-18","0","24"
"¹«Èñ_¿©","12","9","0,78","1,18","0,82","-20","22","-18"
"¹«Èñ_¿©","13","9","1,2","0,92","1,15","22","-4","18"
"¹«Èñ_¿©","14","9","0,82","1,15","1,16","-20","18","20"
"¹«Èñ_¿©","15","9","1,18","1,06","0,72","22","12","-28"
"¹«Èñ_¿©","16","6","1,2","0,76","0,72","28","-18","-22"
"¹«Èñ_¿©","17","6","0,72","0,96","1,22","-28","-2","30"
"¹«Èñ_¿©","18","1","0,78","0,88","1,18","-24","-10","28"
"¹«Èñ_¿©","19","1","1,18","0,82","1,02","26","-16","8"
"¹«Èñ_¿©","20","1","0,74","1,12","0,92","-26","18","-8"
"¹«Èñ¹ÙÁö_¿©","10","9","1,15","0,85","0,8","18","-8","-14"
"¹«Èñ¹ÙÁö_¿©","11","9","0,82","1,02","1,2","-18","0","24"
"¹«Èñ¹ÙÁö_¿©","12","9","0,78","1,18","0,82","-20","22","-18"
"¹«Èñ¹ÙÁö_¿©","13","9","1,2","0,92","1,15","22","-4","18"
"¹«Èñ¹ÙÁö_¿©","14","9","0,82","1,15","1,16","-20","18","20"
"¹«Èñ¹ÙÁö_¿©","15","9","1,18","1,06","0,72","22","12","-28"
"¹«Èñ¹ÙÁö_¿©","16","6","1,2","0,76","0,72","28","-18","-22"
"¹«Èñ¹ÙÁö_¿©","17","6","0,72","0,96","1,22","-28","-2","30"
"¹«Èñ¹ÙÁö_¿©","18","1","0,78","0,88","1,18","-24","-10","28"
"¹«Èñ¹ÙÁö_¿©","19","1","1,18","0,82","1,02","26","-16","8"
"¹«Èñ¹ÙÁö_¿©","20","1","0,74","1,12","0,92","-26","18","-8"
"¹ÌÄÉ´Ð_³²","10","9","1,15","0,85","0,8","18","-8","-14"
"¹ÌÄÉ´Ð_³²","11","9","0,82","1,02","1,2","-18","0","24"
"¹ÌÄÉ´Ð_³²","12","9","0,78","1,18","0,82","-20","22","-18"
"¹ÌÄÉ´Ð_³²","13","9","1,2","0,92","1,15","22","-4","18"
"¹ÌÄÉ´Ð_³²","14","9","0,82","1,15","1,16","-20","18","20"
"¹ÌÄÉ´Ð_³²","15","9","1,18","1,06","0,72","22","12","-28"
"¹ÌÄÉ´Ð_³²","16","6","1,2","0,76","0,72","28","-18","-22"
"¹ÌÄÉ´Ð_³²","17","6","0,72","0,96","1,22","-28","-2","30"
"¹ÌÄÉ´Ð_³²","18","1","0,78","0,88","1,18","-24","-10","28"
"¹ÌÄÉ´Ð_³²","19","1","1,18","0,82","1,02","26","-16","8"
"¹ÌÄÉ´Ð_³²","20","1","0,74","1,12","0,92","-26","18","-8"
"¹ÌÄÉ´Ð_¸¶µµ±â¾î_³²","10","9","1,15","0,85","0,8","18","-8","-14"
"¹ÌÄÉ´Ð_¸¶µµ±â¾î_³²","11","9","0,82","1,02","1,2","-18","0","24"
"¹ÌÄÉ´Ð_¸¶µµ±â¾î_³²","12","9","0,78","1,18","0,82","-20","22","-18"
"¹ÌÄÉ´Ð_¸¶µµ±â¾î_³²","13","9","1,2","0,92","1,15","22","-4","18"
"¹ÌÄÉ´Ð_¸¶µµ±â¾î_³²","14","9","0,82","1,15","1,16","-20","18","20"
"¹ÌÄÉ´Ð_¸¶µµ±â¾î_³²","15","9","1,18","1,06","0,72","22","12","-28"
"¹ÌÄÉ´Ð_¸¶µµ±â¾î_³²","16","6","1,2","0,76","0,72","28","-18","-22"
"¹ÌÄÉ´Ð_¸¶µµ±â¾î_³²","17","6","0,72","0,96","1,22","-28","-2","30"
"¹ÌÄÉ´Ð_¸¶µµ±â¾î_³²","18","1","0,78","0,88","1,18","-24","-10","28"
"¹ÌÄÉ´Ð_¸¶µµ±â¾î_³²","19","1","1,18","0,82","1,02","26","-16","8"
"¹ÌÄÉ´Ð_¸¶µµ±â¾î_³²","20","1","0,74","1,12","0,92","-26","18","-8"
"¹ÌÄÉ´Ð_¸¶µµ±â¾î_¿©","10","9","1,15","0,85","0,8","18","-8","-14"
"¹ÌÄÉ´Ð_¸¶µµ±â¾î_¿©","11","9","0,82","1,02","1,2","-18","0","24"
"¹ÌÄÉ´Ð_¸¶µµ±â¾î_¿©","12","9","0,78","1,18","0,82","-20","22","-18"
"¹ÌÄÉ´Ð_¸¶µµ±â¾î_¿©","13","9","1,2","0,92","1,15","22","-4","18"
"¹ÌÄÉ´Ð_¸¶µµ±â¾î_¿©","14","9","0,82","1,15","1,16","-20","18","20"
"¹ÌÄÉ´Ð_¸¶µµ±â¾î_¿©","15","9","1,18","1,06","0,72","22","12","-28"
"¹ÌÄÉ´Ð_¸¶µµ±â¾î_¿©","16","6","1,2","0,76","0,72","28","-18","-22"
"¹ÌÄÉ´Ð_¸¶µµ±â¾î_¿©","17","6","0,72","0,96","1,22","-28","-2","30"
"¹ÌÄÉ´Ð_¸¶µµ±â¾î_¿©","18","1","0,78","0,88","1,18","-24","-10","28"
"¹ÌÄÉ´Ð_¸¶µµ±â¾î_¿©","19","1","1,18","0,82","1,02","26","-16","8"
"¹ÌÄÉ´Ð_¸¶µµ±â¾î_¿©","20","1","0,74","1,12","0,92","-26","18","-8"
"¹ÌÄÉ´Ð_¸¶µµ¾Æ¸Ó_³²","10","9","1,15","0,85","0,8","18","-8","-14"
"¹ÌÄÉ´Ð_¸¶µµ¾Æ¸Ó_³²","11","9","0,82","1,02","1,2","-18","0","24"
"¹ÌÄÉ´Ð_¸¶µµ¾Æ¸Ó_³²","12","9","0,78","1,18","0,82","-20","22","-18"
"¹ÌÄÉ´Ð_¸¶µµ¾Æ¸Ó_³²","13","9","1,2","0,92","1,15","22","-4","18"
"¹ÌÄÉ´Ð_¸¶µµ¾Æ¸Ó_³²","14","9","0,82","1,15","1,16","-20","18","20"
"¹ÌÄÉ´Ð_¸¶µµ¾Æ¸Ó_³²","15","9","1,18","1,06","0,72","22","12","-28"
"¹ÌÄÉ´Ð_¸¶µµ¾Æ¸Ó_³²","16","6","1,2","0,76","0,72","28","-18","-22"
"¹ÌÄÉ´Ð_¸¶µµ¾Æ¸Ó_³²","17","6","0,72","0,96","1,22","-28","-2","30"
"¹ÌÄÉ´Ð_¸¶µµ¾Æ¸Ó_³²","18","1","0,78","0,88","1,18","-24","-10","28"
"¹ÌÄÉ´Ð_¸¶µµ¾Æ¸Ó_³²","19","1","1,18","0,82","1,02","26","-16","8"
"¹ÌÄÉ´Ð_¸¶µµ¾Æ¸Ó_³²","20","1","0,74","1,12","0,92","-26","18","-8"
"¹ÌÄÉ´Ð_¸¶µµ¾Æ¸Ó_¿©","10","9","1,15","0,85","0,8","18","-8","-14"
"¹ÌÄÉ´Ð_¸¶µµ¾Æ¸Ó_¿©","11","9","0,82","1,02","1,2","-18","0","24"
"¹ÌÄÉ´Ð_¸¶µµ¾Æ¸Ó_¿©","12","9","0,78","1,18","0,82","-20","22","-18"
"¹ÌÄÉ´Ð_¸¶µµ¾Æ¸Ó_¿©","13","9","1,2","0,92","1,15","22","-4","18"
"¹ÌÄÉ´Ð_¸¶µµ¾Æ¸Ó_¿©","14","9","0,82","1,15","1,16","-20","18","20"
"¹ÌÄÉ´Ð_¸¶µµ¾Æ¸Ó_¿©","15","9","1,18","1,06","0,72","22","12","-28"
"¹ÌÄÉ´Ð_¸¶µµ¾Æ¸Ó_¿©","16","6","1,2","0,76","0,72","28","-18","-22"
"¹ÌÄÉ´Ð_¸¶µµ¾Æ¸Ó_¿©","17","6","0,72","0,96","1,22","-28","-2","30"
"¹ÌÄÉ´Ð_¸¶µµ¾Æ¸Ó_¿©","18","1","0,78","0,88","1,18","-24","-10","28"
"¹ÌÄÉ´Ð_¸¶µµ¾Æ¸Ó_¿©","19","1","1,18","0,82","1,02","26","-16","8"
"¹ÌÄÉ´Ð_¸¶µµ¾Æ¸Ó_¿©","20","1","0,74","1,12","0,92","-26","18","-8"
"¹ÌÄÉ´Ð_¿©","10","9","1,15","0,85","0,8","18","-8","-14"
"¹ÌÄÉ´Ð_¿©","11","9","0,82","1,02","1,2","-18","0","24"
"¹ÌÄÉ´Ð_¿©","12","9","0,78","1,18","0,82","-20","22","-18"
"¹ÌÄÉ´Ð_¿©","13","9","1,2","0,92","1,15","22","-4","18"
"¹ÌÄÉ´Ð_¿©","14","9","0,82","1,15","1,16","-20","18","20"
"¹ÌÄÉ´Ð_¿©","15","9","1,18","1,06","0,72","22","12","-28"
"¹ÌÄÉ´Ð_¿©","16","6","1,2","0,76","0,72","28","-18","-22"
"¹ÌÄÉ´Ð_¿©","17","6","0,72","0,96","1,22","-28","-2","30"
"¹ÌÄÉ´Ð_¿©","18","1","0,78","0,88","1,18","-24","-10","28"
"¹ÌÄÉ´Ð_¿©","19","1","1,18","0,82","1,02","26","-16","8"
"¹ÌÄÉ´Ð_¿©","20","1","0,74","1,12","0,92","-26","18","-8"
"¹ÌÄÉ´Ð¸äµÅÁö_³²","10","9","1,15","0,85","0,8","18","-8","-14"
"¹ÌÄÉ´Ð¸äµÅÁö_³²","11","9","0,82","1,02","1,2","-18","0","24"
"¹ÌÄÉ´Ð¸äµÅÁö_³²","12","9","0,78","1,18","0,82","-20","22","-18"
"¹ÌÄÉ´Ð¸äµÅÁö_³²","13","9","1,2","0,92","1,15","22","-4","18"
"¹ÌÄÉ´Ð¸äµÅÁö_³²","14","9","0,82","1,15","1,16","-20","18","20"
"¹ÌÄÉ´Ð¸äµÅÁö_³²","15","9","1,18","1,06","0,72","22","12","-28"
"¹ÌÄÉ´Ð¸äµÅÁö_³²","16","6","1,2","0,76","0,72","28","-18","-22"
"¹ÌÄÉ´Ð¸äµÅÁö_³²","17","6","0,72","0,96","1,22","-28","-2","30"
"¹ÌÄÉ´Ð¸äµÅÁö_³²","18","1","0,78","0,88","1,18","-24","-10","28"
"¹ÌÄÉ´Ð¸äµÅÁö_³²","19","1","1,18","0,82","1,02","26","-16","8"
"¹ÌÄÉ´Ð¸äµÅÁö_³²","20","1","0,74","1,12","0,92","-26","18","-8"
"¹ÌÄÉ´Ð¸äµÅÁö_¿©","10","9","1,15","0,85","0,8","18","-8","-14"
"¹ÌÄÉ´Ð¸äµÅÁö_¿©","11","9","0,82","1,02","1,2","-18","0","24"
"¹ÌÄÉ´Ð¸äµÅÁö_¿©","12","9","0,78","1,18","0,82","-20","22","-18"
"¹ÌÄÉ´Ð¸äµÅÁö_¿©","13","9","1,2","0,92","1,15","22","-4","18"
"¹ÌÄÉ´Ð¸äµÅÁö_¿©","14","9","0,82","1,15","1,16","-20","18","20"
"¹ÌÄÉ´Ð¸äµÅÁö_¿©","15","9","1,18","1,06","0,72","22","12","-28"
"¹ÌÄÉ´Ð¸äµÅÁö_¿©","16","6","1,2","0,76","0,72","28","-18","-22"
"¹ÌÄÉ´Ð¸äµÅÁö_¿©","17","6","0,72","0,96","1,22","-28","-2","30"
"¹ÌÄÉ´Ð¸äµÅÁö_¿©","18","1","0,78","0,88","1,18","-24","-10","28"
"¹ÌÄÉ´Ð¸äµÅÁö_¿©","19","1","1,18","0,82","1,02","26","-16","8"
"¹ÌÄÉ´Ð¸äµÅÁö_¿©","20","1","0,74","1,12","0,92","-26","18","-8"
"¹Î½ºÆ®·²_³²","10","9","1,15","0,85","0,8","18","-8","-14"
"¹Î½ºÆ®·²_³²","11","9","0,82","1,02","1,2","-18","0","24"
"¹Î½ºÆ®·²_³²","12","9","0,78","1,18","0,82","-20","22","-18"
"¹Î½ºÆ®·²_³²","13","9","1,2","0,92","1,15","22","-4","18"
"¹Î½ºÆ®·²_³²","14","9","0,82","1,15","1,16","-20","18","20"
"¹Î½ºÆ®·²_³²","15","9","1,18","1,06","0,72","22","12","-28"
"¹Î½ºÆ®·²_³²","16","6","1,2","0,76","0,72","28","-18","-22"
"¹Î½ºÆ®·²_³²","17","6","0,72","0,96","1,22","-28","-2","30"
"¹Î½ºÆ®·²_³²","18","1","0,78","0,88","1,18","-24","-10","28"
"¹Î½ºÆ®·²_³²","19","1","1,18","0,82","1,02","26","-16","8"
"¹Î½ºÆ®·²_³²","20","1","0,74","1,12","0,92","-26","18","-8"
"¹Î½ºÆ®·²_¿©","10","9","1,15","0,85","0,8","18","-8","-14"
"¹Î½ºÆ®·²_¿©","11","9","0,82","1,02","1,2","-18","0","24"
"¹Î½ºÆ®·²_¿©","12","9","0,78","1,18","0,82","-20","22","-18"
"¹Î½ºÆ®·²_¿©","13","9","1,2","0,92","1,15","22","-4","18"
"¹Î½ºÆ®·²_¿©","14","9","0,82","1,15","1,16","-20","18","20"
"¹Î½ºÆ®·²_¿©","15","9","1,18","1,06","0,72","22","12","-28"
"¹Î½ºÆ®·²_¿©","16","6","1,2","0,76","0,72","28","-18","-22"
"¹Î½ºÆ®·²_¿©","17","6","0,72","0,96","1,22","-28","-2","30"
"¹Î½ºÆ®·²_¿©","18","1","0,78","0,88","1,18","-24","-10","28"
"¹Î½ºÆ®·²_¿©","19","1","1,18","0,82","1,02","26","-16","8"
"¹Î½ºÆ®·²_¿©","20","1","0,74","1,12","0,92","-26","18","-8"
"¹Ùµå_³²","10","9","1,15","0,85","0,8","18","-8","-14"
"¹Ùµå_³²","11","9","0,82","1,02","1,2","-18","0","24"
"¹Ùµå_³²","12","9","0,78","1,18","0,82","-20","22","-18"
"¹Ùµå_³²","13","9","1,2","0,92","1,15","22","-4","18"
"¹Ùµå_³²","14","9","0,82","1,15","1,16","-20","18","20"
"¹Ùµå_³²","15","9","1,18","1,06","0,72","22","12","-28"
"¹Ùµå_³²","16","6","1,2","0,76","0,72","28","-18","-22"
"¹Ùµå_³²","17","6","0,72","0,96","1,22","-28","-2","30"
"¹Ùµå_³²","18","1","0,78","0,88","1,18","-24","-10","28"
"¹Ùµå_³²","19","1","1,18","0,82","1,02","26","-16","8"
"¹Ùµå_³²","20","1","0,74","1,12","0,92","-26","18","-8"
"¹Ùµå_¿©","10","9","1,15","0,85","0,8","18","-8","-14"
"¹Ùµå_¿©","11","9","0,82","1,02","1,2","-18","0","24"
"¹Ùµå_¿©","12","9","0,78","1,18","0,82","-20","22","-18"
"¹Ùµå_¿©","13","9","1,2","0,92","1,15","22","-4","18"
"¹Ùµå_¿©","14","9","0,82","1,15","1,16","-20","18","20"
"¹Ùµå_¿©","15","9","1,18","1,06","0,72","22","12","-28"
"¹Ùµå_¿©","16","6","1,2","0,76","0,72","28","-18","-22"
"¹Ùµå_¿©","17","6","0,72","0,96","1,22","-28","-2","30"
"¹Ùµå_¿©","18","1","0,78","0,88","1,18","-24","-10","28"
"¹Ùµå_¿©","19","1","1,18","0,82","1,02","26","-16","8"
"¹Ùµå_¿©","20","1","0,74","1,12","0,92","-26","18","-8"
"»çÀÚ±â»ç_³²","10","9","1,15","0,85","0,8","18","-8","-14"
"»çÀÚ±â»ç_³²","11","9","0,82","1,02","1,2","-18","0","24"
"»çÀÚ±â»ç_³²","12","9","0,78","1,18","0,82","-20","22","-18"
"»çÀÚ±â»ç_³²","13","9","1,2","0,92","1,15","22","-4","18"
"»çÀÚ±â»ç_³²","14","9","0,82","1,15","1,16","-20","18","20"
"»çÀÚ±â»ç_³²","15","9","1,18","1,06","0,72","22","12","-28"
"»çÀÚ±â»ç_³²","16","6","1,2","0,76","0,72","28","-18","-22"
"»çÀÚ±â»ç_³²","17","6","0,72","0,96","1,22","-28","-2","30"
"»çÀÚ±â»ç_³²","18","1","0,78","0,88","1,18","-24","-10","28"
"»çÀÚ±â»ç_³²","19","1","1,18","0,82","1,02","26","-16","8"
"»çÀÚ±â»ç_³²","20","1","0,74","1,12","0,92","-26","18","-8"
"»çÀÚ±â»ç_¿©","10","9","1,15","0,85","0,8","18","-8","-14"
"»çÀÚ±â»ç_¿©","11","9","0,82","1,02","1,2","-18","0","24"
"»çÀÚ±â»ç_¿©","12","9","0,78","1,18","0,82","-20","22","-18"
"»çÀÚ±â»ç_¿©","13","9","1,2","0,92","1,15","22","-4","18"
"»çÀÚ±â»ç_¿©","14","9","0,82","1,15","1,16","-20","18","20"
"»çÀÚ±â»ç_¿©","15","9","1,18","1,06","0,72","22","12","-28"
"»çÀÚ±â»ç_¿©","16","6","1,2","0,76","0,72","28","-18","-22"
"»çÀÚ±â»ç_¿©","17","6","0,72","0,96","1,22","-28","-2","30"
"»çÀÚ±â»ç_¿©","18","1","0,78","0,88","1,18","-24","-10","28"
"»çÀÚ±â»ç_¿©","19","1","1,18","0,82","1,02","26","-16","8"
"»çÀÚ±â»ç_¿©","20","1","0,74","1,12","0,92","-26","18","-8"
"»çÀÚ·é³ªÀÌÆ®_³²","10","9","1,15","0,85","0,8","18","-8","-14"
"»çÀÚ·é³ªÀÌÆ®_³²","11","9","0,82","1,02","1,2","-18","0","24"
"»çÀÚ·é³ªÀÌÆ®_³²","12","9","0,78","1,18","0,82","-20","22","-18"
"»çÀÚ·é³ªÀÌÆ®_³²","13","9","1,2","0,92","1,15","22","-4","18"
"»çÀÚ·é³ªÀÌÆ®_³²","14","9","0,82","1,15","1,16","-20","18","20"
"»çÀÚ·é³ªÀÌÆ®_³²","15","9","1,18","1,06","0,72","22","12","-28"
"»çÀÚ·é³ªÀÌÆ®_³²","16","6","1,2","0,76","0,72","28","-18","-22"
"»çÀÚ·é³ªÀÌÆ®_³²","17","6","0,72","0,96","1,22","-28","-2","30"
"»çÀÚ·é³ªÀÌÆ®_³²","18","1","0,78","0,88","1,18","-24","-10","28"
"»çÀÚ·é³ªÀÌÆ®_³²","19","1","1,18","0,82","1,02","26","-16","8"
"»çÀÚ·é³ªÀÌÆ®_³²","20","1","0,74","1,12","0,92","-26","18","-8"
"»çÀÚ·é³ªÀÌÆ®_¿©","10","9","1,15","0,85","0,8","18","-8","-14"
"»çÀÚ·é³ªÀÌÆ®_¿©","11","9","0,82","1,02","1,2","-18","0","24"
"»çÀÚ·é³ªÀÌÆ®_¿©","12","9","0,78","1,18","0,82","-20","22","-18"
"»çÀÚ·é³ªÀÌÆ®_¿©","13","9","1,2","0,92","1,15","22","-4","18"
"»çÀÚ·é³ªÀÌÆ®_¿©","14","9","0,82","1,15","1,16","-20","18","20"
"»çÀÚ·é³ªÀÌÆ®_¿©","15","9","1,18","1,06","0,72","22","12","-28"
"»çÀÚ·é³ªÀÌÆ®_¿©","16","6","1,2","0,76","0,72","28","-18","-22"
"»çÀÚ·é³ªÀÌÆ®_¿©","17","6","0,72","0,96","1,22","-28","-2","30"
"»çÀÚ·é³ªÀÌÆ®_¿©","18","1","0,78","0,88","1,18","-24","-10","28"
"»çÀÚ·é³ªÀÌÆ®_¿©","19","1","1,18","0,82","1,02","26","-16","8"
"»çÀÚ·é³ªÀÌÆ®_¿©","20","1","0,74","1,12","0,92","-26","18","-8"
"»çÀÚ·Îµå³ªÀÌÆ®_³²","10","9","1,15","0,85","0,8","18","-8","-14"
"»çÀÚ·Îµå³ªÀÌÆ®_³²","11","9","0,82","1,02","1,2","-18","0","24"
"»çÀÚ·Îµå³ªÀÌÆ®_³²","12","9","0,78","1,18","0,82","-20","22","-18"
"»çÀÚ·Îµå³ªÀÌÆ®_³²","13","9","1,2","0,92","1,15","22","-4","18"
"»çÀÚ·Îµå³ªÀÌÆ®_³²","14","9","0,82","1,15","1,16","-20","18","20"
"»çÀÚ·Îµå³ªÀÌÆ®_³²","15","9","1,18","1,06","0,72","22","12","-28"
"»çÀÚ·Îµå³ªÀÌÆ®_³²","16","6","1,2","0,76","0,72","28","-18","-22"
"»çÀÚ·Îµå³ªÀÌÆ®_³²","17","6","0,72","0,96","1,22","-28","-2","30"
"»çÀÚ·Îµå³ªÀÌÆ®_³²","18","1","0,78","0,88","1,18","-24","-10","28"
"»çÀÚ·Îµå³ªÀÌÆ®_³²","19","1","1,18","0,82","1,02","26","-16","8"
"»çÀÚ·Îµå³ªÀÌÆ®_³²","20","1","0,74","1,12","0,92","-26","18","-8"
"»çÀÚ·Îµå³ªÀÌÆ®_¿©","10","9","1,15","0,85","0,8","18","-8","-14"
"»çÀÚ·Îµå³ªÀÌÆ®_¿©","11","9","0,82","1,02","1,2","-18","0","24"
"»çÀÚ·Îµå³ªÀÌÆ®_¿©","12","9","0,78","1,18","0,82","-20","22","-18"
"»çÀÚ·Îµå³ªÀÌÆ®_¿©","13","9","1,2","0,92","1,15","22","-4","18"
"»çÀÚ·Îµå³ªÀÌÆ®_¿©","14","9","0,82","1,15","1,16","-20","18","20"
"»çÀÚ·Îµå³ªÀÌÆ®_¿©","15","9","1,18","1,06","0,72","22","12","-28"
"»çÀÚ·Îµå³ªÀÌÆ®_¿©","16","6","1,2","0,76","0,72","28","-18","-22"
"»çÀÚ·Îµå³ªÀÌÆ®_¿©","17","6","0,72","0,96","1,22","-28","-2","30"
"»çÀÚ·Îµå³ªÀÌÆ®_¿©","18","1","0,78","0,88","1,18","-24","-10","28"
"»çÀÚ·Îµå³ªÀÌÆ®_¿©","19","1","1,18","0,82","1,02","26","-16","8"
"»çÀÚ·Îµå³ªÀÌÆ®_¿©","20","1","0,74","1,12","0,92","-26","18","-8"
"»çÀÚ·Î¾â°¡µå_³²","10","9","1,15","0,85","0,8","18","-8","-14"
"»çÀÚ·Î¾â°¡µå_³²","11","9","0,82","1,02","1,2","-18","0","24"
"»çÀÚ·Î¾â°¡µå_³²","12","9","0,78","1,18","0,82","-20","22","-18"
"»çÀÚ·Î¾â°¡µå_³²","13","9","1,2","0,92","1,15","22","-4","18"
"»çÀÚ·Î¾â°¡µå_³²","14","9","0,82","1,15","1,16","-20","18","20"
"»çÀÚ·Î¾â°¡µå_³²","15","9","1,18","1,06","0,72","22","12","-28"
"»çÀÚ·Î¾â°¡µå_³²","16","6","1,2","0,76","0,72","28","-18","-22"
"»çÀÚ·Î¾â°¡µå_³²","17","6","0,72","0,96","1,22","-28","-2","30"
"»çÀÚ·Î¾â°¡µå_³²","18","1","0,78","0,88","1,18","-24","-10","28"
"»çÀÚ·Î¾â°¡µå_³²","19","1","1,18","0,82","1,02","26","-16","8"
"»çÀÚ·Î¾â°¡µå_³²","20","1","0,74","1,12","0,92","-26","18","-8"
"»çÀÚ·Î¾â°¡µå_¿©","10","9","1,15","0,85","0,8","18","-8","-14"
"»çÀÚ·Î¾â°¡µå_¿©","11","9","0,82","1,02","1,2","-18","0","24"
"»çÀÚ·Î¾â°¡µå_¿©","12","9","0,78","1,18","0,82","-20","22","-18"
"»çÀÚ·Î¾â°¡µå_¿©","13","9","1,2","0,92","1,15","22","-4","18"
"»çÀÚ·Î¾â°¡µå_¿©","14","9","0,82","1,15","1,16","-20","18","20"
"»çÀÚ·Î¾â°¡µå_¿©","15","9","1,18","1,06","0,72","22","12","-28"
"»çÀÚ·Î¾â°¡µå_¿©","16","6","1,2","0,76","0,72","28","-18","-22"
"»çÀÚ·Î¾â°¡µå_¿©","17","6","0,72","0,96","1,22","-28","-2","30"
"»çÀÚ·Î¾â°¡µå_¿©","18","1","0,78","0,88","1,18","-24","-10","28"
"»çÀÚ·Î¾â°¡µå_¿©","19","1","1,18","0,82","1,02","26","-16","8"
"»çÀÚ·Î¾â°¡µå_¿©","20","1","0,74","1,12","0,92","-26","18","-8"
"»çÀÚÅ©·ç¼¼ÀÌ´õ_³²","10","9","1,15","0,85","0,8","18","-8","-14"
"»çÀÚÅ©·ç¼¼ÀÌ´õ_³²","11","9","0,82","1,02","1,2","-18","0","24"
"»çÀÚÅ©·ç¼¼ÀÌ´õ_³²","12","9","0,78","1,18","0,82","-20","22","-18"
"»çÀÚÅ©·ç¼¼ÀÌ´õ_³²","13","9","1,2","0,92","1,15","22","-4","18"
"»çÀÚÅ©·ç¼¼ÀÌ´õ_³²","14","9","0,82","1,15","1,16","-20","18","20"
"»çÀÚÅ©·ç¼¼ÀÌ´õ_³²","15","9","1,18","1,06","0,72","22","12","-28"
"»çÀÚÅ©·ç¼¼ÀÌ´õ_³²","16","6","1,2","0,76","0,72","28","-18","-22"
"»çÀÚÅ©·ç¼¼ÀÌ´õ_³²","17","6","0,72","0,96","1,22","-28","-2","30"
"»çÀÚÅ©·ç¼¼ÀÌ´õ_³²","18","1","0,78","0,88","1,18","-24","-10","28"
"»çÀÚÅ©·ç¼¼ÀÌ´õ_³²","19","1","1,18","0,82","1,02","26","-16","8"
"»çÀÚÅ©·ç¼¼ÀÌ´õ_³²","20","1","0,74","1,12","0,92","-26","18","-8"
"»çÀÚÅ©·ç¼¼ÀÌ´õ_¿©","10","9","1,15","0,85","0,8","18","-8","-14"
"»çÀÚÅ©·ç¼¼ÀÌ´õ_¿©","11","9","0,82","1,02","1,2","-18","0","24"
"»çÀÚÅ©·ç¼¼ÀÌ´õ_¿©","12","9","0,78","1,18","0,82","-20","22","-18"
"»çÀÚÅ©·ç¼¼ÀÌ´õ_¿©","13","9","1,2","0,92","1,15","22","-4","18"
"»çÀÚÅ©·ç¼¼ÀÌ´õ_¿©","14","9","0,82","1,15","1,16","-20","18","20"
"»çÀÚÅ©·ç¼¼ÀÌ´õ_¿©","15","9","1,18","1,06","0,72","22","12","-28"
"»çÀÚÅ©·ç¼¼ÀÌ´õ_¿©","16","6","1,2","0,76","0,72","28","-18","-22"
"»çÀÚÅ©·ç¼¼ÀÌ´õ_¿©","17","6","0,72","0,96","1,22","-28","-2","30"
"»çÀÚÅ©·ç¼¼ÀÌ´õ_¿©","18","1","0,78","0,88","1,18","-24","-10","28"
"»çÀÚÅ©·ç¼¼ÀÌ´õ_¿©","19","1","1,18","0,82","1,02","26","-16","8"
"»çÀÚÅ©·ç¼¼ÀÌ´õ_¿©","20","1","0,74","1,12","0,92","-26","18","-8"
"»çÀÚÆÈ¶óµò_³²","10","9","1,15","0,85","0,8","18","-8","-14"
"»çÀÚÆÈ¶óµò_³²","11","9","0,82","1,02","1,2","-18","0","24"
"»çÀÚÆÈ¶óµò_³²","12","9","0,78","1,18","0,82","-20","22","-18"
"»çÀÚÆÈ¶óµò_³²","13","9","1,2","0,92","1,15","22","-4","18"
"»çÀÚÆÈ¶óµò_³²","14","9","0,82","1,15","1,16","-20","18","20"
"»çÀÚÆÈ¶óµò_³²","15","9","1,18","1,06","0,72","22","12","-28"
"»çÀÚÆÈ¶óµò_³²","16","6","1,2","0,76","0,72","28","-18","-22"
"»çÀÚÆÈ¶óµò_³²","17","6","0,72","0,96","1,22","-28","-2","30"
"»çÀÚÆÈ¶óµò_³²","18","1","0,78","0,88","1,18","-24","-10","28"
"»çÀÚÆÈ¶óµò_³²","19","1","1,18","0,82","1,02","26","-16","8"
"»çÀÚÆÈ¶óµò_³²","20","1","0,74","1,12","0,92","-26","18","-8"
"»çÀÚÆÈ¶óµò_¿©","10","9","1,15","0,85","0,8","18","-8","-14"
"»çÀÚÆÈ¶óµò_¿©","11","9","0,82","1,02","1,2","-18","0","24"
"»çÀÚÆÈ¶óµò_¿©","12","9","0,78","1,18","0,82","-20","22","-18"
"»çÀÚÆÈ¶óµò_¿©","13","9","1,2","0,92","1,15","22","-4","18"
"»çÀÚÆÈ¶óµò_¿©","14","9","0,82","1,15","1,16","-20","18","20"
"»çÀÚÆÈ¶óµò_¿©","15","9","1,18","1,06","0,72","22","12","-28"
"»çÀÚÆÈ¶óµò_¿©","16","6","1,2","0,76","0,72","28","-18","-22"
"»çÀÚÆÈ¶óµò_¿©","17","6","0,72","0,96","1,22","-28","-2","30"
"»çÀÚÆÈ¶óµò_¿©","18","1","0,78","0,88","1,18","-24","-10","28"
"»çÀÚÆÈ¶óµò_¿©","19","1","1,18","0,82","1,02","26","-16","8"
"»çÀÚÆÈ¶óµò_¿©","20","1","0,74","1,12","0,92","-26","18","-8"
"»óÀÎ_³²","10","9","1,15","0,85","0,8","18","-8","-14"
"»óÀÎ_³²","11","9","0,82","1,02","1,2","-18","0","24"
"»óÀÎ_³²","12","9","0,78","1,18","0,82","-20","22","-18"
"»óÀÎ_³²","13","9","1,2","0,92","1,15","22","-4","18"
"»óÀÎ_³²","14","9","0,82","1,15","1,16","-20","18","20"
"»óÀÎ_³²","15","9","1,18","1,06","0,72","22","12","-28"
"»óÀÎ_³²","16","6","1,2","0,76","0,72","28","-18","-22"
"»óÀÎ_³²","17","6","0,72","0,96","1,22","-28","-2","30"
"»óÀÎ_³²","18","1","0,78","0,88","1,18","-24","-10","28"
"»óÀÎ_³²","19","1","1,18","0,82","1,02","26","-16","8"
"»óÀÎ_³²","20","1","0,74","1,12","0,92","-26","18","-8"
"»óÀÎ_¿©","10","9","1,15","0,85","0,8","18","-8","-14"
"»óÀÎ_¿©","11","9","0,82","1,02","1,2","-18","0","24"
"»óÀÎ_¿©","12","9","0,78","1,18","0,82","-20","22","-18"
"»óÀÎ_¿©","13","9","1,2","0,92","1,15","22","-4","18"
"»óÀÎ_¿©","14","9","0,82","1,15","1,16","-20","18","20"
"»óÀÎ_¿©","15","9","1,18","1,06","0,72","22","12","-28"
"»óÀÎ_¿©","16","6","1,2","0,76","0,72","28","-18","-22"
"»óÀÎ_¿©","17","6","0,72","0,96","1,22","-28","-2","30"
"»óÀÎ_¿©","18","1","0,78","0,88","1,18","-24","-10","28"
"»óÀÎ_¿©","19","1","1,18","0,82","1,02","26","-16","8"
"»óÀÎ_¿©","20","1","0,74","1,12","0,92","-26","18","-8"
"»óÀÎ¸äµÅÁö_³²","10","9","1,15","0,85","0,8","18","-8","-14"
"»óÀÎ¸äµÅÁö_³²","11","9","0,82","1,02","1,2","-18","0","24"
"»óÀÎ¸äµÅÁö_³²","12","9","0,78","1,18","0,82","-20","22","-18"
"»óÀÎ¸äµÅÁö_³²","13","9","1,2","0,92","1,15","22","-4","18"
"»óÀÎ¸äµÅÁö_³²","14","9","0,82","1,15","1,16","-20","18","20"
"»óÀÎ¸äµÅÁö_³²","15","9","1,18","1,06","0,72","22","12","-28"
"»óÀÎ¸äµÅÁö_³²","16","6","1,2","0,76","0,72","28","-18","-22"
"»óÀÎ¸äµÅÁö_³²","17","6","0,72","0,96","1,22","-28","-2","30"
"»óÀÎ¸äµÅÁö_³²","18","1","0,78","0,88","1,18","-24","-10","28"
"»óÀÎ¸äµÅÁö_³²","19","1","1,18","0,82","1,02","26","-16","8"
"»óÀÎ¸äµÅÁö_³²","20","1","0,74","1,12","0,92","-26","18","-8"
"»óÀÎ¸äµÅÁö_¿©","10","9","1,15","0,85","0,8","18","-8","-14"
"»óÀÎ¸äµÅÁö_¿©","11","9","0,82","1,02","1,2","-18","0","24"
"»óÀÎ¸äµÅÁö_¿©","12","9","0,78","1,18","0,82","-20","22","-18"
"»óÀÎ¸äµÅÁö_¿©","13","9","1,2","0,92","1,15","22","-4","18"
"»óÀÎ¸äµÅÁö_¿©","14","9","0,82","1,15","1,16","-20","18","20"
"»óÀÎ¸äµÅÁö_¿©","15","9","1,18","1,06","0,72","22","12","-28"
"»óÀÎ¸äµÅÁö_¿©","16","6","1,2","0,76","0,72","28","-18","-22"
"»óÀÎ¸äµÅÁö_¿©","17","6","0,72","0,96","1,22","-28","-2","30"
"»óÀÎ¸äµÅÁö_¿©","18","1","0,78","0,88","1,18","-24","-10","28"
"»óÀÎ¸äµÅÁö_¿©","19","1","1,18","0,82","1,02","26","-16","8"
"»óÀÎ¸äµÅÁö_¿©","20","1","0,74","1,12","0,92","-26","18","-8"
"¼ºÁ¦_³²","10","9","1,15","0,85","0,8","18","-8","-14"
"¼ºÁ¦_³²","11","9","0,82","1,02","1,2","-18","0","24"
"¼ºÁ¦_³²","12","9","0,78","1,18","0,82","-20","22","-18"
"¼ºÁ¦_³²","13","9","1,2","0,92","1,15","22","-4","18"
"¼ºÁ¦_³²","14","9","0,82","1,15","1,16","-20","18","20"
"¼ºÁ¦_³²","15","9","1,18","1,06","0,72","22","12","-28"
"¼ºÁ¦_³²","16","6","1,2","0,76","0,72","28","-18","-22"
"¼ºÁ¦_³²","17","6","0,72","0,96","1,22","-28","-2","30"
"¼ºÁ¦_³²","18","1","0,78","0,88","1,18","-24","-10","28"
"¼ºÁ¦_³²","19","1","1,18","0,82","1,02","26","-16","8"
"¼ºÁ¦_³²","20","1","0,74","1,12","0,92","-26","18","-8"
"¼ºÁ¦_³²_Å»°Í","10","9","1,15","0,85","0,8","18","-8","-14"
"¼ºÁ¦_³²_Å»°Í","11","9","0,82","1,02","1,2","-18","0","24"
"¼ºÁ¦_³²_Å»°Í","12","9","0,78","1,18","0,82","-20","22","-18"
"¼ºÁ¦_³²_Å»°Í","13","9","1,2","0,92","1,15","22","-4","18"
"¼ºÁ¦_³²_Å»°Í","14","9","0,82","1,15","1,16","-20","18","20"
"¼ºÁ¦_³²_Å»°Í","15","9","1,18","1,06","0,72","22","12","-28"
"¼ºÁ¦_³²_Å»°Í","16","6","1,2","0,76","0,72","28","-18","-22"
"¼ºÁ¦_³²_Å»°Í","17","6","0,72","0,96","1,22","-28","-2","30"
"¼ºÁ¦_³²_Å»°Í","18","1","0,78","0,88","1,18","-24","-10","28"
"¼ºÁ¦_³²_Å»°Í","19","1","1,18","0,82","1,02","26","-16","8"
"¼ºÁ¦_³²_Å»°Í","20","1","0,74","1,12","0,92","-26","18","-8"
"¼ºÁ¦_¿©","10","9","1,15","0,85","0,8","18","-8","-14"
"¼ºÁ¦_¿©","11","9","0,82","1,02","1,2","-18","0","24"
"¼ºÁ¦_¿©","12","9","0,78","1,18","0,82","-20","22","-18"
"¼ºÁ¦_¿©","13","9","1,2","0,92","1,15","22","-4","18"
"¼ºÁ¦_¿©","14","9","0,82","1,15","1,16","-20","18","20"
"¼ºÁ¦_¿©","15","9","1,18","1,06","0,72","22","12","-28"
"¼ºÁ¦_¿©","16","6","1,2","0,76","0,72","28","-18","-22"
"¼ºÁ¦_¿©","17","6","0,72","0,96","1,22","-28","-2","30"
"¼ºÁ¦_¿©","18","1","0,78","0,88","1,18","-24","-10","28"
"¼ºÁ¦_¿©","19","1","1,18","0,82","1,02","26","-16","8"
"¼ºÁ¦_¿©","20","1","0,74","1,12","0,92","-26","18","-8"
"¼ºÁ¦_¿©_Å»°Í","10","9","1,15","0,85","0,8","18","-8","-14"
"¼ºÁ¦_¿©_Å»°Í","11","9","0,82","1,02","1,2","-18","0","24"
"¼ºÁ¦_¿©_Å»°Í","12","9","0,78","1,18","0,82","-20","22","-18"
"¼ºÁ¦_¿©_Å»°Í","13","9","1,2","0,92","1,15","22","-4","18"
"¼ºÁ¦_¿©_Å»°Í","14","9","0,82","1,15","1,16","-20","18","20"
"¼ºÁ¦_¿©_Å»°Í","15","9","1,18","1,06","0,72","22","12","-28"
"¼ºÁ¦_¿©_Å»°Í","16","6","1,2","0,76","0,72","28","-18","-22"
"¼ºÁ¦_¿©_Å»°Í","17","6","0,72","0,96","1,22","-28","-2","30"
"¼ºÁ¦_¿©_Å»°Í","18","1","0,78","0,88","1,18","-24","-10","28"
"¼ºÁ¦_¿©_Å»°Í","19","1","1,18","0,82","1,02","26","-16","8"
"¼ºÁ¦_¿©_Å»°Í","20","1","0,74","1,12","0,92","-26","18","-8"
"¼ºÁ¦À¶ÇÕ_³²","10","9","1,15","0,85","0,8","18","-8","-14"
"¼ºÁ¦À¶ÇÕ_³²","11","9","0,82","1,02","1,2","-18","0","24"
"¼ºÁ¦À¶ÇÕ_³²","12","9","0,78","1,18","0,82","-20","22","-18"
"¼ºÁ¦À¶ÇÕ_³²","13","9","1,2","0,92","1,15","22","-4","18"
"¼ºÁ¦À¶ÇÕ_³²","14","9","0,82","1,15","1,16","-20","18","20"
"¼ºÁ¦À¶ÇÕ_³²","15","9","1,18","1,06","0,72","22","12","-28"
"¼ºÁ¦À¶ÇÕ_³²","16","6","1,2","0,76","0,72","28","-18","-22"
"¼ºÁ¦À¶ÇÕ_³²","17","6","0,72","0,96","1,22","-28","-2","30"
"¼ºÁ¦À¶ÇÕ_³²","18","1","0,78","0,88","1,18","-24","-10","28"
"¼ºÁ¦À¶ÇÕ_³²","19","1","1,18","0,82","1,02","26","-16","8"
"¼ºÁ¦À¶ÇÕ_³²","20","1","0,74","1,12","0,92","-26","18","-8"
"¼ºÁ¦À¶ÇÕ_¿©","10","9","1,15","0,85","0,8","18","-8","-14"
"¼ºÁ¦À¶ÇÕ_¿©","11","9","0,82","1,02","1,2","-18","0","24"
"¼ºÁ¦À¶ÇÕ_¿©","12","9","0,78","1,18","0,82","-20","22","-18"
"¼ºÁ¦À¶ÇÕ_¿©","13","9","1,2","0,92","1,15","22","-4","18"
"¼ºÁ¦À¶ÇÕ_¿©","14","9","0,82","1,15","1,16","-20","18","20"
"¼ºÁ¦À¶ÇÕ_¿©","15","9","1,18","1,06","0,72","22","12","-28"
"¼ºÁ¦À¶ÇÕ_¿©","16","6","1,2","0,76","0,72","28","-18","-22"
"¼ºÁ¦À¶ÇÕ_¿©","17","6","0,72","0,96","1,22","-28","-2","30"
"¼ºÁ¦À¶ÇÕ_¿©","18","1","0,78","0,88","1,18","-24","-10","28"
"¼ºÁ¦À¶ÇÕ_¿©","19","1","1,18","0,82","1,02","26","-16","8"
"¼ºÁ¦À¶ÇÕ_¿©","20","1","0,74","1,12","0,92","-26","18","-8"
"¼ºÁ÷ÀÚ_³²","10","9","1,15","0,85","0,8","18","-8","-14"
"¼ºÁ÷ÀÚ_³²","11","9","0,82","1,02","1,2","-18","0","24"
"¼ºÁ÷ÀÚ_³²","12","9","0,78","1,18","0,82","-20","22","-18"
"¼ºÁ÷ÀÚ_³²","13","9","1,2","0,92","1,15","22","-4","18"
"¼ºÁ÷ÀÚ_³²","14","9","0,82","1,15","1,16","-20","18","20"
"¼ºÁ÷ÀÚ_³²","15","9","1,18","1,06","0,72","22","12","-28"
"¼ºÁ÷ÀÚ_³²","16","6","1,2","0,76","0,72","28","-18","-22"
"¼ºÁ÷ÀÚ_³²","17","6","0,72","0,96","1,22","-28","-2","30"
"¼ºÁ÷ÀÚ_³²","18","1","0,78","0,88","1,18","-24","-10","28"
"¼ºÁ÷ÀÚ_³²","19","1","1,18","0,82","1,02","26","-16","8"
"¼ºÁ÷ÀÚ_³²","20","1","0,74","1,12","0,92","-26","18","-8"
"¼ºÁ÷ÀÚ_¿©","10","9","1,15","0,85","0,8","18","-8","-14"
"¼ºÁ÷ÀÚ_¿©","11","9","0,82","1,02","1,2","-18","0","24"
"¼ºÁ÷ÀÚ_¿©","12","9","0,78","1,18","0,82","-20","22","-18"
"¼ºÁ÷ÀÚ_¿©","13","9","1,2","0,92","1,15","22","-4","18"
"¼ºÁ÷ÀÚ_¿©","14","9","0,82","1,15","1,16","-20","18","20"
"¼ºÁ÷ÀÚ_¿©","15","9","1,18","1,06","0,72","22","12","-28"
"¼ºÁ÷ÀÚ_¿©","16","6","1,2","0,76","0,72","28","-18","-22"
"¼ºÁ÷ÀÚ_¿©","17","6","0,72","0,96","1,22","-28","-2","30"
"¼ºÁ÷ÀÚ_¿©","18","1","0,78","0,88","1,18","-24","-10","28"
"¼ºÁ÷ÀÚ_¿©","19","1","1,18","0,82","1,02","26","-16","8"
"¼ºÁ÷ÀÚ_¿©","20","1","0,74","1,12","0,92","-26","18","-8"
"¼ºÅõ»ç2_³²","10","9","1,15","0,85","0,8","18","-8","-14"
"¼ºÅõ»ç2_³²","11","9","0,82","1,02","1,2","-18","0","24"
"¼ºÅõ»ç2_³²","12","9","0,78","1,18","0,82","-20","22","-18"
"¼ºÅõ»ç2_³²","13","9","1,2","0,92","1,15","22","-4","18"
"¼ºÅõ»ç2_³²","14","9","0,82","1,15","1,16","-20","18","20"
"¼ºÅõ»ç2_³²","15","9","1,18","1,06","0,72","22","12","-28"
"¼ºÅõ»ç2_³²","16","6","1,2","0,76","0,72","28","-18","-22"
"¼ºÅõ»ç2_³²","17","6","0,72","0,96","1,22","-28","-2","30"
"¼ºÅõ»ç2_³²","18","1","0,78","0,88","1,18","-24","-10","28"
"¼ºÅõ»ç2_³²","19","1","1,18","0,82","1,02","26","-16","8"
"¼ºÅõ»ç2_³²","20","1","0,74","1,12","0,92","-26","18","-8"
"¼ºÅõ»ç2_¿©","10","9","1,15","0,85","0,8","18","-8","-14"
"¼ºÅõ»ç2_¿©","11","9","0,82","1,02","1,2","-18","0","24"
"¼ºÅõ»ç2_¿©","12","9","0,78","1,18","0,82","-20","22","-18"
"¼ºÅõ»ç2_¿©","13","9","1,2","0,92","1,15","22","-4","18"
"¼ºÅõ»ç2_¿©","14","9","0,82","1,15","1,16","-20","18","20"
"¼ºÅõ»ç2_¿©","15","9","1,18","1,06","0,72","22","12","-28"
"¼ºÅõ»ç2_¿©","16","6","1,2","0,76","0,72","28","-18","-22"
"¼ºÅõ»ç2_¿©","17","6","0,72","0,96","1,22","-28","-2","30"
"¼ºÅõ»ç2_¿©","18","1","0,78","0,88","1,18","-24","-10","28"
"¼ºÅõ»ç2_¿©","19","1","1,18","0,82","1,02","26","-16","8"
"¼ºÅõ»ç2_¿©","20","1","0,74","1,12","0,92","-26","18","-8"
"¼ºÅõ»ç_³²","10","9","1,15","0,85","0,8","18","-8","-14"
"¼ºÅõ»ç_³²","11","9","0,82","1,02","1,2","-18","0","24"
"¼ºÅõ»ç_³²","12","9","0,78","1,18","0,82","-20","22","-18"
"¼ºÅõ»ç_³²","13","9","1,2","0,92","1,15","22","-4","18"
"¼ºÅõ»ç_³²","14","9","0,82","1,15","1,16","-20","18","20"
"¼ºÅõ»ç_³²","15","9","1,18","1,06","0,72","22","12","-28"
"¼ºÅõ»ç_³²","16","6","1,2","0,76","0,72","28","-18","-22"
"¼ºÅõ»ç_³²","17","6","0,72","0,96","1,22","-28","-2","30"
"¼ºÅõ»ç_³²","18","1","0,78","0,88","1,18","-24","-10","28"
"¼ºÅõ»ç_³²","19","1","1,18","0,82","1,02","26","-16","8"
"¼ºÅõ»ç_³²","20","1","0,74","1,12","0,92","-26","18","-8"
"¼ºÅõ»ç_¿©","10","9","1,15","0,85","0,8","18","-8","-14"
"¼ºÅõ»ç_¿©","11","9","0,82","1,02","1,2","-18","0","24"
"¼ºÅõ»ç_¿©","12","9","0,78","1,18","0,82","-20","22","-18"
"¼ºÅõ»ç_¿©","13","9","1,2","0,92","1,15","22","-4","18"
"¼ºÅõ»ç_¿©","14","9","0,82","1,15","1,16","-20","18","20"
"¼ºÅõ»ç_¿©","15","9","1,18","1,06","0,72","22","12","-28"
"¼ºÅõ»ç_¿©","16","6","1,2","0,76","0,72","28","-18","-22"
"¼ºÅõ»ç_¿©","17","6","0,72","0,96","1,22","-28","-2","30"
"¼ºÅõ»ç_¿©","18","1","0,78","0,88","1,18","-24","-10","28"
"¼ºÅõ»ç_¿©","19","1","1,18","0,82","1,02","26","-16","8"
"¼ºÅõ»ç_¿©","20","1","0,74","1,12","0,92","-26","18","-8"
"¼¼ÀÌÁö_³²","10","9","1,15","0,85","0,8","18","-8","-14"
"¼¼ÀÌÁö_³²","11","9","0,82","1,02","1,2","-18","0","24"
"¼¼ÀÌÁö_³²","12","9","0,78","1,18","0,82","-20","22","-18"
"¼¼ÀÌÁö_³²","13","9","1,2","0,92","1,15","22","-4","18"
"¼¼ÀÌÁö_³²","14","9","0,82","1,15","1,16","-20","18","20"
"¼¼ÀÌÁö_³²","15","9","1,18","1,06","0,72","22","12","-28"
"¼¼ÀÌÁö_³²","16","6","1,2","0,76","0,72","28","-18","-22"
"¼¼ÀÌÁö_³²","17","6","0,72","0,96","1,22","-28","-2","30"
"¼¼ÀÌÁö_³²","18","1","0,78","0,88","1,18","-24","-10","28"
"¼¼ÀÌÁö_³²","19","1","1,18","0,82","1,02","26","-16","8"
"¼¼ÀÌÁö_³²","20","1","0,74","1,12","0,92","-26","18","-8"
"¼¼ÀÌÁö_¿©","10","9","1,15","0,85","0,8","18","-8","-14"
"¼¼ÀÌÁö_¿©","11","9","0,82","1,02","1,2","-18","0","24"
"¼¼ÀÌÁö_¿©","12","9","0,78","1,18","0,82","-20","22","-18"
"¼¼ÀÌÁö_¿©","13","9","1,2","0,92","1,15","22","-4","18"
"¼¼ÀÌÁö_¿©","14","9","0,82","1,15","1,16","-20","18","20"
"¼¼ÀÌÁö_¿©","15","9","1,18","1,06","0,72","22","12","-28"
"¼¼ÀÌÁö_¿©","16","6","1,2","0,76","0,72","28","-18","-22"
"¼¼ÀÌÁö_¿©","17","6","0,72","0,96","1,22","-28","-2","30"
"¼¼ÀÌÁö_¿©","18","1","0,78","0,88","1,18","-24","-10","28"
"¼¼ÀÌÁö_¿©","19","1","1,18","0,82","1,02","26","-16","8"
"¼¼ÀÌÁö_¿©","20","1","0,74","1,12","0,92","-26","18","-8"
"¼Ò¼­·¯_³²","10","9","1,15","0,85","0,8","18","-8","-14"
"¼Ò¼­·¯_³²","11","9","0,82","1,02","1,2","-18","0","24"
"¼Ò¼­·¯_³²","12","9","0,78","1,18","0,82","-20","22","-18"
"¼Ò¼­·¯_³²","13","9","1,2","0,92","1,15","22","-4","18"
"¼Ò¼­·¯_³²","14","9","0,82","1,15","1,16","-20","18","20"
"¼Ò¼­·¯_³²","15","9","1,18","1,06","0,72","22","12","-28"
"¼Ò¼­·¯_³²","16","6","1,2","0,76","0,72","28","-18","-22"
"¼Ò¼­·¯_³²","17","6","0,72","0,96","1,22","-28","-2","30"
"¼Ò¼­·¯_³²","18","1","0,78","0,88","1,18","-24","-10","28"
"¼Ò¼­·¯_³²","19","1","1,18","0,82","1,02","26","-16","8"
"¼Ò¼­·¯_³²","20","1","0,74","1,12","0,92","-26","18","-8"
"¼Ò¼­·¯_¿©","10","9","1,15","0,85","0,8","18","-8","-14"
"¼Ò¼­·¯_¿©","11","9","0,82","1,02","1,2","-18","0","24"
"¼Ò¼­·¯_¿©","12","9","0,78","1,18","0,82","-20","22","-18"
"¼Ò¼­·¯_¿©","13","9","1,2","0,92","1,15","22","-4","18"
"¼Ò¼­·¯_¿©","14","9","0,82","1,15","1,16","-20","18","20"
"¼Ò¼­·¯_¿©","15","9","1,18","1,06","0,72","22","12","-28"
"¼Ò¼­·¯_¿©","16","6","1,2","0,76","0,72","28","-18","-22"
"¼Ò¼­·¯_¿©","17","6","0,72","0,96","1,22","-28","-2","30"
"¼Ò¼­·¯_¿©","18","1","0,78","0,88","1,18","-24","-10","28"
"¼Ò¼­·¯_¿©","19","1","1,18","0,82","1,02","26","-16","8"
"¼Ò¼­·¯_¿©","20","1","0,74","1,12","0,92","-26","18","-8"
"¼Ò¿ï¸®ÆÛ_³²","10","9","1,15","0,85","0,8","18","-8","-14"
"¼Ò¿ï¸®ÆÛ_³²","11","9","0,82","1,02","1,2","-18","0","24"
"¼Ò¿ï¸®ÆÛ_³²","12","9","0,78","1,18","0,82","-20","22","-18"
"¼Ò¿ï¸®ÆÛ_³²","13","9","1,2","0,92","1,15","22","-4","18"
"¼Ò¿ï¸®ÆÛ_³²","14","9","0,82","1,15","1,16","-20","18","20"
"¼Ò¿ï¸®ÆÛ_³²","15","9","1,18","1,06","0,72","22","12","-28"
"¼Ò¿ï¸®ÆÛ_³²","16","6","1,2","0,76","0,72","28","-18","-22"
"¼Ò¿ï¸®ÆÛ_³²","17","6","0,72","0,96","1,22","-28","-2","30"
"¼Ò¿ï¸®ÆÛ_³²","18","1","0,78","0,88","1,18","-24","-10","28"
"¼Ò¿ï¸®ÆÛ_³²","19","1","1,18","0,82","1,02","26","-16","8"
"¼Ò¿ï¸®ÆÛ_³²","20","1","0,74","1,12","0,92","-26","18","-8"
"¼Ò¿ï¸®ÆÛ_¿©","10","9","1,15","0,85","0,8","18","-8","-14"
"¼Ò¿ï¸®ÆÛ_¿©","11","9","0,82","1,02","1,2","-18","0","24"
"¼Ò¿ï¸®ÆÛ_¿©","12","9","0,78","1,18","0,82","-20","22","-18"
"¼Ò¿ï¸®ÆÛ_¿©","13","9","1,2","0,92","1,15","22","-4","18"
"¼Ò¿ï¸®ÆÛ_¿©","14","9","0,82","1,15","1,16","-20","18","20"
"¼Ò¿ï¸®ÆÛ_¿©","15","9","1,18","1,06","0,72","22","12","-28"
"¼Ò¿ï¸®ÆÛ_¿©","16","6","1,2","0,76","0,72","28","-18","-22"
"¼Ò¿ï¸®ÆÛ_¿©","17","6","0,72","0,96","1,22","-28","-2","30"
"¼Ò¿ï¸®ÆÛ_¿©","18","1","0,78","0,88","1,18","-24","-10","28"
"¼Ò¿ï¸®ÆÛ_¿©","19","1","1,18","0,82","1,02","26","-16","8"
"¼Ò¿ï¸®ÆÛ_¿©","20","1","0,74","1,12","0,92","-26","18","-8"
"¼Ò¿ï¸µÄ¿_³²","10","9","1,15","0,85","0,8","18","-8","-14"
"¼Ò¿ï¸µÄ¿_³²","11","9","0,82","1,02","1,2","-18","0","24"
"¼Ò¿ï¸µÄ¿_³²","12","9","0,78","1,18","0,82","-20","22","-18"
"¼Ò¿ï¸µÄ¿_³²","13","9","1,2","0,92","1,15","22","-4","18"
"¼Ò¿ï¸µÄ¿_³²","14","9","0,82","1,15","1,16","-20","18","20"
"¼Ò¿ï¸µÄ¿_³²","15","9","1,18","1,06","0,72","22","12","-28"
"¼Ò¿ï¸µÄ¿_³²","16","6","1,2","0,76","0,72","28","-18","-22"
"¼Ò¿ï¸µÄ¿_³²","17","6","0,72","0,96","1,22","-28","-2","30"
"¼Ò¿ï¸µÄ¿_³²","18","1","0,78","0,88","1,18","-24","-10","28"
"¼Ò¿ï¸µÄ¿_³²","19","1","1,18","0,82","1,02","26","-16","8"
"¼Ò¿ï¸µÄ¿_³²","20","1","0,74","1,12","0,92","-26","18","-8"
"¼Ò¿ï¸µÄ¿_¿©","10","9","1,15","0,85","0,8","18","-8","-14"
"¼Ò¿ï¸µÄ¿_¿©","11","9","0,82","1,02","1,2","-18","0","24"
"¼Ò¿ï¸µÄ¿_¿©","12","9","0,78","1,18","0,82","-20","22","-18"
"¼Ò¿ï¸µÄ¿_¿©","13","9","1,2","0,92","1,15","22","-4","18"
"¼Ò¿ï¸µÄ¿_¿©","14","9","0,82","1,15","1,16","-20","18","20"
"¼Ò¿ï¸µÄ¿_¿©","15","9","1,18","1,06","0,72","22","12","-28"
"¼Ò¿ï¸µÄ¿_¿©","16","6","1,2","0,76","0,72","28","-18","-22"
"¼Ò¿ï¸µÄ¿_¿©","17","6","0,72","0,96","1,22","-28","-2","30"
"¼Ò¿ï¸µÄ¿_¿©","18","1","0,78","0,88","1,18","-24","-10","28"
"¼Ò¿ï¸µÄ¿_¿©","19","1","1,18","0,82","1,02","26","-16","8"
"¼Ò¿ï¸µÄ¿_¿©","20","1","0,74","1,12","0,92","-26","18","-8"
"½¦µµ¿ìÃ¼ÀÌ¼­_³²","10","9","1,15","0,85","0,8","18","-8","-14"
"½¦µµ¿ìÃ¼ÀÌ¼­_³²","11","9","0,82","1,02","1,2","-18","0","24"
"½¦µµ¿ìÃ¼ÀÌ¼­_³²","12","9","0,78","1,18","0,82","-20","22","-18"
"½¦µµ¿ìÃ¼ÀÌ¼­_³²","13","9","1,2","0,92","1,15","22","-4","18"
"½¦µµ¿ìÃ¼ÀÌ¼­_³²","14","9","0,82","1,15","1,16","-20","18","20"
"½¦µµ¿ìÃ¼ÀÌ¼­_³²","15","9","1,18","1,06","0,72","22","12","-28"
"½¦µµ¿ìÃ¼ÀÌ¼­_³²","16","6","1,2","0,76","0,72","28","-18","-22"
"½¦µµ¿ìÃ¼ÀÌ¼­_³²","17","6","0,72","0,96","1,22","-28","-2","30"
"½¦µµ¿ìÃ¼ÀÌ¼­_³²","18","1","0,78","0,88","1,18","-24","-10","28"
"½¦µµ¿ìÃ¼ÀÌ¼­_³²","19","1","1,18","0,82","1,02","26","-16","8"
"½¦µµ¿ìÃ¼ÀÌ¼­_³²","20","1","0,74","1,12","0,92","-26","18","-8"
"½¦µµ¿ìÃ¼ÀÌ¼­_¿©","10","9","1,15","0,85","0,8","18","-8","-14"
"½¦µµ¿ìÃ¼ÀÌ¼­_¿©","11","9","0,82","1,02","1,2","-18","0","24"
"½¦µµ¿ìÃ¼ÀÌ¼­_¿©","12","9","0,78","1,18","0,82","-20","22","-18"
"½¦µµ¿ìÃ¼ÀÌ¼­_¿©","13","9","1,2","0,92","1,15","22","-4","18"
"½¦µµ¿ìÃ¼ÀÌ¼­_¿©","14","9","0,82","1,15","1,16","-20","18","20"
"½¦µµ¿ìÃ¼ÀÌ¼­_¿©","15","9","1,18","1,06","0,72","22","12","-28"
"½¦µµ¿ìÃ¼ÀÌ¼­_¿©","16","6","1,2","0,76","0,72","28","-18","-22"
"½¦µµ¿ìÃ¼ÀÌ¼­_¿©","17","6","0,72","0,96","1,22","-28","-2","30"
"½¦µµ¿ìÃ¼ÀÌ¼­_¿©","18","1","0,78","0,88","1,18","-24","-10","28"
"½¦µµ¿ìÃ¼ÀÌ¼­_¿©","19","1","1,18","0,82","1,02","26","-16","8"
"½¦µµ¿ìÃ¼ÀÌ¼­_¿©","20","1","0,74","1,12","0,92","-26","18","-8"
"½´¶ó_³²","10","9","1,15","0,85","0,8","18","-8","-14"
"½´¶ó_³²","11","9","0,82","1,02","1,2","-18","0","24"
"½´¶ó_³²","12","9","0,78","1,18","0,82","-20","22","-18"
"½´¶ó_³²","13","9","1,2","0,92","1,15","22","-4","18"
"½´¶ó_³²","14","9","0,82","1,15","1,16","-20","18","20"
"½´¶ó_³²","15","9","1,18","1,06","0,72","22","12","-28"
"½´¶ó_³²","16","6","1,2","0,76","0,72","28","-18","-22"
"½´¶ó_³²","17","6","0,72","0,96","1,22","-28","-2","30"
"½´¶ó_³²","18","1","0,78","0,88","1,18","-24","-10","28"
"½´¶ó_³²","19","1","1,18","0,82","1,02","26","-16","8"
"½´¶ó_³²","20","1","0,74","1,12","0,92","-26","18","-8"
"½´¶ó_¿©","10","9","1,15","0,85","0,8","18","-8","-14"
"½´¶ó_¿©","11","9","0,82","1,02","1,2","-18","0","24"
"½´¶ó_¿©","12","9","0,78","1,18","0,82","-20","22","-18"
"½´¶ó_¿©","13","9","1,2","0,92","1,15","22","-4","18"
"½´¶ó_¿©","14","9","0,82","1,15","1,16","-20","18","20"
"½´¶ó_¿©","15","9","1,18","1,06","0,72","22","12","-28"
"½´¶ó_¿©","16","6","1,2","0,76","0,72","28","-18","-22"
"½´¶ó_¿©","17","6","0,72","0,96","1,22","-28","-2","30"
"½´¶ó_¿©","18","1","0,78","0,88","1,18","-24","-10","28"
"½´¶ó_¿©","19","1","1,18","0,82","1,02","26","-16","8"
"½´¶ó_¿©","20","1","0,74","1,12","0,92","-26","18","-8"
"½´¶ó¾ËÆÄÄ«_³²","10","9","1,15","0,85","0,8","18","-8","-14"
"½´¶ó¾ËÆÄÄ«_³²","11","9","0,82","1,02","1,2","-18","0","24"
"½´¶ó¾ËÆÄÄ«_³²","12","9","0,78","1,18","0,82","-20","22","-18"
"½´¶ó¾ËÆÄÄ«_³²","13","9","1,2","0,92","1,15","22","-4","18"
"½´¶ó¾ËÆÄÄ«_³²","14","9","0,82","1,15","1,16","-20","18","20"
"½´¶ó¾ËÆÄÄ«_³²","15","9","1,18","1,06","0,72","22","12","-28"
"½´¶ó¾ËÆÄÄ«_³²","16","6","1,2","0,76","0,72","28","-18","-22"
"½´¶ó¾ËÆÄÄ«_³²","17","6","0,72","0,96","1,22","-28","-2","30"
"½´¶ó¾ËÆÄÄ«_³²","18","1","0,78","0,88","1,18","-24","-10","28"
"½´¶ó¾ËÆÄÄ«_³²","19","1","1,18","0,82","1,02","26","-16","8"
"½´¶ó¾ËÆÄÄ«_³²","20","1","0,74","1,12","0,92","-26","18","-8"
"½´¶ó¾ËÆÄÄ«_¿©","10","9","1,15","0,85","0,8","18","-8","-14"
"½´¶ó¾ËÆÄÄ«_¿©","11","9","0,82","1,02","1,2","-18","0","24"
"½´¶ó¾ËÆÄÄ«_¿©","12","9","0,78","1,18","0,82","-20","22","-18"
"½´¶ó¾ËÆÄÄ«_¿©","13","9","1,2","0,92","1,15","22","-4","18"
"½´¶ó¾ËÆÄÄ«_¿©","14","9","0,82","1,15","1,16","-20","18","20"
"½´¶ó¾ËÆÄÄ«_¿©","15","9","1,18","1,06","0,72","22","12","-28"
"½´¶ó¾ËÆÄÄ«_¿©","16","6","1,2","0,76","0,72","28","-18","-22"
"½´¶ó¾ËÆÄÄ«_¿©","17","6","0,72","0,96","1,22","-28","-2","30"
"½´¶ó¾ËÆÄÄ«_¿©","18","1","0,78","0,88","1,18","-24","-10","28"
"½´¶ó¾ËÆÄÄ«_¿©","19","1","1,18","0,82","1,02","26","-16","8"
"½´¶ó¾ËÆÄÄ«_¿©","20","1","0,74","1,12","0,92","-26","18","-8"
"½´ÆÛ³ëºñ½º_³²","10","9","1,15","0,85","0,8","18","-8","-14"
"½´ÆÛ³ëºñ½º_³²","11","9","0,82","1,02","1,2","-18","0","24"
"½´ÆÛ³ëºñ½º_³²","12","9","0,78","1,18","0,82","-20","22","-18"
"½´ÆÛ³ëºñ½º_³²","13","9","1,2","0,92","1,15","22","-4","18"
"½´ÆÛ³ëºñ½º_³²","14","9","0,82","1,15","1,16","-20","18","20"
"½´ÆÛ³ëºñ½º_³²","15","9","1,18","1,06","0,72","22","12","-28"
"½´ÆÛ³ëºñ½º_³²","16","6","1,2","0,76","0,72","28","-18","-22"
"½´ÆÛ³ëºñ½º_³²","17","6","0,72","0,96","1,22","-28","-2","30"
"½´ÆÛ³ëºñ½º_³²","18","1","0,78","0,88","1,18","-24","-10","28"
"½´ÆÛ³ëºñ½º_³²","19","1","1,18","0,82","1,02","26","-16","8"
"½´ÆÛ³ëºñ½º_³²","20","1","0,74","1,12","0,92","-26","18","-8"
"½´ÆÛ³ëºñ½º_¿©","10","9","1,15","0,85","0,8","18","-8","-14"
"½´ÆÛ³ëºñ½º_¿©","11","9","0,82","1,02","1,2","-18","0","24"
"½´ÆÛ³ëºñ½º_¿©","12","9","0,78","1,18","0,82","-20","22","-18"
"½´ÆÛ³ëºñ½º_¿©","13","9","1,2","0,92","1,15","22","-4","18"
"½´ÆÛ³ëºñ½º_¿©","14","9","0,82","1,15","1,16","-20","18","20"
"½´ÆÛ³ëºñ½º_¿©","15","9","1,18","1,06","0,72","22","12","-28"
"½´ÆÛ³ëºñ½º_¿©","16","6","1,2","0,76","0,72","28","-18","-22"
"½´ÆÛ³ëºñ½º_¿©","17","6","0,72","0,96","1,22","-28","-2","30"
"½´ÆÛ³ëºñ½º_¿©","18","1","0,78","0,88","1,18","-24","-10","28"
"½´ÆÛ³ëºñ½º_¿©","19","1","1,18","0,82","1,02","26","-16","8"
"½´ÆÛ³ëºñ½º_¿©","20","1","0,74","1,12","0,92","-26","18","-8"
"½´ÆÛ³ëºñ½ºÆ÷¸µ_³²","10","9","1,15","0,85","0,8","18","-8","-14"
"½´ÆÛ³ëºñ½ºÆ÷¸µ_³²","11","9","0,82","1,02","1,2","-18","0","24"
"½´ÆÛ³ëºñ½ºÆ÷¸µ_³²","12","9","0,78","1,18","0,82","-20","22","-18"
"½´ÆÛ³ëºñ½ºÆ÷¸µ_³²","13","9","1,2","0,92","1,15","22","-4","18"
"½´ÆÛ³ëºñ½ºÆ÷¸µ_³²","14","9","0,82","1,15","1,16","-20","18","20"
"½´ÆÛ³ëºñ½ºÆ÷¸µ_³²","15","9","1,18","1,06","0,72","22","12","-28"
"½´ÆÛ³ëºñ½ºÆ÷¸µ_³²","16","6","1,2","0,76","0,72","28","-18","-22"
"½´ÆÛ³ëºñ½ºÆ÷¸µ_³²","17","6","0,72","0,96","1,22","-28","-2","30"
"½´ÆÛ³ëºñ½ºÆ÷¸µ_³²","18","1","0,78","0,88","1,18","-24","-10","28"
"½´ÆÛ³ëºñ½ºÆ÷¸µ_³²","19","1","1,18","0,82","1,02","26","-16","8"
"½´ÆÛ³ëºñ½ºÆ÷¸µ_³²","20","1","0,74","1,12","0,92","-26","18","-8"
"½´ÆÛ³ëºñ½ºÆ÷¸µ_¿©","10","9","1,15","0,85","0,8","18","-8","-14"
"½´ÆÛ³ëºñ½ºÆ÷¸µ_¿©","11","9","0,82","1,02","1,2","-18","0","24"
"½´ÆÛ³ëºñ½ºÆ÷¸µ_¿©","12","9","0,78","1,18","0,82","-20","22","-18"
"½´ÆÛ³ëºñ½ºÆ÷¸µ_¿©","13","9","1,2","0,92","1,15","22","-4","18"
"½´ÆÛ³ëºñ½ºÆ÷¸µ_¿©","14","9","0,82","1,15","1,16","-20","18","20"
"½´ÆÛ³ëºñ½ºÆ÷¸µ_¿©","15","9","1,18","1,06","0,72","22","12","-28"
"½´ÆÛ³ëºñ½ºÆ÷¸µ_¿©","16","6","1,2","0,76","0,72","28","-18","-22"
"½´ÆÛ³ëºñ½ºÆ÷¸µ_¿©","17","6","0,72","0,96","1,22","-28","-2","30"
"½´ÆÛ³ëºñ½ºÆ÷¸µ_¿©","18","1","0,78","0,88","1,18","-24","-10","28"
"½´ÆÛ³ëºñ½ºÆ÷¸µ_¿©","19","1","1,18","0,82","1,02","26","-16","8"
"½´ÆÛ³ëºñ½ºÆ÷¸µ_¿©","20","1","0,74","1,12","0,92","-26","18","-8"
"½º³ªÀÌÆÛ_³²","10","9","1,15","0,85","0,8","18","-8","-14"
"½º³ªÀÌÆÛ_³²","11","9","0,82","1,02","1,2","-18","0","24"
"½º³ªÀÌÆÛ_³²","12","9","0,78","1,18","0,82","-20","22","-18"
"½º³ªÀÌÆÛ_³²","13","9","1,2","0,92","1,15","22","-4","18"
"½º³ªÀÌÆÛ_³²","14","9","0,82","1,15","1,16","-20","18","20"
"½º³ªÀÌÆÛ_³²","15","9","1,18","1,06","0,72","22","12","-28"
"½º³ªÀÌÆÛ_³²","16","6","1,2","0,76","0,72","28","-18","-22"
"½º³ªÀÌÆÛ_³²","17","6","0,72","0,96","1,22","-28","-2","30"
"½º³ªÀÌÆÛ_³²","18","1","0,78","0,88","1,18","-24","-10","28"
"½º³ªÀÌÆÛ_³²","19","1","1,18","0,82","1,02","26","-16","8"
"½º³ªÀÌÆÛ_³²","20","1","0,74","1,12","0,92","-26","18","-8"
"½º³ªÀÌÆÛ_¿©","10","9","1,15","0,85","0,8","18","-8","-14"
"½º³ªÀÌÆÛ_¿©","11","9","0,82","1,02","1,2","-18","0","24"
"½º³ªÀÌÆÛ_¿©","12","9","0,78","1,18","0,82","-20","22","-18"
"½º³ªÀÌÆÛ_¿©","13","9","1,2","0,92","1,15","22","-4","18"
"½º³ªÀÌÆÛ_¿©","14","9","0,82","1,15","1,16","-20","18","20"
"½º³ªÀÌÆÛ_¿©","15","9","1,18","1,06","0,72","22","12","-28"
"½º³ªÀÌÆÛ_¿©","16","6","1,2","0,76","0,72","28","-18","-22"
"½º³ªÀÌÆÛ_¿©","17","6","0,72","0,96","1,22","-28","-2","30"
"½º³ªÀÌÆÛ_¿©","18","1","0,78","0,88","1,18","-24","-10","28"
"½º³ªÀÌÆÛ_¿©","19","1","1,18","0,82","1,02","26","-16","8"
"½º³ªÀÌÆÛ_¿©","20","1","0,74","1,12","0,92","-26","18","-8"
"½ºÅäÄ¿_³²","10","9","1,15","0,85","0,8","18","-8","-14"
"½ºÅäÄ¿_³²","11","9","0,82","1,02","1,2","-18","0","24"
"½ºÅäÄ¿_³²","12","9","0,78","1,18","0,82","-20","22","-18"
"½ºÅäÄ¿_³²","13","9","1,2","0,92","1,15","22","-4","18"
"½ºÅäÄ¿_³²","14","9","0,82","1,15","1,16","-20","18","20"
"½ºÅäÄ¿_³²","15","9","1,18","1,06","0,72","22","12","-28"
"½ºÅäÄ¿_³²","16","6","1,2","0,76","0,72","28","-18","-22"
"½ºÅäÄ¿_³²","17","6","0,72","0,96","1,22","-28","-2","30"
"½ºÅäÄ¿_³²","18","1","0,78","0,88","1,18","-24","-10","28"
"½ºÅäÄ¿_³²","19","1","1,18","0,82","1,02","26","-16","8"
"½ºÅäÄ¿_³²","20","1","0,74","1,12","0,92","-26","18","-8"
"½ºÅäÄ¿_¿©","10","9","1,15","0,85","0,8","18","-8","-14"
"½ºÅäÄ¿_¿©","11","9","0,82","1,02","1,2","-18","0","24"
"½ºÅäÄ¿_¿©","12","9","0,78","1,18","0,82","-20","22","-18"
"½ºÅäÄ¿_¿©","13","9","1,2","0,92","1,15","22","-4","18"
"½ºÅäÄ¿_¿©","14","9","0,82","1,15","1,16","-20","18","20"
"½ºÅäÄ¿_¿©","15","9","1,18","1,06","0,72","22","12","-28"
"½ºÅäÄ¿_¿©","16","6","1,2","0,76","0,72","28","-18","-22"
"½ºÅäÄ¿_¿©","17","6","0,72","0,96","1,22","-28","-2","30"
"½ºÅäÄ¿_¿©","18","1","0,78","0,88","1,18","-24","-10","28"
"½ºÅäÄ¿_¿©","19","1","1,18","0,82","1,02","26","-16","8"
"½ºÅäÄ¿_¿©","20","1","0,74","1,12","0,92","-26","18","-8"
"½ÅÆäÄÚÅ©·ç¼¼ÀÌ´õ_³²","10","9","1,15","0,85","0,8","18","-8","-14"
"½ÅÆäÄÚÅ©·ç¼¼ÀÌ´õ_³²","11","9","0,82","1,02","1,2","-18","0","24"
"½ÅÆäÄÚÅ©·ç¼¼ÀÌ´õ_³²","12","9","0,78","1,18","0,82","-20","22","-18"
"½ÅÆäÄÚÅ©·ç¼¼ÀÌ´õ_³²","13","9","1,2","0,92","1,15","22","-4","18"
"½ÅÆäÄÚÅ©·ç¼¼ÀÌ´õ_³²","14","9","0,82","1,15","1,16","-20","18","20"
"½ÅÆäÄÚÅ©·ç¼¼ÀÌ´õ_³²","15","9","1,18","1,06","0,72","22","12","-28"
"½ÅÆäÄÚÅ©·ç¼¼ÀÌ´õ_³²","16","6","1,2","0,76","0,72","28","-18","-22"
"½ÅÆäÄÚÅ©·ç¼¼ÀÌ´õ_³²","17","6","0,72","0,96","1,22","-28","-2","30"
"½ÅÆäÄÚÅ©·ç¼¼ÀÌ´õ_³²","18","1","0,78","0,88","1,18","-24","-10","28"
"½ÅÆäÄÚÅ©·ç¼¼ÀÌ´õ_³²","19","1","1,18","0,82","1,02","26","-16","8"
"½ÅÆäÄÚÅ©·ç¼¼ÀÌ´õ_³²","20","1","0,74","1,12","0,92","-26","18","-8"
"½ÅÆäÄÚÅ©·ç¼¼ÀÌ´õ_¿©","10","9","1,15","0,85","0,8","18","-8","-14"
"½ÅÆäÄÚÅ©·ç¼¼ÀÌ´õ_¿©","11","9","0,82","1,02","1,2","-18","0","24"
"½ÅÆäÄÚÅ©·ç¼¼ÀÌ´õ_¿©","12","9","0,78","1,18","0,82","-20","22","-18"
"½ÅÆäÄÚÅ©·ç¼¼ÀÌ´õ_¿©","13","9","1,2","0,92","1,15","22","-4","18"
"½ÅÆäÄÚÅ©·ç¼¼ÀÌ´õ_¿©","14","9","0,82","1,15","1,16","-20","18","20"
"½ÅÆäÄÚÅ©·ç¼¼ÀÌ´õ_¿©","15","9","1,18","1,06","0,72","22","12","-28"
"½ÅÆäÄÚÅ©·ç¼¼ÀÌ´õ_¿©","16","6","1,2","0,76","0,72","28","-18","-22"
"½ÅÆäÄÚÅ©·ç¼¼ÀÌ´õ_¿©","17","6","0,72","0,96","1,22","-28","-2","30"
"½ÅÆäÄÚÅ©·ç¼¼ÀÌ´õ_¿©","18","1","0,78","0,88","1,18","-24","-10","28"
"½ÅÆäÄÚÅ©·ç¼¼ÀÌ´õ_¿©","19","1","1,18","0,82","1,02","26","-16","8"
"½ÅÆäÄÚÅ©·ç¼¼ÀÌ´õ_¿©","20","1","0,74","1,12","0,92","-26","18","-8"
"¾ÆÅ©ºñ¼ó_³²","10","9","1,15","0,85","0,8","18","-8","-14"
"¾ÆÅ©ºñ¼ó_³²","11","9","0,82","1,02","1,2","-18","0","24"
"¾ÆÅ©ºñ¼ó_³²","12","9","0,78","1,18","0,82","-20","22","-18"
"¾ÆÅ©ºñ¼ó_³²","13","9","1,2","0,92","1,15","22","-4","18"
"¾ÆÅ©ºñ¼ó_³²","14","9","0,82","1,15","1,16","-20","18","20"
"¾ÆÅ©ºñ¼ó_³²","15","9","1,18","1,06","0,72","22","12","-28"
"¾ÆÅ©ºñ¼ó_³²","16","6","1,2","0,76","0,72","28","-18","-22"
"¾ÆÅ©ºñ¼ó_³²","17","6","0,72","0,96","1,22","-28","-2","30"
"¾ÆÅ©ºñ¼ó_³²","18","1","0,78","0,88","1,18","-24","-10","28"
"¾ÆÅ©ºñ¼ó_³²","19","1","1,18","0,82","1,02","26","-16","8"
"¾ÆÅ©ºñ¼ó_³²","20","1","0,74","1,12","0,92","-26","18","-8"
"¾ÆÅ©ºñ¼ó_¿©","10","9","1,15","0,85","0,8","18","-8","-14"
"¾ÆÅ©ºñ¼ó_¿©","11","9","0,82","1,02","1,2","-18","0","24"
"¾ÆÅ©ºñ¼ó_¿©","12","9","0,78","1,18","0,82","-20","22","-18"
"¾ÆÅ©ºñ¼ó_¿©","13","9","1,2","0,92","1,15","22","-4","18"
"¾ÆÅ©ºñ¼ó_¿©","14","9","0,82","1,15","1,16","-20","18","20"
"¾ÆÅ©ºñ¼ó_¿©","15","9","1,18","1,06","0,72","22","12","-28"
"¾ÆÅ©ºñ¼ó_¿©","16","6","1,2","0,76","0,72","28","-18","-22"
"¾ÆÅ©ºñ¼ó_¿©","17","6","0,72","0,96","1,22","-28","-2","30"
"¾ÆÅ©ºñ¼ó_¿©","18","1","0,78","0,88","1,18","-24","-10","28"
"¾ÆÅ©ºñ¼ó_¿©","19","1","1,18","0,82","1,02","26","-16","8"
"¾ÆÅ©ºñ¼ó_¿©","20","1","0,74","1,12","0,92","-26","18","-8"
"¾ÆÅ©ºñ¼ó¾ËÆÄÄ«_³²","10","9","1,15","0,85","0,8","18","-8","-14"
"¾ÆÅ©ºñ¼ó¾ËÆÄÄ«_³²","11","9","0,82","1,02","1,2","-18","0","24"
"¾ÆÅ©ºñ¼ó¾ËÆÄÄ«_³²","12","9","0,78","1,18","0,82","-20","22","-18"
"¾ÆÅ©ºñ¼ó¾ËÆÄÄ«_³²","13","9","1,2","0,92","1,15","22","-4","18"
"¾ÆÅ©ºñ¼ó¾ËÆÄÄ«_³²","14","9","0,82","1,15","1,16","-20","18","20"
"¾ÆÅ©ºñ¼ó¾ËÆÄÄ«_³²","15","9","1,18","1,06","0,72","22","12","-28"
"¾ÆÅ©ºñ¼ó¾ËÆÄÄ«_³²","16","6","1,2","0,76","0,72","28","-18","-22"
"¾ÆÅ©ºñ¼ó¾ËÆÄÄ«_³²","17","6","0,72","0,96","1,22","-28","-2","30"
"¾ÆÅ©ºñ¼ó¾ËÆÄÄ«_³²","18","1","0,78","0,88","1,18","-24","-10","28"
"¾ÆÅ©ºñ¼ó¾ËÆÄÄ«_³²","19","1","1,18","0,82","1,02","26","-16","8"
"¾ÆÅ©ºñ¼ó¾ËÆÄÄ«_³²","20","1","0,74","1,12","0,92","-26","18","-8"
"¾ÆÅ©ºñ¼ó¾ËÆÄÄ«_¿©","10","9","1,15","0,85","0,8","18","-8","-14"
"¾ÆÅ©ºñ¼ó¾ËÆÄÄ«_¿©","11","9","0,82","1,02","1,2","-18","0","24"
"¾ÆÅ©ºñ¼ó¾ËÆÄÄ«_¿©","12","9","0,78","1,18","0,82","-20","22","-18"
"¾ÆÅ©ºñ¼ó¾ËÆÄÄ«_¿©","13","9","1,2","0,92","1,15","22","-4","18"
"¾ÆÅ©ºñ¼ó¾ËÆÄÄ«_¿©","14","9","0,82","1,15","1,16","-20","18","20"
"¾ÆÅ©ºñ¼ó¾ËÆÄÄ«_¿©","15","9","1,18","1,06","0,72","22","12","-28"
"¾ÆÅ©ºñ¼ó¾ËÆÄÄ«_¿©","16","6","1,2","0,76","0,72","28","-18","-22"
"¾ÆÅ©ºñ¼ó¾ËÆÄÄ«_¿©","17","6","0,72","0,96","1,22","-28","-2","30"
"¾ÆÅ©ºñ¼ó¾ËÆÄÄ«_¿©","18","1","0,78","0,88","1,18","-24","-10","28"
"¾ÆÅ©ºñ¼ó¾ËÆÄÄ«_¿©","19","1","1,18","0,82","1,02","26","-16","8"
"¾ÆÅ©ºñ¼ó¾ËÆÄÄ«_¿©","20","1","0,74","1,12","0,92","-26","18","-8"
"¾î»õ½Å_³²","10","9","1,15","0,85","0,8","18","-8","-14"
"¾î»õ½Å_³²","11","9","0,82","1,02","1,2","-18","0","24"
"¾î»õ½Å_³²","12","9","0,78","1,18","0,82","-20","22","-18"
"¾î»õ½Å_³²","13","9","1,2","0,92","1,15","22","-4","18"
"¾î»õ½Å_³²","14","9","0,82","1,15","1,16","-20","18","20"
"¾î»õ½Å_³²","15","9","1,18","1,06","0,72","22","12","-28"
"¾î»õ½Å_³²","16","6","1,2","0,76","0,72","28","-18","-22"
"¾î»õ½Å_³²","17","6","0,72","0,96","1,22","-28","-2","30"
"¾î»õ½Å_³²","18","1","0,78","0,88","1,18","-24","-10","28"
"¾î»õ½Å_³²","19","1","1,18","0,82","1,02","26","-16","8"
"¾î»õ½Å_³²","20","1","0,74","1,12","0,92","-26","18","-8"
"¾î¼¼½Å_³²","10","9","1,15","0,85","0,8","18","-8","-14"
"¾î¼¼½Å_³²","11","9","0,82","1,02","1,2","-18","0","24"
"¾î¼¼½Å_³²","12","9","0,78","1,18","0,82","-20","22","-18"
"¾î¼¼½Å_³²","13","9","1,2","0,92","1,15","22","-4","18"
"¾î¼¼½Å_³²","14","9","0,82","1,15","1,16","-20","18","20"
"¾î¼¼½Å_³²","15","9","1,18","1,06","0,72","22","12","-28"
"¾î¼¼½Å_³²","16","6","1,2","0,76","0,72","28","-18","-22"
"¾î¼¼½Å_³²","17","6","0,72","0,96","1,22","-28","-2","30"
"¾î¼¼½Å_³²","18","1","0,78","0,88","1,18","-24","-10","28"
"¾î¼¼½Å_³²","19","1","1,18","0,82","1,02","26","-16","8"
"¾î¼¼½Å_³²","20","1","0,74","1,12","0,92","-26","18","-8"
"¾î¼¼½Å_¿©","10","9","1,15","0,85","0,8","18","-8","-14"
"¾î¼¼½Å_¿©","11","9","0,82","1,02","1,2","-18","0","24"
"¾î¼¼½Å_¿©","12","9","0,78","1,18","0,82","-20","22","-18"
"¾î¼¼½Å_¿©","13","9","1,2","0,92","1,15","22","-4","18"
"¾î¼¼½Å_¿©","14","9","0,82","1,15","1,16","-20","18","20"
"¾î¼¼½Å_¿©","15","9","1,18","1,06","0,72","22","12","-28"
"¾î¼¼½Å_¿©","16","6","1,2","0,76","0,72","28","-18","-22"
"¾î¼¼½Å_¿©","17","6","0,72","0,96","1,22","-28","-2","30"
"¾î¼¼½Å_¿©","18","1","0,78","0,88","1,18","-24","-10","28"
"¾î¼¼½Å_¿©","19","1","1,18","0,82","1,02","26","-16","8"
"¾î¼¼½Å_¿©","20","1","0,74","1,12","0,92","-26","18","-8"
"¾î¼¼½ÅÅ©·Î½º_³²","10","9","1,15","0,85","0,8","18","-8","-14"
"¾î¼¼½ÅÅ©·Î½º_³²","11","9","0,82","1,02","1,2","-18","0","24"
"¾î¼¼½ÅÅ©·Î½º_³²","12","9","0,78","1,18","0,82","-20","22","-18"
"¾î¼¼½ÅÅ©·Î½º_³²","13","9","1,2","0,92","1,15","22","-4","18"
"¾î¼¼½ÅÅ©·Î½º_³²","14","9","0,82","1,15","1,16","-20","18","20"
"¾î¼¼½ÅÅ©·Î½º_³²","15","9","1,18","1,06","0,72","22","12","-28"
"¾î¼¼½ÅÅ©·Î½º_³²","16","6","1,2","0,76","0,72","28","-18","-22"
"¾î¼¼½ÅÅ©·Î½º_³²","17","6","0,72","0,96","1,22","-28","-2","30"
"¾î¼¼½ÅÅ©·Î½º_³²","18","1","0,78","0,88","1,18","-24","-10","28"
"¾î¼¼½ÅÅ©·Î½º_³²","19","1","1,18","0,82","1,02","26","-16","8"
"¾î¼¼½ÅÅ©·Î½º_³²","20","1","0,74","1,12","0,92","-26","18","-8"
"¾î¼¼½ÅÅ©·Î½º_¿©","10","9","1,15","0,85","0,8","18","-8","-14"
"¾î¼¼½ÅÅ©·Î½º_¿©","11","9","0,82","1,02","1,2","-18","0","24"
"¾î¼¼½ÅÅ©·Î½º_¿©","12","9","0,78","1,18","0,82","-20","22","-18"
"¾î¼¼½ÅÅ©·Î½º_¿©","13","9","1,2","0,92","1,15","22","-4","18"
"¾î¼¼½ÅÅ©·Î½º_¿©","14","9","0,82","1,15","1,16","-20","18","20"
"¾î¼¼½ÅÅ©·Î½º_¿©","15","9","1,18","1,06","0,72","22","12","-28"
"¾î¼¼½ÅÅ©·Î½º_¿©","16","6","1,2","0,76","0,72","28","-18","-22"
"¾î¼¼½ÅÅ©·Î½º_¿©","17","6","0,72","0,96","1,22","-28","-2","30"
"¾î¼¼½ÅÅ©·Î½º_¿©","18","1","0,78","0,88","1,18","-24","-10","28"
"¾î¼¼½ÅÅ©·Î½º_¿©","19","1","1,18","0,82","1,02","26","-16","8"
"¾î¼¼½ÅÅ©·Î½º_¿©","20","1","0,74","1,12","0,92","-26","18","-8"
"¿©¿ì¸¶¹ý»ç_³²","10","9","1,15","0,85","0,8","18","-8","-14"
"¿©¿ì¸¶¹ý»ç_³²","11","9","0,82","1,02","1,2","-18","0","24"
"¿©¿ì¸¶¹ý»ç_³²","12","9","0,78","1,18","0,82","-20","22","-18"
"¿©¿ì¸¶¹ý»ç_³²","13","9","1,2","0,92","1,15","22","-4","18"
"¿©¿ì¸¶¹ý»ç_³²","14","9","0,82","1,15","1,16","-20","18","20"
"¿©¿ì¸¶¹ý»ç_³²","15","9","1,18","1,06","0,72","22","12","-28"
"¿©¿ì¸¶¹ý»ç_³²","16","6","1,2","0,76","0,72","28","-18","-22"
"¿©¿ì¸¶¹ý»ç_³²","17","6","0,72","0,96","1,22","-28","-2","30"
"¿©¿ì¸¶¹ý»ç_³²","18","1","0,78","0,88","1,18","-24","-10","28"
"¿©¿ì¸¶¹ý»ç_³²","19","1","1,18","0,82","1,02","26","-16","8"
"¿©¿ì¸¶¹ý»ç_³²","20","1","0,74","1,12","0,92","-26","18","-8"
"¿©¿ì¸¶¹ý»ç_¿©","10","9","1,15","0,85","0,8","18","-8","-14"
"¿©¿ì¸¶¹ý»ç_¿©","11","9","0,82","1,02","1,2","-18","0","24"
"¿©¿ì¸¶¹ý»ç_¿©","12","9","0,78","1,18","0,82","-20","22","-18"
"¿©¿ì¸¶¹ý»ç_¿©","13","9","1,2","0,92","1,15","22","-4","18"
"¿©¿ì¸¶¹ý»ç_¿©","14","9","0,82","1,15","1,16","-20","18","20"
"¿©¿ì¸¶¹ý»ç_¿©","15","9","1,18","1,06","0,72","22","12","-28"
"¿©¿ì¸¶¹ý»ç_¿©","16","6","1,2","0,76","0,72","28","-18","-22"
"¿©¿ì¸¶¹ý»ç_¿©","17","6","0,72","0,96","1,22","-28","-2","30"
"¿©¿ì¸¶¹ý»ç_¿©","18","1","0,78","0,88","1,18","-24","-10","28"
"¿©¿ì¸¶¹ý»ç_¿©","19","1","1,18","0,82","1,02","26","-16","8"
"¿©¿ì¸¶¹ý»ç_¿©","20","1","0,74","1,12","0,92","-26","18","-8"
"¿©¿ì¼¼ÀÌÁö_³²","10","9","1,15","0,85","0,8","18","-8","-14"
"¿©¿ì¼¼ÀÌÁö_³²","11","9","0,82","1,02","1,2","-18","0","24"
"¿©¿ì¼¼ÀÌÁö_³²","12","9","0,78","1,18","0,82","-20","22","-18"
"¿©¿ì¼¼ÀÌÁö_³²","13","9","1,2","0,92","1,15","22","-4","18"
"¿©¿ì¼¼ÀÌÁö_³²","14","9","0,82","1,15","1,16","-20","18","20"
"¿©¿ì¼¼ÀÌÁö_³²","15","9","1,18","1,06","0,72","22","12","-28"
"¿©¿ì¼¼ÀÌÁö_³²","16","6","1,2","0,76","0,72","28","-18","-22"
"¿©¿ì¼¼ÀÌÁö_³²","17","6","0,72","0,96","1,22","-28","-2","30"
"¿©¿ì¼¼ÀÌÁö_³²","18","1","0,78","0,88","1,18","-24","-10","28"
"¿©¿ì¼¼ÀÌÁö_³²","19","1","1,18","0,82","1,02","26","-16","8"
"¿©¿ì¼¼ÀÌÁö_³²","20","1","0,74","1,12","0,92","-26","18","-8"
"¿©¿ì¼¼ÀÌÁö_¿©","10","9","1,15","0,85","0,8","18","-8","-14"
"¿©¿ì¼¼ÀÌÁö_¿©","11","9","0,82","1,02","1,2","-18","0","24"
"¿©¿ì¼¼ÀÌÁö_¿©","12","9","0,78","1,18","0,82","-20","22","-18"
"¿©¿ì¼¼ÀÌÁö_¿©","13","9","1,2","0,92","1,15","22","-4","18"
"¿©¿ì¼¼ÀÌÁö_¿©","14","9","0,82","1,15","1,16","-20","18","20"
"¿©¿ì¼¼ÀÌÁö_¿©","15","9","1,18","1,06","0,72","22","12","-28"
"¿©¿ì¼¼ÀÌÁö_¿©","16","6","1,2","0,76","0,72","28","-18","-22"
"¿©¿ì¼¼ÀÌÁö_¿©","17","6","0,72","0,96","1,22","-28","-2","30"
"¿©¿ì¼¼ÀÌÁö_¿©","18","1","0,78","0,88","1,18","-24","-10","28"
"¿©¿ì¼¼ÀÌÁö_¿©","19","1","1,18","0,82","1,02","26","-16","8"
"¿©¿ì¼¼ÀÌÁö_¿©","20","1","0,74","1,12","0,92","-26","18","-8"
"¿©¿ì¼Ò¼­·¯_³²","10","9","1,15","0,85","0,8","18","-8","-14"
"¿©¿ì¼Ò¼­·¯_³²","11","9","0,82","1,02","1,2","-18","0","24"
"¿©¿ì¼Ò¼­·¯_³²","12","9","0,78","1,18","0,82","-20","22","-18"
"¿©¿ì¼Ò¼­·¯_³²","13","9","1,2","0,92","1,15","22","-4","18"
"¿©¿ì¼Ò¼­·¯_³²","14","9","0,82","1,15","1,16","-20","18","20"
"¿©¿ì¼Ò¼­·¯_³²","15","9","1,18","1,06","0,72","22","12","-28"
"¿©¿ì¼Ò¼­·¯_³²","16","6","1,2","0,76","0,72","28","-18","-22"
"¿©¿ì¼Ò¼­·¯_³²","17","6","0,72","0,96","1,22","-28","-2","30"
"¿©¿ì¼Ò¼­·¯_³²","18","1","0,78","0,88","1,18","-24","-10","28"
"¿©¿ì¼Ò¼­·¯_³²","19","1","1,18","0,82","1,02","26","-16","8"
"¿©¿ì¼Ò¼­·¯_³²","20","1","0,74","1,12","0,92","-26","18","-8"
"¿©¿ì¼Ò¼­·¯_¿©","10","9","1,15","0,85","0,8","18","-8","-14"
"¿©¿ì¼Ò¼­·¯_¿©","11","9","0,82","1,02","1,2","-18","0","24"
"¿©¿ì¼Ò¼­·¯_¿©","12","9","0,78","1,18","0,82","-20","22","-18"
"¿©¿ì¼Ò¼­·¯_¿©","13","9","1,2","0,92","1,15","22","-4","18"
"¿©¿ì¼Ò¼­·¯_¿©","14","9","0,82","1,15","1,16","-20","18","20"
"¿©¿ì¼Ò¼­·¯_¿©","15","9","1,18","1,06","0,72","22","12","-28"
"¿©¿ì¼Ò¼­·¯_¿©","16","6","1,2","0,76","0,72","28","-18","-22"
"¿©¿ì¼Ò¼­·¯_¿©","17","6","0,72","0,96","1,22","-28","-2","30"
"¿©¿ì¼Ò¼­·¯_¿©","18","1","0,78","0,88","1,18","-24","-10","28"
"¿©¿ì¼Ò¼­·¯_¿©","19","1","1,18","0,82","1,02","26","-16","8"
"¿©¿ì¼Ò¼­·¯_¿©","20","1","0,74","1,12","0,92","-26","18","-8"
"¿©¿ì¿ö·Ï_³²","10","9","1,15","0,85","0,8","18","-8","-14"
"¿©¿ì¿ö·Ï_³²","11","9","0,82","1,02","1,2","-18","0","24"
"¿©¿ì¿ö·Ï_³²","12","9","0,78","1,18","0,82","-20","22","-18"
"¿©¿ì¿ö·Ï_³²","13","9","1,2","0,92","1,15","22","-4","18"
"¿©¿ì¿ö·Ï_³²","14","9","0,82","1,15","1,16","-20","18","20"
"¿©¿ì¿ö·Ï_³²","15","9","1,18","1,06","0,72","22","12","-28"
"¿©¿ì¿ö·Ï_³²","16","6","1,2","0,76","0,72","28","-18","-22"
"¿©¿ì¿ö·Ï_³²","17","6","0,72","0,96","1,22","-28","-2","30"
"¿©¿ì¿ö·Ï_³²","18","1","0,78","0,88","1,18","-24","-10","28"
"¿©¿ì¿ö·Ï_³²","19","1","1,18","0,82","1,02","26","-16","8"
"¿©¿ì¿ö·Ï_³²","20","1","0,74","1,12","0,92","-26","18","-8"
"¿©¿ì¿ö·Ï_¿©","10","9","1,15","0,85","0,8","18","-8","-14"
"¿©¿ì¿ö·Ï_¿©","11","9","0,82","1,02","1,2","-18","0","24"
"¿©¿ì¿ö·Ï_¿©","12","9","0,78","1,18","0,82","-20","22","-18"
"¿©¿ì¿ö·Ï_¿©","13","9","1,2","0,92","1,15","22","-4","18"
"¿©¿ì¿ö·Ï_¿©","14","9","0,82","1,15","1,16","-20","18","20"
"¿©¿ì¿ö·Ï_¿©","15","9","1,18","1,06","0,72","22","12","-28"
"¿©¿ì¿ö·Ï_¿©","16","6","1,2","0,76","0,72","28","-18","-22"
"¿©¿ì¿ö·Ï_¿©","17","6","0,72","0,96","1,22","-28","-2","30"
"¿©¿ì¿ö·Ï_¿©","18","1","0,78","0,88","1,18","-24","-10","28"
"¿©¿ì¿ö·Ï_¿©","19","1","1,18","0,82","1,02","26","-16","8"
"¿©¿ì¿ö·Ï_¿©","20","1","0,74","1,12","0,92","-26","18","-8"
"¿©¿ìÀ§Àúµå_³²","10","9","1,15","0,85","0,8","18","-8","-14"
"¿©¿ìÀ§Àúµå_³²","11","9","0,82","1,02","1,2","-18","0","24"
"¿©¿ìÀ§Àúµå_³²","12","9","0,78","1,18","0,82","-20","22","-18"
"¿©¿ìÀ§Àúµå_³²","13","9","1,2","0,92","1,15","22","-4","18"
"¿©¿ìÀ§Àúµå_³²","14","9","0,82","1,15","1,16","-20","18","20"
"¿©¿ìÀ§Àúµå_³²","15","9","1,18","1,06","0,72","22","12","-28"
"¿©¿ìÀ§Àúµå_³²","16","6","1,2","0,76","0,72","28","-18","-22"
"¿©¿ìÀ§Àúµå_³²","17","6","0,72","0,96","1,22","-28","-2","30"
"¿©¿ìÀ§Àúµå_³²","18","1","0,78","0,88","1,18","-24","-10","28"
"¿©¿ìÀ§Àúµå_³²","19","1","1,18","0,82","1,02","26","-16","8"
"¿©¿ìÀ§Àúµå_³²","20","1","0,74","1,12","0,92","-26","18","-8"
"¿©¿ìÀ§Àúµå_¿©","10","9","1,15","0,85","0,8","18","-8","-14"
"¿©¿ìÀ§Àúµå_¿©","11","9","0,82","1,02","1,2","-18","0","24"
"¿©¿ìÀ§Àúµå_¿©","12","9","0,78","1,18","0,82","-20","22","-18"
"¿©¿ìÀ§Àúµå_¿©","13","9","1,2","0,92","1,15","22","-4","18"
"¿©¿ìÀ§Àúµå_¿©","14","9","0,82","1,15","1,16","-20","18","20"
"¿©¿ìÀ§Àúµå_¿©","15","9","1,18","1,06","0,72","22","12","-28"
"¿©¿ìÀ§Àúµå_¿©","16","6","1,2","0,76","0,72","28","-18","-22"
"¿©¿ìÀ§Àúµå_¿©","17","6","0,72","0,96","1,22","-28","-2","30"
"¿©¿ìÀ§Àúµå_¿©","18","1","0,78","0,88","1,18","-24","-10","28"
"¿©¿ìÀ§Àúµå_¿©","19","1","1,18","0,82","1,02","26","-16","8"
"¿©¿ìÀ§Àúµå_¿©","20","1","0,74","1,12","0,92","-26","18","-8"
"¿©¿ìÇÁ·ÎÆä¼­_³²","10","9","1,15","0,85","0,8","18","-8","-14"
"¿©¿ìÇÁ·ÎÆä¼­_³²","11","9","0,82","1,02","1,2","-18","0","24"
"¿©¿ìÇÁ·ÎÆä¼­_³²","12","9","0,78","1,18","0,82","-20","22","-18"
"¿©¿ìÇÁ·ÎÆä¼­_³²","13","9","1,2","0,92","1,15","22","-4","18"
"¿©¿ìÇÁ·ÎÆä¼­_³²","14","9","0,82","1,15","1,16","-20","18","20"
"¿©¿ìÇÁ·ÎÆä¼­_³²","15","9","1,18","1,06","0,72","22","12","-28"
"¿©¿ìÇÁ·ÎÆä¼­_³²","16","6","1,2","0,76","0,72","28","-18","-22"
"¿©¿ìÇÁ·ÎÆä¼­_³²","17","6","0,72","0,96","1,22","-28","-2","30"
"¿©¿ìÇÁ·ÎÆä¼­_³²","18","1","0,78","0,88","1,18","-24","-10","28"
"¿©¿ìÇÁ·ÎÆä¼­_³²","19","1","1,18","0,82","1,02","26","-16","8"
"¿©¿ìÇÁ·ÎÆä¼­_³²","20","1","0,74","1,12","0,92","-26","18","-8"
"¿©¿ìÇÁ·ÎÆä¼­_¿©","10","9","1,15","0,85","0,8","18","-8","-14"
"¿©¿ìÇÁ·ÎÆä¼­_¿©","11","9","0,82","1,02","1,2","-18","0","24"
"¿©¿ìÇÁ·ÎÆä¼­_¿©","12","9","0,78","1,18","0,82","-20","22","-18"
"¿©¿ìÇÁ·ÎÆä¼­_¿©","13","9","1,2","0,92","1,15","22","-4","18"
"¿©¿ìÇÁ·ÎÆä¼­_¿©","14","9","0,82","1,15","1,16","-20","18","20"
"¿©¿ìÇÁ·ÎÆä¼­_¿©","15","9","1,18","1,06","0,72","22","12","-28"
"¿©¿ìÇÁ·ÎÆä¼­_¿©","16","6","1,2","0,76","0,72","28","-18","-22"
"¿©¿ìÇÁ·ÎÆä¼­_¿©","17","6","0,72","0,96","1,22","-28","-2","30"
"¿©¿ìÇÁ·ÎÆä¼­_¿©","18","1","0,78","0,88","1,18","-24","-10","28"
"¿©¿ìÇÁ·ÎÆä¼­_¿©","19","1","1,18","0,82","1,02","26","-16","8"
"¿©¿ìÇÁ·ÎÆä¼­_¿©","20","1","0,74","1,12","0,92","-26","18","-8"
"¿©¿ìÇÏÀÌÀ§Àúµå_³²","10","9","1,15","0,85","0,8","18","-8","-14"
"¿©¿ìÇÏÀÌÀ§Àúµå_³²","11","9","0,82","1,02","1,2","-18","0","24"
"¿©¿ìÇÏÀÌÀ§Àúµå_³²","12","9","0,78","1,18","0,82","-20","22","-18"
"¿©¿ìÇÏÀÌÀ§Àúµå_³²","13","9","1,2","0,92","1,15","22","-4","18"
"¿©¿ìÇÏÀÌÀ§Àúµå_³²","14","9","0,82","1,15","1,16","-20","18","20"
"¿©¿ìÇÏÀÌÀ§Àúµå_³²","15","9","1,18","1,06","0,72","22","12","-28"
"¿©¿ìÇÏÀÌÀ§Àúµå_³²","16","6","1,2","0,76","0,72","28","-18","-22"
"¿©¿ìÇÏÀÌÀ§Àúµå_³²","17","6","0,72","0,96","1,22","-28","-2","30"
"¿©¿ìÇÏÀÌÀ§Àúµå_³²","18","1","0,78","0,88","1,18","-24","-10","28"
"¿©¿ìÇÏÀÌÀ§Àúµå_³²","19","1","1,18","0,82","1,02","26","-16","8"
"¿©¿ìÇÏÀÌÀ§Àúµå_³²","20","1","0,74","1,12","0,92","-26","18","-8"
"¿©¿ìÇÏÀÌÀ§Àúµå_¿©","10","9","1,15","0,85","0,8","18","-8","-14"
"¿©¿ìÇÏÀÌÀ§Àúµå_¿©","11","9","0,82","1,02","1,2","-18","0","24"
"¿©¿ìÇÏÀÌÀ§Àúµå_¿©","12","9","0,78","1,18","0,82","-20","22","-18"
"¿©¿ìÇÏÀÌÀ§Àúµå_¿©","13","9","1,2","0,92","1,15","22","-4","18"
"¿©¿ìÇÏÀÌÀ§Àúµå_¿©","14","9","0,82","1,15","1,16","-20","18","20"
"¿©¿ìÇÏÀÌÀ§Àúµå_¿©","15","9","1,18","1,06","0,72","22","12","-28"
"¿©¿ìÇÏÀÌÀ§Àúµå_¿©","16","6","1,2","0,76","0,72","28","-18","-22"
"¿©¿ìÇÏÀÌÀ§Àúµå_¿©","17","6","0,72","0,96","1,22","-28","-2","30"
"¿©¿ìÇÏÀÌÀ§Àúµå_¿©","18","1","0,78","0,88","1,18","-24","-10","28"
"¿©¿ìÇÏÀÌÀ§Àúµå_¿©","19","1","1,18","0,82","1,02","26","-16","8"
"¿©¿ìÇÏÀÌÀ§Àúµå_¿©","20","1","0,74","1,12","0,92","-26","18","-8"
"¿¬±Ý¼ú»ç_³²","10","9","1,15","0,85","0,8","18","-8","-14"
"¿¬±Ý¼ú»ç_³²","11","9","0,82","1,02","1,2","-18","0","24"
"¿¬±Ý¼ú»ç_³²","12","9","0,78","1,18","0,82","-20","22","-18"
"¿¬±Ý¼ú»ç_³²","13","9","1,2","0,92","1,15","22","-4","18"
"¿¬±Ý¼ú»ç_³²","14","9","0,82","1,15","1,16","-20","18","20"
"¿¬±Ý¼ú»ç_³²","15","9","1,18","1,06","0,72","22","12","-28"
"¿¬±Ý¼ú»ç_³²","16","6","1,2","0,76","0,72","28","-18","-22"
"¿¬±Ý¼ú»ç_³²","17","6","0,72","0,96","1,22","-28","-2","30"
"¿¬±Ý¼ú»ç_³²","18","1","0,78","0,88","1,18","-24","-10","28"
"¿¬±Ý¼ú»ç_³²","19","1","1,18","0,82","1,02","26","-16","8"
"¿¬±Ý¼ú»ç_³²","20","1","0,74","1,12","0,92","-26","18","-8"
"¿¬±Ý¼ú»ç_¿©","10","9","1,15","0,85","0,8","18","-8","-14"
"¿¬±Ý¼ú»ç_¿©","11","9","0,82","1,02","1,2","-18","0","24"
"¿¬±Ý¼ú»ç_¿©","12","9","0,78","1,18","0,82","-20","22","-18"
"¿¬±Ý¼ú»ç_¿©","13","9","1,2","0,92","1,15","22","-4","18"
"¿¬±Ý¼ú»ç_¿©","14","9","0,82","1,15","1,16","-20","18","20"
"¿¬±Ý¼ú»ç_¿©","15","9","1,18","1,06","0,72","22","12","-28"
"¿¬±Ý¼ú»ç_¿©","16","6","1,2","0,76","0,72","28","-18","-22"
"¿¬±Ý¼ú»ç_¿©","17","6","0,72","0,96","1,22","-28","-2","30"
"¿¬±Ý¼ú»ç_¿©","18","1","0,78","0,88","1,18","-24","-10","28"
"¿¬±Ý¼ú»ç_¿©","19","1","1,18","0,82","1,02","26","-16","8"
"¿¬±Ý¼ú»ç_¿©","20","1","0,74","1,12","0,92","-26","18","-8"
"¿¬±Ý¼ú»ç¸äµÅÁö_³²","10","9","1,15","0,85","0,8","18","-8","-14"
"¿¬±Ý¼ú»ç¸äµÅÁö_³²","11","9","0,82","1,02","1,2","-18","0","24"
"¿¬±Ý¼ú»ç¸äµÅÁö_³²","12","9","0,78","1,18","0,82","-20","22","-18"
"¿¬±Ý¼ú»ç¸äµÅÁö_³²","13","9","1,2","0,92","1,15","22","-4","18"
"¿¬±Ý¼ú»ç¸äµÅÁö_³²","14","9","0,82","1,15","1,16","-20","18","20"
"¿¬±Ý¼ú»ç¸äµÅÁö_³²","15","9","1,18","1,06","0,72","22","12","-28"
"¿¬±Ý¼ú»ç¸äµÅÁö_³²","16","6","1,2","0,76","0,72","28","-18","-22"
"¿¬±Ý¼ú»ç¸äµÅÁö_³²","17","6","0,72","0,96","1,22","-28","-2","30"
"¿¬±Ý¼ú»ç¸äµÅÁö_³²","18","1","0,78","0,88","1,18","-24","-10","28"
"¿¬±Ý¼ú»ç¸äµÅÁö_³²","19","1","1,18","0,82","1,02","26","-16","8"
"¿¬±Ý¼ú»ç¸äµÅÁö_³²","20","1","0,74","1,12","0,92","-26","18","-8"
"¿¬±Ý¼ú»ç¸äµÅÁö_¿©","10","9","1,15","0,85","0,8","18","-8","-14"
"¿¬±Ý¼ú»ç¸äµÅÁö_¿©","11","9","0,82","1,02","1,2","-18","0","24"
"¿¬±Ý¼ú»ç¸äµÅÁö_¿©","12","9","0,78","1,18","0,82","-20","22","-18"
"¿¬±Ý¼ú»ç¸äµÅÁö_¿©","13","9","1,2","0,92","1,15","22","-4","18"
"¿¬±Ý¼ú»ç¸äµÅÁö_¿©","14","9","0,82","1,15","1,16","-20","18","20"
"¿¬±Ý¼ú»ç¸äµÅÁö_¿©","15","9","1,18","1,06","0,72","22","12","-28"
"¿¬±Ý¼ú»ç¸äµÅÁö_¿©","16","6","1,2","0,76","0,72","28","-18","-22"
"¿¬±Ý¼ú»ç¸äµÅÁö_¿©","17","6","0,72","0,96","1,22","-28","-2","30"
"¿¬±Ý¼ú»ç¸äµÅÁö_¿©","18","1","0,78","0,88","1,18","-24","-10","28"
"¿¬±Ý¼ú»ç¸äµÅÁö_¿©","19","1","1,18","0,82","1,02","26","-16","8"
"¿¬±Ý¼ú»ç¸äµÅÁö_¿©","20","1","0,74","1,12","0,92","-26","18","-8"
"¿ïÇÁ·¹ÀÎÀú_³²","10","9","1,15","0,85","0,8","18","-8","-14"
"¿ïÇÁ·¹ÀÎÀú_³²","11","9","0,82","1,02","1,2","-18","0","24"
"¿ïÇÁ·¹ÀÎÀú_³²","12","9","0,78","1,18","0,82","-20","22","-18"
"¿ïÇÁ·¹ÀÎÀú_³²","13","9","1,2","0,92","1,15","22","-4","18"
"¿ïÇÁ·¹ÀÎÀú_³²","14","9","0,82","1,15","1,16","-20","18","20"
"¿ïÇÁ·¹ÀÎÀú_³²","15","9","1,18","1,06","0,72","22","12","-28"
"¿ïÇÁ·¹ÀÎÀú_³²","16","6","1,2","0,76","0,72","28","-18","-22"
"¿ïÇÁ·¹ÀÎÀú_³²","17","6","0,72","0,96","1,22","-28","-2","30"
"¿ïÇÁ·¹ÀÎÀú_³²","18","1","0,78","0,88","1,18","-24","-10","28"
"¿ïÇÁ·¹ÀÎÀú_³²","19","1","1,18","0,82","1,02","26","-16","8"
"¿ïÇÁ·¹ÀÎÀú_³²","20","1","0,74","1,12","0,92","-26","18","-8"
"¿ïÇÁ·¹ÀÎÀú_¿©","10","9","1,15","0,85","0,8","18","-8","-14"
"¿ïÇÁ·¹ÀÎÀú_¿©","11","9","0,82","1,02","1,2","-18","0","24"
"¿ïÇÁ·¹ÀÎÀú_¿©","12","9","0,78","1,18","0,82","-20","22","-18"
"¿ïÇÁ·¹ÀÎÀú_¿©","13","9","1,2","0,92","1,15","22","-4","18"
"¿ïÇÁ·¹ÀÎÀú_¿©","14","9","0,82","1,15","1,16","-20","18","20"
"¿ïÇÁ·¹ÀÎÀú_¿©","15","9","1,18","1,06","0,72","22","12","-28"
"¿ïÇÁ·¹ÀÎÀú_¿©","16","6","1,2","0,76","0,72","28","-18","-22"
"¿ïÇÁ·¹ÀÎÀú_¿©","17","6","0,72","0,96","1,22","-28","-2","30"
"¿ïÇÁ·¹ÀÎÀú_¿©","18","1","0,78","0,88","1,18","-24","-10","28"
"¿ïÇÁ·¹ÀÎÀú_¿©","19","1","1,18","0,82","1,02","26","-16","8"
"¿ïÇÁ·¹ÀÎÀú_¿©","20","1","0,74","1,12","0,92","-26","18","-8"
"¿ö·Ï_³²","10","9","1,15","0,85","0,8","18","-8","-14"
"¿ö·Ï_³²","11","9","0,82","1,02","1,2","-18","0","24"
"¿ö·Ï_³²","12","9","0,78","1,18","0,82","-20","22","-18"
"¿ö·Ï_³²","13","9","1,2","0,92","1,15","22","-4","18"
"¿ö·Ï_³²","14","9","0,82","1,15","1,16","-20","18","20"
"¿ö·Ï_³²","15","9","1,18","1,06","0,72","22","12","-28"
"¿ö·Ï_³²","16","6","1,2","0,76","0,72","28","-18","-22"
"¿ö·Ï_³²","17","6","0,72","0,96","1,22","-28","-2","30"
"¿ö·Ï_³²","18","1","0,78","0,88","1,18","-24","-10","28"
"¿ö·Ï_³²","19","1","1,18","0,82","1,02","26","-16","8"
"¿ö·Ï_³²","20","1","0,74","1,12","0,92","-26","18","-8"
"¿ö·Ï_¿©","10","9","1,15","0,85","0,8","18","-8","-14"
"¿ö·Ï_¿©","11","9","0,82","1,02","1,2","-18","0","24"
"¿ö·Ï_¿©","12","9","0,78","1,18","0,82","-20","22","-18"
"¿ö·Ï_¿©","13","9","1,2","0,92","1,15","22","-4","18"
"¿ö·Ï_¿©","14","9","0,82","1,15","1,16","-20","18","20"
"¿ö·Ï_¿©","15","9","1,18","1,06","0,72","22","12","-28"
"¿ö·Ï_¿©","16","6","1,2","0,76","0,72","28","-18","-22"
"¿ö·Ï_¿©","17","6","0,72","0,96","1,22","-28","-2","30"
"¿ö·Ï_¿©","18","1","0,78","0,88","1,18","-24","-10","28"
"¿ö·Ï_¿©","19","1","1,18","0,82","1,02","26","-16","8"
"¿ö·Ï_¿©","20","1","0,74","1,12","0,92","-26","18","-8"
"¿ø´õ·¯_³²","10","9","1,15","0,85","0,8","18","-8","-14"
"¿ø´õ·¯_³²","11","9","0,82","1,02","1,2","-18","0","24"
"¿ø´õ·¯_³²","12","9","0,78","1,18","0,82","-20","22","-18"
"¿ø´õ·¯_³²","13","9","1,2","0,92","1,15","22","-4","18"
"¿ø´õ·¯_³²","14","9","0,82","1,15","1,16","-20","18","20"
"¿ø´õ·¯_³²","15","9","1,18","1,06","0,72","22","12","-28"
"¿ø´õ·¯_³²","16","6","1,2","0,76","0,72","28","-18","-22"
"¿ø´õ·¯_³²","17","6","0,72","0,96","1,22","-28","-2","30"
"¿ø´õ·¯_³²","18","1","0,78","0,88","1,18","-24","-10","28"
"¿ø´õ·¯_³²","19","1","1,18","0,82","1,02","26","-16","8"
"¿ø´õ·¯_³²","20","1","0,74","1,12","0,92","-26","18","-8"
"¿ø´õ·¯_¿©","10","9","1,15","0,85","0,8","18","-8","-14"
"¿ø´õ·¯_¿©","11","9","0,82","1,02","1,2","-18","0","24"
"¿ø´õ·¯_¿©","12","9","0,78","1,18","0,82","-20","22","-18"
"¿ø´õ·¯_¿©","13","9","1,2","0,92","1,15","22","-4","18"
"¿ø´õ·¯_¿©","14","9","0,82","1,15","1,16","-20","18","20"
"¿ø´õ·¯_¿©","15","9","1,18","1,06","0,72","22","12","-28"
"¿ø´õ·¯_¿©","16","6","1,2","0,76","0,72","28","-18","-22"
"¿ø´õ·¯_¿©","17","6","0,72","0,96","1,22","-28","-2","30"
"¿ø´õ·¯_¿©","18","1","0,78","0,88","1,18","-24","-10","28"
"¿ø´õ·¯_¿©","19","1","1,18","0,82","1,02","26","-16","8"
"¿ø´õ·¯_¿©","20","1","0,74","1,12","0,92","-26","18","-8"
"À§Àúµå_³²","10","9","1,15","0,85","0,8","18","-8","-14"
"À§Àúµå_³²","11","9","0,82","1,02","1,2","-18","0","24"
"À§Àúµå_³²","12","9","0,78","1,18","0,82","-20","22","-18"
"À§Àúµå_³²","13","9","1,2","0,92","1,15","22","-4","18"
"À§Àúµå_³²","14","9","0,82","1,15","1,16","-20","18","20"
"À§Àúµå_³²","15","9","1,18","1,06","0,72","22","12","-28"
"À§Àúµå_³²","16","6","1,2","0,76","0,72","28","-18","-22"
"À§Àúµå_³²","17","6","0,72","0,96","1,22","-28","-2","30"
"À§Àúµå_³²","18","1","0,78","0,88","1,18","-24","-10","28"
"À§Àúµå_³²","19","1","1,18","0,82","1,02","26","-16","8"
"À§Àúµå_³²","20","1","0,74","1,12","0,92","-26","18","-8"
"À§Àúµå_¿©","10","9","1,15","0,85","0,8","18","-8","-14"
"À§Àúµå_¿©","11","9","0,82","1,02","1,2","-18","0","24"
"À§Àúµå_¿©","12","9","0,78","1,18","0,82","-20","22","-18"
"À§Àúµå_¿©","13","9","1,2","0,92","1,15","22","-4","18"
"À§Àúµå_¿©","14","9","0,82","1,15","1,16","-20","18","20"
"À§Àúµå_¿©","15","9","1,18","1,06","0,72","22","12","-28"
"À§Àúµå_¿©","16","6","1,2","0,76","0,72","28","-18","-22"
"À§Àúµå_¿©","17","6","0,72","0,96","1,22","-28","-2","30"
"À§Àúµå_¿©","18","1","0,78","0,88","1,18","-24","-10","28"
"À§Àúµå_¿©","19","1","1,18","0,82","1,02","26","-16","8"
"À§Àúµå_¿©","20","1","0,74","1,12","0,92","-26","18","-8"
"Á¦³×¸¯_³²","10","9","1,15","0,85","0,8","18","-8","-14"
"Á¦³×¸¯_³²","11","9","0,82","1,02","1,2","-18","0","24"
"Á¦³×¸¯_³²","12","9","0,78","1,18","0,82","-20","22","-18"
"Á¦³×¸¯_³²","13","9","1,2","0,92","1,15","22","-4","18"
"Á¦³×¸¯_³²","14","9","0,82","1,15","1,16","-20","18","20"
"Á¦³×¸¯_³²","15","9","1,18","1,06","0,72","22","12","-28"
"Á¦³×¸¯_³²","16","6","1,2","0,76","0,72","28","-18","-22"
"Á¦³×¸¯_³²","17","6","0,72","0,96","1,22","-28","-2","30"
"Á¦³×¸¯_³²","18","1","0,78","0,88","1,18","-24","-10","28"
"Á¦³×¸¯_³²","19","1","1,18","0,82","1,02","26","-16","8"
"Á¦³×¸¯_³²","20","1","0,74","1,12","0,92","-26","18","-8"
"Á¦³×¸¯_¿©","10","9","1,15","0,85","0,8","18","-8","-14"
"Á¦³×¸¯_¿©","11","9","0,82","1,02","1,2","-18","0","24"
"Á¦³×¸¯_¿©","12","9","0,78","1,18","0,82","-20","22","-18"
"Á¦³×¸¯_¿©","13","9","1,2","0,92","1,15","22","-4","18"
"Á¦³×¸¯_¿©","14","9","0,82","1,15","1,16","-20","18","20"
"Á¦³×¸¯_¿©","15","9","1,18","1,06","0,72","22","12","-28"
"Á¦³×¸¯_¿©","16","6","1,2","0,76","0,72","28","-18","-22"
"Á¦³×¸¯_¿©","17","6","0,72","0,96","1,22","-28","-2","30"
"Á¦³×¸¯_¿©","18","1","0,78","0,88","1,18","-24","-10","28"
"Á¦³×¸¯_¿©","19","1","1,18","0,82","1,02","26","-16","8"
"Á¦³×¸¯_¿©","20","1","0,74","1,12","0,92","-26","18","-8"
"Á¦³×¸¯¸äµÅÁö_³²","10","9","1,15","0,85","0,8","18","-8","-14"
"Á¦³×¸¯¸äµÅÁö_³²","11","9","0,82","1,02","1,2","-18","0","24"
"Á¦³×¸¯¸äµÅÁö_³²","12","9","0,78","1,18","0,82","-20","22","-18"
"Á¦³×¸¯¸äµÅÁö_³²","13","9","1,2","0,92","1,15","22","-4","18"
"Á¦³×¸¯¸äµÅÁö_³²","14","9","0,82","1,15","1,16","-20","18","20"
"Á¦³×¸¯¸äµÅÁö_³²","15","9","1,18","1,06","0,72","22","12","-28"
"Á¦³×¸¯¸äµÅÁö_³²","16","6","1,2","0,76","0,72","28","-18","-22"
"Á¦³×¸¯¸äµÅÁö_³²","17","6","0,72","0,96","1,22","-28","-2","30"
"Á¦³×¸¯¸äµÅÁö_³²","18","1","0,78","0,88","1,18","-24","-10","28"
"Á¦³×¸¯¸äµÅÁö_³²","19","1","1,18","0,82","1,02","26","-16","8"
"Á¦³×¸¯¸äµÅÁö_³²","20","1","0,74","1,12","0,92","-26","18","-8"
"Á¦³×¸¯¸äµÅÁö_¿©","10","9","1,15","0,85","0,8","18","-8","-14"
"Á¦³×¸¯¸äµÅÁö_¿©","11","9","0,82","1,02","1,2","-18","0","24"
"Á¦³×¸¯¸äµÅÁö_¿©","12","9","0,78","1,18","0,82","-20","22","-18"
"Á¦³×¸¯¸äµÅÁö_¿©","13","9","1,2","0,92","1,15","22","-4","18"
"Á¦³×¸¯¸äµÅÁö_¿©","14","9","0,82","1,15","1,16","-20","18","20"
"Á¦³×¸¯¸äµÅÁö_¿©","15","9","1,18","1,06","0,72","22","12","-28"
"Á¦³×¸¯¸äµÅÁö_¿©","16","6","1,2","0,76","0,72","28","-18","-22"
"Á¦³×¸¯¸äµÅÁö_¿©","17","6","0,72","0,96","1,22","-28","-2","30"
"Á¦³×¸¯¸äµÅÁö_¿©","18","1","0,78","0,88","1,18","-24","-10","28"
"Á¦³×¸¯¸äµÅÁö_¿©","19","1","1,18","0,82","1,02","26","-16","8"
"Á¦³×¸¯¸äµÅÁö_¿©","20","1","0,74","1,12","0,92","-26","18","-8"
"Á¦Ã¶°ø_³²","10","9","1,15","0,85","0,8","18","-8","-14"
"Á¦Ã¶°ø_³²","11","9","0,82","1,02","1,2","-18","0","24"
"Á¦Ã¶°ø_³²","12","9","0,78","1,18","0,82","-20","22","-18"
"Á¦Ã¶°ø_³²","13","9","1,2","0,92","1,15","22","-4","18"
"Á¦Ã¶°ø_³²","14","9","0,82","1,15","1,16","-20","18","20"
"Á¦Ã¶°ø_³²","15","9","1,18","1,06","0,72","22","12","-28"
"Á¦Ã¶°ø_³²","16","6","1,2","0,76","0,72","28","-18","-22"
"Á¦Ã¶°ø_³²","17","6","0,72","0,96","1,22","-28","-2","30"
"Á¦Ã¶°ø_³²","18","1","0,78","0,88","1,18","-24","-10","28"
"Á¦Ã¶°ø_³²","19","1","1,18","0,82","1,02","26","-16","8"
"Á¦Ã¶°ø_³²","20","1","0,74","1,12","0,92","-26","18","-8"
"Á¦Ã¶°ø_¿©","10","9","1,15","0,85","0,8","18","-8","-14"
"Á¦Ã¶°ø_¿©","11","9","0,82","1,02","1,2","-18","0","24"
"Á¦Ã¶°ø_¿©","12","9","0,78","1,18","0,82","-20","22","-18"
"Á¦Ã¶°ø_¿©","13","9","1,2","0,92","1,15","22","-4","18"
"Á¦Ã¶°ø_¿©","14","9","0,82","1,15","1,16","-20","18","20"
"Á¦Ã¶°ø_¿©","15","9","1,18","1,06","0,72","22","12","-28"
"Á¦Ã¶°ø_¿©","16","6","1,2","0,76","0,72","28","-18","-22"
"Á¦Ã¶°ø_¿©","17","6","0,72","0,96","1,22","-28","-2","30"
"Á¦Ã¶°ø_¿©","18","1","0,78","0,88","1,18","-24","-10","28"
"Á¦Ã¶°ø_¿©","19","1","1,18","0,82","1,02","26","-16","8"
"Á¦Ã¶°ø_¿©","20","1","0,74","1,12","0,92","-26","18","-8"
"Á¦Ã¶°ø¸äµÅÁö_³²","10","9","1,15","0,85","0,8","18","-8","-14"
"Á¦Ã¶°ø¸äµÅÁö_³²","11","9","0,82","1,02","1,2","-18","0","24"
"Á¦Ã¶°ø¸äµÅÁö_³²","12","9","0,78","1,18","0,82","-20","22","-18"
"Á¦Ã¶°ø¸äµÅÁö_³²","13","9","1,2","0,92","1,15","22","-4","18"
"Á¦Ã¶°ø¸äµÅÁö_³²","14","9","0,82","1,15","1,16","-20","18","20"
"Á¦Ã¶°ø¸äµÅÁö_³²","15","9","1,18","1,06","0,72","22","12","-28"
"Á¦Ã¶°ø¸äµÅÁö_³²","16","6","1,2","0,76","0,72","28","-18","-22"
"Á¦Ã¶°ø¸äµÅÁö_³²","17","6","0,72","0,96","1,22","-28","-2","30"
"Á¦Ã¶°ø¸äµÅÁö_³²","18","1","0,78","0,88","1,18","-24","-10","28"
"Á¦Ã¶°ø¸äµÅÁö_³²","19","1","1,18","0,82","1,02","26","-16","8"
"Á¦Ã¶°ø¸äµÅÁö_³²","20","1","0,74","1,12","0,92","-26","18","-8"
"Á¦Ã¶°ø¸äµÅÁö_¿©","10","9","1,15","0,85","0,8","18","-8","-14"
"Á¦Ã¶°ø¸äµÅÁö_¿©","11","9","0,82","1,02","1,2","-18","0","24"
"Á¦Ã¶°ø¸äµÅÁö_¿©","12","9","0,78","1,18","0,82","-20","22","-18"
"Á¦Ã¶°ø¸äµÅÁö_¿©","13","9","1,2","0,92","1,15","22","-4","18"
"Á¦Ã¶°ø¸äµÅÁö_¿©","14","9","0,82","1,15","1,16","-20","18","20"
"Á¦Ã¶°ø¸äµÅÁö_¿©","15","9","1,18","1,06","0,72","22","12","-28"
"Á¦Ã¶°ø¸äµÅÁö_¿©","16","6","1,2","0,76","0,72","28","-18","-22"
"Á¦Ã¶°ø¸äµÅÁö_¿©","17","6","0,72","0,96","1,22","-28","-2","30"
"Á¦Ã¶°ø¸äµÅÁö_¿©","18","1","0,78","0,88","1,18","-24","-10","28"
"Á¦Ã¶°ø¸äµÅÁö_¿©","19","1","1,18","0,82","1,02","26","-16","8"
"Á¦Ã¶°ø¸äµÅÁö_¿©","20","1","0,74","1,12","0,92","-26","18","-8"
"Áý½Ã_¿©","10","9","1,15","0,85","0,8","18","-8","-14"
"Áý½Ã_¿©","11","9","0,82","1,02","1,2","-18","0","24"
"Áý½Ã_¿©","12","9","0,78","1,18","0,82","-20","22","-18"
"Áý½Ã_¿©","13","9","1,2","0,92","1,15","22","-4","18"
"Áý½Ã_¿©","14","9","0,82","1,15","1,16","-20","18","20"
"Áý½Ã_¿©","15","9","1,18","1,06","0,72","22","12","-28"
"Áý½Ã_¿©","16","6","1,2","0,76","0,72","28","-18","-22"
"Áý½Ã_¿©","17","6","0,72","0,96","1,22","-28","-2","30"
"Áý½Ã_¿©","18","1","0,78","0,88","1,18","-24","-10","28"
"Áý½Ã_¿©","19","1","1,18","0,82","1,02","26","-16","8"
"Áý½Ã_¿©","20","1","0,74","1,12","0,92","-26","18","-8"
"Ã¨ÇÇ¿Â_³²","10","9","1,15","0,85","0,8","18","-8","-14"
"Ã¨ÇÇ¿Â_³²","11","9","0,82","1,02","1,2","-18","0","24"
"Ã¨ÇÇ¿Â_³²","12","9","0,78","1,18","0,82","-20","22","-18"
"Ã¨ÇÇ¿Â_³²","13","9","1,2","0,92","1,15","22","-4","18"
"Ã¨ÇÇ¿Â_³²","14","9","0,82","1,15","1,16","-20","18","20"
"Ã¨ÇÇ¿Â_³²","15","9","1,18","1,06","0,72","22","12","-28"
"Ã¨ÇÇ¿Â_³²","16","6","1,2","0,76","0,72","28","-18","-22"
"Ã¨ÇÇ¿Â_³²","17","6","0,72","0,96","1,22","-28","-2","30"
"Ã¨ÇÇ¿Â_³²","18","1","0,78","0,88","1,18","-24","-10","28"
"Ã¨ÇÇ¿Â_³²","19","1","1,18","0,82","1,02","26","-16","8"
"Ã¨ÇÇ¿Â_³²","20","1","0,74","1,12","0,92","-26","18","-8"
"Ã¨ÇÇ¿Â_¿©","10","9","1,15","0,85","0,8","18","-8","-14"
"Ã¨ÇÇ¿Â_¿©","11","9","0,82","1,02","1,2","-18","0","24"
"Ã¨ÇÇ¿Â_¿©","12","9","0,78","1,18","0,82","-20","22","-18"
"Ã¨ÇÇ¿Â_¿©","13","9","1,2","0,92","1,15","22","-4","18"
"Ã¨ÇÇ¿Â_¿©","14","9","0,82","1,15","1,16","-20","18","20"
"Ã¨ÇÇ¿Â_¿©","15","9","1,18","1,06","0,72","22","12","-28"
"Ã¨ÇÇ¿Â_¿©","16","6","1,2","0,76","0,72","28","-18","-22"
"Ã¨ÇÇ¿Â_¿©","17","6","0,72","0,96","1,22","-28","-2","30"
"Ã¨ÇÇ¿Â_¿©","18","1","0,78","0,88","1,18","-24","-10","28"
"Ã¨ÇÇ¿Â_¿©","19","1","1,18","0,82","1,02","26","-16","8"
"Ã¨ÇÇ¿Â_¿©","20","1","0,74","1,12","0,92","-26","18","-8"
"Ã¨ÇÇ¿Â¾ËÆÄÄ«_³²","10","9","1,15","0,85","0,8","18","-8","-14"
"Ã¨ÇÇ¿Â¾ËÆÄÄ«_³²","11","9","0,82","1,02","1,2","-18","0","24"
"Ã¨ÇÇ¿Â¾ËÆÄÄ«_³²","12","9","0,78","1,18","0,82","-20","22","-18"
"Ã¨ÇÇ¿Â¾ËÆÄÄ«_³²","13","9","1,2","0,92","1,15","22","-4","18"
"Ã¨ÇÇ¿Â¾ËÆÄÄ«_³²","14","9","0,82","1,15","1,16","-20","18","20"
"Ã¨ÇÇ¿Â¾ËÆÄÄ«_³²","15","9","1,18","1,06","0,72","22","12","-28"
"Ã¨ÇÇ¿Â¾ËÆÄÄ«_³²","16","6","1,2","0,76","0,72","28","-18","-22"
"Ã¨ÇÇ¿Â¾ËÆÄÄ«_³²","17","6","0,72","0,96","1,22","-28","-2","30"
"Ã¨ÇÇ¿Â¾ËÆÄÄ«_³²","18","1","0,78","0,88","1,18","-24","-10","28"
"Ã¨ÇÇ¿Â¾ËÆÄÄ«_³²","19","1","1,18","0,82","1,02","26","-16","8"
"Ã¨ÇÇ¿Â¾ËÆÄÄ«_³²","20","1","0,74","1,12","0,92","-26","18","-8"
"Ã¨ÇÇ¿Â¾ËÆÄÄ«_¿©","10","9","1,15","0,85","0,8","18","-8","-14"
"Ã¨ÇÇ¿Â¾ËÆÄÄ«_¿©","11","9","0,82","1,02","1,2","-18","0","24"
"Ã¨ÇÇ¿Â¾ËÆÄÄ«_¿©","12","9","0,78","1,18","0,82","-20","22","-18"
"Ã¨ÇÇ¿Â¾ËÆÄÄ«_¿©","13","9","1,2","0,92","1,15","22","-4","18"
"Ã¨ÇÇ¿Â¾ËÆÄÄ«_¿©","14","9","0,82","1,15","1,16","-20","18","20"
"Ã¨ÇÇ¿Â¾ËÆÄÄ«_¿©","15","9","1,18","1,06","0,72","22","12","-28"
"Ã¨ÇÇ¿Â¾ËÆÄÄ«_¿©","16","6","1,2","0,76","0,72","28","-18","-22"
"Ã¨ÇÇ¿Â¾ËÆÄÄ«_¿©","17","6","0,72","0,96","1,22","-28","-2","30"
"Ã¨ÇÇ¿Â¾ËÆÄÄ«_¿©","18","1","0,78","0,88","1,18","-24","-10","28"
"Ã¨ÇÇ¿Â¾ËÆÄÄ«_¿©","19","1","1,18","0,82","1,02","26","-16","8"
"Ã¨ÇÇ¿Â¾ËÆÄÄ«_¿©","20","1","0,74","1,12","0,92","-26","18","-8"
"ÃÊº¸ÀÚ_³²","10","9","1,15","0,85","0,8","18","-8","-14"
"ÃÊº¸ÀÚ_³²","11","9","0,82","1,02","1,2","-18","0","24"
"ÃÊº¸ÀÚ_³²","12","9","0,78","1,18","0,82","-20","22","-18"
"ÃÊº¸ÀÚ_³²","13","9","1,2","0,92","1,15","22","-4","18"
"ÃÊº¸ÀÚ_³²","14","9","0,82","1,15","1,16","-20","18","20"
"ÃÊº¸ÀÚ_³²","15","9","1,18","1,06","0,72","22","12","-28"
"ÃÊº¸ÀÚ_³²","16","6","1,2","0,76","0,72","28","-18","-22"
"ÃÊº¸ÀÚ_³²","17","6","0,72","0,96","1,22","-28","-2","30"
"ÃÊº¸ÀÚ_³²","18","1","0,78","0,88","1,18","-24","-10","28"
"ÃÊº¸ÀÚ_³²","19","1","1,18","0,82","1,02","26","-16","8"
"ÃÊº¸ÀÚ_³²","20","1","0,74","1,12","0,92","-26","18","-8"
"ÃÊº¸ÀÚ_¿©","10","9","1,15","0,85","0,8","18","-8","-14"
"ÃÊº¸ÀÚ_¿©","11","9","0,82","1,02","1,2","-18","0","24"
"ÃÊº¸ÀÚ_¿©","12","9","0,78","1,18","0,82","-20","22","-18"
"ÃÊº¸ÀÚ_¿©","13","9","1,2","0,92","1,15","22","-4","18"
"ÃÊº¸ÀÚ_¿©","14","9","0,82","1,15","1,16","-20","18","20"
"ÃÊº¸ÀÚ_¿©","15","9","1,18","1,06","0,72","22","12","-28"
"ÃÊº¸ÀÚ_¿©","16","6","1,2","0,76","0,72","28","-18","-22"
"ÃÊº¸ÀÚ_¿©","17","6","0,72","0,96","1,22","-28","-2","30"
"ÃÊº¸ÀÚ_¿©","18","1","0,78","0,88","1,18","-24","-10","28"
"ÃÊº¸ÀÚ_¿©","19","1","1,18","0,82","1,02","26","-16","8"
"ÃÊº¸ÀÚ_¿©","20","1","0,74","1,12","0,92","-26","18","-8"
"ÄÌº£·Î½º±æ·ÎÆ¾Å©·Î½º_³²","10","9","1,15","0,85","0,8","18","-8","-14"
"ÄÌº£·Î½º±æ·ÎÆ¾Å©·Î½º_³²","11","9","0,82","1,02","1,2","-18","0","24"
"ÄÌº£·Î½º±æ·ÎÆ¾Å©·Î½º_³²","12","9","0,78","1,18","0,82","-20","22","-18"
"ÄÌº£·Î½º±æ·ÎÆ¾Å©·Î½º_³²","13","9","1,2","0,92","1,15","22","-4","18"
"ÄÌº£·Î½º±æ·ÎÆ¾Å©·Î½º_³²","14","9","0,82","1,15","1,16","-20","18","20"
"ÄÌº£·Î½º±æ·ÎÆ¾Å©·Î½º_³²","15","9","1,18","1,06","0,72","22","12","-28"
"ÄÌº£·Î½º±æ·ÎÆ¾Å©·Î½º_³²","16","6","1,2","0,76","0,72","28","-18","-22"
"ÄÌº£·Î½º±æ·ÎÆ¾Å©·Î½º_³²","17","6","0,72","0,96","1,22","-28","-2","30"
"ÄÌº£·Î½º±æ·ÎÆ¾Å©·Î½º_³²","18","1","0,78","0,88","1,18","-24","-10","28"
"ÄÌº£·Î½º±æ·ÎÆ¾Å©·Î½º_³²","19","1","1,18","0,82","1,02","26","-16","8"
"ÄÌº£·Î½º±æ·ÎÆ¾Å©·Î½º_³²","20","1","0,74","1,12","0,92","-26","18","-8"
"ÄÌº£·Î½º±æ·ÎÆ¾Å©·Î½º_¿©","10","9","1,15","0,85","0,8","18","-8","-14"
"ÄÌº£·Î½º±æ·ÎÆ¾Å©·Î½º_¿©","11","9","0,82","1,02","1,2","-18","0","24"
"ÄÌº£·Î½º±æ·ÎÆ¾Å©·Î½º_¿©","12","9","0,78","1,18","0,82","-20","22","-18"
"ÄÌº£·Î½º±æ·ÎÆ¾Å©·Î½º_¿©","13","9","1,2","0,92","1,15","22","-4","18"
"ÄÌº£·Î½º±æ·ÎÆ¾Å©·Î½º_¿©","14","9","0,82","1,15","1,16","-20","18","20"
"ÄÌº£·Î½º±æ·ÎÆ¾Å©·Î½º_¿©","15","9","1,18","1,06","0,72","22","12","-28"
"ÄÌº£·Î½º±æ·ÎÆ¾Å©·Î½º_¿©","16","6","1,2","0,76","0,72","28","-18","-22"
"ÄÌº£·Î½º±æ·ÎÆ¾Å©·Î½º_¿©","17","6","0,72","0,96","1,22","-28","-2","30"
"ÄÌº£·Î½º±æ·ÎÆ¾Å©·Î½º_¿©","18","1","0,78","0,88","1,18","-24","-10","28"
"ÄÌº£·Î½º±æ·ÎÆ¾Å©·Î½º_¿©","19","1","1,18","0,82","1,02","26","-16","8"
"ÄÌº£·Î½º±æ·ÎÆ¾Å©·Î½º_¿©","20","1","0,74","1,12","0,92","-26","18","-8"
"ÄÌº£·Î½ºµµµÏ_³²","10","9","1,15","0,85","0,8","18","-8","-14"
"ÄÌº£·Î½ºµµµÏ_³²","11","9","0,82","1,02","1,2","-18","0","24"
"ÄÌº£·Î½ºµµµÏ_³²","12","9","0,78","1,18","0,82","-20","22","-18"
"ÄÌº£·Î½ºµµµÏ_³²","13","9","1,2","0,92","1,15","22","-4","18"
"ÄÌº£·Î½ºµµµÏ_³²","14","9","0,82","1,15","1,16","-20","18","20"
"ÄÌº£·Î½ºµµµÏ_³²","15","9","1,18","1,06","0,72","22","12","-28"
"ÄÌº£·Î½ºµµµÏ_³²","16","6","1,2","0,76","0,72","28","-18","-22"
"ÄÌº£·Î½ºµµµÏ_³²","17","6","0,72","0,96","1,22","-28","-2","30"
"ÄÌº£·Î½ºµµµÏ_³²","18","1","0,78","0,88","1,18","-24","-10","28"
"ÄÌº£·Î½ºµµµÏ_³²","19","1","1,18","0,82","1,02","26","-16","8"
"ÄÌº£·Î½ºµµµÏ_³²","20","1","0,74","1,12","0,92","-26","18","-8"
"ÄÌº£·Î½ºµµµÏ_¿©","10","9","1,15","0,85","0,8","18","-8","-14"
"ÄÌº£·Î½ºµµµÏ_¿©","11","9","0,82","1,02","1,2","-18","0","24"
"ÄÌº£·Î½ºµµµÏ_¿©","12","9","0,78","1,18","0,82","-20","22","-18"
"ÄÌº£·Î½ºµµµÏ_¿©","13","9","1,2","0,92","1,15","22","-4","18"
"ÄÌº£·Î½ºµµµÏ_¿©","14","9","0,82","1,15","1,16","-20","18","20"
"ÄÌº£·Î½ºµµµÏ_¿©","15","9","1,18","1,06","0,72","22","12","-28"
"ÄÌº£·Î½ºµµµÏ_¿©","16","6","1,2","0,76","0,72","28","-18","-22"
"ÄÌº£·Î½ºµµµÏ_¿©","17","6","0,72","0,96","1,22","-28","-2","30"
"ÄÌº£·Î½ºµµµÏ_¿©","18","1","0,78","0,88","1,18","-24","-10","28"
"ÄÌº£·Î½ºµµµÏ_¿©","19","1","1,18","0,82","1,02","26","-16","8"
"ÄÌº£·Î½ºµµµÏ_¿©","20","1","0,74","1,12","0,92","-26","18","-8"
"ÄÌº£·Î½º·Î±×_³²","10","9","1,15","0,85","0,8","18","-8","-14"
"ÄÌº£·Î½º·Î±×_³²","11","9","0,82","1,02","1,2","-18","0","24"
"ÄÌº£·Î½º·Î±×_³²","12","9","0,78","1,18","0,82","-20","22","-18"
"ÄÌº£·Î½º·Î±×_³²","13","9","1,2","0,92","1,15","22","-4","18"
"ÄÌº£·Î½º·Î±×_³²","14","9","0,82","1,15","1,16","-20","18","20"
"ÄÌº£·Î½º·Î±×_³²","15","9","1,18","1,06","0,72","22","12","-28"
"ÄÌº£·Î½º·Î±×_³²","16","6","1,2","0,76","0,72","28","-18","-22"
"ÄÌº£·Î½º·Î±×_³²","17","6","0,72","0,96","1,22","-28","-2","30"
"ÄÌº£·Î½º·Î±×_³²","18","1","0,78","0,88","1,18","-24","-10","28"
"ÄÌº£·Î½º·Î±×_³²","19","1","1,18","0,82","1,02","26","-16","8"
"ÄÌº£·Î½º·Î±×_³²","20","1","0,74","1,12","0,92","-26","18","-8"
"ÄÌº£·Î½º·Î±×_¿©","10","9","1,15","0,85","0,8","18","-8","-14"
"ÄÌº£·Î½º·Î±×_¿©","11","9","0,82","1,02","1,2","-18","0","24"
"ÄÌº£·Î½º·Î±×_¿©","12","9","0,78","1,18","0,82","-20","22","-18"
"ÄÌº£·Î½º·Î±×_¿©","13","9","1,2","0,92","1,15","22","-4","18"
"ÄÌº£·Î½º·Î±×_¿©","14","9","0,82","1,15","1,16","-20","18","20"
"ÄÌº£·Î½º·Î±×_¿©","15","9","1,18","1,06","0,72","22","12","-28"
"ÄÌº£·Î½º·Î±×_¿©","16","6","1,2","0,76","0,72","28","-18","-22"
"ÄÌº£·Î½º·Î±×_¿©","17","6","0,72","0,96","1,22","-28","-2","30"
"ÄÌº£·Î½º·Î±×_¿©","18","1","0,78","0,88","1,18","-24","-10","28"
"ÄÌº£·Î½º·Î±×_¿©","19","1","1,18","0,82","1,02","26","-16","8"
"ÄÌº£·Î½º·Î±×_¿©","20","1","0,74","1,12","0,92","-26","18","-8"
"ÄÌº£·Î½º½¦µµ¿ìÃ¼ÀÌ¼­_³²","10","9","1,15","0,85","0,8","18","-8","-14"
"ÄÌº£·Î½º½¦µµ¿ìÃ¼ÀÌ¼­_³²","11","9","0,82","1,02","1,2","-18","0","24"
"ÄÌº£·Î½º½¦µµ¿ìÃ¼ÀÌ¼­_³²","12","9","0,78","1,18","0,82","-20","22","-18"
"ÄÌº£·Î½º½¦µµ¿ìÃ¼ÀÌ¼­_³²","13","9","1,2","0,92","1,15","22","-4","18"
"ÄÌº£·Î½º½¦µµ¿ìÃ¼ÀÌ¼­_³²","14","9","0,82","1,15","1,16","-20","18","20"
"ÄÌº£·Î½º½¦µµ¿ìÃ¼ÀÌ¼­_³²","15","9","1,18","1,06","0,72","22","12","-28"
"ÄÌº£·Î½º½¦µµ¿ìÃ¼ÀÌ¼­_³²","16","6","1,2","0,76","0,72","28","-18","-22"
"ÄÌº£·Î½º½¦µµ¿ìÃ¼ÀÌ¼­_³²","17","6","0,72","0,96","1,22","-28","-2","30"
"ÄÌº£·Î½º½¦µµ¿ìÃ¼ÀÌ¼­_³²","18","1","0,78","0,88","1,18","-24","-10","28"
"ÄÌº£·Î½º½¦µµ¿ìÃ¼ÀÌ¼­_³²","19","1","1,18","0,82","1,02","26","-16","8"
"ÄÌº£·Î½º½¦µµ¿ìÃ¼ÀÌ¼­_³²","20","1","0,74","1,12","0,92","-26","18","-8"
"ÄÌº£·Î½º½¦µµ¿ìÃ¼ÀÌ¼­_¿©","10","9","1,15","0,85","0,8","18","-8","-14"
"ÄÌº£·Î½º½¦µµ¿ìÃ¼ÀÌ¼­_¿©","11","9","0,82","1,02","1,2","-18","0","24"
"ÄÌº£·Î½º½¦µµ¿ìÃ¼ÀÌ¼­_¿©","12","9","0,78","1,18","0,82","-20","22","-18"
"ÄÌº£·Î½º½¦µµ¿ìÃ¼ÀÌ¼­_¿©","13","9","1,2","0,92","1,15","22","-4","18"
"ÄÌº£·Î½º½¦µµ¿ìÃ¼ÀÌ¼­_¿©","14","9","0,82","1,15","1,16","-20","18","20"
"ÄÌº£·Î½º½¦µµ¿ìÃ¼ÀÌ¼­_¿©","15","9","1,18","1,06","0,72","22","12","-28"
"ÄÌº£·Î½º½¦µµ¿ìÃ¼ÀÌ¼­_¿©","16","6","1,2","0,76","0,72","28","-18","-22"
"ÄÌº£·Î½º½¦µµ¿ìÃ¼ÀÌ¼­_¿©","17","6","0,72","0,96","1,22","-28","-2","30"
"ÄÌº£·Î½º½¦µµ¿ìÃ¼ÀÌ¼­_¿©","18","1","0,78","0,88","1,18","-24","-10","28"
"ÄÌº£·Î½º½¦µµ¿ìÃ¼ÀÌ¼­_¿©","19","1","1,18","0,82","1,02","26","-16","8"
"ÄÌº£·Î½º½¦µµ¿ìÃ¼ÀÌ¼­_¿©","20","1","0,74","1,12","0,92","-26","18","-8"
"ÄÌº£·Î½º½ºÅäÄ¿_³²","10","9","1,15","0,85","0,8","18","-8","-14"
"ÄÌº£·Î½º½ºÅäÄ¿_³²","11","9","0,82","1,02","1,2","-18","0","24"
"ÄÌº£·Î½º½ºÅäÄ¿_³²","12","9","0,78","1,18","0,82","-20","22","-18"
"ÄÌº£·Î½º½ºÅäÄ¿_³²","13","9","1,2","0,92","1,15","22","-4","18"
"ÄÌº£·Î½º½ºÅäÄ¿_³²","14","9","0,82","1,15","1,16","-20","18","20"
"ÄÌº£·Î½º½ºÅäÄ¿_³²","15","9","1,18","1,06","0,72","22","12","-28"
"ÄÌº£·Î½º½ºÅäÄ¿_³²","16","6","1,2","0,76","0,72","28","-18","-22"
"ÄÌº£·Î½º½ºÅäÄ¿_³²","17","6","0,72","0,96","1,22","-28","-2","30"
"ÄÌº£·Î½º½ºÅäÄ¿_³²","18","1","0,78","0,88","1,18","-24","-10","28"
"ÄÌº£·Î½º½ºÅäÄ¿_³²","19","1","1,18","0,82","1,02","26","-16","8"
"ÄÌº£·Î½º½ºÅäÄ¿_³²","20","1","0,74","1,12","0,92","-26","18","-8"
"ÄÌº£·Î½º½ºÅäÄ¿_¿©","10","9","1,15","0,85","0,8","18","-8","-14"
"ÄÌº£·Î½º½ºÅäÄ¿_¿©","11","9","0,82","1,02","1,2","-18","0","24"
"ÄÌº£·Î½º½ºÅäÄ¿_¿©","12","9","0,78","1,18","0,82","-20","22","-18"
"ÄÌº£·Î½º½ºÅäÄ¿_¿©","13","9","1,2","0,92","1,15","22","-4","18"
"ÄÌº£·Î½º½ºÅäÄ¿_¿©","14","9","0,82","1,15","1,16","-20","18","20"
"ÄÌº£·Î½º½ºÅäÄ¿_¿©","15","9","1,18","1,06","0,72","22","12","-28"
"ÄÌº£·Î½º½ºÅäÄ¿_¿©","16","6","1,2","0,76","0,72","28","-18","-22"
"ÄÌº£·Î½º½ºÅäÄ¿_¿©","17","6","0,72","0,96","1,22","-28","-2","30"
"ÄÌº£·Î½º½ºÅäÄ¿_¿©","18","1","0,78","0,88","1,18","-24","-10","28"
"ÄÌº£·Î½º½ºÅäÄ¿_¿©","19","1","1,18","0,82","1,02","26","-16","8"
"ÄÌº£·Î½º½ºÅäÄ¿_¿©","20","1","0,74","1,12","0,92","-26","18","-8"
"Å©¶ó¿î_³²","10","9","1,15","0,85","0,8","18","-8","-14"
"Å©¶ó¿î_³²","11","9","0,82","1,02","1,2","-18","0","24"
"Å©¶ó¿î_³²","12","9","0,78","1,18","0,82","-20","22","-18"
"Å©¶ó¿î_³²","13","9","1,2","0,92","1,15","22","-4","18"
"Å©¶ó¿î_³²","14","9","0,82","1,15","1,16","-20","18","20"
"Å©¶ó¿î_³²","15","9","1,18","1,06","0,72","22","12","-28"
"Å©¶ó¿î_³²","16","6","1,2","0,76","0,72","28","-18","-22"
"Å©¶ó¿î_³²","17","6","0,72","0,96","1,22","-28","-2","30"
"Å©¶ó¿î_³²","18","1","0,78","0,88","1,18","-24","-10","28"
"Å©¶ó¿î_³²","19","1","1,18","0,82","1,02","26","-16","8"
"Å©¶ó¿î_³²","20","1","0,74","1,12","0,92","-26","18","-8"
"Å©·ç_³²","10","9","1,15","0,85","0,8","18","-8","-14"
"Å©·ç_³²","11","9","0,82","1,02","1,2","-18","0","24"
"Å©·ç_³²","12","9","0,78","1,18","0,82","-20","22","-18"
"Å©·ç_³²","13","9","1,2","0,92","1,15","22","-4","18"
"Å©·ç_³²","14","9","0,82","1,15","1,16","-20","18","20"
"Å©·ç_³²","15","9","1,18","1,06","0,72","22","12","-28"
"Å©·ç_³²","16","6","1,2","0,76","0,72","28","-18","-22"
"Å©·ç_³²","17","6","0,72","0,96","1,22","-28","-2","30"
"Å©·ç_³²","18","1","0,78","0,88","1,18","-24","-10","28"
"Å©·ç_³²","19","1","1,18","0,82","1,02","26","-16","8"
"Å©·ç_³²","20","1","0,74","1,12","0,92","-26","18","-8"
"Å©·ç_¿©","10","9","1,15","0,85","0,8","18","-8","-14"
"Å©·ç_¿©","11","9","0,82","1,02","1,2","-18","0","24"
"Å©·ç_¿©","12","9","0,78","1,18","0,82","-20","22","-18"
"Å©·ç_¿©","13","9","1,2","0,92","1,15","22","-4","18"
"Å©·ç_¿©","14","9","0,82","1,15","1,16","-20","18","20"
"Å©·ç_¿©","15","9","1,18","1,06","0,72","22","12","-28"
"Å©·ç_¿©","16","6","1,2","0,76","0,72","28","-18","-22"
"Å©·ç_¿©","17","6","0,72","0,96","1,22","-28","-2","30"
"Å©·ç_¿©","18","1","0,78","0,88","1,18","-24","-10","28"
"Å©·ç_¿©","19","1","1,18","0,82","1,02","26","-16","8"
"Å©·ç_¿©","20","1","0,74","1,12","0,92","-26","18","-8"
"Å©¸®¿¡ÀÌÅÍ_³²","10","9","1,15","0,85","0,8","18","-8","-14"
"Å©¸®¿¡ÀÌÅÍ_³²","11","9","0,82","1,02","1,2","-18","0","24"
"Å©¸®¿¡ÀÌÅÍ_³²","12","9","0,78","1,18","0,82","-20","22","-18"
"Å©¸®¿¡ÀÌÅÍ_³²","13","9","1,2","0,92","1,15","22","-4","18"
"Å©¸®¿¡ÀÌÅÍ_³²","14","9","0,82","1,15","1,16","-20","18","20"
"Å©¸®¿¡ÀÌÅÍ_³²","15","9","1,18","1,06","0,72","22","12","-28"
"Å©¸®¿¡ÀÌÅÍ_³²","16","6","1,2","0,76","0,72","28","-18","-22"
"Å©¸®¿¡ÀÌÅÍ_³²","17","6","0,72","0,96","1,22","-28","-2","30"
"Å©¸®¿¡ÀÌÅÍ_³²","18","1","0,78","0,88","1,18","-24","-10","28"
"Å©¸®¿¡ÀÌÅÍ_³²","19","1","1,18","0,82","1,02","26","-16","8"
"Å©¸®¿¡ÀÌÅÍ_³²","20","1","0,74","1,12","0,92","-26","18","-8"
"Å©¸®¿¡ÀÌÅÍ_¿©","10","9","1,15","0,85","0,8","18","-8","-14"
"Å©¸®¿¡ÀÌÅÍ_¿©","11","9","0,82","1,02","1,2","-18","0","24"
"Å©¸®¿¡ÀÌÅÍ_¿©","12","9","0,78","1,18","0,82","-20","22","-18"
"Å©¸®¿¡ÀÌÅÍ_¿©","13","9","1,2","0,92","1,15","22","-4","18"
"Å©¸®¿¡ÀÌÅÍ_¿©","14","9","0,82","1,15","1,16","-20","18","20"
"Å©¸®¿¡ÀÌÅÍ_¿©","15","9","1,18","1,06","0,72","22","12","-28"
"Å©¸®¿¡ÀÌÅÍ_¿©","16","6","1,2","0,76","0,72","28","-18","-22"
"Å©¸®¿¡ÀÌÅÍ_¿©","17","6","0,72","0,96","1,22","-28","-2","30"
"Å©¸®¿¡ÀÌÅÍ_¿©","18","1","0,78","0,88","1,18","-24","-10","28"
"Å©¸®¿¡ÀÌÅÍ_¿©","19","1","1,18","0,82","1,02","26","-16","8"
"Å©¸®¿¡ÀÌÅÍ_¿©","20","1","0,74","1,12","0,92","-26","18","-8"
"Å©¸®¿¡ÀÌÅÍ¸äµÅÁö_³²","10","9","1,15","0,85","0,8","18","-8","-14"
"Å©¸®¿¡ÀÌÅÍ¸äµÅÁö_³²","11","9","0,82","1,02","1,2","-18","0","24"
"Å©¸®¿¡ÀÌÅÍ¸äµÅÁö_³²","12","9","0,78","1,18","0,82","-20","22","-18"
"Å©¸®¿¡ÀÌÅÍ¸äµÅÁö_³²","13","9","1,2","0,92","1,15","22","-4","18"
"Å©¸®¿¡ÀÌÅÍ¸äµÅÁö_³²","14","9","0,82","1,15","1,16","-20","18","20"
"Å©¸®¿¡ÀÌÅÍ¸äµÅÁö_³²","15","9","1,18","1,06","0,72","22","12","-28"
"Å©¸®¿¡ÀÌÅÍ¸äµÅÁö_³²","16","6","1,2","0,76","0,72","28","-18","-22"
"Å©¸®¿¡ÀÌÅÍ¸äµÅÁö_³²","17","6","0,72","0,96","1,22","-28","-2","30"
"Å©¸®¿¡ÀÌÅÍ¸äµÅÁö_³²","18","1","0,78","0,88","1,18","-24","-10","28"
"Å©¸®¿¡ÀÌÅÍ¸äµÅÁö_³²","19","1","1,18","0,82","1,02","26","-16","8"
"Å©¸®¿¡ÀÌÅÍ¸äµÅÁö_³²","20","1","0,74","1,12","0,92","-26","18","-8"
"Å©¸®¿¡ÀÌÅÍ¸äµÅÁö_¿©","10","9","1,15","0,85","0,8","18","-8","-14"
"Å©¸®¿¡ÀÌÅÍ¸äµÅÁö_¿©","11","9","0,82","1,02","1,2","-18","0","24"
"Å©¸®¿¡ÀÌÅÍ¸äµÅÁö_¿©","12","9","0,78","1,18","0,82","-20","22","-18"
"Å©¸®¿¡ÀÌÅÍ¸äµÅÁö_¿©","13","9","1,2","0,92","1,15","22","-4","18"
"Å©¸®¿¡ÀÌÅÍ¸äµÅÁö_¿©","14","9","0,82","1,15","1,16","-20","18","20"
"Å©¸®¿¡ÀÌÅÍ¸äµÅÁö_¿©","15","9","1,18","1,06","0,72","22","12","-28"
"Å©¸®¿¡ÀÌÅÍ¸äµÅÁö_¿©","16","6","1,2","0,76","0,72","28","-18","-22"
"Å©¸®¿¡ÀÌÅÍ¸äµÅÁö_¿©","17","6","0,72","0,96","1,22","-28","-2","30"
"Å©¸®¿¡ÀÌÅÍ¸äµÅÁö_¿©","18","1","0,78","0,88","1,18","-24","-10","28"
"Å©¸®¿¡ÀÌÅÍ¸äµÅÁö_¿©","19","1","1,18","0,82","1,02","26","-16","8"
"Å©¸®¿¡ÀÌÅÍ¸äµÅÁö_¿©","20","1","0,74","1,12","0,92","-26","18","-8"
"Å¸Á¶±Ã¼ö_³²","10","9","1,15","0,85","0,8","18","-8","-14"
"Å¸Á¶±Ã¼ö_³²","11","9","0,82","1,02","1,2","-18","0","24"
"Å¸Á¶±Ã¼ö_³²","12","9","0,78","1,18","0,82","-20","22","-18"
"Å¸Á¶±Ã¼ö_³²","13","9","1,2","0,92","1,15","22","-4","18"
"Å¸Á¶±Ã¼ö_³²","14","9","0,82","1,15","1,16","-20","18","20"
"Å¸Á¶±Ã¼ö_³²","15","9","1,18","1,06","0,72","22","12","-28"
"Å¸Á¶±Ã¼ö_³²","16","6","1,2","0,76","0,72","28","-18","-22"
"Å¸Á¶±Ã¼ö_³²","17","6","0,72","0,96","1,22","-28","-2","30"
"Å¸Á¶±Ã¼ö_³²","18","1","0,78","0,88","1,18","-24","-10","28"
"Å¸Á¶±Ã¼ö_³²","19","1","1,18","0,82","1,02","26","-16","8"
"Å¸Á¶±Ã¼ö_³²","20","1","0,74","1,12","0,92","-26","18","-8"
"Å¸Á¶±Ã¼ö_¿©","10","9","1,15","0,85","0,8","18","-8","-14"
"Å¸Á¶±Ã¼ö_¿©","11","9","0,82","1,02","1,2","-18","0","24"
"Å¸Á¶±Ã¼ö_¿©","12","9","0,78","1,18","0,82","-20","22","-18"
"Å¸Á¶±Ã¼ö_¿©","13","9","1,2","0,92","1,15","22","-4","18"
"Å¸Á¶±Ã¼ö_¿©","14","9","0,82","1,15","1,16","-20","18","20"
"Å¸Á¶±Ã¼ö_¿©","15","9","1,18","1,06","0,72","22","12","-28"
"Å¸Á¶±Ã¼ö_¿©","16","6","1,2","0,76","0,72","28","-18","-22"
"Å¸Á¶±Ã¼ö_¿©","17","6","0,72","0,96","1,22","-28","-2","30"
"Å¸Á¶±Ã¼ö_¿©","18","1","0,78","0,88","1,18","-24","-10","28"
"Å¸Á¶±Ã¼ö_¿©","19","1","1,18","0,82","1,02","26","-16","8"
"Å¸Á¶±Ã¼ö_¿©","20","1","0,74","1,12","0,92","-26","18","-8"
"Å¸Á¶·¹ÀÎÁ®_³²","10","9","1,15","0,85","0,8","18","-8","-14"
"Å¸Á¶·¹ÀÎÁ®_³²","11","9","0,82","1,02","1,2","-18","0","24"
"Å¸Á¶·¹ÀÎÁ®_³²","12","9","0,78","1,18","0,82","-20","22","-18"
"Å¸Á¶·¹ÀÎÁ®_³²","13","9","1,2","0,92","1,15","22","-4","18"
"Å¸Á¶·¹ÀÎÁ®_³²","14","9","0,82","1,15","1,16","-20","18","20"
"Å¸Á¶·¹ÀÎÁ®_³²","15","9","1,18","1,06","0,72","22","12","-28"
"Å¸Á¶·¹ÀÎÁ®_³²","16","6","1,2","0,76","0,72","28","-18","-22"
"Å¸Á¶·¹ÀÎÁ®_³²","17","6","0,72","0,96","1,22","-28","-2","30"
"Å¸Á¶·¹ÀÎÁ®_³²","18","1","0,78","0,88","1,18","-24","-10","28"
"Å¸Á¶·¹ÀÎÁ®_³²","19","1","1,18","0,82","1,02","26","-16","8"
"Å¸Á¶·¹ÀÎÁ®_³²","20","1","0,74","1,12","0,92","-26","18","-8"
"Å¸Á¶·¹ÀÎÁ®_¿©","10","9","1,15","0,85","0,8","18","-8","-14"
"Å¸Á¶·¹ÀÎÁ®_¿©","11","9","0,82","1,02","1,2","-18","0","24"
"Å¸Á¶·¹ÀÎÁ®_¿©","12","9","0,78","1,18","0,82","-20","22","-18"
"Å¸Á¶·¹ÀÎÁ®_¿©","13","9","1,2","0,92","1,15","22","-4","18"
"Å¸Á¶·¹ÀÎÁ®_¿©","14","9","0,82","1,15","1,16","-20","18","20"
"Å¸Á¶·¹ÀÎÁ®_¿©","15","9","1,18","1,06","0,72","22","12","-28"
"Å¸Á¶·¹ÀÎÁ®_¿©","16","6","1,2","0,76","0,72","28","-18","-22"
"Å¸Á¶·¹ÀÎÁ®_¿©","17","6","0,72","0,96","1,22","-28","-2","30"
"Å¸Á¶·¹ÀÎÁ®_¿©","18","1","0,78","0,88","1,18","-24","-10","28"
"Å¸Á¶·¹ÀÎÁ®_¿©","19","1","1,18","0,82","1,02","26","-16","8"
"Å¸Á¶·¹ÀÎÁ®_¿©","20","1","0,74","1,12","0,92","-26","18","-8"
"Å¸Á¶¹«Èñ_³²","10","9","1,15","0,85","0,8","18","-8","-14"
"Å¸Á¶¹«Èñ_³²","11","9","0,82","1,02","1,2","-18","0","24"
"Å¸Á¶¹«Èñ_³²","12","9","0,78","1,18","0,82","-20","22","-18"
"Å¸Á¶¹«Èñ_³²","13","9","1,2","0,92","1,15","22","-4","18"
"Å¸Á¶¹«Èñ_³²","14","9","0,82","1,15","1,16","-20","18","20"
"Å¸Á¶¹«Èñ_³²","15","9","1,18","1,06","0,72","22","12","-28"
"Å¸Á¶¹«Èñ_³²","16","6","1,2","0,76","0,72","28","-18","-22"
"Å¸Á¶¹«Èñ_³²","17","6","0,72","0,96","1,22","-28","-2","30"
"Å¸Á¶¹«Èñ_³²","18","1","0,78","0,88","1,18","-24","-10","28"
"Å¸Á¶¹«Èñ_³²","19","1","1,18","0,82","1,02","26","-16","8"
"Å¸Á¶¹«Èñ_³²","20","1","0,74","1,12","0,92","-26","18","-8"
"Å¸Á¶¹«Èñ_¿©","10","9","1,15","0,85","0,8","18","-8","-14"
"Å¸Á¶¹«Èñ_¿©","11","9","0,82","1,02","1,2","-18","0","24"
"Å¸Á¶¹«Èñ_¿©","12","9","0,78","1,18","0,82","-20","22","-18"
"Å¸Á¶¹«Èñ_¿©","13","9","1,2","0,92","1,15","22","-4","18"
"Å¸Á¶¹«Èñ_¿©","14","9","0,82","1,15","1,16","-20","18","20"
"Å¸Á¶¹«Èñ_¿©","15","9","1,18","1,06","0,72","22","12","-28"
"Å¸Á¶¹«Èñ_¿©","16","6","1,2","0,76","0,72","28","-18","-22"
"Å¸Á¶¹«Èñ_¿©","17","6","0,72","0,96","1,22","-28","-2","30"
"Å¸Á¶¹«Èñ_¿©","18","1","0,78","0,88","1,18","-24","-10","28"
"Å¸Á¶¹«Èñ_¿©","19","1","1,18","0,82","1,02","26","-16","8"
"Å¸Á¶¹«Èñ_¿©","20","1","0,74","1,12","0,92","-26","18","-8"
"Å¸Á¶¹Î½ºÆ®·²_³²","10","9","1,15","0,85","0,8","18","-8","-14"
"Å¸Á¶¹Î½ºÆ®·²_³²","11","9","0,82","1,02","1,2","-18","0","24"
"Å¸Á¶¹Î½ºÆ®·²_³²","12","9","0,78","1,18","0,82","-20","22","-18"
"Å¸Á¶¹Î½ºÆ®·²_³²","13","9","1,2","0,92","1,15","22","-4","18"
"Å¸Á¶¹Î½ºÆ®·²_³²","14","9","0,82","1,15","1,16","-20","18","20"
"Å¸Á¶¹Î½ºÆ®·²_³²","15","9","1,18","1,06","0,72","22","12","-28"
"Å¸Á¶¹Î½ºÆ®·²_³²","16","6","1,2","0,76","0,72","28","-18","-22"
"Å¸Á¶¹Î½ºÆ®·²_³²","17","6","0,72","0,96","1,22","-28","-2","30"
"Å¸Á¶¹Î½ºÆ®·²_³²","18","1","0,78","0,88","1,18","-24","-10","28"
"Å¸Á¶¹Î½ºÆ®·²_³²","19","1","1,18","0,82","1,02","26","-16","8"
"Å¸Á¶¹Î½ºÆ®·²_³²","20","1","0,74","1,12","0,92","-26","18","-8"
"Å¸Á¶¹Ùµå_³²","10","9","1,15","0,85","0,8","18","-8","-14"
"Å¸Á¶¹Ùµå_³²","11","9","0,82","1,02","1,2","-18","0","24"
"Å¸Á¶¹Ùµå_³²","12","9","0,78","1,18","0,82","-20","22","-18"
"Å¸Á¶¹Ùµå_³²","13","9","1,2","0,92","1,15","22","-4","18"
"Å¸Á¶¹Ùµå_³²","14","9","0,82","1,15","1,16","-20","18","20"
"Å¸Á¶¹Ùµå_³²","15","9","1,18","1,06","0,72","22","12","-28"
"Å¸Á¶¹Ùµå_³²","16","6","1,2","0,76","0,72","28","-18","-22"
"Å¸Á¶¹Ùµå_³²","17","6","0,72","0,96","1,22","-28","-2","30"
"Å¸Á¶¹Ùµå_³²","18","1","0,78","0,88","1,18","-24","-10","28"
"Å¸Á¶¹Ùµå_³²","19","1","1,18","0,82","1,02","26","-16","8"
"Å¸Á¶¹Ùµå_³²","20","1","0,74","1,12","0,92","-26","18","-8"
"Å¸Á¶¹Ùµå_¿©","10","9","1,15","0,85","0,8","18","-8","-14"
"Å¸Á¶¹Ùµå_¿©","11","9","0,82","1,02","1,2","-18","0","24"
"Å¸Á¶¹Ùµå_¿©","12","9","0,78","1,18","0,82","-20","22","-18"
"Å¸Á¶¹Ùµå_¿©","13","9","1,2","0,92","1,15","22","-4","18"
"Å¸Á¶¹Ùµå_¿©","14","9","0,82","1,15","1,16","-20","18","20"
"Å¸Á¶¹Ùµå_¿©","15","9","1,18","1,06","0,72","22","12","-28"
"Å¸Á¶¹Ùµå_¿©","16","6","1,2","0,76","0,72","28","-18","-22"
"Å¸Á¶¹Ùµå_¿©","17","6","0,72","0,96","1,22","-28","-2","30"
"Å¸Á¶¹Ùµå_¿©","18","1","0,78","0,88","1,18","-24","-10","28"
"Å¸Á¶¹Ùµå_¿©","19","1","1,18","0,82","1,02","26","-16","8"
"Å¸Á¶¹Ùµå_¿©","20","1","0,74","1,12","0,92","-26","18","-8"
"Å¸Á¶½º³ªÀÌÆÛ_³²","10","9","1,15","0,85","0,8","18","-8","-14"
"Å¸Á¶½º³ªÀÌÆÛ_³²","11","9","0,82","1,02","1,2","-18","0","24"
"Å¸Á¶½º³ªÀÌÆÛ_³²","12","9","0,78","1,18","0,82","-20","22","-18"
"Å¸Á¶½º³ªÀÌÆÛ_³²","13","9","1,2","0,92","1,15","22","-4","18"
"Å¸Á¶½º³ªÀÌÆÛ_³²","14","9","0,82","1,15","1,16","-20","18","20"
"Å¸Á¶½º³ªÀÌÆÛ_³²","15","9","1,18","1,06","0,72","22","12","-28"
"Å¸Á¶½º³ªÀÌÆÛ_³²","16","6","1,2","0,76","0,72","28","-18","-22"
"Å¸Á¶½º³ªÀÌÆÛ_³²","17","6","0,72","0,96","1,22","-28","-2","30"
"Å¸Á¶½º³ªÀÌÆÛ_³²","18","1","0,78","0,88","1,18","-24","-10","28"
"Å¸Á¶½º³ªÀÌÆÛ_³²","19","1","1,18","0,82","1,02","26","-16","8"
"Å¸Á¶½º³ªÀÌÆÛ_³²","20","1","0,74","1,12","0,92","-26","18","-8"
"Å¸Á¶½º³ªÀÌÆÛ_¿©","10","9","1,15","0,85","0,8","18","-8","-14"
"Å¸Á¶½º³ªÀÌÆÛ_¿©","11","9","0,82","1,02","1,2","-18","0","24"
"Å¸Á¶½º³ªÀÌÆÛ_¿©","12","9","0,78","1,18","0,82","-20","22","-18"
"Å¸Á¶½º³ªÀÌÆÛ_¿©","13","9","1,2","0,92","1,15","22","-4","18"
"Å¸Á¶½º³ªÀÌÆÛ_¿©","14","9","0,82","1,15","1,16","-20","18","20"
"Å¸Á¶½º³ªÀÌÆÛ_¿©","15","9","1,18","1,06","0,72","22","12","-28"
"Å¸Á¶½º³ªÀÌÆÛ_¿©","16","6","1,2","0,76","0,72","28","-18","-22"
"Å¸Á¶½º³ªÀÌÆÛ_¿©","17","6","0,72","0,96","1,22","-28","-2","30"
"Å¸Á¶½º³ªÀÌÆÛ_¿©","18","1","0,78","0,88","1,18","-24","-10","28"
"Å¸Á¶½º³ªÀÌÆÛ_¿©","19","1","1,18","0,82","1,02","26","-16","8"
"Å¸Á¶½º³ªÀÌÆÛ_¿©","20","1","0,74","1,12","0,92","-26","18","-8"
"Å¸Á¶¿ø´õ·¯_¿©","10","9","1,15","0,85","0,8","18","-8","-14"
"Å¸Á¶¿ø´õ·¯_¿©","11","9","0,82","1,02","1,2","-18","0","24"
"Å¸Á¶¿ø´õ·¯_¿©","12","9","0,78","1,18","0,82","-20","22","-18"
"Å¸Á¶¿ø´õ·¯_¿©","13","9","1,2","0,92","1,15","22","-4","18"
"Å¸Á¶¿ø´õ·¯_¿©","14","9","0,82","1,15","1,16","-20","18","20"
"Å¸Á¶¿ø´õ·¯_¿©","15","9","1,18","1,06","0,72","22","12","-28"
"Å¸Á¶¿ø´õ·¯_¿©","16","6","1,2","0,76","0,72","28","-18","-22"
"Å¸Á¶¿ø´õ·¯_¿©","17","6","0,72","0,96","1,22","-28","-2","30"
"Å¸Á¶¿ø´õ·¯_¿©","18","1","0,78","0,88","1,18","-24","-10","28"
"Å¸Á¶¿ø´õ·¯_¿©","19","1","1,18","0,82","1,02","26","-16","8"
"Å¸Á¶¿ø´õ·¯_¿©","20","1","0,74","1,12","0,92","-26","18","-8"
"Å¸Á¶Å©¶ó¿î_³²","10","9","1,15","0,85","0,8","18","-8","-14"
"Å¸Á¶Å©¶ó¿î_³²","11","9","0,82","1,02","1,2","-18","0","24"
"Å¸Á¶Å©¶ó¿î_³²","12","9","0,78","1,18","0,82","-20","22","-18"
"Å¸Á¶Å©¶ó¿î_³²","13","9","1,2","0,92","1,15","22","-4","18"
"Å¸Á¶Å©¶ó¿î_³²","14","9","0,82","1,15","1,16","-20","18","20"
"Å¸Á¶Å©¶ó¿î_³²","15","9","1,18","1,06","0,72","22","12","-28"
"Å¸Á¶Å©¶ó¿î_³²","16","6","1,2","0,76","0,72","28","-18","-22"
"Å¸Á¶Å©¶ó¿î_³²","17","6","0,72","0,96","1,22","-28","-2","30"
"Å¸Á¶Å©¶ó¿î_³²","18","1","0,78","0,88","1,18","-24","-10","28"
"Å¸Á¶Å©¶ó¿î_³²","19","1","1,18","0,82","1,02","26","-16","8"
"Å¸Á¶Å©¶ó¿î_³²","20","1","0,74","1,12","0,92","-26","18","-8"
"Å¸Á¶ÇåÅÍ_³²","10","9","1,15","0,85","0,8","18","-8","-14"
"Å¸Á¶ÇåÅÍ_³²","11","9","0,82","1,02","1,2","-18","0","24"
"Å¸Á¶ÇåÅÍ_³²","12","9","0,78","1,18","0,82","-20","22","-18"
"Å¸Á¶ÇåÅÍ_³²","13","9","1,2","0,92","1,15","22","-4","18"
"Å¸Á¶ÇåÅÍ_³²","14","9","0,82","1,15","1,16","-20","18","20"
"Å¸Á¶ÇåÅÍ_³²","15","9","1,18","1,06","0,72","22","12","-28"
"Å¸Á¶ÇåÅÍ_³²","16","6","1,2","0,76","0,72","28","-18","-22"
"Å¸Á¶ÇåÅÍ_³²","17","6","0,72","0,96","1,22","-28","-2","30"
"Å¸Á¶ÇåÅÍ_³²","18","1","0,78","0,88","1,18","-24","-10","28"
"Å¸Á¶ÇåÅÍ_³²","19","1","1,18","0,82","1,02","26","-16","8"
"Å¸Á¶ÇåÅÍ_³²","20","1","0,74","1,12","0,92","-26","18","-8"
"Å¸Á¶ÇåÅÍ_¿©","10","9","1,15","0,85","0,8","18","-8","-14"
"Å¸Á¶ÇåÅÍ_¿©","11","9","0,82","1,02","1,2","-18","0","24"
"Å¸Á¶ÇåÅÍ_¿©","12","9","0,78","1,18","0,82","-20","22","-18"
"Å¸Á¶ÇåÅÍ_¿©","13","9","1,2","0,92","1,15","22","-4","18"
"Å¸Á¶ÇåÅÍ_¿©","14","9","0,82","1,15","1,16","-20","18","20"
"Å¸Á¶ÇåÅÍ_¿©","15","9","1,18","1,06","0,72","22","12","-28"
"Å¸Á¶ÇåÅÍ_¿©","16","6","1,2","0,76","0,72","28","-18","-22"
"Å¸Á¶ÇåÅÍ_¿©","17","6","0,72","0,96","1,22","-28","-2","30"
"Å¸Á¶ÇåÅÍ_¿©","18","1","0,78","0,88","1,18","-24","-10","28"
"Å¸Á¶ÇåÅÍ_¿©","19","1","1,18","0,82","1,02","26","-16","8"
"Å¸Á¶ÇåÅÍ_¿©","20","1","0,74","1,12","0,92","-26","18","-8"
"ÅÂ±Ç¼Ò³â_³²","10","9","1,15","0,85","0,8","18","-8","-14"
"ÅÂ±Ç¼Ò³â_³²","11","9","0,82","1,02","1,2","-18","0","24"
"ÅÂ±Ç¼Ò³â_³²","12","9","0,78","1,18","0,82","-20","22","-18"
"ÅÂ±Ç¼Ò³â_³²","13","9","1,2","0,92","1,15","22","-4","18"
"ÅÂ±Ç¼Ò³â_³²","14","9","0,82","1,15","1,16","-20","18","20"
"ÅÂ±Ç¼Ò³â_³²","15","9","1,18","1,06","0,72","22","12","-28"
"ÅÂ±Ç¼Ò³â_³²","16","6","1,2","0,76","0,72","28","-18","-22"
"ÅÂ±Ç¼Ò³â_³²","17","6","0,72","0,96","1,22","-28","-2","30"
"ÅÂ±Ç¼Ò³â_³²","18","1","0,78","0,88","1,18","-24","-10","28"
"ÅÂ±Ç¼Ò³â_³²","19","1","1,18","0,82","1,02","26","-16","8"
"ÅÂ±Ç¼Ò³â_³²","20","1","0,74","1,12","0,92","-26","18","-8"
"ÅÂ±Ç¼Ò³â_¿©","10","9","1,15","0,85","0,8","18","-8","-14"
"ÅÂ±Ç¼Ò³â_¿©","11","9","0,82","1,02","1,2","-18","0","24"
"ÅÂ±Ç¼Ò³â_¿©","12","9","0,78","1,18","0,82","-20","22","-18"
"ÅÂ±Ç¼Ò³â_¿©","13","9","1,2","0,92","1,15","22","-4","18"
"ÅÂ±Ç¼Ò³â_¿©","14","9","0,82","1,15","1,16","-20","18","20"
"ÅÂ±Ç¼Ò³â_¿©","15","9","1,18","1,06","0,72","22","12","-28"
"ÅÂ±Ç¼Ò³â_¿©","16","6","1,2","0,76","0,72","28","-18","-22"
"ÅÂ±Ç¼Ò³â_¿©","17","6","0,72","0,96","1,22","-28","-2","30"
"ÅÂ±Ç¼Ò³â_¿©","18","1","0,78","0,88","1,18","-24","-10","28"
"ÅÂ±Ç¼Ò³â_¿©","19","1","1,18","0,82","1,02","26","-16","8"
"ÅÂ±Ç¼Ò³â_¿©","20","1","0,74","1,12","0,92","-26","18","-8"
"ÅÂ±Ç¼Ò³âÆ÷¸µ_³²","10","9","1,15","0,85","0,8","18","-8","-14"
"ÅÂ±Ç¼Ò³âÆ÷¸µ_³²","11","9","0,82","1,02","1,2","-18","0","24"
"ÅÂ±Ç¼Ò³âÆ÷¸µ_³²","12","9","0,78","1,18","0,82","-20","22","-18"
"ÅÂ±Ç¼Ò³âÆ÷¸µ_³²","13","9","1,2","0,92","1,15","22","-4","18"
"ÅÂ±Ç¼Ò³âÆ÷¸µ_³²","14","9","0,82","1,15","1,16","-20","18","20"
"ÅÂ±Ç¼Ò³âÆ÷¸µ_³²","15","9","1,18","1,06","0,72","22","12","-28"
"ÅÂ±Ç¼Ò³âÆ÷¸µ_³²","16","6","1,2","0,76","0,72","28","-18","-22"
"ÅÂ±Ç¼Ò³âÆ÷¸µ_³²","17","6","0,72","0,96","1,22","-28","-2","30"
"ÅÂ±Ç¼Ò³âÆ÷¸µ_³²","18","1","0,78","0,88","1,18","-24","-10","28"
"ÅÂ±Ç¼Ò³âÆ÷¸µ_³²","19","1","1,18","0,82","1,02","26","-16","8"
"ÅÂ±Ç¼Ò³âÆ÷¸µ_³²","20","1","0,74","1,12","0,92","-26","18","-8"
"ÅÂ±Ç¼Ò³âÆ÷¸µ_¿©","10","9","1,15","0,85","0,8","18","-8","-14"
"ÅÂ±Ç¼Ò³âÆ÷¸µ_¿©","11","9","0,82","1,02","1,2","-18","0","24"
"ÅÂ±Ç¼Ò³âÆ÷¸µ_¿©","12","9","0,78","1,18","0,82","-20","22","-18"
"ÅÂ±Ç¼Ò³âÆ÷¸µ_¿©","13","9","1,2","0,92","1,15","22","-4","18"
"ÅÂ±Ç¼Ò³âÆ÷¸µ_¿©","14","9","0,82","1,15","1,16","-20","18","20"
"ÅÂ±Ç¼Ò³âÆ÷¸µ_¿©","15","9","1,18","1,06","0,72","22","12","-28"
"ÅÂ±Ç¼Ò³âÆ÷¸µ_¿©","16","6","1,2","0,76","0,72","28","-18","-22"
"ÅÂ±Ç¼Ò³âÆ÷¸µ_¿©","17","6","0,72","0,96","1,22","-28","-2","30"
"ÅÂ±Ç¼Ò³âÆ÷¸µ_¿©","18","1","0,78","0,88","1,18","-24","-10","28"
"ÅÂ±Ç¼Ò³âÆ÷¸µ_¿©","19","1","1,18","0,82","1,02","26","-16","8"
"ÅÂ±Ç¼Ò³âÆ÷¸µ_¿©","20","1","0,74","1,12","0,92","-26","18","-8"
"ÆäÄÚ°Ç³Ê_³²","10","9","1,15","0,85","0,8","18","-8","-14"
"ÆäÄÚ°Ç³Ê_³²","11","9","0,82","1,02","1,2","-18","0","24"
"ÆäÄÚ°Ç³Ê_³²","12","9","0,78","1,18","0,82","-20","22","-18"
"ÆäÄÚ°Ç³Ê_³²","13","9","1,2","0,92","1,15","22","-4","18"
"ÆäÄÚ°Ç³Ê_³²","14","9","0,82","1,15","1,16","-20","18","20"
"ÆäÄÚ°Ç³Ê_³²","15","9","1,18","1,06","0,72","22","12","-28"
"ÆäÄÚ°Ç³Ê_³²","16","6","1,2","0,76","0,72","28","-18","-22"
"ÆäÄÚ°Ç³Ê_³²","17","6","0,72","0,96","1,22","-28","-2","30"
"ÆäÄÚ°Ç³Ê_³²","18","1","0,78","0,88","1,18","-24","-10","28"
"ÆäÄÚ°Ç³Ê_³²","19","1","1,18","0,82","1,02","26","-16","8"
"ÆäÄÚ°Ç³Ê_³²","20","1","0,74","1,12","0,92","-26","18","-8"
"ÆäÄÚ°Ç³Ê_¿©","10","9","1,15","0,85","0,8","18","-8","-14"
"ÆäÄÚ°Ç³Ê_¿©","11","9","0,82","1,02","1,2","-18","0","24"
"ÆäÄÚ°Ç³Ê_¿©","12","9","0,78","1,18","0,82","-20","22","-18"
"ÆäÄÚ°Ç³Ê_¿©","13","9","1,2","0,92","1,15","22","-4","18"
"ÆäÄÚ°Ç³Ê_¿©","14","9","0,82","1,15","1,16","-20","18","20"
"ÆäÄÚ°Ç³Ê_¿©","15","9","1,18","1,06","0,72","22","12","-28"
"ÆäÄÚ°Ç³Ê_¿©","16","6","1,2","0,76","0,72","28","-18","-22"
"ÆäÄÚ°Ç³Ê_¿©","17","6","0,72","0,96","1,22","-28","-2","30"
"ÆäÄÚ°Ç³Ê_¿©","18","1","0,78","0,88","1,18","-24","-10","28"
"ÆäÄÚ°Ç³Ê_¿©","19","1","1,18","0,82","1,02","26","-16","8"
"ÆäÄÚ°Ç³Ê_¿©","20","1","0,74","1,12","0,92","-26","18","-8"
"ÆäÄÚ°Ë»ç_³²","10","9","1,15","0,85","0,8","18","-8","-14"
"ÆäÄÚ°Ë»ç_³²","11","9","0,82","1,02","1,2","-18","0","24"
"ÆäÄÚ°Ë»ç_³²","12","9","0,78","1,18","0,82","-20","22","-18"
"ÆäÄÚ°Ë»ç_³²","13","9","1,2","0,92","1,15","22","-4","18"
"ÆäÄÚ°Ë»ç_³²","14","9","0,82","1,15","1,16","-20","18","20"
"ÆäÄÚ°Ë»ç_³²","15","9","1,18","1,06","0,72","22","12","-28"
"ÆäÄÚ°Ë»ç_³²","16","6","1,2","0,76","0,72","28","-18","-22"
"ÆäÄÚ°Ë»ç_³²","17","6","0,72","0,96","1,22","-28","-2","30"
"ÆäÄÚ°Ë»ç_³²","18","1","0,78","0,88","1,18","-24","-10","28"
"ÆäÄÚ°Ë»ç_³²","19","1","1,18","0,82","1,02","26","-16","8"
"ÆäÄÚ°Ë»ç_³²","20","1","0,74","1,12","0,92","-26","18","-8"
"ÆäÄÚ°Ë»ç_¿©","10","9","1,15","0,85","0,8","18","-8","-14"
"ÆäÄÚ°Ë»ç_¿©","11","9","0,82","1,02","1,2","-18","0","24"
"ÆäÄÚ°Ë»ç_¿©","12","9","0,78","1,18","0,82","-20","22","-18"
"ÆäÄÚ°Ë»ç_¿©","13","9","1,2","0,92","1,15","22","-4","18"
"ÆäÄÚ°Ë»ç_¿©","14","9","0,82","1,15","1,16","-20","18","20"
"ÆäÄÚ°Ë»ç_¿©","15","9","1,18","1,06","0,72","22","12","-28"
"ÆäÄÚ°Ë»ç_¿©","16","6","1,2","0,76","0,72","28","-18","-22"
"ÆäÄÚ°Ë»ç_¿©","17","6","0,72","0,96","1,22","-28","-2","30"
"ÆäÄÚ°Ë»ç_¿©","18","1","0,78","0,88","1,18","-24","-10","28"
"ÆäÄÚ°Ë»ç_¿©","19","1","1,18","0,82","1,02","26","-16","8"
"ÆäÄÚ°Ë»ç_¿©","20","1","0,74","1,12","0,92","-26","18","-8"
"ÆäÄÚ·Î³ª_³²","10","9","1,15","0,85","0,8","18","-8","-14"
"ÆäÄÚ·Î³ª_³²","11","9","0,82","1,02","1,2","-18","0","24"
"ÆäÄÚ·Î³ª_³²","12","9","0,78","1,18","0,82","-20","22","-18"
"ÆäÄÚ·Î³ª_³²","13","9","1,2","0,92","1,15","22","-4","18"
"ÆäÄÚ·Î³ª_³²","14","9","0,82","1,15","1,16","-20","18","20"
"ÆäÄÚ·Î³ª_³²","15","9","1,18","1,06","0,72","22","12","-28"
"ÆäÄÚ·Î³ª_³²","16","6","1,2","0,76","0,72","28","-18","-22"
"ÆäÄÚ·Î³ª_³²","17","6","0,72","0,96","1,22","-28","-2","30"
"ÆäÄÚ·Î³ª_³²","18","1","0,78","0,88","1,18","-24","-10","28"
"ÆäÄÚ·Î³ª_³²","19","1","1,18","0,82","1,02","26","-16","8"
"ÆäÄÚ·Î³ª_³²","20","1","0,74","1,12","0,92","-26","18","-8"
"ÆäÄÚ·Î³ª_¿©","10","9","1,15","0,85","0,8","18","-8","-14"
"ÆäÄÚ·Î³ª_¿©","11","9","0,82","1,02","1,2","-18","0","24"
"ÆäÄÚ·Î³ª_¿©","12","9","0,78","1,18","0,82","-20","22","-18"
"ÆäÄÚ·Î³ª_¿©","13","9","1,2","0,92","1,15","22","-4","18"
"ÆäÄÚ·Î³ª_¿©","14","9","0,82","1,15","1,16","-20","18","20"
"ÆäÄÚ·Î³ª_¿©","15","9","1,18","1,06","0,72","22","12","-28"
"ÆäÄÚ·Î³ª_¿©","16","6","1,2","0,76","0,72","28","-18","-22"
"ÆäÄÚ·Î³ª_¿©","17","6","0,72","0,96","1,22","-28","-2","30"
"ÆäÄÚ·Î³ª_¿©","18","1","0,78","0,88","1,18","-24","-10","28"
"ÆäÄÚ·Î³ª_¿©","19","1","1,18","0,82","1,02","26","-16","8"
"ÆäÄÚ·Î³ª_¿©","20","1","0,74","1,12","0,92","-26","18","-8"
"ÆäÄÚÆäÄÚ_±â»ç_³²","10","9","1,15","0,85","0,8","18","-8","-14"
"ÆäÄÚÆäÄÚ_±â»ç_³²","11","9","0,82","1,02","1,2","-18","0","24"
"ÆäÄÚÆäÄÚ_±â»ç_³²","12","9","0,78","1,18","0,82","-20","22","-18"
"ÆäÄÚÆäÄÚ_±â»ç_³²","13","9","1,2","0,92","1,15","22","-4","18"
"ÆäÄÚÆäÄÚ_±â»ç_³²","14","9","0,82","1,15","1,16","-20","18","20"
"ÆäÄÚÆäÄÚ_±â»ç_³²","15","9","1,18","1,06","0,72","22","12","-28"
"ÆäÄÚÆäÄÚ_±â»ç_³²","16","6","1,2","0,76","0,72","28","-18","-22"
"ÆäÄÚÆäÄÚ_±â»ç_³²","17","6","0,72","0,96","1,22","-28","-2","30"
"ÆäÄÚÆäÄÚ_±â»ç_³²","18","1","0,78","0,88","1,18","-24","-10","28"
"ÆäÄÚÆäÄÚ_±â»ç_³²","19","1","1,18","0,82","1,02","26","-16","8"
"ÆäÄÚÆäÄÚ_±â»ç_³²","20","1","0,74","1,12","0,92","-26","18","-8"
"ÆäÄÚÆäÄÚ_±â»ç_¿©","10","9","1,15","0,85","0,8","18","-8","-14"
"ÆäÄÚÆäÄÚ_±â»ç_¿©","11","9","0,82","1,02","1,2","-18","0","24"
"ÆäÄÚÆäÄÚ_±â»ç_¿©","12","9","0,78","1,18","0,82","-20","22","-18"
"ÆäÄÚÆäÄÚ_±â»ç_¿©","13","9","1,2","0,92","1,15","22","-4","18"
"ÆäÄÚÆäÄÚ_±â»ç_¿©","14","9","0,82","1,15","1,16","-20","18","20"
"ÆäÄÚÆäÄÚ_±â»ç_¿©","15","9","1,18","1,06","0,72","22","12","-28"
"ÆäÄÚÆäÄÚ_±â»ç_¿©","16","6","1,2","0,76","0,72","28","-18","-22"
"ÆäÄÚÆäÄÚ_±â»ç_¿©","17","6","0,72","0,96","1,22","-28","-2","30"
"ÆäÄÚÆäÄÚ_±â»ç_¿©","18","1","0,78","0,88","1,18","-24","-10","28"
"ÆäÄÚÆäÄÚ_±â»ç_¿©","19","1","1,18","0,82","1,02","26","-16","8"
"ÆäÄÚÆäÄÚ_±â»ç_¿©","20","1","0,74","1,12","0,92","-26","18","-8"
"ÆäÄÚÆäÄÚ_Å©·ç_³²","10","9","1,15","0,85","0,8","18","-8","-14"
"ÆäÄÚÆäÄÚ_Å©·ç_³²","11","9","0,82","1,02","1,2","-18","0","24"
"ÆäÄÚÆäÄÚ_Å©·ç_³²","12","9","0,78","1,18","0,82","-20","22","-18"
"ÆäÄÚÆäÄÚ_Å©·ç_³²","13","9","1,2","0,92","1,15","22","-4","18"
"ÆäÄÚÆäÄÚ_Å©·ç_³²","14","9","0,82","1,15","1,16","-20","18","20"
"ÆäÄÚÆäÄÚ_Å©·ç_³²","15","9","1,18","1,06","0,72","22","12","-28"
"ÆäÄÚÆäÄÚ_Å©·ç_³²","16","6","1,2","0,76","0,72","28","-18","-22"
"ÆäÄÚÆäÄÚ_Å©·ç_³²","17","6","0,72","0,96","1,22","-28","-2","30"
"ÆäÄÚÆäÄÚ_Å©·ç_³²","18","1","0,78","0,88","1,18","-24","-10","28"
"ÆäÄÚÆäÄÚ_Å©·ç_³²","19","1","1,18","0,82","1,02","26","-16","8"
"ÆäÄÚÆäÄÚ_Å©·ç_³²","20","1","0,74","1,12","0,92","-26","18","-8"
"ÆäÄÚÆäÄÚ_Å©·ç_¿©","10","9","1,15","0,85","0,8","18","-8","-14"
"ÆäÄÚÆäÄÚ_Å©·ç_¿©","11","9","0,82","1,02","1,2","-18","0","24"
"ÆäÄÚÆäÄÚ_Å©·ç_¿©","12","9","0,78","1,18","0,82","-20","22","-18"
"ÆäÄÚÆäÄÚ_Å©·ç_¿©","13","9","1,2","0,92","1,15","22","-4","18"
"ÆäÄÚÆäÄÚ_Å©·ç_¿©","14","9","0,82","1,15","1,16","-20","18","20"
"ÆäÄÚÆäÄÚ_Å©·ç_¿©","15","9","1,18","1,06","0,72","22","12","-28"
"ÆäÄÚÆäÄÚ_Å©·ç_¿©","16","6","1,2","0,76","0,72","28","-18","-22"
"ÆäÄÚÆäÄÚ_Å©·ç_¿©","17","6","0,72","0,96","1,22","-28","-2","30"
"ÆäÄÚÆäÄÚ_Å©·ç_¿©","18","1","0,78","0,88","1,18","-24","-10","28"
"ÆäÄÚÆäÄÚ_Å©·ç_¿©","19","1","1,18","0,82","1,02","26","-16","8"
"ÆäÄÚÆäÄÚ_Å©·ç_¿©","20","1","0,74","1,12","0,92","-26","18","-8"
"ÆäÄÚÆÈ¶ó_³²","10","9","1,15","0,85","0,8","18","-8","-14"
"ÆäÄÚÆÈ¶ó_³²","11","9","0,82","1,02","1,2","-18","0","24"
"ÆäÄÚÆÈ¶ó_³²","12","9","0,78","1,18","0,82","-20","22","-18"
"ÆäÄÚÆÈ¶ó_³²","13","9","1,2","0,92","1,15","22","-4","18"
"ÆäÄÚÆÈ¶ó_³²","14","9","0,82","1,15","1,16","-20","18","20"
"ÆäÄÚÆÈ¶ó_³²","15","9","1,18","1,06","0,72","22","12","-28"
"ÆäÄÚÆÈ¶ó_³²","16","6","1,2","0,76","0,72","28","-18","-22"
"ÆäÄÚÆÈ¶ó_³²","17","6","0,72","0,96","1,22","-28","-2","30"
"ÆäÄÚÆÈ¶ó_³²","18","1","0,78","0,88","1,18","-24","-10","28"
"ÆäÄÚÆÈ¶ó_³²","19","1","1,18","0,82","1,02","26","-16","8"
"ÆäÄÚÆÈ¶ó_³²","20","1","0,74","1,12","0,92","-26","18","-8"
"ÆäÄÚÆÈ¶ó_¿©","10","9","1,15","0,85","0,8","18","-8","-14"
"ÆäÄÚÆÈ¶ó_¿©","11","9","0,82","1,02","1,2","-18","0","24"
"ÆäÄÚÆÈ¶ó_¿©","12","9","0,78","1,18","0,82","-20","22","-18"
"ÆäÄÚÆÈ¶ó_¿©","13","9","1,2","0,92","1,15","22","-4","18"
"ÆäÄÚÆÈ¶ó_¿©","14","9","0,82","1,15","1,16","-20","18","20"
"ÆäÄÚÆÈ¶ó_¿©","15","9","1,18","1,06","0,72","22","12","-28"
"ÆäÄÚÆÈ¶ó_¿©","16","6","1,2","0,76","0,72","28","-18","-22"
"ÆäÄÚÆÈ¶ó_¿©","17","6","0,72","0,96","1,22","-28","-2","30"
"ÆäÄÚÆÈ¶ó_¿©","18","1","0,78","0,88","1,18","-24","-10","28"
"ÆäÄÚÆÈ¶ó_¿©","19","1","1,18","0,82","1,02","26","-16","8"
"ÆäÄÚÆÈ¶ó_¿©","20","1","0,74","1,12","0,92","-26","18","-8"
"ÆäÄÚÆÈ¶óµò_³²","10","9","1,15","0,85","0,8","18","-8","-14"
"ÆäÄÚÆÈ¶óµò_³²","11","9","0,82","1,02","1,2","-18","0","24"
"ÆäÄÚÆÈ¶óµò_³²","12","9","0,78","1,18","0,82","-20","22","-18"
"ÆäÄÚÆÈ¶óµò_³²","13","9","1,2","0,92","1,15","22","-4","18"
"ÆäÄÚÆÈ¶óµò_³²","14","9","0,82","1,15","1,16","-20","18","20"
"ÆäÄÚÆÈ¶óµò_³²","15","9","1,18","1,06","0,72","22","12","-28"
"ÆäÄÚÆÈ¶óµò_³²","16","6","1,2","0,76","0,72","28","-18","-22"
"ÆäÄÚÆÈ¶óµò_³²","17","6","0,72","0,96","1,22","-28","-2","30"
"ÆäÄÚÆÈ¶óµò_³²","18","1","0,78","0,88","1,18","-24","-10","28"
"ÆäÄÚÆÈ¶óµò_³²","19","1","1,18","0,82","1,02","26","-16","8"
"ÆäÄÚÆÈ¶óµò_³²","20","1","0,74","1,12","0,92","-26","18","-8"
"ÆäÄÚÆÈ¶óµò_¿©","10","9","1,15","0,85","0,8","18","-8","-14"
"ÆäÄÚÆÈ¶óµò_¿©","11","9","0,82","1,02","1,2","-18","0","24"
"ÆäÄÚÆÈ¶óµò_¿©","12","9","0,78","1,18","0,82","-20","22","-18"
"ÆäÄÚÆÈ¶óµò_¿©","13","9","1,2","0,92","1,15","22","-4","18"
"ÆäÄÚÆÈ¶óµò_¿©","14","9","0,82","1,15","1,16","-20","18","20"
"ÆäÄÚÆÈ¶óµò_¿©","15","9","1,18","1,06","0,72","22","12","-28"
"ÆäÄÚÆÈ¶óµò_¿©","16","6","1,2","0,76","0,72","28","-18","-22"
"ÆäÄÚÆÈ¶óµò_¿©","17","6","0,72","0,96","1,22","-28","-2","30"
"ÆäÄÚÆÈ¶óµò_¿©","18","1","0,78","0,88","1,18","-24","-10","28"
"ÆäÄÚÆÈ¶óµò_¿©","19","1","1,18","0,82","1,02","26","-16","8"
"ÆäÄÚÆÈ¶óµò_¿©","20","1","0,74","1,12","0,92","-26","18","-8"
"ÆÈ¶óµò_³²","10","9","1,15","0,85","0,8","18","-8","-14"
"ÆÈ¶óµò_³²","11","9","0,82","1,02","1,2","-18","0","24"
"ÆÈ¶óµò_³²","12","9","0,78","1,18","0,82","-20","22","-18"
"ÆÈ¶óµò_³²","13","9","1,2","0,92","1,15","22","-4","18"
"ÆÈ¶óµò_³²","14","9","0,82","1,15","1,16","-20","18","20"
"ÆÈ¶óµò_³²","15","9","1,18","1,06","0,72","22","12","-28"
"ÆÈ¶óµò_³²","16","6","1,2","0,76","0,72","28","-18","-22"
"ÆÈ¶óµò_³²","17","6","0,72","0,96","1,22","-28","-2","30"
"ÆÈ¶óµò_³²","18","1","0,78","0,88","1,18","-24","-10","28"
"ÆÈ¶óµò_³²","19","1","1,18","0,82","1,02","26","-16","8"
"ÆÈ¶óµò_³²","20","1","0,74","1,12","0,92","-26","18","-8"
"ÆÈ¶óµò_¿©","10","9","1,15","0,85","0,8","18","-8","-14"
"ÆÈ¶óµò_¿©","11","9","0,82","1,02","1,2","-18","0","24"
"ÆÈ¶óµò_¿©","12","9","0,78","1,18","0,82","-20","22","-18"
"ÆÈ¶óµò_¿©","13","9","1,2","0,92","1,15","22","-4","18"
"ÆÈ¶óµò_¿©","14","9","0,82","1,15","1,16","-20","18","20"
"ÆÈ¶óµò_¿©","15","9","1,18","1,06","0,72","22","12","-28"
"ÆÈ¶óµò_¿©","16","6","1,2","0,76","0,72","28","-18","-22"
"ÆÈ¶óµò_¿©","17","6","0,72","0,96","1,22","-28","-2","30"
"ÆÈ¶óµò_¿©","18","1","0,78","0,88","1,18","-24","-10","28"
"ÆÈ¶óµò_¿©","19","1","1,18","0,82","1,02","26","-16","8"
"ÆÈ¶óµò_¿©","20","1","0,74","1,12","0,92","-26","18","-8"
"ÇÁ·ÎÆä¼­_³²","10","9","1,15","0,85","0,8","18","-8","-14"
"ÇÁ·ÎÆä¼­_³²","11","9","0,82","1,02","1,2","-18","0","24"
"ÇÁ·ÎÆä¼­_³²","12","9","0,78","1,18","0,82","-20","22","-18"
"ÇÁ·ÎÆä¼­_³²","13","9","1,2","0,92","1,15","22","-4","18"
"ÇÁ·ÎÆä¼­_³²","14","9","0,82","1,15","1,16","-20","18","20"
"ÇÁ·ÎÆä¼­_³²","15","9","1,18","1,06","0,72","22","12","-28"
"ÇÁ·ÎÆä¼­_³²","16","6","1,2","0,76","0,72","28","-18","-22"
"ÇÁ·ÎÆä¼­_³²","17","6","0,72","0,96","1,22","-28","-2","30"
"ÇÁ·ÎÆä¼­_³²","18","1","0,78","0,88","1,18","-24","-10","28"
"ÇÁ·ÎÆä¼­_³²","19","1","1,18","0,82","1,02","26","-16","8"
"ÇÁ·ÎÆä¼­_³²","20","1","0,74","1,12","0,92","-26","18","-8"
"ÇÁ·ÎÆä¼­_¿©","10","9","1,15","0,85","0,8","18","-8","-14"
"ÇÁ·ÎÆä¼­_¿©","11","9","0,82","1,02","1,2","-18","0","24"
"ÇÁ·ÎÆä¼­_¿©","12","9","0,78","1,18","0,82","-20","22","-18"
"ÇÁ·ÎÆä¼­_¿©","13","9","1,2","0,92","1,15","22","-4","18"
"ÇÁ·ÎÆä¼­_¿©","14","9","0,82","1,15","1,16","-20","18","20"
"ÇÁ·ÎÆä¼­_¿©","15","9","1,18","1,06","0,72","22","12","-28"
"ÇÁ·ÎÆä¼­_¿©","16","6","1,2","0,76","0,72","28","-18","-22"
"ÇÁ·ÎÆä¼­_¿©","17","6","0,72","0,96","1,22","-28","-2","30"
"ÇÁ·ÎÆä¼­_¿©","18","1","0,78","0,88","1,18","-24","-10","28"
"ÇÁ·ÎÆä¼­_¿©","19","1","1,18","0,82","1,02","26","-16","8"
"ÇÁ·ÎÆä¼­_¿©","20","1","0,74","1,12","0,92","-26","18","-8"
"ÇÁ¸®½ºÆ®_³²","10","9","1,15","0,85","0,8","18","-8","-14"
"ÇÁ¸®½ºÆ®_³²","11","9","0,82","1,02","1,2","-18","0","24"
"ÇÁ¸®½ºÆ®_³²","12","9","0,78","1,18","0,82","-20","22","-18"
"ÇÁ¸®½ºÆ®_³²","13","9","1,2","0,92","1,15","22","-4","18"
"ÇÁ¸®½ºÆ®_³²","14","9","0,82","1,15","1,16","-20","18","20"
"ÇÁ¸®½ºÆ®_³²","15","9","1,18","1,06","0,72","22","12","-28"
"ÇÁ¸®½ºÆ®_³²","16","6","1,2","0,76","0,72","28","-18","-22"
"ÇÁ¸®½ºÆ®_³²","17","6","0,72","0,96","1,22","-28","-2","30"
"ÇÁ¸®½ºÆ®_³²","18","1","0,78","0,88","1,18","-24","-10","28"
"ÇÁ¸®½ºÆ®_³²","19","1","1,18","0,82","1,02","26","-16","8"
"ÇÁ¸®½ºÆ®_³²","20","1","0,74","1,12","0,92","-26","18","-8"
"ÇÁ¸®½ºÆ®_¿©","10","9","1,15","0,85","0,8","18","-8","-14"
"ÇÁ¸®½ºÆ®_¿©","11","9","0,82","1,02","1,2","-18","0","24"
"ÇÁ¸®½ºÆ®_¿©","12","9","0,78","1,18","0,82","-20","22","-18"
"ÇÁ¸®½ºÆ®_¿©","13","9","1,2","0,92","1,15","22","-4","18"
"ÇÁ¸®½ºÆ®_¿©","14","9","0,82","1,15","1,16","-20","18","20"
"ÇÁ¸®½ºÆ®_¿©","15","9","1,18","1,06","0,72","22","12","-28"
"ÇÁ¸®½ºÆ®_¿©","16","6","1,2","0,76","0,72","28","-18","-22"
"ÇÁ¸®½ºÆ®_¿©","17","6","0,72","0,96","1,22","-28","-2","30"
"ÇÁ¸®½ºÆ®_¿©","18","1","0,78","0,88","1,18","-24","-10","28"
"ÇÁ¸®½ºÆ®_¿©","19","1","1,18","0,82","1,02","26","-16","8"
"ÇÁ¸®½ºÆ®_¿©","20","1","0,74","1,12","0,92","-26","18","-8"
"ÇÁ¸®½ºÆ®¾ËÆÄÄ«_³²","10","9","1,15","0,85","0,8","18","-8","-14"
"ÇÁ¸®½ºÆ®¾ËÆÄÄ«_³²","11","9","0,82","1,02","1,2","-18","0","24"
"ÇÁ¸®½ºÆ®¾ËÆÄÄ«_³²","12","9","0,78","1,18","0,82","-20","22","-18"
"ÇÁ¸®½ºÆ®¾ËÆÄÄ«_³²","13","9","1,2","0,92","1,15","22","-4","18"
"ÇÁ¸®½ºÆ®¾ËÆÄÄ«_³²","14","9","0,82","1,15","1,16","-20","18","20"
"ÇÁ¸®½ºÆ®¾ËÆÄÄ«_³²","15","9","1,18","1,06","0,72","22","12","-28"
"ÇÁ¸®½ºÆ®¾ËÆÄÄ«_³²","16","6","1,2","0,76","0,72","28","-18","-22"
"ÇÁ¸®½ºÆ®¾ËÆÄÄ«_³²","17","6","0,72","0,96","1,22","-28","-2","30"
"ÇÁ¸®½ºÆ®¾ËÆÄÄ«_³²","18","1","0,78","0,88","1,18","-24","-10","28"
"ÇÁ¸®½ºÆ®¾ËÆÄÄ«_³²","19","1","1,18","0,82","1,02","26","-16","8"
"ÇÁ¸®½ºÆ®¾ËÆÄÄ«_³²","20","1","0,74","1,12","0,92","-26","18","-8"
"ÇÁ¸®½ºÆ®¾ËÆÄÄ«_¿©","10","9","1,15","0,85","0,8","18","-8","-14"
"ÇÁ¸®½ºÆ®¾ËÆÄÄ«_¿©","11","9","0,82","1,02","1,2","-18","0","24"
"ÇÁ¸®½ºÆ®¾ËÆÄÄ«_¿©","12","9","0,78","1,18","0,82","-20","22","-18"
"ÇÁ¸®½ºÆ®¾ËÆÄÄ«_¿©","13","9","1,2","0,92","1,15","22","-4","18"
"ÇÁ¸®½ºÆ®¾ËÆÄÄ«_¿©","14","9","0,82","1,15","1,16","-20","18","20"
"ÇÁ¸®½ºÆ®¾ËÆÄÄ«_¿©","15","9","1,18","1,06","0,72","22","12","-28"
"ÇÁ¸®½ºÆ®¾ËÆÄÄ«_¿©","16","6","1,2","0,76","0,72","28","-18","-22"
"ÇÁ¸®½ºÆ®¾ËÆÄÄ«_¿©","17","6","0,72","0,96","1,22","-28","-2","30"
"ÇÁ¸®½ºÆ®¾ËÆÄÄ«_¿©","18","1","0,78","0,88","1,18","-24","-10","28"
"ÇÁ¸®½ºÆ®¾ËÆÄÄ«_¿©","19","1","1,18","0,82","1,02","26","-16","8"
"ÇÁ¸®½ºÆ®¾ËÆÄÄ«_¿©","20","1","0,74","1,12","0,92","-26","18","-8"
"ÇåÅÍ_³²","10","9","1,15","0,85","0,8","18","-8","-14"
"ÇåÅÍ_³²","11","9","0,82","1,02","1,2","-18","0","24"
"ÇåÅÍ_³²","12","9","0,78","1,18","0,82","-20","22","-18"
"ÇåÅÍ_³²","13","9","1,2","0,92","1,15","22","-4","18"
"ÇåÅÍ_³²","14","9","0,82","1,15","1,16","-20","18","20"
"ÇåÅÍ_³²","15","9","1,18","1,06","0,72","22","12","-28"
"ÇåÅÍ_³²","16","6","1,2","0,76","0,72","28","-18","-22"
"ÇåÅÍ_³²","17","6","0,72","0,96","1,22","-28","-2","30"
"ÇåÅÍ_³²","18","1","0,78","0,88","1,18","-24","-10","28"
"ÇåÅÍ_³²","19","1","1,18","0,82","1,02","26","-16","8"
"ÇåÅÍ_³²","20","1","0,74","1,12","0,92","-26","18","-8"
"ÇåÅÍ_¿©","10","9","1,15","0,85","0,8","18","-8","-14"
"ÇåÅÍ_¿©","11","9","0,82","1,02","1,2","-18","0","24"
"ÇåÅÍ_¿©","12","9","0,78","1,18","0,82","-20","22","-18"
"ÇåÅÍ_¿©","13","9","1,2","0,92","1,15","22","-4","18"
"ÇåÅÍ_¿©","14","9","0,82","1,15","1,16","-20","18","20"
"ÇåÅÍ_¿©","15","9","1,18","1,06","0,72","22","12","-28"
"ÇåÅÍ_¿©","16","6","1,2","0,76","0,72","28","-18","-22"
"ÇåÅÍ_¿©","17","6","0,72","0,96","1,22","-28","-2","30"
"ÇåÅÍ_¿©","18","1","0,78","0,88","1,18","-24","-10","28"
"ÇåÅÍ_¿©","19","1","1,18","0,82","1,02","26","-16","8"
"ÇåÅÍ_¿©","20","1","0,74","1,12","0,92","-26","18","-8"
"ÇÏÀÌÀ§Àúµå_³²","10","9","1,15","0,85","0,8","18","-8","-14"
"ÇÏÀÌÀ§Àúµå_³²","11","9","0,82","1,02","1,2","-18","0","24"
"ÇÏÀÌÀ§Àúµå_³²","12","9","0,78","1,18","0,82","-20","22","-18"
"ÇÏÀÌÀ§Àúµå_³²","13","9","1,2","0,92","1,15","22","-4","18"
"ÇÏÀÌÀ§Àúµå_³²","14","9","0,82","1,15","1,16","-20","18","20"
"ÇÏÀÌÀ§Àúµå_³²","15","9","1,18","1,06","0,72","22","12","-28"
"ÇÏÀÌÀ§Àúµå_³²","16","6","1,2","0,76","0,72","28","-18","-22"
"ÇÏÀÌÀ§Àúµå_³²","17","6","0,72","0,96","1,22","-28","-2","30"
"ÇÏÀÌÀ§Àúµå_³²","18","1","0,78","0,88","1,18","-24","-10","28"
"ÇÏÀÌÀ§Àúµå_³²","19","1","1,18","0,82","1,02","26","-16","8"
"ÇÏÀÌÀ§Àúµå_³²","20","1","0,74","1,12","0,92","-26","18","-8"
"ÇÏÀÌÀ§Àúµå_¿©","10","9","1,15","0,85","0,8","18","-8","-14"
"ÇÏÀÌÀ§Àúµå_¿©","11","9","0,82","1,02","1,2","-18","0","24"
"ÇÏÀÌÀ§Àúµå_¿©","12","9","0,78","1,18","0,82","-20","22","-18"
"ÇÏÀÌÀ§Àúµå_¿©","13","9","1,2","0,92","1,15","22","-4","18"
"ÇÏÀÌÀ§Àúµå_¿©","14","9","0,82","1,15","1,16","-20","18","20"
"ÇÏÀÌÀ§Àúµå_¿©","15","9","1,18","1,06","0,72","22","12","-28"
"ÇÏÀÌÀ§Àúµå_¿©","16","6","1,2","0,76","0,72","28","-18","-22"
"ÇÏÀÌÀ§Àúµå_¿©","17","6","0,72","0,96","1,22","-28","-2","30"
"ÇÏÀÌÀ§Àúµå_¿©","18","1","0,78","0,88","1,18","-24","-10","28"
"ÇÏÀÌÀ§Àúµå_¿©","19","1","1,18","0,82","1,02","26","-16","8"
"ÇÏÀÌÀ§Àúµå_¿©","20","1","0,74","1,12","0,92","-26","18","-8"
"ÇÏÀÌÇÁ¸®½ºÆ®_³²","10","9","1,15","0,85","0,8","18","-8","-14"
"ÇÏÀÌÇÁ¸®½ºÆ®_³²","11","9","0,82","1,02","1,2","-18","0","24"
"ÇÏÀÌÇÁ¸®½ºÆ®_³²","12","9","0,78","1,18","0,82","-20","22","-18"
"ÇÏÀÌÇÁ¸®½ºÆ®_³²","13","9","1,2","0,92","1,15","22","-4","18"
"ÇÏÀÌÇÁ¸®½ºÆ®_³²","14","9","0,82","1,15","1,16","-20","18","20"
"ÇÏÀÌÇÁ¸®½ºÆ®_³²","15","9","1,18","1,06","0,72","22","12","-28"
"ÇÏÀÌÇÁ¸®½ºÆ®_³²","16","6","1,2","0,76","0,72","28","-18","-22"
"ÇÏÀÌÇÁ¸®½ºÆ®_³²","17","6","0,72","0,96","1,22","-28","-2","30"
"ÇÏÀÌÇÁ¸®½ºÆ®_³²","18","1","0,78","0,88","1,18","-24","-10","28"
"ÇÏÀÌÇÁ¸®½ºÆ®_³²","19","1","1,18","0,82","1,02","26","-16","8"
"ÇÏÀÌÇÁ¸®½ºÆ®_³²","20","1","0,74","1,12","0,92","-26","18","-8"
"ÇÏÀÌÇÁ¸®½ºÆ®_¿©","10","9","1,15","0,85","0,8","18","-8","-14"
"ÇÏÀÌÇÁ¸®½ºÆ®_¿©","11","9","0,82","1,02","1,2","-18","0","24"
"ÇÏÀÌÇÁ¸®½ºÆ®_¿©","12","9","0,78","1,18","0,82","-20","22","-18"
"ÇÏÀÌÇÁ¸®½ºÆ®_¿©","13","9","1,2","0,92","1,15","22","-4","18"
"ÇÏÀÌÇÁ¸®½ºÆ®_¿©","14","9","0,82","1,15","1,16","-20","18","20"
"ÇÏÀÌÇÁ¸®½ºÆ®_¿©","15","9","1,18","1,06","0,72","22","12","-28"
"ÇÏÀÌÇÁ¸®½ºÆ®_¿©","16","6","1,2","0,76","0,72","28","-18","-22"
"ÇÏÀÌÇÁ¸®½ºÆ®_¿©","17","6","0,72","0,96","1,22","-28","-2","30"
"ÇÏÀÌÇÁ¸®½ºÆ®_¿©","18","1","0,78","0,88","1,18","-24","-10","28"
"ÇÏÀÌÇÁ¸®½ºÆ®_¿©","19","1","1,18","0,82","1,02","26","-16","8"
"ÇÏÀÌÇÁ¸®½ºÆ®_¿©","20","1","0,74","1,12","0,92","-26","18","-8"
"ÇÏÀÌÇÁ¸®½ºÆ®¾ËÆÄÄ«_³²","10","9","1,15","0,85","0,8","18","-8","-14"
"ÇÏÀÌÇÁ¸®½ºÆ®¾ËÆÄÄ«_³²","11","9","0,82","1,02","1,2","-18","0","24"
"ÇÏÀÌÇÁ¸®½ºÆ®¾ËÆÄÄ«_³²","12","9","0,78","1,18","0,82","-20","22","-18"
"ÇÏÀÌÇÁ¸®½ºÆ®¾ËÆÄÄ«_³²","13","9","1,2","0,92","1,15","22","-4","18"
"ÇÏÀÌÇÁ¸®½ºÆ®¾ËÆÄÄ«_³²","14","9","0,82","1,15","1,16","-20","18","20"
"ÇÏÀÌÇÁ¸®½ºÆ®¾ËÆÄÄ«_³²","15","9","1,18","1,06","0,72","22","12","-28"
"ÇÏÀÌÇÁ¸®½ºÆ®¾ËÆÄÄ«_³²","16","6","1,2","0,76","0,72","28","-18","-22"
"ÇÏÀÌÇÁ¸®½ºÆ®¾ËÆÄÄ«_³²","17","6","0,72","0,96","1,22","-28","-2","30"
"ÇÏÀÌÇÁ¸®½ºÆ®¾ËÆÄÄ«_³²","18","1","0,78","0,88","1,18","-24","-10","28"
"ÇÏÀÌÇÁ¸®½ºÆ®¾ËÆÄÄ«_³²","19","1","1,18","0,82","1,02","26","-16","8"
"ÇÏÀÌÇÁ¸®½ºÆ®¾ËÆÄÄ«_³²","20","1","0,74","1,12","0,92","-26","18","-8"
"ÇÏÀÌÇÁ¸®½ºÆ®¾ËÆÄÄ«_¿©","10","9","1,15","0,85","0,8","18","-8","-14"
"ÇÏÀÌÇÁ¸®½ºÆ®¾ËÆÄÄ«_¿©","11","9","0,82","1,02","1,2","-18","0","24"
"ÇÏÀÌÇÁ¸®½ºÆ®¾ËÆÄÄ«_¿©","12","9","0,78","1,18","0,82","-20","22","-18"
"ÇÏÀÌÇÁ¸®½ºÆ®¾ËÆÄÄ«_¿©","13","9","1,2","0,92","1,15","22","-4","18"
"ÇÏÀÌÇÁ¸®½ºÆ®¾ËÆÄÄ«_¿©","14","9","0,82","1,15","1,16","-20","18","20"
"ÇÏÀÌÇÁ¸®½ºÆ®¾ËÆÄÄ«_¿©","15","9","1,18","1,06","0,72","22","12","-28"
"ÇÏÀÌÇÁ¸®½ºÆ®¾ËÆÄÄ«_¿©","16","6","1,2","0,76","0,72","28","-18","-22"
"ÇÏÀÌÇÁ¸®½ºÆ®¾ËÆÄÄ«_¿©","17","6","0,72","0,96","1,22","-28","-2","30"
"ÇÏÀÌÇÁ¸®½ºÆ®¾ËÆÄÄ«_¿©","18","1","0,78","0,88","1,18","-24","-10","28"
"ÇÏÀÌÇÁ¸®½ºÆ®¾ËÆÄÄ«_¿©","19","1","1,18","0,82","1,02","26","-16","8"
"ÇÏÀÌÇÁ¸®½ºÆ®¾ËÆÄÄ«_¿©","20","1","0,74","1,12","0,92","-26","18","-8"
"ÇØÅÂ¼ºÁ¦_³²","10","9","1,15","0,85","0,8","18","-8","-14"
"ÇØÅÂ¼ºÁ¦_³²","11","9","0,82","1,02","1,2","-18","0","24"
"ÇØÅÂ¼ºÁ¦_³²","12","9","0,78","1,18","0,82","-20","22","-18"
"ÇØÅÂ¼ºÁ¦_³²","13","9","1,2","0,92","1,15","22","-4","18"
"ÇØÅÂ¼ºÁ¦_³²","14","9","0,82","1,15","1,16","-20","18","20"
"ÇØÅÂ¼ºÁ¦_³²","15","9","1,18","1,06","0,72","22","12","-28"
"ÇØÅÂ¼ºÁ¦_³²","16","6","1,2","0,76","0,72","28","-18","-22"
"ÇØÅÂ¼ºÁ¦_³²","17","6","0,72","0,96","1,22","-28","-2","30"
"ÇØÅÂ¼ºÁ¦_³²","18","1","0,78","0,88","1,18","-24","-10","28"
"ÇØÅÂ¼ºÁ¦_³²","19","1","1,18","0,82","1,02","26","-16","8"
"ÇØÅÂ¼ºÁ¦_³²","20","1","0,74","1,12","0,92","-26","18","-8"
"ÇØÅÂ¼ºÁ¦_¿©","10","9","1,15","0,85","0,8","18","-8","-14"
"ÇØÅÂ¼ºÁ¦_¿©","11","9","0,82","1,02","1,2","-18","0","24"
"ÇØÅÂ¼ºÁ¦_¿©","12","9","0,78","1,18","0,82","-20","22","-18"
"ÇØÅÂ¼ºÁ¦_¿©","13","9","1,2","0,92","1,15","22","-4","18"
"ÇØÅÂ¼ºÁ¦_¿©","14","9","0,82","1,15","1,16","-20","18","20"
"ÇØÅÂ¼ºÁ¦_¿©","15","9","1,18","1,06","0,72","22","12","-28"
"ÇØÅÂ¼ºÁ¦_¿©","16","6","1,2","0,76","0,72","28","-18","-22"
"ÇØÅÂ¼ºÁ¦_¿©","17","6","0,72","0,96","1,22","-28","-2","30"
"ÇØÅÂ¼ºÁ¦_¿©","18","1","0,78","0,88","1,18","-24","-10","28"
"ÇØÅÂ¼ºÁ¦_¿©","19","1","1,18","0,82","1,02","26","-16","8"
"ÇØÅÂ¼ºÁ¦_¿©","20","1","0,74","1,12","0,92","-26","18","-8"
"ÇØÅÂ¼Ò¿ï¸®ÆÛ_²","10","9","1,15","0,85","0,8","18","-8","-14"
"ÇØÅÂ¼Ò¿ï¸®ÆÛ_²","11","9","0,82","1,02","1,2","-18","0","24"
"ÇØÅÂ¼Ò¿ï¸®ÆÛ_²","12","9","0,78","1,18","0,82","-20","22","-18"
"ÇØÅÂ¼Ò¿ï¸®ÆÛ_²","13","9","1,2","0,92","1,15","22","-4","18"
"ÇØÅÂ¼Ò¿ï¸®ÆÛ_²","14","9","0,82","1,15","1,16","-20","18","20"
"ÇØÅÂ¼Ò¿ï¸®ÆÛ_²","15","9","1,18","1,06","0,72","22","12","-28"
"ÇØÅÂ¼Ò¿ï¸®ÆÛ_²","16","6","1,2","0,76","0,72","28","-18","-22"
"ÇØÅÂ¼Ò¿ï¸®ÆÛ_²","17","6","0,72","0,96","1,22","-28","-2","30"
"ÇØÅÂ¼Ò¿ï¸®ÆÛ_²","18","1","0,78","0,88","1,18","-24","-10","28"
"ÇØÅÂ¼Ò¿ï¸®ÆÛ_²","19","1","1,18","0,82","1,02","26","-16","8"
"ÇØÅÂ¼Ò¿ï¸®ÆÛ_²","20","1","0,74","1,12","0,92","-26","18","-8"
"ÇØÅÂ¼Ò¿ï¸®ÆÛ_³²","10","9","1,15","0,85","0,8","18","-8","-14"
"ÇØÅÂ¼Ò¿ï¸®ÆÛ_³²","11","9","0,82","1,02","1,2","-18","0","24"
"ÇØÅÂ¼Ò¿ï¸®ÆÛ_³²","12","9","0,78","1,18","0,82","-20","22","-18"
"ÇØÅÂ¼Ò¿ï¸®ÆÛ_³²","13","9","1,2","0,92","1,15","22","-4","18"
"ÇØÅÂ¼Ò¿ï¸®ÆÛ_³²","14","9","0,82","1,15","1,16","-20","18","20"
"ÇØÅÂ¼Ò¿ï¸®ÆÛ_³²","15","9","1,18","1,06","0,72","22","12","-28"
"ÇØÅÂ¼Ò¿ï¸®ÆÛ_³²","16","6","1,2","0,76","0,72","28","-18","-22"
"ÇØÅÂ¼Ò¿ï¸®ÆÛ_³²","17","6","0,72","0,96","1,22","-28","-2","30"
"ÇØÅÂ¼Ò¿ï¸®ÆÛ_³²","18","1","0,78","0,88","1,18","-24","-10","28"
"ÇØÅÂ¼Ò¿ï¸®ÆÛ_³²","19","1","1,18","0,82","1,02","26","-16","8"
"ÇØÅÂ¼Ò¿ï¸®ÆÛ_³²","20","1","0,74","1,12","0,92","-26","18","-8"
"ÇØÅÂ¼Ò¿ï¸®ÆÛ_¿©","10","9","1,15","0,85","0,8","18","-8","-14"
"ÇØÅÂ¼Ò¿ï¸®ÆÛ_¿©","11","9","0,82","1,02","1,2","-18","0","24"
"ÇØÅÂ¼Ò¿ï¸®ÆÛ_¿©","12","9","0,78","1,18","0,82","-20","22","-18"
"ÇØÅÂ¼Ò¿ï¸®ÆÛ_¿©","13","9","1,2","0,92","1,15","22","-4","18"
"ÇØÅÂ¼Ò¿ï¸®ÆÛ_¿©","14","9","0,82","1,15","1,16","-20","18","20"
"ÇØÅÂ¼Ò¿ï¸®ÆÛ_¿©","15","9","1,18","1,06","0,72","22","12","-28"
"ÇØÅÂ¼Ò¿ï¸®ÆÛ_¿©","16","6","1,2","0,76","0,72","28","-18","-22"
"ÇØÅÂ¼Ò¿ï¸®ÆÛ_¿©","17","6","0,72","0,96","1,22","-28","-2","30"
"ÇØÅÂ¼Ò¿ï¸®ÆÛ_¿©","18","1","0,78","0,88","1,18","-24","-10","28"
"ÇØÅÂ¼Ò¿ï¸®ÆÛ_¿©","19","1","1,18","0,82","1,02","26","-16","8"
"ÇØÅÂ¼Ò¿ï¸®ÆÛ_¿©","20","1","0,74","1,12","0,92","-26","18","-8"
"È­ÀÌÆ®½º¹Ì½º_³²","10","9","1,15","0,85","0,8","18","-8","-14"
"È­ÀÌÆ®½º¹Ì½º_³²","11","9","0,82","1,02","1,2","-18","0","24"
"È­ÀÌÆ®½º¹Ì½º_³²","12","9","0,78","1,18","0,82","-20","22","-18"
"È­ÀÌÆ®½º¹Ì½º_³²","13","9","1,2","0,92","1,15","22","-4","18"
"È­ÀÌÆ®½º¹Ì½º_³²","14","9","0,82","1,15","1,16","-20","18","20"
"È­ÀÌÆ®½º¹Ì½º_³²","15","9","1,18","1,06","0,72","22","12","-28"
"È­ÀÌÆ®½º¹Ì½º_³²","16","6","1,2","0,76","0,72","28","-18","-22"
"È­ÀÌÆ®½º¹Ì½º_³²","17","6","0,72","0,96","1,22","-28","-2","30"
"È­ÀÌÆ®½º¹Ì½º_³²","18","1","0,78","0,88","1,18","-24","-10","28"
"È­ÀÌÆ®½º¹Ì½º_³²","19","1","1,18","0,82","1,02","26","-16","8"
"È­ÀÌÆ®½º¹Ì½º_³²","20","1","0,74","1,12","0,92","-26","18","-8"
"È­ÀÌÆ®½º¹Ì½º_¿©","10","9","1,15","0,85","0,8","18","-8","-14"
"È­ÀÌÆ®½º¹Ì½º_¿©","11","9","0,82","1,02","1,2","-18","0","24"
"È­ÀÌÆ®½º¹Ì½º_¿©","12","9","0,78","1,18","0,82","-20","22","-18"
"È­ÀÌÆ®½º¹Ì½º_¿©","13","9","1,2","0,92","1,15","22","-4","18"
"È­ÀÌÆ®½º¹Ì½º_¿©","14","9","0,82","1,15","1,16","-20","18","20"
"È­ÀÌÆ®½º¹Ì½º_¿©","15","9","1,18","1,06","0,72","22","12","-28"
"È­ÀÌÆ®½º¹Ì½º_¿©","16","6","1,2","0,76","0,72","28","-18","-22"
"È­ÀÌÆ®½º¹Ì½º_¿©","17","6","0,72","0,96","1,22","-28","-2","30"
"È­ÀÌÆ®½º¹Ì½º_¿©","18","1","0,78","0,88","1,18","-24","-10","28"
"È­ÀÌÆ®½º¹Ì½º_¿©","19","1","1,18","0,82","1,02","26","-16","8"
"È­ÀÌÆ®½º¹Ì½º_¿©","20","1","0,74","1,12","0,92","-26","18","-8"
"È­ÀÌÆ®½º¹Ì½º¸äµÅÁö_³²","10","9","1,15","0,85","0,8","18","-8","-14"
"È­ÀÌÆ®½º¹Ì½º¸äµÅÁö_³²","11","9","0,82","1,02","1,2","-18","0","24"
"È­ÀÌÆ®½º¹Ì½º¸äµÅÁö_³²","12","9","0,78","1,18","0,82","-20","22","-18"
"È­ÀÌÆ®½º¹Ì½º¸äµÅÁö_³²","13","9","1,2","0,92","1,15","22","-4","18"
"È­ÀÌÆ®½º¹Ì½º¸äµÅÁö_³²","14","9","0,82","1,15","1,16","-20","18","20"
"È­ÀÌÆ®½º¹Ì½º¸äµÅÁö_³²","15","9","1,18","1,06","0,72","22","12","-28"
"È­ÀÌÆ®½º¹Ì½º¸äµÅÁö_³²","16","6","1,2","0,76","0,72","28","-18","-22"
"È­ÀÌÆ®½º¹Ì½º¸äµÅÁö_³²","17","6","0,72","0,96","1,22","-28","-2","30"
"È­ÀÌÆ®½º¹Ì½º¸äµÅÁö_³²","18","1","0,78","0,88","1,18","-24","-10","28"
"È­ÀÌÆ®½º¹Ì½º¸äµÅÁö_³²","19","1","1,18","0,82","1,02","26","-16","8"
"È­ÀÌÆ®½º¹Ì½º¸äµÅÁö_³²","20","1","0,74","1,12","0,92","-26","18","-8"
"È­ÀÌÆ®½º¹Ì½º¸äµÅÁö_¿©","10","9","1,15","0,85","0,8","18","-8","-14"
"È­ÀÌÆ®½º¹Ì½º¸äµÅÁö_¿©","11","9","0,82","1,02","1,2","-18","0","24"
"È­ÀÌÆ®½º¹Ì½º¸äµÅÁö_¿©","12","9","0,78","1,18","0,82","-20","22","-18"
"È­ÀÌÆ®½º¹Ì½º¸äµÅÁö_¿©","13","9","1,2","0,92","1,15","22","-4","18"
"È­ÀÌÆ®½º¹Ì½º¸äµÅÁö_¿©","14","9","0,82","1,15","1,16","-20","18","20"
"È­ÀÌÆ®½º¹Ì½º¸äµÅÁö_¿©","15","9","1,18","1,06","0,72","22","12","-28"
"È­ÀÌÆ®½º¹Ì½º¸äµÅÁö_¿©","16","6","1,2","0,76","0,72","28","-18","-22"
"È­ÀÌÆ®½º¹Ì½º¸äµÅÁö_¿©","17","6","0,72","0,96","1,22","-28","-2","30"
"È­ÀÌÆ®½º¹Ì½º¸äµÅÁö_¿©","18","1","0,78","0,88","1,18","-24","-10","28"
"È­ÀÌÆ®½º¹Ì½º¸äµÅÁö_¿©","19","1","1,18","0,82","1,02","26","-16","8"
"È­ÀÌÆ®½º¹Ì½º¸äµÅÁö_¿©","20","1","0,74","1,12","0,92","-26","18","-8"
