"Base","Style","Mode","ChangedEntries"
"alchemist_female_riding","1","generated_from_2_4_mask","59"
"alchemist_female_riding","3","generated_from_2_4_mask","59"
"alchemist_female_riding","5","generated_from_2_4_mask","59"
"alchemist_female_riding","6","generated_from_2_4_mask","59"
"alchemist_female_riding","7","generated_from_2_4_mask","59"
"alchemist_female_riding","8","generated_from_2_4_mask","59"
"alchemist_female_riding","9","generated_from_2_4_mask","59"
"alchemist_female_riding","10","generated_from_2_4_mask","59"
"alchemist_female_riding","11","generated_from_2_4_mask","59"
"alchemist_female_riding","12","generated_from_2_4_mask","59"
"alchemist_female_riding","13","generated_from_2_4_mask","59"
"alchemist_female_riding","14","generated_from_2_4_mask","59"
"alchemist_female_riding","15","generated_from_2_4_mask","59"
"alchemist_female_riding","16","generated_from_2_4_mask","59"
"alchemist_female_riding","17","generated_from_2_4_mask","59"
"alchemist_female_riding","18","generated_from_2_4_mask","59"
"alchemist_female_riding","19","generated_from_2_4_mask","59"
"alchemist_female_riding","20","generated_from_2_4_mask","59"
"alchemist_male","1","generated_from_2_4_mask","63"
"alchemist_male","3","generated_from_2_4_mask","63"
"alchemist_male","5","generated_from_2_4_mask","63"
"alchemist_male","6","generated_from_2_4_mask","63"
"alchemist_male","7","generated_from_2_4_mask","63"
"alchemist_male","8","generated_from_2_4_mask","63"
"alchemist_male","9","generated_from_2_4_mask","63"
"alchemist_male","10","generated_from_2_4_mask","63"
"alchemist_male","11","generated_from_2_4_mask","63"
"alchemist_male","12","generated_from_2_4_mask","63"
"alchemist_male","13","generated_from_2_4_mask","63"
"alchemist_male","14","generated_from_2_4_mask","63"
"alchemist_male","15","generated_from_2_4_mask","63"
"alchemist_male","16","generated_from_2_4_mask","63"
"alchemist_male","17","generated_from_2_4_mask","63"
"alchemist_male","18","generated_from_2_4_mask","63"
"alchemist_male","19","generated_from_2_4_mask","63"
"alchemist_male","20","generated_from_2_4_mask","63"
"alchemist_male_riding","1","generated_from_2_4_mask","63"
"alchemist_male_riding","3","generated_from_2_4_mask","63"
"alchemist_male_riding","5","generated_from_2_4_mask","63"
"alchemist_male_riding","6","generated_from_2_4_mask","63"
"alchemist_male_riding","7","generated_from_2_4_mask","63"
"alchemist_male_riding","8","generated_from_2_4_mask","63"
"alchemist_male_riding","9","generated_from_2_4_mask","63"
"alchemist_male_riding","10","generated_from_2_4_mask","63"
"alchemist_male_riding","11","generated_from_2_4_mask","63"
"alchemist_male_riding","12","generated_from_2_4_mask","63"
"alchemist_male_riding","13","generated_from_2_4_mask","63"
"alchemist_male_riding","14","generated_from_2_4_mask","63"
"alchemist_male_riding","15","generated_from_2_4_mask","63"
"alchemist_male_riding","16","generated_from_2_4_mask","63"
"alchemist_male_riding","17","generated_from_2_4_mask","63"
"alchemist_male_riding","18","generated_from_2_4_mask","63"
"alchemist_male_riding","19","generated_from_2_4_mask","63"
"alchemist_male_riding","20","generated_from_2_4_mask","63"
"archer_female","1","generated_from_2_4_mask","35"
"archer_female","3","generated_from_2_4_mask","35"
"archer_female","5","generated_from_2_4_mask","35"
"archer_female","6","generated_from_2_4_mask","35"
"archer_female","7","generated_from_2_4_mask","35"
"archer_female","8","generated_from_2_4_mask","35"
"archer_female","9","generated_from_2_4_mask","35"
"archer_female","10","generated_from_2_4_mask","35"
"archer_female","11","generated_from_2_4_mask","35"
"archer_female","12","generated_from_2_4_mask","35"
"archer_female","13","generated_from_2_4_mask","35"
"archer_female","14","generated_from_2_4_mask","35"
"archer_female","15","generated_from_2_4_mask","35"
"archer_female","16","generated_from_2_4_mask","35"
"archer_female","17","generated_from_2_4_mask","35"
"archer_female","18","generated_from_2_4_mask","35"
"archer_female","19","generated_from_2_4_mask","35"
"archer_female","20","generated_from_2_4_mask","35"
"archer_male","1","generated_from_2_4_mask","42"
"archer_male","3","generated_from_2_4_mask","42"
"archer_male","5","generated_from_2_4_mask","42"
"archer_male","6","generated_from_2_4_mask","42"
"archer_male","7","generated_from_2_4_mask","42"
"archer_male","8","generated_from_2_4_mask","42"
"archer_male","9","generated_from_2_4_mask","42"
"archer_male","10","generated_from_2_4_mask","42"
"archer_male","11","generated_from_2_4_mask","42"
"archer_male","12","generated_from_2_4_mask","42"
"archer_male","13","generated_from_2_4_mask","42"
"archer_male","14","generated_from_2_4_mask","42"
"archer_male","15","generated_from_2_4_mask","42"
"archer_male","16","generated_from_2_4_mask","42"
"archer_male","17","generated_from_2_4_mask","42"
"archer_male","18","generated_from_2_4_mask","42"
"archer_male","19","generated_from_2_4_mask","42"
"archer_male","20","generated_from_2_4_mask","42"
"bard_female","1","generated_from_2_4_mask","31"
"bard_female","3","generated_from_2_4_mask","31"
"bard_female","5","generated_from_2_4_mask","31"
"bard_female","6","generated_from_2_4_mask","31"
"bard_female","7","generated_from_2_4_mask","31"
"bard_female","8","generated_from_2_4_mask","31"
"bard_female","9","generated_from_2_4_mask","31"
"bard_female","10","generated_from_2_4_mask","31"
"bard_female","11","generated_from_2_4_mask","31"
"bard_female","12","generated_from_2_4_mask","31"
"bard_female","13","generated_from_2_4_mask","31"
"bard_female","14","generated_from_2_4_mask","31"
"bard_female","15","generated_from_2_4_mask","31"
"bard_female","16","generated_from_2_4_mask","31"
"bard_female","17","generated_from_2_4_mask","31"
"bard_female","18","generated_from_2_4_mask","31"
"bard_female","19","generated_from_2_4_mask","31"
"bard_female","20","generated_from_2_4_mask","31"
"bard_male","1","generated_from_2_4_mask","47"
"bard_male","3","generated_from_2_4_mask","47"
"bard_male","5","generated_from_2_4_mask","47"
"bard_male","6","generated_from_2_4_mask","47"
"bard_male","7","generated_from_2_4_mask","47"
"bard_male","8","generated_from_2_4_mask","47"
"bard_male","9","generated_from_2_4_mask","47"
"bard_male","10","generated_from_2_4_mask","47"
"bard_male","11","generated_from_2_4_mask","47"
"bard_male","12","generated_from_2_4_mask","47"
"bard_male","13","generated_from_2_4_mask","47"
"bard_male","14","generated_from_2_4_mask","47"
"bard_male","15","generated_from_2_4_mask","47"
"bard_male","16","generated_from_2_4_mask","47"
"bard_male","17","generated_from_2_4_mask","47"
"bard_male","18","generated_from_2_4_mask","47"
"bard_male","19","generated_from_2_4_mask","47"
"bard_male","20","generated_from_2_4_mask","47"
"champion_female","1","generated_from_2_4_mask","50"
"champion_female","3","generated_from_2_4_mask","50"
"champion_female","5","generated_from_2_4_mask","50"
"champion_female","6","generated_from_2_4_mask","50"
"champion_female","7","generated_from_2_4_mask","50"
"champion_female","8","generated_from_2_4_mask","50"
"champion_female","9","generated_from_2_4_mask","50"
"champion_female","10","generated_from_2_4_mask","50"
"champion_female","11","generated_from_2_4_mask","50"
"champion_female","12","generated_from_2_4_mask","50"
"champion_female","13","generated_from_2_4_mask","50"
"champion_female","14","generated_from_2_4_mask","50"
"champion_female","15","generated_from_2_4_mask","50"
"champion_female","16","generated_from_2_4_mask","50"
"champion_female","17","generated_from_2_4_mask","50"
"champion_female","18","generated_from_2_4_mask","50"
"champion_female","19","generated_from_2_4_mask","50"
"champion_female","20","generated_from_2_4_mask","50"
"champion_female_riding","1","generated_from_2_4_mask","50"
"champion_female_riding","3","generated_from_2_4_mask","50"
"champion_female_riding","5","generated_from_2_4_mask","50"
"champion_female_riding","6","generated_from_2_4_mask","50"
"champion_female_riding","7","generated_from_2_4_mask","50"
"champion_female_riding","8","generated_from_2_4_mask","50"
"champion_female_riding","9","generated_from_2_4_mask","50"
"champion_female_riding","10","generated_from_2_4_mask","50"
"champion_female_riding","11","generated_from_2_4_mask","50"
"champion_female_riding","12","generated_from_2_4_mask","50"
"champion_female_riding","13","generated_from_2_4_mask","50"
"champion_female_riding","14","generated_from_2_4_mask","50"
"champion_female_riding","15","generated_from_2_4_mask","50"
"champion_female_riding","16","generated_from_2_4_mask","50"
"champion_female_riding","17","generated_from_2_4_mask","50"
"champion_female_riding","18","generated_from_2_4_mask","50"
"champion_female_riding","19","generated_from_2_4_mask","50"
"champion_female_riding","20","generated_from_2_4_mask","50"
"champion_male","1","generated_from_2_4_mask","42"
"champion_male","3","generated_from_2_4_mask","42"
"champion_male","5","generated_from_2_4_mask","42"
"champion_male","6","generated_from_2_4_mask","42"
"champion_male","7","generated_from_2_4_mask","42"
"champion_male","8","generated_from_2_4_mask","42"
"champion_male","9","generated_from_2_4_mask","42"
"champion_male","10","generated_from_2_4_mask","42"
"champion_male","11","generated_from_2_4_mask","42"
"champion_male","12","generated_from_2_4_mask","42"
"champion_male","13","generated_from_2_4_mask","42"
"champion_male","14","generated_from_2_4_mask","42"
"champion_male","15","generated_from_2_4_mask","42"
"champion_male","16","generated_from_2_4_mask","42"
"champion_male","17","generated_from_2_4_mask","42"
"champion_male","18","generated_from_2_4_mask","42"
"champion_male","19","generated_from_2_4_mask","42"
"champion_male","20","generated_from_2_4_mask","42"
"champion_male_riding","1","generated_from_2_4_mask","42"
"champion_male_riding","3","generated_from_2_4_mask","42"
"champion_male_riding","5","generated_from_2_4_mask","42"
"champion_male_riding","6","generated_from_2_4_mask","42"
"champion_male_riding","7","generated_from_2_4_mask","42"
"champion_male_riding","8","generated_from_2_4_mask","42"
"champion_male_riding","9","generated_from_2_4_mask","42"
"champion_male_riding","10","generated_from_2_4_mask","42"
"champion_male_riding","11","generated_from_2_4_mask","42"
"champion_male_riding","12","generated_from_2_4_mask","42"
"champion_male_riding","13","generated_from_2_4_mask","42"
"champion_male_riding","14","generated_from_2_4_mask","42"
"champion_male_riding","15","generated_from_2_4_mask","42"
"champion_male_riding","16","generated_from_2_4_mask","42"
"champion_male_riding","17","generated_from_2_4_mask","42"
"champion_male_riding","18","generated_from_2_4_mask","42"
"champion_male_riding","19","generated_from_2_4_mask","42"
"champion_male_riding","20","generated_from_2_4_mask","42"
"clown_male","1","generated_from_2_4_mask","42"
"clown_male","3","generated_from_2_4_mask","42"
"clown_male","5","generated_from_2_4_mask","42"
"clown_male","6","generated_from_2_4_mask","42"
"clown_male","7","generated_from_2_4_mask","42"
"clown_male","8","generated_from_2_4_mask","42"
"clown_male","9","generated_from_2_4_mask","42"
"clown_male","10","generated_from_2_4_mask","42"
"clown_male","11","generated_from_2_4_mask","42"
"clown_male","12","generated_from_2_4_mask","42"
"clown_male","13","generated_from_2_4_mask","42"
"clown_male","14","generated_from_2_4_mask","42"
"clown_male","15","generated_from_2_4_mask","42"
"clown_male","16","generated_from_2_4_mask","42"
"clown_male","17","generated_from_2_4_mask","42"
"clown_male","18","generated_from_2_4_mask","42"
"clown_male","19","generated_from_2_4_mask","42"
"clown_male","20","generated_from_2_4_mask","42"
"creator_female","1","generated_from_2_4_mask","49"
"creator_female","3","generated_from_2_4_mask","49"
"creator_female","5","generated_from_2_4_mask","49"
"creator_female","6","generated_from_2_4_mask","49"
"creator_female","7","generated_from_2_4_mask","49"
"creator_female","8","generated_from_2_4_mask","49"
"creator_female","9","generated_from_2_4_mask","49"
"creator_female","10","generated_from_2_4_mask","49"
"creator_female","11","generated_from_2_4_mask","49"
"creator_female","12","generated_from_2_4_mask","49"
"creator_female","13","generated_from_2_4_mask","49"
"creator_female","14","generated_from_2_4_mask","49"
"creator_female","15","generated_from_2_4_mask","49"
"creator_female","16","generated_from_2_4_mask","49"
"creator_female","17","generated_from_2_4_mask","49"
"creator_female","18","generated_from_2_4_mask","49"
"creator_female","19","generated_from_2_4_mask","49"
"creator_female","20","generated_from_2_4_mask","49"
"creator_female_riding","1","generated_from_2_4_mask","49"
"creator_female_riding","3","generated_from_2_4_mask","49"
"creator_female_riding","5","generated_from_2_4_mask","49"
"creator_female_riding","6","generated_from_2_4_mask","49"
"creator_female_riding","7","generated_from_2_4_mask","49"
"creator_female_riding","8","generated_from_2_4_mask","49"
"creator_female_riding","9","generated_from_2_4_mask","49"
"creator_female_riding","10","generated_from_2_4_mask","49"
"creator_female_riding","11","generated_from_2_4_mask","49"
"creator_female_riding","12","generated_from_2_4_mask","49"
"creator_female_riding","13","generated_from_2_4_mask","49"
"creator_female_riding","14","generated_from_2_4_mask","49"
"creator_female_riding","15","generated_from_2_4_mask","49"
"creator_female_riding","16","generated_from_2_4_mask","49"
"creator_female_riding","17","generated_from_2_4_mask","49"
"creator_female_riding","18","generated_from_2_4_mask","49"
"creator_female_riding","19","generated_from_2_4_mask","49"
"creator_female_riding","20","generated_from_2_4_mask","49"
"creator_male","1","generated_from_2_4_mask","52"
"creator_male","3","generated_from_2_4_mask","52"
"creator_male","5","generated_from_2_4_mask","52"
"creator_male","6","generated_from_2_4_mask","52"
"creator_male","7","generated_from_2_4_mask","52"
"creator_male","8","generated_from_2_4_mask","52"
"creator_male","9","generated_from_2_4_mask","52"
"creator_male","10","generated_from_2_4_mask","52"
"creator_male","11","generated_from_2_4_mask","52"
"creator_male","12","generated_from_2_4_mask","52"
"creator_male","13","generated_from_2_4_mask","52"
"creator_male","14","generated_from_2_4_mask","52"
"creator_male","15","generated_from_2_4_mask","52"
"creator_male","16","generated_from_2_4_mask","52"
"creator_male","17","generated_from_2_4_mask","52"
"creator_male","18","generated_from_2_4_mask","52"
"creator_male","19","generated_from_2_4_mask","52"
"creator_male","20","generated_from_2_4_mask","52"
"creator_male_riding","1","generated_from_2_4_mask","52"
"creator_male_riding","3","generated_from_2_4_mask","52"
"creator_male_riding","5","generated_from_2_4_mask","52"
"creator_male_riding","6","generated_from_2_4_mask","52"
"creator_male_riding","7","generated_from_2_4_mask","52"
"creator_male_riding","8","generated_from_2_4_mask","52"
"creator_male_riding","9","generated_from_2_4_mask","52"
"creator_male_riding","10","generated_from_2_4_mask","52"
"creator_male_riding","11","generated_from_2_4_mask","52"
"creator_male_riding","12","generated_from_2_4_mask","52"
"creator_male_riding","13","generated_from_2_4_mask","52"
"creator_male_riding","14","generated_from_2_4_mask","52"
"creator_male_riding","15","generated_from_2_4_mask","52"
"creator_male_riding","16","generated_from_2_4_mask","52"
"creator_male_riding","17","generated_from_2_4_mask","52"
"creator_male_riding","18","generated_from_2_4_mask","52"
"creator_male_riding","19","generated_from_2_4_mask","52"
"creator_male_riding","20","generated_from_2_4_mask","52"
"crusader_female","1","generated_from_2_4_mask","42"
"crusader_female","3","generated_from_2_4_mask","42"
"crusader_female","5","generated_from_2_4_mask","42"
"crusader_female","6","generated_from_2_4_mask","42"
"crusader_female","7","generated_from_2_4_mask","42"
"crusader_female","8","generated_from_2_4_mask","42"
"crusader_female","9","generated_from_2_4_mask","42"
"crusader_female","10","generated_from_2_4_mask","42"
"crusader_female","11","generated_from_2_4_mask","42"
"crusader_female","12","generated_from_2_4_mask","42"
"crusader_female","13","generated_from_2_4_mask","42"
"crusader_female","14","generated_from_2_4_mask","42"
"crusader_female","15","generated_from_2_4_mask","42"
"crusader_female","16","generated_from_2_4_mask","42"
"crusader_female","17","generated_from_2_4_mask","42"
"crusader_female","18","generated_from_2_4_mask","42"
"crusader_female","19","generated_from_2_4_mask","42"
"crusader_female","20","generated_from_2_4_mask","42"
"crusader_male","1","generated_from_2_4_mask","49"
"crusader_male","3","generated_from_2_4_mask","49"
"crusader_male","5","generated_from_2_4_mask","49"
"crusader_male","6","generated_from_2_4_mask","49"
"crusader_male","7","generated_from_2_4_mask","49"
"crusader_male","8","generated_from_2_4_mask","49"
"crusader_male","9","generated_from_2_4_mask","49"
"crusader_male","10","generated_from_2_4_mask","49"
"crusader_male","11","generated_from_2_4_mask","49"
"crusader_male","12","generated_from_2_4_mask","49"
"crusader_male","13","generated_from_2_4_mask","49"
"crusader_male","14","generated_from_2_4_mask","49"
"crusader_male","15","generated_from_2_4_mask","49"
"crusader_male","16","generated_from_2_4_mask","49"
"crusader_male","17","generated_from_2_4_mask","49"
"crusader_male","18","generated_from_2_4_mask","49"
"crusader_male","19","generated_from_2_4_mask","49"
"crusader_male","20","generated_from_2_4_mask","49"
"dancer_female","1","generated_from_2_4_mask","31"
"dancer_female","3","generated_from_2_4_mask","31"
"dancer_female","5","generated_from_2_4_mask","31"
"dancer_female","6","generated_from_2_4_mask","31"
"dancer_female","7","generated_from_2_4_mask","31"
"dancer_female","8","generated_from_2_4_mask","31"
"dancer_female","9","generated_from_2_4_mask","31"
"dancer_female","10","generated_from_2_4_mask","31"
"dancer_female","11","generated_from_2_4_mask","31"
"dancer_female","12","generated_from_2_4_mask","31"
"dancer_female","13","generated_from_2_4_mask","31"
"dancer_female","14","generated_from_2_4_mask","31"
"dancer_female","15","generated_from_2_4_mask","31"
"dancer_female","16","generated_from_2_4_mask","31"
"dancer_female","17","generated_from_2_4_mask","31"
"dancer_female","18","generated_from_2_4_mask","31"
"dancer_female","19","generated_from_2_4_mask","31"
"dancer_female","20","generated_from_2_4_mask","31"
"dancer_female_riding","1","generated_from_2_4_mask","31"
"dancer_female_riding","3","generated_from_2_4_mask","31"
"dancer_female_riding","5","generated_from_2_4_mask","31"
"dancer_female_riding","6","generated_from_2_4_mask","31"
"dancer_female_riding","7","generated_from_2_4_mask","31"
"dancer_female_riding","8","generated_from_2_4_mask","31"
"dancer_female_riding","9","generated_from_2_4_mask","31"
"dancer_female_riding","10","generated_from_2_4_mask","31"
"dancer_female_riding","11","generated_from_2_4_mask","31"
"dancer_female_riding","12","generated_from_2_4_mask","31"
"dancer_female_riding","13","generated_from_2_4_mask","31"
"dancer_female_riding","14","generated_from_2_4_mask","31"
"dancer_female_riding","15","generated_from_2_4_mask","31"
"dancer_female_riding","16","generated_from_2_4_mask","31"
"dancer_female_riding","17","generated_from_2_4_mask","31"
"dancer_female_riding","18","generated_from_2_4_mask","31"
"dancer_female_riding","19","generated_from_2_4_mask","31"
"dancer_female_riding","20","generated_from_2_4_mask","31"
"dancer_male","1","generated_from_2_4_mask","47"
"dancer_male","3","generated_from_2_4_mask","47"
"dancer_male","5","generated_from_2_4_mask","47"
"dancer_male","6","generated_from_2_4_mask","47"
"dancer_male","7","generated_from_2_4_mask","47"
"dancer_male","8","generated_from_2_4_mask","47"
"dancer_male","9","generated_from_2_4_mask","47"
"dancer_male","10","generated_from_2_4_mask","47"
"dancer_male","11","generated_from_2_4_mask","47"
"dancer_male","12","generated_from_2_4_mask","47"
"dancer_male","13","generated_from_2_4_mask","47"
"dancer_male","14","generated_from_2_4_mask","47"
"dancer_male","15","generated_from_2_4_mask","47"
"dancer_male","16","generated_from_2_4_mask","47"
"dancer_male","17","generated_from_2_4_mask","47"
"dancer_male","18","generated_from_2_4_mask","47"
"dancer_male","19","generated_from_2_4_mask","47"
"dancer_male","20","generated_from_2_4_mask","47"
"dog_rogue_female","1","generated_from_2_4_mask","33"
"dog_rogue_female","3","generated_from_2_4_mask","33"
"dog_rogue_female","5","generated_from_2_4_mask","33"
"dog_rogue_female","6","generated_from_2_4_mask","33"
"dog_rogue_female","7","generated_from_2_4_mask","33"
"dog_rogue_female","8","generated_from_2_4_mask","33"
"dog_rogue_female","9","generated_from_2_4_mask","33"
"dog_rogue_female","10","generated_from_2_4_mask","33"
"dog_rogue_female","11","generated_from_2_4_mask","33"
"dog_rogue_female","12","generated_from_2_4_mask","33"
"dog_rogue_female","13","generated_from_2_4_mask","33"
"dog_rogue_female","14","generated_from_2_4_mask","33"
"dog_rogue_female","15","generated_from_2_4_mask","33"
"dog_rogue_female","16","generated_from_2_4_mask","33"
"dog_rogue_female","17","generated_from_2_4_mask","33"
"dog_rogue_female","18","generated_from_2_4_mask","33"
"dog_rogue_female","19","generated_from_2_4_mask","33"
"dog_rogue_female","20","generated_from_2_4_mask","33"
"dog_rogue_male","1","generated_from_2_4_mask","33"
"dog_rogue_male","3","generated_from_2_4_mask","33"
"dog_rogue_male","5","generated_from_2_4_mask","33"
"dog_rogue_male","6","generated_from_2_4_mask","33"
"dog_rogue_male","7","generated_from_2_4_mask","33"
"dog_rogue_male","8","generated_from_2_4_mask","33"
"dog_rogue_male","9","generated_from_2_4_mask","33"
"dog_rogue_male","10","generated_from_2_4_mask","33"
"dog_rogue_male","11","generated_from_2_4_mask","33"
"dog_rogue_male","12","generated_from_2_4_mask","33"
"dog_rogue_male","13","generated_from_2_4_mask","33"
"dog_rogue_male","14","generated_from_2_4_mask","33"
"dog_rogue_male","15","generated_from_2_4_mask","33"
"dog_rogue_male","16","generated_from_2_4_mask","33"
"dog_rogue_male","17","generated_from_2_4_mask","33"
"dog_rogue_male","18","generated_from_2_4_mask","33"
"dog_rogue_male","19","generated_from_2_4_mask","33"
"dog_rogue_male","20","generated_from_2_4_mask","33"
"dog_stalker_female","1","generated_from_2_4_mask","39"
"dog_stalker_female","3","generated_from_2_4_mask","39"
"dog_stalker_female","5","generated_from_2_4_mask","39"
"dog_stalker_female","6","generated_from_2_4_mask","39"
"dog_stalker_female","7","generated_from_2_4_mask","39"
"dog_stalker_female","8","generated_from_2_4_mask","39"
"dog_stalker_female","9","generated_from_2_4_mask","39"
"dog_stalker_female","10","generated_from_2_4_mask","39"
"dog_stalker_female","11","generated_from_2_4_mask","39"
"dog_stalker_female","12","generated_from_2_4_mask","39"
"dog_stalker_female","13","generated_from_2_4_mask","39"
"dog_stalker_female","14","generated_from_2_4_mask","39"
"dog_stalker_female","15","generated_from_2_4_mask","39"
"dog_stalker_female","16","generated_from_2_4_mask","39"
"dog_stalker_female","17","generated_from_2_4_mask","39"
"dog_stalker_female","18","generated_from_2_4_mask","39"
"dog_stalker_female","19","generated_from_2_4_mask","39"
"dog_stalker_female","20","generated_from_2_4_mask","39"
"dog_stalker_male","1","generated_from_2_4_mask","41"
"dog_stalker_male","3","generated_from_2_4_mask","41"
"dog_stalker_male","5","generated_from_2_4_mask","41"
"dog_stalker_male","6","generated_from_2_4_mask","41"
"dog_stalker_male","7","generated_from_2_4_mask","41"
"dog_stalker_male","8","generated_from_2_4_mask","41"
"dog_stalker_male","9","generated_from_2_4_mask","41"
"dog_stalker_male","10","generated_from_2_4_mask","41"
"dog_stalker_male","11","generated_from_2_4_mask","41"
"dog_stalker_male","12","generated_from_2_4_mask","41"
"dog_stalker_male","13","generated_from_2_4_mask","41"
"dog_stalker_male","14","generated_from_2_4_mask","41"
"dog_stalker_male","15","generated_from_2_4_mask","41"
"dog_stalker_male","16","generated_from_2_4_mask","41"
"dog_stalker_male","17","generated_from_2_4_mask","41"
"dog_stalker_male","18","generated_from_2_4_mask","41"
"dog_stalker_male","19","generated_from_2_4_mask","41"
"dog_stalker_male","20","generated_from_2_4_mask","41"
"dog_thief_female","1","generated_from_2_4_mask","25"
"dog_thief_female","3","generated_from_2_4_mask","25"
"dog_thief_female","5","generated_from_2_4_mask","25"
"dog_thief_female","6","generated_from_2_4_mask","25"
"dog_thief_female","7","generated_from_2_4_mask","25"
"dog_thief_female","8","generated_from_2_4_mask","25"
"dog_thief_female","9","generated_from_2_4_mask","25"
"dog_thief_female","10","generated_from_2_4_mask","25"
"dog_thief_female","11","generated_from_2_4_mask","25"
"dog_thief_female","12","generated_from_2_4_mask","25"
"dog_thief_female","13","generated_from_2_4_mask","25"
"dog_thief_female","14","generated_from_2_4_mask","25"
"dog_thief_female","15","generated_from_2_4_mask","25"
"dog_thief_female","16","generated_from_2_4_mask","25"
"dog_thief_female","17","generated_from_2_4_mask","25"
"dog_thief_female","18","generated_from_2_4_mask","25"
"dog_thief_female","19","generated_from_2_4_mask","25"
"dog_thief_female","20","generated_from_2_4_mask","25"
"dog_thief_male","1","generated_from_2_4_mask","19"
"dog_thief_male","3","generated_from_2_4_mask","19"
"dog_thief_male","5","generated_from_2_4_mask","19"
"dog_thief_male","6","generated_from_2_4_mask","19"
"dog_thief_male","7","generated_from_2_4_mask","19"
"dog_thief_male","8","generated_from_2_4_mask","19"
"dog_thief_male","9","generated_from_2_4_mask","19"
"dog_thief_male","10","generated_from_2_4_mask","19"
"dog_thief_male","11","generated_from_2_4_mask","19"
"dog_thief_male","12","generated_from_2_4_mask","19"
"dog_thief_male","13","generated_from_2_4_mask","19"
"dog_thief_male","14","generated_from_2_4_mask","19"
"dog_thief_male","15","generated_from_2_4_mask","19"
"dog_thief_male","16","generated_from_2_4_mask","19"
"dog_thief_male","17","generated_from_2_4_mask","19"
"dog_thief_male","18","generated_from_2_4_mask","19"
"dog_thief_male","19","generated_from_2_4_mask","19"
"dog_thief_male","20","generated_from_2_4_mask","19"
"high_priest_female","1","generated_from_2_4_mask","26"
"high_priest_female","3","generated_from_2_4_mask","26"
"high_priest_female","5","generated_from_2_4_mask","26"
"high_priest_female","6","generated_from_2_4_mask","26"
"high_priest_female","7","generated_from_2_4_mask","26"
"high_priest_female","8","generated_from_2_4_mask","26"
"high_priest_female","9","generated_from_2_4_mask","26"
"high_priest_female","10","generated_from_2_4_mask","26"
"high_priest_female","11","generated_from_2_4_mask","26"
"high_priest_female","12","generated_from_2_4_mask","26"
"high_priest_female","13","generated_from_2_4_mask","26"
"high_priest_female","14","generated_from_2_4_mask","26"
"high_priest_female","15","generated_from_2_4_mask","26"
"high_priest_female","16","generated_from_2_4_mask","26"
"high_priest_female","17","generated_from_2_4_mask","26"
"high_priest_female","18","generated_from_2_4_mask","26"
"high_priest_female","19","generated_from_2_4_mask","26"
"high_priest_female","20","generated_from_2_4_mask","26"
"high_priest_female_riding","1","generated_from_2_4_mask","26"
"high_priest_female_riding","3","generated_from_2_4_mask","26"
"high_priest_female_riding","5","generated_from_2_4_mask","26"
"high_priest_female_riding","6","generated_from_2_4_mask","26"
"high_priest_female_riding","7","generated_from_2_4_mask","26"
"high_priest_female_riding","8","generated_from_2_4_mask","26"
"high_priest_female_riding","9","generated_from_2_4_mask","26"
"high_priest_female_riding","10","generated_from_2_4_mask","26"
"high_priest_female_riding","11","generated_from_2_4_mask","26"
"high_priest_female_riding","12","generated_from_2_4_mask","26"
"high_priest_female_riding","13","generated_from_2_4_mask","26"
"high_priest_female_riding","14","generated_from_2_4_mask","26"
"high_priest_female_riding","15","generated_from_2_4_mask","26"
"high_priest_female_riding","16","generated_from_2_4_mask","26"
"high_priest_female_riding","17","generated_from_2_4_mask","26"
"high_priest_female_riding","18","generated_from_2_4_mask","26"
"high_priest_female_riding","19","generated_from_2_4_mask","26"
"high_priest_female_riding","20","generated_from_2_4_mask","26"
"high_priest_male","1","generated_from_2_4_mask","24"
"high_priest_male","3","generated_from_2_4_mask","24"
"high_priest_male","5","generated_from_2_4_mask","24"
"high_priest_male","6","generated_from_2_4_mask","24"
"high_priest_male","7","generated_from_2_4_mask","24"
"high_priest_male","8","generated_from_2_4_mask","24"
"high_priest_male","9","generated_from_2_4_mask","24"
"high_priest_male","10","generated_from_2_4_mask","24"
"high_priest_male","11","generated_from_2_4_mask","24"
"high_priest_male","12","generated_from_2_4_mask","24"
"high_priest_male","13","generated_from_2_4_mask","24"
"high_priest_male","14","generated_from_2_4_mask","24"
"high_priest_male","15","generated_from_2_4_mask","24"
"high_priest_male","16","generated_from_2_4_mask","24"
"high_priest_male","17","generated_from_2_4_mask","24"
"high_priest_male","18","generated_from_2_4_mask","24"
"high_priest_male","19","generated_from_2_4_mask","24"
"high_priest_male","20","generated_from_2_4_mask","24"
"high_priest_male_riding","1","generated_from_2_4_mask","24"
"high_priest_male_riding","3","generated_from_2_4_mask","24"
"high_priest_male_riding","5","generated_from_2_4_mask","24"
"high_priest_male_riding","6","generated_from_2_4_mask","24"
"high_priest_male_riding","7","generated_from_2_4_mask","24"
"high_priest_male_riding","8","generated_from_2_4_mask","24"
"high_priest_male_riding","9","generated_from_2_4_mask","24"
"high_priest_male_riding","10","generated_from_2_4_mask","24"
"high_priest_male_riding","11","generated_from_2_4_mask","24"
"high_priest_male_riding","12","generated_from_2_4_mask","24"
"high_priest_male_riding","13","generated_from_2_4_mask","24"
"high_priest_male_riding","14","generated_from_2_4_mask","24"
"high_priest_male_riding","15","generated_from_2_4_mask","24"
"high_priest_male_riding","16","generated_from_2_4_mask","24"
"high_priest_male_riding","17","generated_from_2_4_mask","24"
"high_priest_male_riding","18","generated_from_2_4_mask","24"
"high_priest_male_riding","19","generated_from_2_4_mask","24"
"high_priest_male_riding","20","generated_from_2_4_mask","24"
"high_wizard_female","1","generated_from_2_4_mask","34"
"high_wizard_female","3","generated_from_2_4_mask","34"
"high_wizard_female","5","generated_from_2_4_mask","34"
"high_wizard_female","6","generated_from_2_4_mask","34"
"high_wizard_female","7","generated_from_2_4_mask","34"
"high_wizard_female","8","generated_from_2_4_mask","34"
"high_wizard_female","9","generated_from_2_4_mask","34"
"high_wizard_female","10","generated_from_2_4_mask","34"
"high_wizard_female","11","generated_from_2_4_mask","34"
"high_wizard_female","12","generated_from_2_4_mask","34"
"high_wizard_female","13","generated_from_2_4_mask","34"
"high_wizard_female","14","generated_from_2_4_mask","34"
"high_wizard_female","15","generated_from_2_4_mask","34"
"high_wizard_female","16","generated_from_2_4_mask","34"
"high_wizard_female","17","generated_from_2_4_mask","34"
"high_wizard_female","18","generated_from_2_4_mask","34"
"high_wizard_female","19","generated_from_2_4_mask","34"
"high_wizard_female","20","generated_from_2_4_mask","34"
"high_wizard_male","1","generated_from_2_4_mask","46"
"high_wizard_male","3","generated_from_2_4_mask","46"
"high_wizard_male","5","generated_from_2_4_mask","46"
"high_wizard_male","6","generated_from_2_4_mask","46"
"high_wizard_male","7","generated_from_2_4_mask","46"
"high_wizard_male","8","generated_from_2_4_mask","46"
"high_wizard_male","9","generated_from_2_4_mask","46"
"high_wizard_male","10","generated_from_2_4_mask","46"
"high_wizard_male","11","generated_from_2_4_mask","46"
"high_wizard_male","12","generated_from_2_4_mask","46"
"high_wizard_male","13","generated_from_2_4_mask","46"
"high_wizard_male","14","generated_from_2_4_mask","46"
"high_wizard_male","15","generated_from_2_4_mask","46"
"high_wizard_male","16","generated_from_2_4_mask","46"
"high_wizard_male","17","generated_from_2_4_mask","46"
"high_wizard_male","18","generated_from_2_4_mask","46"
"high_wizard_male","19","generated_from_2_4_mask","46"
"high_wizard_male","20","generated_from_2_4_mask","46"
"hunter_female","1","generated_from_2_4_mask","46"
"hunter_female","3","generated_from_2_4_mask","46"
"hunter_female","5","generated_from_2_4_mask","46"
"hunter_female","6","generated_from_2_4_mask","46"
"hunter_female","7","generated_from_2_4_mask","46"
"hunter_female","8","generated_from_2_4_mask","46"
"hunter_female","9","generated_from_2_4_mask","46"
"hunter_female","10","generated_from_2_4_mask","46"
"hunter_female","11","generated_from_2_4_mask","46"
"hunter_female","12","generated_from_2_4_mask","46"
"hunter_female","13","generated_from_2_4_mask","46"
"hunter_female","14","generated_from_2_4_mask","46"
"hunter_female","15","generated_from_2_4_mask","46"
"hunter_female","16","generated_from_2_4_mask","46"
"hunter_female","17","generated_from_2_4_mask","46"
"hunter_female","18","generated_from_2_4_mask","46"
"hunter_female","19","generated_from_2_4_mask","46"
"hunter_female","20","generated_from_2_4_mask","46"
"hunter_male","1","generated_from_2_4_mask","40"
"hunter_male","3","generated_from_2_4_mask","40"
"hunter_male","5","generated_from_2_4_mask","40"
"hunter_male","6","generated_from_2_4_mask","40"
"hunter_male","7","generated_from_2_4_mask","40"
"hunter_male","8","generated_from_2_4_mask","40"
"hunter_male","9","generated_from_2_4_mask","40"
"hunter_male","10","generated_from_2_4_mask","40"
"hunter_male","11","generated_from_2_4_mask","40"
"hunter_male","12","generated_from_2_4_mask","40"
"hunter_male","13","generated_from_2_4_mask","40"
"hunter_male","14","generated_from_2_4_mask","40"
"hunter_male","15","generated_from_2_4_mask","40"
"hunter_male","16","generated_from_2_4_mask","40"
"hunter_male","17","generated_from_2_4_mask","40"
"hunter_male","18","generated_from_2_4_mask","40"
"hunter_male","19","generated_from_2_4_mask","40"
"hunter_male","20","generated_from_2_4_mask","40"
"knight_female","1","generated_from_2_4_mask","64"
"knight_female","3","generated_from_2_4_mask","64"
"knight_female","5","generated_from_2_4_mask","64"
"knight_female","6","generated_from_2_4_mask","64"
"knight_female","7","generated_from_2_4_mask","64"
"knight_female","8","generated_from_2_4_mask","64"
"knight_female","9","generated_from_2_4_mask","64"
"knight_female","10","generated_from_2_4_mask","64"
"knight_female","11","generated_from_2_4_mask","64"
"knight_female","12","generated_from_2_4_mask","64"
"knight_female","13","generated_from_2_4_mask","64"
"knight_female","14","generated_from_2_4_mask","64"
"knight_female","15","generated_from_2_4_mask","64"
"knight_female","16","generated_from_2_4_mask","64"
"knight_female","17","generated_from_2_4_mask","64"
"knight_female","18","generated_from_2_4_mask","64"
"knight_female","19","generated_from_2_4_mask","64"
"knight_female","20","generated_from_2_4_mask","64"
"knight_male","1","generated_from_2_4_mask","34"
"knight_male","3","generated_from_2_4_mask","34"
"knight_male","5","generated_from_2_4_mask","34"
"knight_male","6","generated_from_2_4_mask","34"
"knight_male","7","generated_from_2_4_mask","34"
"knight_male","8","generated_from_2_4_mask","34"
"knight_male","9","generated_from_2_4_mask","34"
"knight_male","10","generated_from_2_4_mask","34"
"knight_male","11","generated_from_2_4_mask","34"
"knight_male","12","generated_from_2_4_mask","34"
"knight_male","13","generated_from_2_4_mask","34"
"knight_male","14","generated_from_2_4_mask","34"
"knight_male","15","generated_from_2_4_mask","34"
"knight_male","16","generated_from_2_4_mask","34"
"knight_male","17","generated_from_2_4_mask","34"
"knight_male","18","generated_from_2_4_mask","34"
"knight_male","19","generated_from_2_4_mask","34"
"knight_male","20","generated_from_2_4_mask","34"
"lion_crusader_female","1","generated_from_2_4_mask","42"
"lion_crusader_female","3","generated_from_2_4_mask","42"
"lion_crusader_female","5","generated_from_2_4_mask","42"
"lion_crusader_female","6","generated_from_2_4_mask","42"
"lion_crusader_female","7","generated_from_2_4_mask","42"
"lion_crusader_female","8","generated_from_2_4_mask","42"
"lion_crusader_female","9","generated_from_2_4_mask","42"
"lion_crusader_female","10","generated_from_2_4_mask","42"
"lion_crusader_female","11","generated_from_2_4_mask","42"
"lion_crusader_female","12","generated_from_2_4_mask","42"
"lion_crusader_female","13","generated_from_2_4_mask","42"
"lion_crusader_female","14","generated_from_2_4_mask","42"
"lion_crusader_female","15","generated_from_2_4_mask","42"
"lion_crusader_female","16","generated_from_2_4_mask","42"
"lion_crusader_female","17","generated_from_2_4_mask","42"
"lion_crusader_female","18","generated_from_2_4_mask","42"
"lion_crusader_female","19","generated_from_2_4_mask","42"
"lion_crusader_female","20","generated_from_2_4_mask","42"
"lion_crusader_male","1","generated_from_2_4_mask","49"
"lion_crusader_male","3","generated_from_2_4_mask","49"
"lion_crusader_male","5","generated_from_2_4_mask","49"
"lion_crusader_male","6","generated_from_2_4_mask","49"
"lion_crusader_male","7","generated_from_2_4_mask","49"
"lion_crusader_male","8","generated_from_2_4_mask","49"
"lion_crusader_male","9","generated_from_2_4_mask","49"
"lion_crusader_male","10","generated_from_2_4_mask","49"
"lion_crusader_male","11","generated_from_2_4_mask","49"
"lion_crusader_male","12","generated_from_2_4_mask","49"
"lion_crusader_male","13","generated_from_2_4_mask","49"
"lion_crusader_male","14","generated_from_2_4_mask","49"
"lion_crusader_male","15","generated_from_2_4_mask","49"
"lion_crusader_male","16","generated_from_2_4_mask","49"
"lion_crusader_male","17","generated_from_2_4_mask","49"
"lion_crusader_male","18","generated_from_2_4_mask","49"
"lion_crusader_male","19","generated_from_2_4_mask","49"
"lion_crusader_male","20","generated_from_2_4_mask","49"
"lion_knight_female","1","generated_from_2_4_mask","64"
"lion_knight_female","3","generated_from_2_4_mask","64"
"lion_knight_female","5","generated_from_2_4_mask","64"
"lion_knight_female","6","generated_from_2_4_mask","64"
"lion_knight_female","7","generated_from_2_4_mask","64"
"lion_knight_female","8","generated_from_2_4_mask","64"
"lion_knight_female","9","generated_from_2_4_mask","64"
"lion_knight_female","10","generated_from_2_4_mask","64"
"lion_knight_female","11","generated_from_2_4_mask","64"
"lion_knight_female","12","generated_from_2_4_mask","64"
"lion_knight_female","13","generated_from_2_4_mask","64"
"lion_knight_female","14","generated_from_2_4_mask","64"
"lion_knight_female","15","generated_from_2_4_mask","64"
"lion_knight_female","16","generated_from_2_4_mask","64"
"lion_knight_female","17","generated_from_2_4_mask","64"
"lion_knight_female","18","generated_from_2_4_mask","64"
"lion_knight_female","19","generated_from_2_4_mask","64"
"lion_knight_female","20","generated_from_2_4_mask","64"
"lion_knight_male","1","generated_from_2_4_mask","34"
"lion_knight_male","3","generated_from_2_4_mask","34"
"lion_knight_male","5","generated_from_2_4_mask","34"
"lion_knight_male","6","generated_from_2_4_mask","34"
"lion_knight_male","7","generated_from_2_4_mask","34"
"lion_knight_male","8","generated_from_2_4_mask","34"
"lion_knight_male","9","generated_from_2_4_mask","34"
"lion_knight_male","10","generated_from_2_4_mask","34"
"lion_knight_male","11","generated_from_2_4_mask","34"
"lion_knight_male","12","generated_from_2_4_mask","34"
"lion_knight_male","13","generated_from_2_4_mask","34"
"lion_knight_male","14","generated_from_2_4_mask","34"
"lion_knight_male","15","generated_from_2_4_mask","34"
"lion_knight_male","16","generated_from_2_4_mask","34"
"lion_knight_male","17","generated_from_2_4_mask","34"
"lion_knight_male","18","generated_from_2_4_mask","34"
"lion_knight_male","19","generated_from_2_4_mask","34"
"lion_knight_male","20","generated_from_2_4_mask","34"
"lion_lord_knight_female","1","generated_from_2_4_mask","41"
"lion_lord_knight_female","3","generated_from_2_4_mask","41"
"lion_lord_knight_female","5","generated_from_2_4_mask","41"
"lion_lord_knight_female","6","generated_from_2_4_mask","41"
"lion_lord_knight_female","7","generated_from_2_4_mask","41"
"lion_lord_knight_female","8","generated_from_2_4_mask","41"
"lion_lord_knight_female","9","generated_from_2_4_mask","41"
"lion_lord_knight_female","10","generated_from_2_4_mask","41"
"lion_lord_knight_female","11","generated_from_2_4_mask","41"
"lion_lord_knight_female","12","generated_from_2_4_mask","41"
"lion_lord_knight_female","13","generated_from_2_4_mask","41"
"lion_lord_knight_female","14","generated_from_2_4_mask","41"
"lion_lord_knight_female","15","generated_from_2_4_mask","41"
"lion_lord_knight_female","16","generated_from_2_4_mask","41"
"lion_lord_knight_female","17","generated_from_2_4_mask","41"
"lion_lord_knight_female","18","generated_from_2_4_mask","41"
"lion_lord_knight_female","19","generated_from_2_4_mask","41"
"lion_lord_knight_female","20","generated_from_2_4_mask","41"
"lion_lord_knight_male","1","generated_from_2_4_mask","57"
"lion_lord_knight_male","3","generated_from_2_4_mask","57"
"lion_lord_knight_male","5","generated_from_2_4_mask","57"
"lion_lord_knight_male","6","generated_from_2_4_mask","57"
"lion_lord_knight_male","7","generated_from_2_4_mask","57"
"lion_lord_knight_male","8","generated_from_2_4_mask","57"
"lion_lord_knight_male","9","generated_from_2_4_mask","57"
"lion_lord_knight_male","10","generated_from_2_4_mask","57"
"lion_lord_knight_male","11","generated_from_2_4_mask","57"
"lion_lord_knight_male","12","generated_from_2_4_mask","57"
"lion_lord_knight_male","13","generated_from_2_4_mask","57"
"lion_lord_knight_male","14","generated_from_2_4_mask","57"
"lion_lord_knight_male","15","generated_from_2_4_mask","57"
"lion_lord_knight_male","16","generated_from_2_4_mask","57"
"lion_lord_knight_male","17","generated_from_2_4_mask","57"
"lion_lord_knight_male","18","generated_from_2_4_mask","57"
"lion_lord_knight_male","19","generated_from_2_4_mask","57"
"lion_lord_knight_male","20","generated_from_2_4_mask","57"
"lion_paladin_female","1","generated_from_2_4_mask","54"
"lion_paladin_female","3","generated_from_2_4_mask","54"
"lion_paladin_female","5","generated_from_2_4_mask","54"
"lion_paladin_female","6","generated_from_2_4_mask","54"
"lion_paladin_female","7","generated_from_2_4_mask","54"
"lion_paladin_female","8","generated_from_2_4_mask","54"
"lion_paladin_female","9","generated_from_2_4_mask","54"
"lion_paladin_female","10","generated_from_2_4_mask","54"
"lion_paladin_female","11","generated_from_2_4_mask","54"
"lion_paladin_female","12","generated_from_2_4_mask","54"
"lion_paladin_female","13","generated_from_2_4_mask","54"
"lion_paladin_female","14","generated_from_2_4_mask","54"
"lion_paladin_female","15","generated_from_2_4_mask","54"
"lion_paladin_female","16","generated_from_2_4_mask","54"
"lion_paladin_female","17","generated_from_2_4_mask","54"
"lion_paladin_female","18","generated_from_2_4_mask","54"
"lion_paladin_female","19","generated_from_2_4_mask","54"
"lion_paladin_female","20","generated_from_2_4_mask","54"
"lion_paladin_male","1","generated_from_2_4_mask","51"
"lion_paladin_male","3","generated_from_2_4_mask","51"
"lion_paladin_male","5","generated_from_2_4_mask","51"
"lion_paladin_male","6","generated_from_2_4_mask","51"
"lion_paladin_male","7","generated_from_2_4_mask","51"
"lion_paladin_male","8","generated_from_2_4_mask","51"
"lion_paladin_male","9","generated_from_2_4_mask","51"
"lion_paladin_male","10","generated_from_2_4_mask","51"
"lion_paladin_male","11","generated_from_2_4_mask","51"
"lion_paladin_male","12","generated_from_2_4_mask","51"
"lion_paladin_male","13","generated_from_2_4_mask","51"
"lion_paladin_male","14","generated_from_2_4_mask","51"
"lion_paladin_male","15","generated_from_2_4_mask","51"
"lion_paladin_male","16","generated_from_2_4_mask","51"
"lion_paladin_male","17","generated_from_2_4_mask","51"
"lion_paladin_male","18","generated_from_2_4_mask","51"
"lion_paladin_male","19","generated_from_2_4_mask","51"
"lion_paladin_male","20","generated_from_2_4_mask","51"
"lord_knight_female","1","generated_from_2_4_mask","41"
"lord_knight_female","3","generated_from_2_4_mask","41"
"lord_knight_female","5","generated_from_2_4_mask","41"
"lord_knight_female","6","generated_from_2_4_mask","41"
"lord_knight_female","7","generated_from_2_4_mask","41"
"lord_knight_female","8","generated_from_2_4_mask","41"
"lord_knight_female","9","generated_from_2_4_mask","41"
"lord_knight_female","10","generated_from_2_4_mask","41"
"lord_knight_female","11","generated_from_2_4_mask","41"
"lord_knight_female","12","generated_from_2_4_mask","41"
"lord_knight_female","13","generated_from_2_4_mask","41"
"lord_knight_female","14","generated_from_2_4_mask","41"
"lord_knight_female","15","generated_from_2_4_mask","41"
"lord_knight_female","16","generated_from_2_4_mask","41"
"lord_knight_female","17","generated_from_2_4_mask","41"
"lord_knight_female","18","generated_from_2_4_mask","41"
"lord_knight_female","19","generated_from_2_4_mask","41"
"lord_knight_female","20","generated_from_2_4_mask","41"
"lord_knight_male","1","generated_from_2_4_mask","57"
"lord_knight_male","3","generated_from_2_4_mask","57"
"lord_knight_male","5","generated_from_2_4_mask","57"
"lord_knight_male","6","generated_from_2_4_mask","57"
"lord_knight_male","7","generated_from_2_4_mask","57"
"lord_knight_male","8","generated_from_2_4_mask","57"
"lord_knight_male","9","generated_from_2_4_mask","57"
"lord_knight_male","10","generated_from_2_4_mask","57"
"lord_knight_male","11","generated_from_2_4_mask","57"
"lord_knight_male","12","generated_from_2_4_mask","57"
"lord_knight_male","13","generated_from_2_4_mask","57"
"lord_knight_male","14","generated_from_2_4_mask","57"
"lord_knight_male","15","generated_from_2_4_mask","57"
"lord_knight_male","16","generated_from_2_4_mask","57"
"lord_knight_male","17","generated_from_2_4_mask","57"
"lord_knight_male","18","generated_from_2_4_mask","57"
"lord_knight_male","19","generated_from_2_4_mask","57"
"lord_knight_male","20","generated_from_2_4_mask","57"
"magician_female","1","generated_from_2_4_mask","59"
"magician_female","3","generated_from_2_4_mask","59"
"magician_female","5","generated_from_2_4_mask","59"
"magician_female","6","generated_from_2_4_mask","59"
"magician_female","7","generated_from_2_4_mask","59"
"magician_female","8","generated_from_2_4_mask","59"
"magician_female","9","generated_from_2_4_mask","59"
"magician_female","10","generated_from_2_4_mask","59"
"magician_female","11","generated_from_2_4_mask","59"
"magician_female","12","generated_from_2_4_mask","59"
"magician_female","13","generated_from_2_4_mask","59"
"magician_female","14","generated_from_2_4_mask","59"
"magician_female","15","generated_from_2_4_mask","59"
"magician_female","16","generated_from_2_4_mask","59"
"magician_female","17","generated_from_2_4_mask","59"
"magician_female","18","generated_from_2_4_mask","59"
"magician_female","19","generated_from_2_4_mask","59"
"magician_female","20","generated_from_2_4_mask","59"
"magician_male","1","generated_from_2_4_mask","18"
"magician_male","3","generated_from_2_4_mask","18"
"magician_male","5","generated_from_2_4_mask","18"
"magician_male","6","generated_from_2_4_mask","18"
"magician_male","7","generated_from_2_4_mask","18"
"magician_male","8","generated_from_2_4_mask","18"
"magician_male","9","generated_from_2_4_mask","18"
"magician_male","10","generated_from_2_4_mask","18"
"magician_male","11","generated_from_2_4_mask","18"
"magician_male","12","generated_from_2_4_mask","18"
"magician_male","13","generated_from_2_4_mask","18"
"magician_male","14","generated_from_2_4_mask","18"
"magician_male","15","generated_from_2_4_mask","18"
"magician_male","16","generated_from_2_4_mask","18"
"magician_male","17","generated_from_2_4_mask","18"
"magician_male","18","generated_from_2_4_mask","18"
"magician_male","19","generated_from_2_4_mask","18"
"magician_male","20","generated_from_2_4_mask","18"
"merchant_female","1","generated_from_2_4_mask","67"
"merchant_female","3","generated_from_2_4_mask","67"
"merchant_female","5","generated_from_2_4_mask","67"
"merchant_female","6","generated_from_2_4_mask","67"
"merchant_female","7","generated_from_2_4_mask","67"
"merchant_female","8","generated_from_2_4_mask","67"
"merchant_female","9","generated_from_2_4_mask","67"
"merchant_female","10","generated_from_2_4_mask","67"
"merchant_female","11","generated_from_2_4_mask","67"
"merchant_female","12","generated_from_2_4_mask","67"
"merchant_female","13","generated_from_2_4_mask","67"
"merchant_female","14","generated_from_2_4_mask","67"
"merchant_female","15","generated_from_2_4_mask","67"
"merchant_female","16","generated_from_2_4_mask","67"
"merchant_female","17","generated_from_2_4_mask","67"
"merchant_female","18","generated_from_2_4_mask","67"
"merchant_female","19","generated_from_2_4_mask","67"
"merchant_female","20","generated_from_2_4_mask","67"
"merchant_female_riding","1","generated_from_2_4_mask","67"
"merchant_female_riding","3","generated_from_2_4_mask","67"
"merchant_female_riding","5","generated_from_2_4_mask","67"
"merchant_female_riding","6","generated_from_2_4_mask","67"
"merchant_female_riding","7","generated_from_2_4_mask","67"
"merchant_female_riding","8","generated_from_2_4_mask","67"
"merchant_female_riding","9","generated_from_2_4_mask","67"
"merchant_female_riding","10","generated_from_2_4_mask","67"
"merchant_female_riding","11","generated_from_2_4_mask","67"
"merchant_female_riding","12","generated_from_2_4_mask","67"
"merchant_female_riding","13","generated_from_2_4_mask","67"
"merchant_female_riding","14","generated_from_2_4_mask","67"
"merchant_female_riding","15","generated_from_2_4_mask","67"
"merchant_female_riding","16","generated_from_2_4_mask","67"
"merchant_female_riding","17","generated_from_2_4_mask","67"
"merchant_female_riding","18","generated_from_2_4_mask","67"
"merchant_female_riding","19","generated_from_2_4_mask","67"
"merchant_female_riding","20","generated_from_2_4_mask","67"
"merchant_male","1","generated_from_2_4_mask","30"
"merchant_male","3","generated_from_2_4_mask","30"
"merchant_male","5","generated_from_2_4_mask","30"
"merchant_male","6","generated_from_2_4_mask","30"
"merchant_male","7","generated_from_2_4_mask","30"
"merchant_male","8","generated_from_2_4_mask","30"
"merchant_male","9","generated_from_2_4_mask","30"
"merchant_male","10","generated_from_2_4_mask","30"
"merchant_male","11","generated_from_2_4_mask","30"
"merchant_male","12","generated_from_2_4_mask","30"
"merchant_male","13","generated_from_2_4_mask","30"
"merchant_male","14","generated_from_2_4_mask","30"
"merchant_male","15","generated_from_2_4_mask","30"
"merchant_male","16","generated_from_2_4_mask","30"
"merchant_male","17","generated_from_2_4_mask","30"
"merchant_male","18","generated_from_2_4_mask","30"
"merchant_male","19","generated_from_2_4_mask","30"
"merchant_male","20","generated_from_2_4_mask","30"
"merchant_male_riding","1","generated_from_2_4_mask","30"
"merchant_male_riding","3","generated_from_2_4_mask","30"
"merchant_male_riding","5","generated_from_2_4_mask","30"
"merchant_male_riding","6","generated_from_2_4_mask","30"
"merchant_male_riding","7","generated_from_2_4_mask","30"
"merchant_male_riding","8","generated_from_2_4_mask","30"
"merchant_male_riding","9","generated_from_2_4_mask","30"
"merchant_male_riding","10","generated_from_2_4_mask","30"
"merchant_male_riding","11","generated_from_2_4_mask","30"
"merchant_male_riding","12","generated_from_2_4_mask","30"
"merchant_male_riding","13","generated_from_2_4_mask","30"
"merchant_male_riding","14","generated_from_2_4_mask","30"
"merchant_male_riding","15","generated_from_2_4_mask","30"
"merchant_male_riding","16","generated_from_2_4_mask","30"
"merchant_male_riding","17","generated_from_2_4_mask","30"
"merchant_male_riding","18","generated_from_2_4_mask","30"
"merchant_male_riding","19","generated_from_2_4_mask","30"
"merchant_male_riding","20","generated_from_2_4_mask","30"
"monk_female","1","generated_from_2_4_mask","33"
"monk_female","3","generated_from_2_4_mask","33"
"monk_female","5","generated_from_2_4_mask","33"
"monk_female","6","generated_from_2_4_mask","33"
"monk_female","7","generated_from_2_4_mask","33"
"monk_female","8","generated_from_2_4_mask","33"
"monk_female","9","generated_from_2_4_mask","33"
"monk_female","10","generated_from_2_4_mask","33"
"monk_female","11","generated_from_2_4_mask","33"
"monk_female","12","generated_from_2_4_mask","33"
"monk_female","13","generated_from_2_4_mask","33"
"monk_female","14","generated_from_2_4_mask","33"
"monk_female","15","generated_from_2_4_mask","33"
"monk_female","16","generated_from_2_4_mask","33"
"monk_female","17","generated_from_2_4_mask","33"
"monk_female","18","generated_from_2_4_mask","33"
"monk_female","19","generated_from_2_4_mask","33"
"monk_female","20","generated_from_2_4_mask","33"
"monk_female_riding","1","generated_from_2_4_mask","33"
"monk_female_riding","3","generated_from_2_4_mask","33"
"monk_female_riding","5","generated_from_2_4_mask","33"
"monk_female_riding","6","generated_from_2_4_mask","33"
"monk_female_riding","7","generated_from_2_4_mask","33"
"monk_female_riding","8","generated_from_2_4_mask","33"
"monk_female_riding","9","generated_from_2_4_mask","33"
"monk_female_riding","10","generated_from_2_4_mask","33"
"monk_female_riding","11","generated_from_2_4_mask","33"
"monk_female_riding","12","generated_from_2_4_mask","33"
"monk_female_riding","13","generated_from_2_4_mask","33"
"monk_female_riding","14","generated_from_2_4_mask","33"
"monk_female_riding","15","generated_from_2_4_mask","33"
"monk_female_riding","16","generated_from_2_4_mask","33"
"monk_female_riding","17","generated_from_2_4_mask","33"
"monk_female_riding","18","generated_from_2_4_mask","33"
"monk_female_riding","19","generated_from_2_4_mask","33"
"monk_female_riding","20","generated_from_2_4_mask","33"
"monk_male","1","generated_from_2_4_mask","27"
"monk_male","3","generated_from_2_4_mask","27"
"monk_male","5","generated_from_2_4_mask","27"
"monk_male","6","generated_from_2_4_mask","27"
"monk_male","7","generated_from_2_4_mask","27"
"monk_male","8","generated_from_2_4_mask","27"
"monk_male","9","generated_from_2_4_mask","27"
"monk_male","10","generated_from_2_4_mask","27"
"monk_male","11","generated_from_2_4_mask","27"
"monk_male","12","generated_from_2_4_mask","27"
"monk_male","13","generated_from_2_4_mask","27"
"monk_male","14","generated_from_2_4_mask","27"
"monk_male","15","generated_from_2_4_mask","27"
"monk_male","16","generated_from_2_4_mask","27"
"monk_male","17","generated_from_2_4_mask","27"
"monk_male","18","generated_from_2_4_mask","27"
"monk_male","19","generated_from_2_4_mask","27"
"monk_male","20","generated_from_2_4_mask","27"
"monk_male_riding","1","generated_from_2_4_mask","27"
"monk_male_riding","3","generated_from_2_4_mask","27"
"monk_male_riding","5","generated_from_2_4_mask","27"
"monk_male_riding","6","generated_from_2_4_mask","27"
"monk_male_riding","7","generated_from_2_4_mask","27"
"monk_male_riding","8","generated_from_2_4_mask","27"
"monk_male_riding","9","generated_from_2_4_mask","27"
"monk_male_riding","10","generated_from_2_4_mask","27"
"monk_male_riding","11","generated_from_2_4_mask","27"
"monk_male_riding","12","generated_from_2_4_mask","27"
"monk_male_riding","13","generated_from_2_4_mask","27"
"monk_male_riding","14","generated_from_2_4_mask","27"
"monk_male_riding","15","generated_from_2_4_mask","27"
"monk_male_riding","16","generated_from_2_4_mask","27"
"monk_male_riding","17","generated_from_2_4_mask","27"
"monk_male_riding","18","generated_from_2_4_mask","27"
"monk_male_riding","19","generated_from_2_4_mask","27"
"monk_male_riding","20","generated_from_2_4_mask","27"
"ostrich_archer_female","1","generated_from_2_4_mask","35"
"ostrich_archer_female","3","generated_from_2_4_mask","35"
"ostrich_archer_female","5","generated_from_2_4_mask","35"
"ostrich_archer_female","6","generated_from_2_4_mask","35"
"ostrich_archer_female","7","generated_from_2_4_mask","35"
"ostrich_archer_female","8","generated_from_2_4_mask","35"
"ostrich_archer_female","9","generated_from_2_4_mask","35"
"ostrich_archer_female","10","generated_from_2_4_mask","35"
"ostrich_archer_female","11","generated_from_2_4_mask","35"
"ostrich_archer_female","12","generated_from_2_4_mask","35"
"ostrich_archer_female","13","generated_from_2_4_mask","35"
"ostrich_archer_female","14","generated_from_2_4_mask","35"
"ostrich_archer_female","15","generated_from_2_4_mask","35"
"ostrich_archer_female","16","generated_from_2_4_mask","35"
"ostrich_archer_female","17","generated_from_2_4_mask","35"
"ostrich_archer_female","18","generated_from_2_4_mask","35"
"ostrich_archer_female","19","generated_from_2_4_mask","35"
"ostrich_archer_female","20","generated_from_2_4_mask","35"
"ostrich_archer_male","1","generated_from_2_4_mask","42"
"ostrich_archer_male","3","generated_from_2_4_mask","42"
"ostrich_archer_male","5","generated_from_2_4_mask","42"
"ostrich_archer_male","6","generated_from_2_4_mask","42"
"ostrich_archer_male","7","generated_from_2_4_mask","42"
"ostrich_archer_male","8","generated_from_2_4_mask","42"
"ostrich_archer_male","9","generated_from_2_4_mask","42"
"ostrich_archer_male","10","generated_from_2_4_mask","42"
"ostrich_archer_male","11","generated_from_2_4_mask","42"
"ostrich_archer_male","12","generated_from_2_4_mask","42"
"ostrich_archer_male","13","generated_from_2_4_mask","42"
"ostrich_archer_male","14","generated_from_2_4_mask","42"
"ostrich_archer_male","15","generated_from_2_4_mask","42"
"ostrich_archer_male","16","generated_from_2_4_mask","42"
"ostrich_archer_male","17","generated_from_2_4_mask","42"
"ostrich_archer_male","18","generated_from_2_4_mask","42"
"ostrich_archer_male","19","generated_from_2_4_mask","42"
"ostrich_archer_male","20","generated_from_2_4_mask","42"
"ostrich_bard_female","1","generated_from_2_4_mask","31"
"ostrich_bard_female","3","generated_from_2_4_mask","31"
"ostrich_bard_female","5","generated_from_2_4_mask","31"
"ostrich_bard_female","6","generated_from_2_4_mask","31"
"ostrich_bard_female","7","generated_from_2_4_mask","31"
"ostrich_bard_female","8","generated_from_2_4_mask","31"
"ostrich_bard_female","9","generated_from_2_4_mask","31"
"ostrich_bard_female","10","generated_from_2_4_mask","31"
"ostrich_bard_female","11","generated_from_2_4_mask","31"
"ostrich_bard_female","12","generated_from_2_4_mask","31"
"ostrich_bard_female","13","generated_from_2_4_mask","31"
"ostrich_bard_female","14","generated_from_2_4_mask","31"
"ostrich_bard_female","15","generated_from_2_4_mask","31"
"ostrich_bard_female","16","generated_from_2_4_mask","31"
"ostrich_bard_female","17","generated_from_2_4_mask","31"
"ostrich_bard_female","18","generated_from_2_4_mask","31"
"ostrich_bard_female","19","generated_from_2_4_mask","31"
"ostrich_bard_female","20","generated_from_2_4_mask","31"
"ostrich_bard_male","1","generated_from_2_4_mask","47"
"ostrich_bard_male","3","generated_from_2_4_mask","47"
"ostrich_bard_male","5","generated_from_2_4_mask","47"
"ostrich_bard_male","6","generated_from_2_4_mask","47"
"ostrich_bard_male","7","generated_from_2_4_mask","47"
"ostrich_bard_male","8","generated_from_2_4_mask","47"
"ostrich_bard_male","9","generated_from_2_4_mask","47"
"ostrich_bard_male","10","generated_from_2_4_mask","47"
"ostrich_bard_male","11","generated_from_2_4_mask","47"
"ostrich_bard_male","12","generated_from_2_4_mask","47"
"ostrich_bard_male","13","generated_from_2_4_mask","47"
"ostrich_bard_male","14","generated_from_2_4_mask","47"
"ostrich_bard_male","15","generated_from_2_4_mask","47"
"ostrich_bard_male","16","generated_from_2_4_mask","47"
"ostrich_bard_male","17","generated_from_2_4_mask","47"
"ostrich_bard_male","18","generated_from_2_4_mask","47"
"ostrich_bard_male","19","generated_from_2_4_mask","47"
"ostrich_bard_male","20","generated_from_2_4_mask","47"
"ostrich_clown_male","1","generated_from_2_4_mask","42"
"ostrich_clown_male","3","generated_from_2_4_mask","42"
"ostrich_clown_male","5","generated_from_2_4_mask","42"
"ostrich_clown_male","6","generated_from_2_4_mask","42"
"ostrich_clown_male","7","generated_from_2_4_mask","42"
"ostrich_clown_male","8","generated_from_2_4_mask","42"
"ostrich_clown_male","9","generated_from_2_4_mask","42"
"ostrich_clown_male","10","generated_from_2_4_mask","42"
"ostrich_clown_male","11","generated_from_2_4_mask","42"
"ostrich_clown_male","12","generated_from_2_4_mask","42"
"ostrich_clown_male","13","generated_from_2_4_mask","42"
"ostrich_clown_male","14","generated_from_2_4_mask","42"
"ostrich_clown_male","15","generated_from_2_4_mask","42"
"ostrich_clown_male","16","generated_from_2_4_mask","42"
"ostrich_clown_male","17","generated_from_2_4_mask","42"
"ostrich_clown_male","18","generated_from_2_4_mask","42"
"ostrich_clown_male","19","generated_from_2_4_mask","42"
"ostrich_clown_male","20","generated_from_2_4_mask","42"
"ostrich_dancer_female","1","generated_from_2_4_mask","31"
"ostrich_dancer_female","3","generated_from_2_4_mask","31"
"ostrich_dancer_female","5","generated_from_2_4_mask","31"
"ostrich_dancer_female","6","generated_from_2_4_mask","31"
"ostrich_dancer_female","7","generated_from_2_4_mask","31"
"ostrich_dancer_female","8","generated_from_2_4_mask","31"
"ostrich_dancer_female","9","generated_from_2_4_mask","31"
"ostrich_dancer_female","10","generated_from_2_4_mask","31"
"ostrich_dancer_female","11","generated_from_2_4_mask","31"
"ostrich_dancer_female","12","generated_from_2_4_mask","31"
"ostrich_dancer_female","13","generated_from_2_4_mask","31"
"ostrich_dancer_female","14","generated_from_2_4_mask","31"
"ostrich_dancer_female","15","generated_from_2_4_mask","31"
"ostrich_dancer_female","16","generated_from_2_4_mask","31"
"ostrich_dancer_female","17","generated_from_2_4_mask","31"
"ostrich_dancer_female","18","generated_from_2_4_mask","31"
"ostrich_dancer_female","19","generated_from_2_4_mask","31"
"ostrich_dancer_female","20","generated_from_2_4_mask","31"
"ostrich_dancer_male","1","generated_from_2_4_mask","47"
"ostrich_dancer_male","3","generated_from_2_4_mask","47"
"ostrich_dancer_male","5","generated_from_2_4_mask","47"
"ostrich_dancer_male","6","generated_from_2_4_mask","47"
"ostrich_dancer_male","7","generated_from_2_4_mask","47"
"ostrich_dancer_male","8","generated_from_2_4_mask","47"
"ostrich_dancer_male","9","generated_from_2_4_mask","47"
"ostrich_dancer_male","10","generated_from_2_4_mask","47"
"ostrich_dancer_male","11","generated_from_2_4_mask","47"
"ostrich_dancer_male","12","generated_from_2_4_mask","47"
"ostrich_dancer_male","13","generated_from_2_4_mask","47"
"ostrich_dancer_male","14","generated_from_2_4_mask","47"
"ostrich_dancer_male","15","generated_from_2_4_mask","47"
"ostrich_dancer_male","16","generated_from_2_4_mask","47"
"ostrich_dancer_male","17","generated_from_2_4_mask","47"
"ostrich_dancer_male","18","generated_from_2_4_mask","47"
"ostrich_dancer_male","19","generated_from_2_4_mask","47"
"ostrich_dancer_male","20","generated_from_2_4_mask","47"
"ostrich_hunter_female","1","generated_from_2_4_mask","46"
"ostrich_hunter_female","3","generated_from_2_4_mask","46"
"ostrich_hunter_female","5","generated_from_2_4_mask","46"
"ostrich_hunter_female","6","generated_from_2_4_mask","46"
"ostrich_hunter_female","7","generated_from_2_4_mask","46"
"ostrich_hunter_female","8","generated_from_2_4_mask","46"
"ostrich_hunter_female","9","generated_from_2_4_mask","46"
"ostrich_hunter_female","10","generated_from_2_4_mask","46"
"ostrich_hunter_female","11","generated_from_2_4_mask","46"
"ostrich_hunter_female","12","generated_from_2_4_mask","46"
"ostrich_hunter_female","13","generated_from_2_4_mask","46"
"ostrich_hunter_female","14","generated_from_2_4_mask","46"
"ostrich_hunter_female","15","generated_from_2_4_mask","46"
"ostrich_hunter_female","16","generated_from_2_4_mask","46"
"ostrich_hunter_female","17","generated_from_2_4_mask","46"
"ostrich_hunter_female","18","generated_from_2_4_mask","46"
"ostrich_hunter_female","19","generated_from_2_4_mask","46"
"ostrich_hunter_female","20","generated_from_2_4_mask","46"
"ostrich_hunter_male","1","generated_from_2_4_mask","40"
"ostrich_hunter_male","3","generated_from_2_4_mask","40"
"ostrich_hunter_male","5","generated_from_2_4_mask","40"
"ostrich_hunter_male","6","generated_from_2_4_mask","40"
"ostrich_hunter_male","7","generated_from_2_4_mask","40"
"ostrich_hunter_male","8","generated_from_2_4_mask","40"
"ostrich_hunter_male","9","generated_from_2_4_mask","40"
"ostrich_hunter_male","10","generated_from_2_4_mask","40"
"ostrich_hunter_male","11","generated_from_2_4_mask","40"
"ostrich_hunter_male","12","generated_from_2_4_mask","40"
"ostrich_hunter_male","13","generated_from_2_4_mask","40"
"ostrich_hunter_male","14","generated_from_2_4_mask","40"
"ostrich_hunter_male","15","generated_from_2_4_mask","40"
"ostrich_hunter_male","16","generated_from_2_4_mask","40"
"ostrich_hunter_male","17","generated_from_2_4_mask","40"
"ostrich_hunter_male","18","generated_from_2_4_mask","40"
"ostrich_hunter_male","19","generated_from_2_4_mask","40"
"ostrich_hunter_male","20","generated_from_2_4_mask","40"
"ostrich_sniper_female","1","generated_from_2_4_mask","52"
"ostrich_sniper_female","3","generated_from_2_4_mask","52"
"ostrich_sniper_female","5","generated_from_2_4_mask","52"
"ostrich_sniper_female","6","generated_from_2_4_mask","52"
"ostrich_sniper_female","7","generated_from_2_4_mask","52"
"ostrich_sniper_female","8","generated_from_2_4_mask","52"
"ostrich_sniper_female","9","generated_from_2_4_mask","52"
"ostrich_sniper_female","10","generated_from_2_4_mask","52"
"ostrich_sniper_female","11","generated_from_2_4_mask","52"
"ostrich_sniper_female","12","generated_from_2_4_mask","52"
"ostrich_sniper_female","13","generated_from_2_4_mask","52"
"ostrich_sniper_female","14","generated_from_2_4_mask","52"
"ostrich_sniper_female","15","generated_from_2_4_mask","52"
"ostrich_sniper_female","16","generated_from_2_4_mask","52"
"ostrich_sniper_female","17","generated_from_2_4_mask","52"
"ostrich_sniper_female","18","generated_from_2_4_mask","52"
"ostrich_sniper_female","19","generated_from_2_4_mask","52"
"ostrich_sniper_female","20","generated_from_2_4_mask","52"
"ostrich_sniper_male","1","generated_from_2_4_mask","41"
"ostrich_sniper_male","3","generated_from_2_4_mask","41"
"ostrich_sniper_male","5","generated_from_2_4_mask","41"
"ostrich_sniper_male","6","generated_from_2_4_mask","41"
"ostrich_sniper_male","7","generated_from_2_4_mask","41"
"ostrich_sniper_male","8","generated_from_2_4_mask","41"
"ostrich_sniper_male","9","generated_from_2_4_mask","41"
"ostrich_sniper_male","10","generated_from_2_4_mask","41"
"ostrich_sniper_male","11","generated_from_2_4_mask","41"
"ostrich_sniper_male","12","generated_from_2_4_mask","41"
"ostrich_sniper_male","13","generated_from_2_4_mask","41"
"ostrich_sniper_male","14","generated_from_2_4_mask","41"
"ostrich_sniper_male","15","generated_from_2_4_mask","41"
"ostrich_sniper_male","16","generated_from_2_4_mask","41"
"ostrich_sniper_male","17","generated_from_2_4_mask","41"
"ostrich_sniper_male","18","generated_from_2_4_mask","41"
"ostrich_sniper_male","19","generated_from_2_4_mask","41"
"ostrich_sniper_male","20","generated_from_2_4_mask","41"
"paladin_female","1","generated_from_2_4_mask","54"
"paladin_female","3","generated_from_2_4_mask","54"
"paladin_female","5","generated_from_2_4_mask","54"
"paladin_female","6","generated_from_2_4_mask","54"
"paladin_female","7","generated_from_2_4_mask","54"
"paladin_female","8","generated_from_2_4_mask","54"
"paladin_female","9","generated_from_2_4_mask","54"
"paladin_female","10","generated_from_2_4_mask","54"
"paladin_female","11","generated_from_2_4_mask","54"
"paladin_female","12","generated_from_2_4_mask","54"
"paladin_female","13","generated_from_2_4_mask","54"
"paladin_female","14","generated_from_2_4_mask","54"
"paladin_female","15","generated_from_2_4_mask","54"
"paladin_female","16","generated_from_2_4_mask","54"
"paladin_female","17","generated_from_2_4_mask","54"
"paladin_female","18","generated_from_2_4_mask","54"
"paladin_female","19","generated_from_2_4_mask","54"
"paladin_female","20","generated_from_2_4_mask","54"
"paladin_male","1","generated_from_2_4_mask","51"
"paladin_male","3","generated_from_2_4_mask","51"
"paladin_male","5","generated_from_2_4_mask","51"
"paladin_male","6","generated_from_2_4_mask","51"
"paladin_male","7","generated_from_2_4_mask","51"
"paladin_male","8","generated_from_2_4_mask","51"
"paladin_male","9","generated_from_2_4_mask","51"
"paladin_male","10","generated_from_2_4_mask","51"
"paladin_male","11","generated_from_2_4_mask","51"
"paladin_male","12","generated_from_2_4_mask","51"
"paladin_male","13","generated_from_2_4_mask","51"
"paladin_male","14","generated_from_2_4_mask","51"
"paladin_male","15","generated_from_2_4_mask","51"
"paladin_male","16","generated_from_2_4_mask","51"
"paladin_male","17","generated_from_2_4_mask","51"
"paladin_male","18","generated_from_2_4_mask","51"
"paladin_male","19","generated_from_2_4_mask","51"
"paladin_male","20","generated_from_2_4_mask","51"
"peco_paladin_female","1","generated_from_2_4_mask","47"
"peco_paladin_female","3","generated_from_2_4_mask","47"
"peco_paladin_female","5","generated_from_2_4_mask","47"
"peco_paladin_female","6","generated_from_2_4_mask","47"
"peco_paladin_female","7","generated_from_2_4_mask","47"
"peco_paladin_female","8","generated_from_2_4_mask","47"
"peco_paladin_female","9","generated_from_2_4_mask","47"
"peco_paladin_female","10","generated_from_2_4_mask","47"
"peco_paladin_female","11","generated_from_2_4_mask","47"
"peco_paladin_female","12","generated_from_2_4_mask","47"
"peco_paladin_female","13","generated_from_2_4_mask","47"
"peco_paladin_female","14","generated_from_2_4_mask","47"
"peco_paladin_female","15","generated_from_2_4_mask","47"
"peco_paladin_female","16","generated_from_2_4_mask","47"
"peco_paladin_female","17","generated_from_2_4_mask","47"
"peco_paladin_female","18","generated_from_2_4_mask","47"
"peco_paladin_female","19","generated_from_2_4_mask","47"
"peco_paladin_female","20","generated_from_2_4_mask","47"
"peco_paladin_male","1","generated_from_2_4_mask","51"
"peco_paladin_male","3","generated_from_2_4_mask","51"
"peco_paladin_male","5","generated_from_2_4_mask","51"
"peco_paladin_male","6","generated_from_2_4_mask","51"
"peco_paladin_male","7","generated_from_2_4_mask","51"
"peco_paladin_male","8","generated_from_2_4_mask","51"
"peco_paladin_male","9","generated_from_2_4_mask","51"
"peco_paladin_male","10","generated_from_2_4_mask","51"
"peco_paladin_male","11","generated_from_2_4_mask","51"
"peco_paladin_male","12","generated_from_2_4_mask","51"
"peco_paladin_male","13","generated_from_2_4_mask","51"
"peco_paladin_male","14","generated_from_2_4_mask","51"
"peco_paladin_male","15","generated_from_2_4_mask","51"
"peco_paladin_male","16","generated_from_2_4_mask","51"
"peco_paladin_male","17","generated_from_2_4_mask","51"
"peco_paladin_male","18","generated_from_2_4_mask","51"
"peco_paladin_male","19","generated_from_2_4_mask","51"
"peco_paladin_male","20","generated_from_2_4_mask","51"
"peco_swordman_female","1","generated_from_2_4_mask","41"
"peco_swordman_female","3","generated_from_2_4_mask","41"
"peco_swordman_female","5","generated_from_2_4_mask","41"
"peco_swordman_female","6","generated_from_2_4_mask","41"
"peco_swordman_female","7","generated_from_2_4_mask","41"
"peco_swordman_female","8","generated_from_2_4_mask","41"
"peco_swordman_female","9","generated_from_2_4_mask","41"
"peco_swordman_female","10","generated_from_2_4_mask","41"
"peco_swordman_female","11","generated_from_2_4_mask","41"
"peco_swordman_female","12","generated_from_2_4_mask","41"
"peco_swordman_female","13","generated_from_2_4_mask","41"
"peco_swordman_female","14","generated_from_2_4_mask","41"
"peco_swordman_female","15","generated_from_2_4_mask","41"
"peco_swordman_female","16","generated_from_2_4_mask","41"
"peco_swordman_female","17","generated_from_2_4_mask","41"
"peco_swordman_female","18","generated_from_2_4_mask","41"
"peco_swordman_female","19","generated_from_2_4_mask","41"
"peco_swordman_female","20","generated_from_2_4_mask","41"
"peco_swordman_male","1","generated_from_2_4_mask","47"
"peco_swordman_male","3","generated_from_2_4_mask","47"
"peco_swordman_male","5","generated_from_2_4_mask","47"
"peco_swordman_male","6","generated_from_2_4_mask","47"
"peco_swordman_male","7","generated_from_2_4_mask","47"
"peco_swordman_male","8","generated_from_2_4_mask","47"
"peco_swordman_male","9","generated_from_2_4_mask","47"
"peco_swordman_male","10","generated_from_2_4_mask","47"
"peco_swordman_male","11","generated_from_2_4_mask","47"
"peco_swordman_male","12","generated_from_2_4_mask","47"
"peco_swordman_male","13","generated_from_2_4_mask","47"
"peco_swordman_male","14","generated_from_2_4_mask","47"
"peco_swordman_male","15","generated_from_2_4_mask","47"
"peco_swordman_male","16","generated_from_2_4_mask","47"
"peco_swordman_male","17","generated_from_2_4_mask","47"
"peco_swordman_male","18","generated_from_2_4_mask","47"
"peco_swordman_male","19","generated_from_2_4_mask","47"
"peco_swordman_male","20","generated_from_2_4_mask","47"
"priest_female","1","generated_from_2_4_mask","21"
"priest_female","3","generated_from_2_4_mask","21"
"priest_female","5","generated_from_2_4_mask","21"
"priest_female","6","generated_from_2_4_mask","21"
"priest_female","7","generated_from_2_4_mask","21"
"priest_female","8","generated_from_2_4_mask","21"
"priest_female","9","generated_from_2_4_mask","21"
"priest_female","10","generated_from_2_4_mask","21"
"priest_female","11","generated_from_2_4_mask","21"
"priest_female","12","generated_from_2_4_mask","21"
"priest_female","13","generated_from_2_4_mask","21"
"priest_female","14","generated_from_2_4_mask","21"
"priest_female","15","generated_from_2_4_mask","21"
"priest_female","16","generated_from_2_4_mask","21"
"priest_female","17","generated_from_2_4_mask","21"
"priest_female","18","generated_from_2_4_mask","21"
"priest_female","19","generated_from_2_4_mask","21"
"priest_female","20","generated_from_2_4_mask","21"
"priest_female_riding","1","generated_from_2_4_mask","21"
"priest_female_riding","3","generated_from_2_4_mask","21"
"priest_female_riding","5","generated_from_2_4_mask","21"
"priest_female_riding","6","generated_from_2_4_mask","21"
"priest_female_riding","7","generated_from_2_4_mask","21"
"priest_female_riding","8","generated_from_2_4_mask","21"
"priest_female_riding","9","generated_from_2_4_mask","21"
"priest_female_riding","10","generated_from_2_4_mask","21"
"priest_female_riding","11","generated_from_2_4_mask","21"
"priest_female_riding","12","generated_from_2_4_mask","21"
"priest_female_riding","13","generated_from_2_4_mask","21"
"priest_female_riding","14","generated_from_2_4_mask","21"
"priest_female_riding","15","generated_from_2_4_mask","21"
"priest_female_riding","16","generated_from_2_4_mask","21"
"priest_female_riding","17","generated_from_2_4_mask","21"
"priest_female_riding","18","generated_from_2_4_mask","21"
"priest_female_riding","19","generated_from_2_4_mask","21"
"priest_female_riding","20","generated_from_2_4_mask","21"
"priest_male","1","generated_from_2_4_mask","18"
"priest_male","3","generated_from_2_4_mask","18"
"priest_male","5","generated_from_2_4_mask","18"
"priest_male","6","generated_from_2_4_mask","18"
"priest_male","7","generated_from_2_4_mask","18"
"priest_male","8","generated_from_2_4_mask","18"
"priest_male","9","generated_from_2_4_mask","18"
"priest_male","10","generated_from_2_4_mask","18"
"priest_male","11","generated_from_2_4_mask","18"
"priest_male","12","generated_from_2_4_mask","18"
"priest_male","13","generated_from_2_4_mask","18"
"priest_male","14","generated_from_2_4_mask","18"
"priest_male","15","generated_from_2_4_mask","18"
"priest_male","16","generated_from_2_4_mask","18"
"priest_male","17","generated_from_2_4_mask","18"
"priest_male","18","generated_from_2_4_mask","18"
"priest_male","19","generated_from_2_4_mask","18"
"priest_male","20","generated_from_2_4_mask","18"
"priest_male_riding","1","generated_from_2_4_mask","18"
"priest_male_riding","3","generated_from_2_4_mask","18"
"priest_male_riding","5","generated_from_2_4_mask","18"
"priest_male_riding","6","generated_from_2_4_mask","18"
"priest_male_riding","7","generated_from_2_4_mask","18"
"priest_male_riding","8","generated_from_2_4_mask","18"
"priest_male_riding","9","generated_from_2_4_mask","18"
"priest_male_riding","10","generated_from_2_4_mask","18"
"priest_male_riding","11","generated_from_2_4_mask","18"
"priest_male_riding","12","generated_from_2_4_mask","18"
"priest_male_riding","13","generated_from_2_4_mask","18"
"priest_male_riding","14","generated_from_2_4_mask","18"
"priest_male_riding","15","generated_from_2_4_mask","18"
"priest_male_riding","16","generated_from_2_4_mask","18"
"priest_male_riding","17","generated_from_2_4_mask","18"
"priest_male_riding","18","generated_from_2_4_mask","18"
"priest_male_riding","19","generated_from_2_4_mask","18"
"priest_male_riding","20","generated_from_2_4_mask","18"
"professor_female","1","generated_from_2_4_mask","48"
"professor_female","3","generated_from_2_4_mask","48"
"professor_female","5","generated_from_2_4_mask","48"
"professor_female","6","generated_from_2_4_mask","48"
"professor_female","7","generated_from_2_4_mask","48"
"professor_female","8","generated_from_2_4_mask","48"
"professor_female","9","generated_from_2_4_mask","48"
"professor_female","10","generated_from_2_4_mask","48"
"professor_female","11","generated_from_2_4_mask","48"
"professor_female","12","generated_from_2_4_mask","48"
"professor_female","13","generated_from_2_4_mask","48"
"professor_female","14","generated_from_2_4_mask","48"
"professor_female","15","generated_from_2_4_mask","48"
"professor_female","16","generated_from_2_4_mask","48"
"professor_female","17","generated_from_2_4_mask","48"
"professor_female","18","generated_from_2_4_mask","48"
"professor_female","19","generated_from_2_4_mask","48"
"professor_female","20","generated_from_2_4_mask","48"
"professor_male","1","generated_from_2_4_mask","51"
"professor_male","3","generated_from_2_4_mask","51"
"professor_male","5","generated_from_2_4_mask","51"
"professor_male","6","generated_from_2_4_mask","51"
"professor_male","7","generated_from_2_4_mask","51"
"professor_male","8","generated_from_2_4_mask","51"
"professor_male","9","generated_from_2_4_mask","51"
"professor_male","10","generated_from_2_4_mask","51"
"professor_male","11","generated_from_2_4_mask","51"
"professor_male","12","generated_from_2_4_mask","51"
"professor_male","13","generated_from_2_4_mask","51"
"professor_male","14","generated_from_2_4_mask","51"
"professor_male","15","generated_from_2_4_mask","51"
"professor_male","16","generated_from_2_4_mask","51"
"professor_male","17","generated_from_2_4_mask","51"
"professor_male","18","generated_from_2_4_mask","51"
"professor_male","19","generated_from_2_4_mask","51"
"professor_male","20","generated_from_2_4_mask","51"
"rogue_female","1","generated_from_2_4_mask","33"
"rogue_female","3","generated_from_2_4_mask","33"
"rogue_female","5","generated_from_2_4_mask","33"
"rogue_female","6","generated_from_2_4_mask","33"
"rogue_female","7","generated_from_2_4_mask","33"
"rogue_female","8","generated_from_2_4_mask","33"
"rogue_female","9","generated_from_2_4_mask","33"
"rogue_female","10","generated_from_2_4_mask","33"
"rogue_female","11","generated_from_2_4_mask","33"
"rogue_female","12","generated_from_2_4_mask","33"
"rogue_female","13","generated_from_2_4_mask","33"
"rogue_female","14","generated_from_2_4_mask","33"
"rogue_female","15","generated_from_2_4_mask","33"
"rogue_female","16","generated_from_2_4_mask","33"
"rogue_female","17","generated_from_2_4_mask","33"
"rogue_female","18","generated_from_2_4_mask","33"
"rogue_female","19","generated_from_2_4_mask","33"
"rogue_female","20","generated_from_2_4_mask","33"
"rogue_male","1","generated_from_2_4_mask","33"
"rogue_male","3","generated_from_2_4_mask","33"
"rogue_male","5","generated_from_2_4_mask","33"
"rogue_male","6","generated_from_2_4_mask","33"
"rogue_male","7","generated_from_2_4_mask","33"
"rogue_male","8","generated_from_2_4_mask","33"
"rogue_male","9","generated_from_2_4_mask","33"
"rogue_male","10","generated_from_2_4_mask","33"
"rogue_male","11","generated_from_2_4_mask","33"
"rogue_male","12","generated_from_2_4_mask","33"
"rogue_male","13","generated_from_2_4_mask","33"
"rogue_male","14","generated_from_2_4_mask","33"
"rogue_male","15","generated_from_2_4_mask","33"
"rogue_male","16","generated_from_2_4_mask","33"
"rogue_male","17","generated_from_2_4_mask","33"
"rogue_male","18","generated_from_2_4_mask","33"
"rogue_male","19","generated_from_2_4_mask","33"
"rogue_male","20","generated_from_2_4_mask","33"
"sage_female","1","generated_from_2_4_mask","49"
"sage_female","3","generated_from_2_4_mask","49"
"sage_female","5","generated_from_2_4_mask","49"
"sage_female","6","generated_from_2_4_mask","49"
"sage_female","7","generated_from_2_4_mask","49"
"sage_female","8","generated_from_2_4_mask","49"
"sage_female","9","generated_from_2_4_mask","49"
"sage_female","10","generated_from_2_4_mask","49"
"sage_female","11","generated_from_2_4_mask","49"
"sage_female","12","generated_from_2_4_mask","49"
"sage_female","13","generated_from_2_4_mask","49"
"sage_female","14","generated_from_2_4_mask","49"
"sage_female","15","generated_from_2_4_mask","49"
"sage_female","16","generated_from_2_4_mask","49"
"sage_female","17","generated_from_2_4_mask","49"
"sage_female","18","generated_from_2_4_mask","49"
"sage_female","19","generated_from_2_4_mask","49"
"sage_female","20","generated_from_2_4_mask","49"
"sage_male","1","generated_from_2_4_mask","71"
"sage_male","3","generated_from_2_4_mask","71"
"sage_male","5","generated_from_2_4_mask","71"
"sage_male","6","generated_from_2_4_mask","71"
"sage_male","7","generated_from_2_4_mask","71"
"sage_male","8","generated_from_2_4_mask","71"
"sage_male","9","generated_from_2_4_mask","71"
"sage_male","10","generated_from_2_4_mask","71"
"sage_male","11","generated_from_2_4_mask","71"
"sage_male","12","generated_from_2_4_mask","71"
"sage_male","13","generated_from_2_4_mask","71"
"sage_male","14","generated_from_2_4_mask","71"
"sage_male","15","generated_from_2_4_mask","71"
"sage_male","16","generated_from_2_4_mask","71"
"sage_male","17","generated_from_2_4_mask","71"
"sage_male","18","generated_from_2_4_mask","71"
"sage_male","19","generated_from_2_4_mask","71"
"sage_male","20","generated_from_2_4_mask","71"
"sniper_female","1","generated_from_2_4_mask","52"
"sniper_female","3","generated_from_2_4_mask","52"
"sniper_female","5","generated_from_2_4_mask","52"
"sniper_female","6","generated_from_2_4_mask","52"
"sniper_female","7","generated_from_2_4_mask","52"
"sniper_female","8","generated_from_2_4_mask","52"
"sniper_female","9","generated_from_2_4_mask","52"
"sniper_female","10","generated_from_2_4_mask","52"
"sniper_female","11","generated_from_2_4_mask","52"
"sniper_female","12","generated_from_2_4_mask","52"
"sniper_female","13","generated_from_2_4_mask","52"
"sniper_female","14","generated_from_2_4_mask","52"
"sniper_female","15","generated_from_2_4_mask","52"
"sniper_female","16","generated_from_2_4_mask","52"
"sniper_female","17","generated_from_2_4_mask","52"
"sniper_female","18","generated_from_2_4_mask","52"
"sniper_female","19","generated_from_2_4_mask","52"
"sniper_female","20","generated_from_2_4_mask","52"
"sniper_male","1","generated_from_2_4_mask","41"
"sniper_male","3","generated_from_2_4_mask","41"
"sniper_male","5","generated_from_2_4_mask","41"
"sniper_male","6","generated_from_2_4_mask","41"
"sniper_male","7","generated_from_2_4_mask","41"
"sniper_male","8","generated_from_2_4_mask","41"
"sniper_male","9","generated_from_2_4_mask","41"
"sniper_male","10","generated_from_2_4_mask","41"
"sniper_male","11","generated_from_2_4_mask","41"
"sniper_male","12","generated_from_2_4_mask","41"
"sniper_male","13","generated_from_2_4_mask","41"
"sniper_male","14","generated_from_2_4_mask","41"
"sniper_male","15","generated_from_2_4_mask","41"
"sniper_male","16","generated_from_2_4_mask","41"
"sniper_male","17","generated_from_2_4_mask","41"
"sniper_male","18","generated_from_2_4_mask","41"
"sniper_male","19","generated_from_2_4_mask","41"
"sniper_male","20","generated_from_2_4_mask","41"
"stalker_female","1","generated_from_2_4_mask","39"
"stalker_female","3","generated_from_2_4_mask","39"
"stalker_female","5","generated_from_2_4_mask","39"
"stalker_female","6","generated_from_2_4_mask","39"
"stalker_female","7","generated_from_2_4_mask","39"
"stalker_female","8","generated_from_2_4_mask","39"
"stalker_female","9","generated_from_2_4_mask","39"
"stalker_female","10","generated_from_2_4_mask","39"
"stalker_female","11","generated_from_2_4_mask","39"
"stalker_female","12","generated_from_2_4_mask","39"
"stalker_female","13","generated_from_2_4_mask","39"
"stalker_female","14","generated_from_2_4_mask","39"
"stalker_female","15","generated_from_2_4_mask","39"
"stalker_female","16","generated_from_2_4_mask","39"
"stalker_female","17","generated_from_2_4_mask","39"
"stalker_female","18","generated_from_2_4_mask","39"
"stalker_female","19","generated_from_2_4_mask","39"
"stalker_female","20","generated_from_2_4_mask","39"
"stalker_male","1","generated_from_2_4_mask","41"
"stalker_male","3","generated_from_2_4_mask","41"
"stalker_male","5","generated_from_2_4_mask","41"
"stalker_male","6","generated_from_2_4_mask","41"
"stalker_male","7","generated_from_2_4_mask","41"
"stalker_male","8","generated_from_2_4_mask","41"
"stalker_male","9","generated_from_2_4_mask","41"
"stalker_male","10","generated_from_2_4_mask","41"
"stalker_male","11","generated_from_2_4_mask","41"
"stalker_male","12","generated_from_2_4_mask","41"
"stalker_male","13","generated_from_2_4_mask","41"
"stalker_male","14","generated_from_2_4_mask","41"
"stalker_male","15","generated_from_2_4_mask","41"
"stalker_male","16","generated_from_2_4_mask","41"
"stalker_male","17","generated_from_2_4_mask","41"
"stalker_male","18","generated_from_2_4_mask","41"
"stalker_male","19","generated_from_2_4_mask","41"
"stalker_male","20","generated_from_2_4_mask","41"
"super_novice_female","1","generated_from_2_4_mask","24"
"super_novice_female","3","generated_from_2_4_mask","24"
"super_novice_female","5","generated_from_2_4_mask","24"
"super_novice_female","6","generated_from_2_4_mask","24"
"super_novice_female","7","generated_from_2_4_mask","24"
"super_novice_female","8","generated_from_2_4_mask","24"
"super_novice_female","9","generated_from_2_4_mask","24"
"super_novice_female","10","generated_from_2_4_mask","24"
"super_novice_female","11","generated_from_2_4_mask","24"
"super_novice_female","12","generated_from_2_4_mask","24"
"super_novice_female","13","generated_from_2_4_mask","24"
"super_novice_female","14","generated_from_2_4_mask","24"
"super_novice_female","15","generated_from_2_4_mask","24"
"super_novice_female","16","generated_from_2_4_mask","24"
"super_novice_female","17","generated_from_2_4_mask","24"
"super_novice_female","18","generated_from_2_4_mask","24"
"super_novice_female","19","generated_from_2_4_mask","24"
"super_novice_female","20","generated_from_2_4_mask","24"
"super_novice_female_riding","1","generated_from_2_4_mask","24"
"super_novice_female_riding","3","generated_from_2_4_mask","24"
"super_novice_female_riding","5","generated_from_2_4_mask","24"
"super_novice_female_riding","6","generated_from_2_4_mask","24"
"super_novice_female_riding","7","generated_from_2_4_mask","24"
"super_novice_female_riding","8","generated_from_2_4_mask","24"
"super_novice_female_riding","9","generated_from_2_4_mask","24"
"super_novice_female_riding","10","generated_from_2_4_mask","24"
"super_novice_female_riding","11","generated_from_2_4_mask","24"
"super_novice_female_riding","12","generated_from_2_4_mask","24"
"super_novice_female_riding","13","generated_from_2_4_mask","24"
"super_novice_female_riding","14","generated_from_2_4_mask","24"
"super_novice_female_riding","15","generated_from_2_4_mask","24"
"super_novice_female_riding","16","generated_from_2_4_mask","24"
"super_novice_female_riding","17","generated_from_2_4_mask","24"
"super_novice_female_riding","18","generated_from_2_4_mask","24"
"super_novice_female_riding","19","generated_from_2_4_mask","24"
"super_novice_female_riding","20","generated_from_2_4_mask","24"
"super_novice_male","1","generated_from_2_4_mask","33"
"super_novice_male","3","generated_from_2_4_mask","33"
"super_novice_male","5","generated_from_2_4_mask","33"
"super_novice_male","6","generated_from_2_4_mask","33"
"super_novice_male","7","generated_from_2_4_mask","33"
"super_novice_male","8","generated_from_2_4_mask","33"
"super_novice_male","9","generated_from_2_4_mask","33"
"super_novice_male","10","generated_from_2_4_mask","33"
"super_novice_male","11","generated_from_2_4_mask","33"
"super_novice_male","12","generated_from_2_4_mask","33"
"super_novice_male","13","generated_from_2_4_mask","33"
"super_novice_male","14","generated_from_2_4_mask","33"
"super_novice_male","15","generated_from_2_4_mask","33"
"super_novice_male","16","generated_from_2_4_mask","33"
"super_novice_male","17","generated_from_2_4_mask","33"
"super_novice_male","18","generated_from_2_4_mask","33"
"super_novice_male","19","generated_from_2_4_mask","33"
"super_novice_male","20","generated_from_2_4_mask","33"
"super_novice_male_riding","1","generated_from_2_4_mask","33"
"super_novice_male_riding","3","generated_from_2_4_mask","33"
"super_novice_male_riding","5","generated_from_2_4_mask","33"
"super_novice_male_riding","6","generated_from_2_4_mask","33"
"super_novice_male_riding","7","generated_from_2_4_mask","33"
"super_novice_male_riding","8","generated_from_2_4_mask","33"
"super_novice_male_riding","9","generated_from_2_4_mask","33"
"super_novice_male_riding","10","generated_from_2_4_mask","33"
"super_novice_male_riding","11","generated_from_2_4_mask","33"
"super_novice_male_riding","12","generated_from_2_4_mask","33"
"super_novice_male_riding","13","generated_from_2_4_mask","33"
"super_novice_male_riding","14","generated_from_2_4_mask","33"
"super_novice_male_riding","15","generated_from_2_4_mask","33"
"super_novice_male_riding","16","generated_from_2_4_mask","33"
"super_novice_male_riding","17","generated_from_2_4_mask","33"
"super_novice_male_riding","18","generated_from_2_4_mask","33"
"super_novice_male_riding","19","generated_from_2_4_mask","33"
"super_novice_male_riding","20","generated_from_2_4_mask","33"
"swordman_female","1","generated_from_2_4_mask","41"
"swordman_female","3","generated_from_2_4_mask","41"
"swordman_female","5","generated_from_2_4_mask","41"
"swordman_female","6","generated_from_2_4_mask","41"
"swordman_female","7","generated_from_2_4_mask","41"
"swordman_female","8","generated_from_2_4_mask","41"
"swordman_female","9","generated_from_2_4_mask","41"
"swordman_female","10","generated_from_2_4_mask","41"
"swordman_female","11","generated_from_2_4_mask","41"
"swordman_female","12","generated_from_2_4_mask","41"
"swordman_female","13","generated_from_2_4_mask","41"
"swordman_female","14","generated_from_2_4_mask","41"
"swordman_female","15","generated_from_2_4_mask","41"
"swordman_female","16","generated_from_2_4_mask","41"
"swordman_female","17","generated_from_2_4_mask","41"
"swordman_female","18","generated_from_2_4_mask","41"
"swordman_female","19","generated_from_2_4_mask","41"
"swordman_female","20","generated_from_2_4_mask","41"
"swordman_male","1","generated_from_2_4_mask","47"
"swordman_male","3","generated_from_2_4_mask","47"
"swordman_male","5","generated_from_2_4_mask","47"
"swordman_male","6","generated_from_2_4_mask","47"
"swordman_male","7","generated_from_2_4_mask","47"
"swordman_male","8","generated_from_2_4_mask","47"
"swordman_male","9","generated_from_2_4_mask","47"
"swordman_male","10","generated_from_2_4_mask","47"
"swordman_male","11","generated_from_2_4_mask","47"
"swordman_male","12","generated_from_2_4_mask","47"
"swordman_male","13","generated_from_2_4_mask","47"
"swordman_male","14","generated_from_2_4_mask","47"
"swordman_male","15","generated_from_2_4_mask","47"
"swordman_male","16","generated_from_2_4_mask","47"
"swordman_male","17","generated_from_2_4_mask","47"
"swordman_male","18","generated_from_2_4_mask","47"
"swordman_male","19","generated_from_2_4_mask","47"
"swordman_male","20","generated_from_2_4_mask","47"
"thief_female","1","generated_from_2_4_mask","25"
"thief_female","3","generated_from_2_4_mask","25"
"thief_female","5","generated_from_2_4_mask","25"
"thief_female","6","generated_from_2_4_mask","25"
"thief_female","7","generated_from_2_4_mask","25"
"thief_female","8","generated_from_2_4_mask","25"
"thief_female","9","generated_from_2_4_mask","25"
"thief_female","10","generated_from_2_4_mask","25"
"thief_female","11","generated_from_2_4_mask","25"
"thief_female","12","generated_from_2_4_mask","25"
"thief_female","13","generated_from_2_4_mask","25"
"thief_female","14","generated_from_2_4_mask","25"
"thief_female","15","generated_from_2_4_mask","25"
"thief_female","16","generated_from_2_4_mask","25"
"thief_female","17","generated_from_2_4_mask","25"
"thief_female","18","generated_from_2_4_mask","25"
"thief_female","19","generated_from_2_4_mask","25"
"thief_female","20","generated_from_2_4_mask","25"
"thief_male","1","generated_from_2_4_mask","19"
"thief_male","3","generated_from_2_4_mask","19"
"thief_male","5","generated_from_2_4_mask","19"
"thief_male","6","generated_from_2_4_mask","19"
"thief_male","7","generated_from_2_4_mask","19"
"thief_male","8","generated_from_2_4_mask","19"
"thief_male","9","generated_from_2_4_mask","19"
"thief_male","10","generated_from_2_4_mask","19"
"thief_male","11","generated_from_2_4_mask","19"
"thief_male","12","generated_from_2_4_mask","19"
"thief_male","13","generated_from_2_4_mask","19"
"thief_male","14","generated_from_2_4_mask","19"
"thief_male","15","generated_from_2_4_mask","19"
"thief_male","16","generated_from_2_4_mask","19"
"thief_male","17","generated_from_2_4_mask","19"
"thief_male","18","generated_from_2_4_mask","19"
"thief_male","19","generated_from_2_4_mask","19"
"thief_male","20","generated_from_2_4_mask","19"
"trans_high_wizard_female","1","generated_from_2_4_mask","34"
"trans_high_wizard_female","3","generated_from_2_4_mask","34"
"trans_high_wizard_female","5","generated_from_2_4_mask","34"
"trans_high_wizard_female","6","generated_from_2_4_mask","34"
"trans_high_wizard_female","7","generated_from_2_4_mask","34"
"trans_high_wizard_female","8","generated_from_2_4_mask","34"
"trans_high_wizard_female","9","generated_from_2_4_mask","34"
"trans_high_wizard_female","10","generated_from_2_4_mask","34"
"trans_high_wizard_female","11","generated_from_2_4_mask","34"
"trans_high_wizard_female","12","generated_from_2_4_mask","34"
"trans_high_wizard_female","13","generated_from_2_4_mask","34"
"trans_high_wizard_female","14","generated_from_2_4_mask","34"
"trans_high_wizard_female","15","generated_from_2_4_mask","34"
"trans_high_wizard_female","16","generated_from_2_4_mask","34"
"trans_high_wizard_female","17","generated_from_2_4_mask","34"
"trans_high_wizard_female","18","generated_from_2_4_mask","34"
"trans_high_wizard_female","19","generated_from_2_4_mask","34"
"trans_high_wizard_female","20","generated_from_2_4_mask","34"
"trans_high_wizard_male","1","generated_from_2_4_mask","46"
"trans_high_wizard_male","3","generated_from_2_4_mask","46"
"trans_high_wizard_male","5","generated_from_2_4_mask","46"
"trans_high_wizard_male","6","generated_from_2_4_mask","46"
"trans_high_wizard_male","7","generated_from_2_4_mask","46"
"trans_high_wizard_male","8","generated_from_2_4_mask","46"
"trans_high_wizard_male","9","generated_from_2_4_mask","46"
"trans_high_wizard_male","10","generated_from_2_4_mask","46"
"trans_high_wizard_male","11","generated_from_2_4_mask","46"
"trans_high_wizard_male","12","generated_from_2_4_mask","46"
"trans_high_wizard_male","13","generated_from_2_4_mask","46"
"trans_high_wizard_male","14","generated_from_2_4_mask","46"
"trans_high_wizard_male","15","generated_from_2_4_mask","46"
"trans_high_wizard_male","16","generated_from_2_4_mask","46"
"trans_high_wizard_male","17","generated_from_2_4_mask","46"
"trans_high_wizard_male","18","generated_from_2_4_mask","46"
"trans_high_wizard_male","19","generated_from_2_4_mask","46"
"trans_high_wizard_male","20","generated_from_2_4_mask","46"
"trans_magician_female","1","generated_from_2_4_mask","59"
"trans_magician_female","3","generated_from_2_4_mask","59"
"trans_magician_female","5","generated_from_2_4_mask","59"
"trans_magician_female","6","generated_from_2_4_mask","59"
"trans_magician_female","7","generated_from_2_4_mask","59"
"trans_magician_female","8","generated_from_2_4_mask","59"
"trans_magician_female","9","generated_from_2_4_mask","59"
"trans_magician_female","10","generated_from_2_4_mask","59"
"trans_magician_female","11","generated_from_2_4_mask","59"
"trans_magician_female","12","generated_from_2_4_mask","59"
"trans_magician_female","13","generated_from_2_4_mask","59"
"trans_magician_female","14","generated_from_2_4_mask","59"
"trans_magician_female","15","generated_from_2_4_mask","59"
"trans_magician_female","16","generated_from_2_4_mask","59"
"trans_magician_female","17","generated_from_2_4_mask","59"
"trans_magician_female","18","generated_from_2_4_mask","59"
"trans_magician_female","19","generated_from_2_4_mask","59"
"trans_magician_female","20","generated_from_2_4_mask","59"
"trans_magician_male","1","generated_from_2_4_mask","18"
"trans_magician_male","3","generated_from_2_4_mask","18"
"trans_magician_male","5","generated_from_2_4_mask","18"
"trans_magician_male","6","generated_from_2_4_mask","18"
"trans_magician_male","7","generated_from_2_4_mask","18"
"trans_magician_male","8","generated_from_2_4_mask","18"
"trans_magician_male","9","generated_from_2_4_mask","18"
"trans_magician_male","10","generated_from_2_4_mask","18"
"trans_magician_male","11","generated_from_2_4_mask","18"
"trans_magician_male","12","generated_from_2_4_mask","18"
"trans_magician_male","13","generated_from_2_4_mask","18"
"trans_magician_male","14","generated_from_2_4_mask","18"
"trans_magician_male","15","generated_from_2_4_mask","18"
"trans_magician_male","16","generated_from_2_4_mask","18"
"trans_magician_male","17","generated_from_2_4_mask","18"
"trans_magician_male","18","generated_from_2_4_mask","18"
"trans_magician_male","19","generated_from_2_4_mask","18"
"trans_magician_male","20","generated_from_2_4_mask","18"
"trans_professor_female","1","generated_from_2_4_mask","48"
"trans_professor_female","3","generated_from_2_4_mask","48"
"trans_professor_female","5","generated_from_2_4_mask","48"
"trans_professor_female","6","generated_from_2_4_mask","48"
"trans_professor_female","7","generated_from_2_4_mask","48"
"trans_professor_female","8","generated_from_2_4_mask","48"
"trans_professor_female","9","generated_from_2_4_mask","48"
"trans_professor_female","10","generated_from_2_4_mask","48"
"trans_professor_female","11","generated_from_2_4_mask","48"
"trans_professor_female","12","generated_from_2_4_mask","48"
"trans_professor_female","13","generated_from_2_4_mask","48"
"trans_professor_female","14","generated_from_2_4_mask","48"
"trans_professor_female","15","generated_from_2_4_mask","48"
"trans_professor_female","16","generated_from_2_4_mask","48"
"trans_professor_female","17","generated_from_2_4_mask","48"
"trans_professor_female","18","generated_from_2_4_mask","48"
"trans_professor_female","19","generated_from_2_4_mask","48"
"trans_professor_female","20","generated_from_2_4_mask","48"
"trans_professor_male","1","generated_from_2_4_mask","51"
"trans_professor_male","3","generated_from_2_4_mask","51"
"trans_professor_male","5","generated_from_2_4_mask","51"
"trans_professor_male","6","generated_from_2_4_mask","51"
"trans_professor_male","7","generated_from_2_4_mask","51"
"trans_professor_male","8","generated_from_2_4_mask","51"
"trans_professor_male","9","generated_from_2_4_mask","51"
"trans_professor_male","10","generated_from_2_4_mask","51"
"trans_professor_male","11","generated_from_2_4_mask","51"
"trans_professor_male","12","generated_from_2_4_mask","51"
"trans_professor_male","13","generated_from_2_4_mask","51"
"trans_professor_male","14","generated_from_2_4_mask","51"
"trans_professor_male","15","generated_from_2_4_mask","51"
"trans_professor_male","16","generated_from_2_4_mask","51"
"trans_professor_male","17","generated_from_2_4_mask","51"
"trans_professor_male","18","generated_from_2_4_mask","51"
"trans_professor_male","19","generated_from_2_4_mask","51"
"trans_professor_male","20","generated_from_2_4_mask","51"
"trans_sage_female","1","generated_from_2_4_mask","49"
"trans_sage_female","3","generated_from_2_4_mask","49"
"trans_sage_female","5","generated_from_2_4_mask","49"
"trans_sage_female","6","generated_from_2_4_mask","49"
"trans_sage_female","7","generated_from_2_4_mask","49"
"trans_sage_female","8","generated_from_2_4_mask","49"
"trans_sage_female","9","generated_from_2_4_mask","49"
"trans_sage_female","10","generated_from_2_4_mask","49"
"trans_sage_female","11","generated_from_2_4_mask","49"
"trans_sage_female","12","generated_from_2_4_mask","49"
"trans_sage_female","13","generated_from_2_4_mask","49"
"trans_sage_female","14","generated_from_2_4_mask","49"
"trans_sage_female","15","generated_from_2_4_mask","49"
"trans_sage_female","16","generated_from_2_4_mask","49"
"trans_sage_female","17","generated_from_2_4_mask","49"
"trans_sage_female","18","generated_from_2_4_mask","49"
"trans_sage_female","19","generated_from_2_4_mask","49"
"trans_sage_female","20","generated_from_2_4_mask","49"
"trans_sage_male","1","generated_from_2_4_mask","71"
"trans_sage_male","3","generated_from_2_4_mask","71"
"trans_sage_male","5","generated_from_2_4_mask","71"
"trans_sage_male","6","generated_from_2_4_mask","71"
"trans_sage_male","7","generated_from_2_4_mask","71"
"trans_sage_male","8","generated_from_2_4_mask","71"
"trans_sage_male","9","generated_from_2_4_mask","71"
"trans_sage_male","10","generated_from_2_4_mask","71"
"trans_sage_male","11","generated_from_2_4_mask","71"
"trans_sage_male","12","generated_from_2_4_mask","71"
"trans_sage_male","13","generated_from_2_4_mask","71"
"trans_sage_male","14","generated_from_2_4_mask","71"
"trans_sage_male","15","generated_from_2_4_mask","71"
"trans_sage_male","16","generated_from_2_4_mask","71"
"trans_sage_male","17","generated_from_2_4_mask","71"
"trans_sage_male","18","generated_from_2_4_mask","71"
"trans_sage_male","19","generated_from_2_4_mask","71"
"trans_sage_male","20","generated_from_2_4_mask","71"
"trans_wizard_female","1","generated_from_2_4_mask","45"
"trans_wizard_female","3","generated_from_2_4_mask","45"
"trans_wizard_female","5","generated_from_2_4_mask","45"
"trans_wizard_female","6","generated_from_2_4_mask","45"
"trans_wizard_female","7","generated_from_2_4_mask","45"
"trans_wizard_female","8","generated_from_2_4_mask","45"
"trans_wizard_female","9","generated_from_2_4_mask","45"
"trans_wizard_female","10","generated_from_2_4_mask","45"
"trans_wizard_female","11","generated_from_2_4_mask","45"
"trans_wizard_female","12","generated_from_2_4_mask","45"
"trans_wizard_female","13","generated_from_2_4_mask","45"
"trans_wizard_female","14","generated_from_2_4_mask","45"
"trans_wizard_female","15","generated_from_2_4_mask","45"
"trans_wizard_female","16","generated_from_2_4_mask","45"
"trans_wizard_female","17","generated_from_2_4_mask","45"
"trans_wizard_female","18","generated_from_2_4_mask","45"
"trans_wizard_female","19","generated_from_2_4_mask","45"
"trans_wizard_female","20","generated_from_2_4_mask","45"
"trans_wizard_male","1","generated_from_2_4_mask","49"
"trans_wizard_male","3","generated_from_2_4_mask","49"
"trans_wizard_male","5","generated_from_2_4_mask","49"
"trans_wizard_male","6","generated_from_2_4_mask","49"
"trans_wizard_male","7","generated_from_2_4_mask","49"
"trans_wizard_male","8","generated_from_2_4_mask","49"
"trans_wizard_male","9","generated_from_2_4_mask","49"
"trans_wizard_male","10","generated_from_2_4_mask","49"
"trans_wizard_male","11","generated_from_2_4_mask","49"
"trans_wizard_male","12","generated_from_2_4_mask","49"
"trans_wizard_male","13","generated_from_2_4_mask","49"
"trans_wizard_male","14","generated_from_2_4_mask","49"
"trans_wizard_male","15","generated_from_2_4_mask","49"
"trans_wizard_male","16","generated_from_2_4_mask","49"
"trans_wizard_male","17","generated_from_2_4_mask","49"
"trans_wizard_male","18","generated_from_2_4_mask","49"
"trans_wizard_male","19","generated_from_2_4_mask","49"
"trans_wizard_male","20","generated_from_2_4_mask","49"
"whitesmith_female","1","generated_from_2_4_mask","43"
"whitesmith_female","3","generated_from_2_4_mask","43"
"whitesmith_female","5","generated_from_2_4_mask","43"
"whitesmith_female","6","generated_from_2_4_mask","43"
"whitesmith_female","7","generated_from_2_4_mask","43"
"whitesmith_female","8","generated_from_2_4_mask","43"
"whitesmith_female","9","generated_from_2_4_mask","43"
"whitesmith_female","10","generated_from_2_4_mask","43"
"whitesmith_female","11","generated_from_2_4_mask","43"
"whitesmith_female","12","generated_from_2_4_mask","43"
"whitesmith_female","13","generated_from_2_4_mask","43"
"whitesmith_female","14","generated_from_2_4_mask","43"
"whitesmith_female","15","generated_from_2_4_mask","43"
"whitesmith_female","16","generated_from_2_4_mask","43"
"whitesmith_female","17","generated_from_2_4_mask","43"
"whitesmith_female","18","generated_from_2_4_mask","43"
"whitesmith_female","19","generated_from_2_4_mask","43"
"whitesmith_female","20","generated_from_2_4_mask","43"
"whitesmith_female_riding","1","generated_from_2_4_mask","43"
"whitesmith_female_riding","3","generated_from_2_4_mask","43"
"whitesmith_female_riding","5","generated_from_2_4_mask","43"
"whitesmith_female_riding","6","generated_from_2_4_mask","43"
"whitesmith_female_riding","7","generated_from_2_4_mask","43"
"whitesmith_female_riding","8","generated_from_2_4_mask","43"
"whitesmith_female_riding","9","generated_from_2_4_mask","43"
"whitesmith_female_riding","10","generated_from_2_4_mask","43"
"whitesmith_female_riding","11","generated_from_2_4_mask","43"
"whitesmith_female_riding","12","generated_from_2_4_mask","43"
"whitesmith_female_riding","13","generated_from_2_4_mask","43"
"whitesmith_female_riding","14","generated_from_2_4_mask","43"
"whitesmith_female_riding","15","generated_from_2_4_mask","43"
"whitesmith_female_riding","16","generated_from_2_4_mask","43"
"whitesmith_female_riding","17","generated_from_2_4_mask","43"
"whitesmith_female_riding","18","generated_from_2_4_mask","43"
"whitesmith_female_riding","19","generated_from_2_4_mask","43"
"whitesmith_female_riding","20","generated_from_2_4_mask","43"
"whitesmith_male","1","generated_from_2_4_mask","53"
"whitesmith_male","3","generated_from_2_4_mask","53"
"whitesmith_male","5","generated_from_2_4_mask","53"
"whitesmith_male","6","generated_from_2_4_mask","53"
"whitesmith_male","7","generated_from_2_4_mask","53"
"whitesmith_male","8","generated_from_2_4_mask","53"
"whitesmith_male","9","generated_from_2_4_mask","53"
"whitesmith_male","10","generated_from_2_4_mask","53"
"whitesmith_male","11","generated_from_2_4_mask","53"
"whitesmith_male","12","generated_from_2_4_mask","53"
"whitesmith_male","13","generated_from_2_4_mask","53"
"whitesmith_male","14","generated_from_2_4_mask","53"
"whitesmith_male","15","generated_from_2_4_mask","53"
"whitesmith_male","16","generated_from_2_4_mask","53"
"whitesmith_male","17","generated_from_2_4_mask","53"
"whitesmith_male","18","generated_from_2_4_mask","53"
"whitesmith_male","19","generated_from_2_4_mask","53"
"whitesmith_male","20","generated_from_2_4_mask","53"
"whitesmith_male_riding","1","generated_from_2_4_mask","53"
"whitesmith_male_riding","3","generated_from_2_4_mask","53"
"whitesmith_male_riding","5","generated_from_2_4_mask","53"
"whitesmith_male_riding","6","generated_from_2_4_mask","53"
"whitesmith_male_riding","7","generated_from_2_4_mask","53"
"whitesmith_male_riding","8","generated_from_2_4_mask","53"
"whitesmith_male_riding","9","generated_from_2_4_mask","53"
"whitesmith_male_riding","10","generated_from_2_4_mask","53"
"whitesmith_male_riding","11","generated_from_2_4_mask","53"
"whitesmith_male_riding","12","generated_from_2_4_mask","53"
"whitesmith_male_riding","13","generated_from_2_4_mask","53"
"whitesmith_male_riding","14","generated_from_2_4_mask","53"
"whitesmith_male_riding","15","generated_from_2_4_mask","53"
"whitesmith_male_riding","16","generated_from_2_4_mask","53"
"whitesmith_male_riding","17","generated_from_2_4_mask","53"
"whitesmith_male_riding","18","generated_from_2_4_mask","53"
"whitesmith_male_riding","19","generated_from_2_4_mask","53"
"whitesmith_male_riding","20","generated_from_2_4_mask","53"
"wizard_female","1","generated_from_2_4_mask","45"
"wizard_female","3","generated_from_2_4_mask","45"
"wizard_female","5","generated_from_2_4_mask","45"
"wizard_female","6","generated_from_2_4_mask","45"
"wizard_female","7","generated_from_2_4_mask","45"
"wizard_female","8","generated_from_2_4_mask","45"
"wizard_female","9","generated_from_2_4_mask","45"
"wizard_female","10","generated_from_2_4_mask","45"
"wizard_female","11","generated_from_2_4_mask","45"
"wizard_female","12","generated_from_2_4_mask","45"
"wizard_female","13","generated_from_2_4_mask","45"
"wizard_female","14","generated_from_2_4_mask","45"
"wizard_female","15","generated_from_2_4_mask","45"
"wizard_female","16","generated_from_2_4_mask","45"
"wizard_female","17","generated_from_2_4_mask","45"
"wizard_female","18","generated_from_2_4_mask","45"
"wizard_female","19","generated_from_2_4_mask","45"
"wizard_female","20","generated_from_2_4_mask","45"
"wizard_male","1","generated_from_2_4_mask","49"
"wizard_male","3","generated_from_2_4_mask","49"
"wizard_male","5","generated_from_2_4_mask","49"
"wizard_male","6","generated_from_2_4_mask","49"
"wizard_male","7","generated_from_2_4_mask","49"
"wizard_male","8","generated_from_2_4_mask","49"
"wizard_male","9","generated_from_2_4_mask","49"
"wizard_male","10","generated_from_2_4_mask","49"
"wizard_male","11","generated_from_2_4_mask","49"
"wizard_male","12","generated_from_2_4_mask","49"
"wizard_male","13","generated_from_2_4_mask","49"
"wizard_male","14","generated_from_2_4_mask","49"
"wizard_male","15","generated_from_2_4_mask","49"
"wizard_male","16","generated_from_2_4_mask","49"
"wizard_male","17","generated_from_2_4_mask","49"
"wizard_male","18","generated_from_2_4_mask","49"
"wizard_male","19","generated_from_2_4_mask","49"
"wizard_male","20","generated_from_2_4_mask","49"
"new_peco_crusader_female","1","generated_from_2_4_mask","54"
"new_peco_crusader_female","3","generated_from_2_4_mask","54"
"new_peco_crusader_female","5","generated_from_2_4_mask","54"
"new_peco_crusader_female","6","generated_from_2_4_mask","54"
"new_peco_crusader_female","7","generated_from_2_4_mask","54"
"new_peco_crusader_female","8","generated_from_2_4_mask","54"
"new_peco_crusader_female","9","generated_from_2_4_mask","54"
"new_peco_crusader_female","10","generated_from_2_4_mask","54"
"new_peco_crusader_female","11","generated_from_2_4_mask","54"
"new_peco_crusader_female","12","generated_from_2_4_mask","54"
"new_peco_crusader_female","13","generated_from_2_4_mask","54"
"new_peco_crusader_female","14","generated_from_2_4_mask","54"
"new_peco_crusader_female","15","generated_from_2_4_mask","54"
"new_peco_crusader_female","16","generated_from_2_4_mask","54"
"new_peco_crusader_female","17","generated_from_2_4_mask","54"
"new_peco_crusader_female","18","generated_from_2_4_mask","54"
"new_peco_crusader_female","19","generated_from_2_4_mask","54"
"new_peco_crusader_female","20","generated_from_2_4_mask","54"
"new_peco_crusader_male","1","generated_from_2_4_mask","51"
"new_peco_crusader_male","3","generated_from_2_4_mask","51"
"new_peco_crusader_male","5","generated_from_2_4_mask","51"
"new_peco_crusader_male","6","generated_from_2_4_mask","51"
"new_peco_crusader_male","7","generated_from_2_4_mask","51"
"new_peco_crusader_male","8","generated_from_2_4_mask","51"
"new_peco_crusader_male","9","generated_from_2_4_mask","51"
"new_peco_crusader_male","10","generated_from_2_4_mask","51"
"new_peco_crusader_male","11","generated_from_2_4_mask","51"
"new_peco_crusader_male","12","generated_from_2_4_mask","51"
"new_peco_crusader_male","13","generated_from_2_4_mask","51"
"new_peco_crusader_male","14","generated_from_2_4_mask","51"
"new_peco_crusader_male","15","generated_from_2_4_mask","51"
"new_peco_crusader_male","16","generated_from_2_4_mask","51"
"new_peco_crusader_male","17","generated_from_2_4_mask","51"
"new_peco_crusader_male","18","generated_from_2_4_mask","51"
"new_peco_crusader_male","19","generated_from_2_4_mask","51"
"new_peco_crusader_male","20","generated_from_2_4_mask","51"
"¿¬±Ý¼ú»ç_¿©","1","generated_from_2_4_mask","24"
"¿¬±Ý¼ú»ç_¿©","3","generated_from_2_4_mask","24"
"¿¬±Ý¼ú»ç_¿©","5","generated_from_2_4_mask","24"
"¿¬±Ý¼ú»ç_¿©","6","generated_from_2_4_mask","24"
"¿¬±Ý¼ú»ç_¿©","7","generated_from_2_4_mask","24"
"¿¬±Ý¼ú»ç_¿©","8","generated_from_2_4_mask","24"
"¿¬±Ý¼ú»ç_¿©","9","generated_from_2_4_mask","24"
"¿¬±Ý¼ú»ç_¿©","10","generated_from_2_4_mask","24"
"¿¬±Ý¼ú»ç_¿©","11","generated_from_2_4_mask","24"
"¿¬±Ý¼ú»ç_¿©","12","generated_from_2_4_mask","24"
"¿¬±Ý¼ú»ç_¿©","13","generated_from_2_4_mask","24"
"¿¬±Ý¼ú»ç_¿©","14","generated_from_2_4_mask","24"
"¿¬±Ý¼ú»ç_¿©","15","generated_from_2_4_mask","24"
"¿¬±Ý¼ú»ç_¿©","16","generated_from_2_4_mask","24"
"¿¬±Ý¼ú»ç_¿©","17","generated_from_2_4_mask","24"
"¿¬±Ý¼ú»ç_¿©","18","generated_from_2_4_mask","24"
"¿¬±Ý¼ú»ç_¿©","19","generated_from_2_4_mask","24"
"¿¬±Ý¼ú»ç_¿©","20","generated_from_2_4_mask","24"
"¿¬±Ý¼ú»ç_³²","1","generated_from_2_4_mask","23"
"¿¬±Ý¼ú»ç_³²","3","generated_from_2_4_mask","23"
"¿¬±Ý¼ú»ç_³²","5","generated_from_2_4_mask","23"
"¿¬±Ý¼ú»ç_³²","6","generated_from_2_4_mask","23"
"¿¬±Ý¼ú»ç_³²","7","generated_from_2_4_mask","23"
"¿¬±Ý¼ú»ç_³²","8","generated_from_2_4_mask","23"
"¿¬±Ý¼ú»ç_³²","9","generated_from_2_4_mask","23"
"¿¬±Ý¼ú»ç_³²","10","generated_from_2_4_mask","23"
"¿¬±Ý¼ú»ç_³²","11","generated_from_2_4_mask","23"
"¿¬±Ý¼ú»ç_³²","12","generated_from_2_4_mask","23"
"¿¬±Ý¼ú»ç_³²","13","generated_from_2_4_mask","23"
"¿¬±Ý¼ú»ç_³²","14","generated_from_2_4_mask","23"
"¿¬±Ý¼ú»ç_³²","15","generated_from_2_4_mask","23"
"¿¬±Ý¼ú»ç_³²","16","generated_from_2_4_mask","23"
"¿¬±Ý¼ú»ç_³²","17","generated_from_2_4_mask","23"
"¿¬±Ý¼ú»ç_³²","18","generated_from_2_4_mask","23"
"¿¬±Ý¼ú»ç_³²","19","generated_from_2_4_mask","23"
"¿¬±Ý¼ú»ç_³²","20","generated_from_2_4_mask","23"
"±Ã¼ö_¿©","1","generated_from_2_4_mask","7"
"±Ã¼ö_¿©","3","generated_from_2_4_mask","7"
"±Ã¼ö_¿©","5","generated_from_2_4_mask","7"
"±Ã¼ö_¿©","6","generated_from_2_4_mask","7"
"±Ã¼ö_¿©","7","generated_from_2_4_mask","7"
"±Ã¼ö_¿©","8","generated_from_2_4_mask","7"
"±Ã¼ö_¿©","9","generated_from_2_4_mask","7"
"±Ã¼ö_¿©","10","generated_from_2_4_mask","7"
"±Ã¼ö_¿©","11","generated_from_2_4_mask","7"
"±Ã¼ö_¿©","12","generated_from_2_4_mask","7"
"±Ã¼ö_¿©","13","generated_from_2_4_mask","7"
"±Ã¼ö_¿©","14","generated_from_2_4_mask","7"
"±Ã¼ö_¿©","15","generated_from_2_4_mask","7"
"±Ã¼ö_¿©","16","generated_from_2_4_mask","7"
"±Ã¼ö_¿©","17","generated_from_2_4_mask","7"
"±Ã¼ö_¿©","18","generated_from_2_4_mask","7"
"±Ã¼ö_¿©","19","generated_from_2_4_mask","7"
"±Ã¼ö_¿©","20","generated_from_2_4_mask","7"
"±Ã¼ö_³²","1","generated_from_2_4_mask","15"
"±Ã¼ö_³²","3","generated_from_2_4_mask","15"
"±Ã¼ö_³²","5","generated_from_2_4_mask","15"
"±Ã¼ö_³²","6","generated_from_2_4_mask","15"
"±Ã¼ö_³²","7","generated_from_2_4_mask","15"
"±Ã¼ö_³²","8","generated_from_2_4_mask","15"
"±Ã¼ö_³²","9","generated_from_2_4_mask","15"
"±Ã¼ö_³²","10","generated_from_2_4_mask","15"
"±Ã¼ö_³²","11","generated_from_2_4_mask","15"
"±Ã¼ö_³²","12","generated_from_2_4_mask","15"
"±Ã¼ö_³²","13","generated_from_2_4_mask","15"
"±Ã¼ö_³²","14","generated_from_2_4_mask","15"
"±Ã¼ö_³²","15","generated_from_2_4_mask","15"
"±Ã¼ö_³²","16","generated_from_2_4_mask","15"
"±Ã¼ö_³²","17","generated_from_2_4_mask","15"
"±Ã¼ö_³²","18","generated_from_2_4_mask","15"
"±Ã¼ö_³²","19","generated_from_2_4_mask","15"
"±Ã¼ö_³²","20","generated_from_2_4_mask","15"
"¹«Èñ_¿©","1","generated_from_2_4_mask","32"
"¹«Èñ_¿©","3","generated_from_2_4_mask","32"
"¹«Èñ_¿©","5","generated_from_2_4_mask","32"
"¹«Èñ_¿©","6","generated_from_2_4_mask","32"
"¹«Èñ_¿©","7","generated_from_2_4_mask","32"
"¹«Èñ_¿©","8","generated_from_2_4_mask","32"
"¹«Èñ_¿©","9","generated_from_2_4_mask","32"
"¹«Èñ_¿©","10","generated_from_2_4_mask","32"
"¹«Èñ_¿©","11","generated_from_2_4_mask","32"
"¹«Èñ_¿©","12","generated_from_2_4_mask","32"
"¹«Èñ_¿©","13","generated_from_2_4_mask","32"
"¹«Èñ_¿©","14","generated_from_2_4_mask","32"
"¹«Èñ_¿©","15","generated_from_2_4_mask","32"
"¹«Èñ_¿©","16","generated_from_2_4_mask","32"
"¹«Èñ_¿©","17","generated_from_2_4_mask","32"
"¹«Èñ_¿©","18","generated_from_2_4_mask","32"
"¹«Èñ_¿©","19","generated_from_2_4_mask","32"
"¹«Èñ_¿©","20","generated_from_2_4_mask","32"
"¹Ùµå_³²","1","generated_from_2_4_mask","23"
"¹Ùµå_³²","3","generated_from_2_4_mask","23"
"¹Ùµå_³²","5","generated_from_2_4_mask","23"
"¹Ùµå_³²","6","generated_from_2_4_mask","23"
"¹Ùµå_³²","7","generated_from_2_4_mask","23"
"¹Ùµå_³²","8","generated_from_2_4_mask","23"
"¹Ùµå_³²","9","generated_from_2_4_mask","23"
"¹Ùµå_³²","10","generated_from_2_4_mask","23"
"¹Ùµå_³²","11","generated_from_2_4_mask","23"
"¹Ùµå_³²","12","generated_from_2_4_mask","23"
"¹Ùµå_³²","13","generated_from_2_4_mask","23"
"¹Ùµå_³²","14","generated_from_2_4_mask","23"
"¹Ùµå_³²","15","generated_from_2_4_mask","23"
"¹Ùµå_³²","16","generated_from_2_4_mask","23"
"¹Ùµå_³²","17","generated_from_2_4_mask","23"
"¹Ùµå_³²","18","generated_from_2_4_mask","23"
"¹Ùµå_³²","19","generated_from_2_4_mask","23"
"¹Ùµå_³²","20","generated_from_2_4_mask","23"
"Ã¨ÇÇ¿Â_¿©","1","generated_from_2_4_mask","15"
"Ã¨ÇÇ¿Â_¿©","3","generated_from_2_4_mask","15"
"Ã¨ÇÇ¿Â_¿©","5","generated_from_2_4_mask","15"
"Ã¨ÇÇ¿Â_¿©","6","generated_from_2_4_mask","15"
"Ã¨ÇÇ¿Â_¿©","7","generated_from_2_4_mask","15"
"Ã¨ÇÇ¿Â_¿©","8","generated_from_2_4_mask","15"
"Ã¨ÇÇ¿Â_¿©","9","generated_from_2_4_mask","15"
"Ã¨ÇÇ¿Â_¿©","10","generated_from_2_4_mask","15"
"Ã¨ÇÇ¿Â_¿©","11","generated_from_2_4_mask","15"
"Ã¨ÇÇ¿Â_¿©","12","generated_from_2_4_mask","15"
"Ã¨ÇÇ¿Â_¿©","13","generated_from_2_4_mask","15"
"Ã¨ÇÇ¿Â_¿©","14","generated_from_2_4_mask","15"
"Ã¨ÇÇ¿Â_¿©","15","generated_from_2_4_mask","15"
"Ã¨ÇÇ¿Â_¿©","16","generated_from_2_4_mask","15"
"Ã¨ÇÇ¿Â_¿©","17","generated_from_2_4_mask","15"
"Ã¨ÇÇ¿Â_¿©","18","generated_from_2_4_mask","15"
"Ã¨ÇÇ¿Â_¿©","19","generated_from_2_4_mask","15"
"Ã¨ÇÇ¿Â_¿©","20","generated_from_2_4_mask","15"
"Ã¨ÇÇ¿Â_³²","1","generated_from_2_4_mask","15"
"Ã¨ÇÇ¿Â_³²","3","generated_from_2_4_mask","15"
"Ã¨ÇÇ¿Â_³²","5","generated_from_2_4_mask","15"
"Ã¨ÇÇ¿Â_³²","6","generated_from_2_4_mask","15"
"Ã¨ÇÇ¿Â_³²","7","generated_from_2_4_mask","15"
"Ã¨ÇÇ¿Â_³²","8","generated_from_2_4_mask","15"
"Ã¨ÇÇ¿Â_³²","9","generated_from_2_4_mask","15"
"Ã¨ÇÇ¿Â_³²","10","generated_from_2_4_mask","15"
"Ã¨ÇÇ¿Â_³²","11","generated_from_2_4_mask","15"
"Ã¨ÇÇ¿Â_³²","12","generated_from_2_4_mask","15"
"Ã¨ÇÇ¿Â_³²","13","generated_from_2_4_mask","15"
"Ã¨ÇÇ¿Â_³²","14","generated_from_2_4_mask","15"
"Ã¨ÇÇ¿Â_³²","15","generated_from_2_4_mask","15"
"Ã¨ÇÇ¿Â_³²","16","generated_from_2_4_mask","15"
"Ã¨ÇÇ¿Â_³²","17","generated_from_2_4_mask","15"
"Ã¨ÇÇ¿Â_³²","18","generated_from_2_4_mask","15"
"Ã¨ÇÇ¿Â_³²","19","generated_from_2_4_mask","15"
"Ã¨ÇÇ¿Â_³²","20","generated_from_2_4_mask","15"
"Å©¶ó¿î_³²","1","generated_from_2_4_mask","37"
"Å©¶ó¿î_³²","3","generated_from_2_4_mask","37"
"Å©¶ó¿î_³²","5","generated_from_2_4_mask","37"
"Å©¶ó¿î_³²","6","generated_from_2_4_mask","37"
"Å©¶ó¿î_³²","7","generated_from_2_4_mask","37"
"Å©¶ó¿î_³²","8","generated_from_2_4_mask","37"
"Å©¶ó¿î_³²","9","generated_from_2_4_mask","37"
"Å©¶ó¿î_³²","10","generated_from_2_4_mask","37"
"Å©¶ó¿î_³²","11","generated_from_2_4_mask","37"
"Å©¶ó¿î_³²","12","generated_from_2_4_mask","37"
"Å©¶ó¿î_³²","13","generated_from_2_4_mask","37"
"Å©¶ó¿î_³²","14","generated_from_2_4_mask","37"
"Å©¶ó¿î_³²","15","generated_from_2_4_mask","37"
"Å©¶ó¿î_³²","16","generated_from_2_4_mask","37"
"Å©¶ó¿î_³²","17","generated_from_2_4_mask","37"
"Å©¶ó¿î_³²","18","generated_from_2_4_mask","37"
"Å©¶ó¿î_³²","19","generated_from_2_4_mask","37"
"Å©¶ó¿î_³²","20","generated_from_2_4_mask","37"
"Å©¸®¿¡ÀÌÅÍ_¿©","1","generated_from_2_4_mask","23"
"Å©¸®¿¡ÀÌÅÍ_¿©","3","generated_from_2_4_mask","23"
"Å©¸®¿¡ÀÌÅÍ_¿©","5","generated_from_2_4_mask","23"
"Å©¸®¿¡ÀÌÅÍ_¿©","6","generated_from_2_4_mask","23"
"Å©¸®¿¡ÀÌÅÍ_¿©","7","generated_from_2_4_mask","23"
"Å©¸®¿¡ÀÌÅÍ_¿©","8","generated_from_2_4_mask","23"
"Å©¸®¿¡ÀÌÅÍ_¿©","9","generated_from_2_4_mask","23"
"Å©¸®¿¡ÀÌÅÍ_¿©","10","generated_from_2_4_mask","23"
"Å©¸®¿¡ÀÌÅÍ_¿©","11","generated_from_2_4_mask","23"
"Å©¸®¿¡ÀÌÅÍ_¿©","12","generated_from_2_4_mask","23"
"Å©¸®¿¡ÀÌÅÍ_¿©","13","generated_from_2_4_mask","23"
"Å©¸®¿¡ÀÌÅÍ_¿©","14","generated_from_2_4_mask","23"
"Å©¸®¿¡ÀÌÅÍ_¿©","15","generated_from_2_4_mask","23"
"Å©¸®¿¡ÀÌÅÍ_¿©","16","generated_from_2_4_mask","23"
"Å©¸®¿¡ÀÌÅÍ_¿©","17","generated_from_2_4_mask","23"
"Å©¸®¿¡ÀÌÅÍ_¿©","18","generated_from_2_4_mask","23"
"Å©¸®¿¡ÀÌÅÍ_¿©","19","generated_from_2_4_mask","23"
"Å©¸®¿¡ÀÌÅÍ_¿©","20","generated_from_2_4_mask","23"
"Å©¸®¿¡ÀÌÅÍ_³²","1","generated_from_2_4_mask","16"
"Å©¸®¿¡ÀÌÅÍ_³²","3","generated_from_2_4_mask","16"
"Å©¸®¿¡ÀÌÅÍ_³²","5","generated_from_2_4_mask","16"
"Å©¸®¿¡ÀÌÅÍ_³²","6","generated_from_2_4_mask","16"
"Å©¸®¿¡ÀÌÅÍ_³²","7","generated_from_2_4_mask","16"
"Å©¸®¿¡ÀÌÅÍ_³²","8","generated_from_2_4_mask","16"
"Å©¸®¿¡ÀÌÅÍ_³²","9","generated_from_2_4_mask","16"
"Å©¸®¿¡ÀÌÅÍ_³²","10","generated_from_2_4_mask","16"
"Å©¸®¿¡ÀÌÅÍ_³²","11","generated_from_2_4_mask","16"
"Å©¸®¿¡ÀÌÅÍ_³²","12","generated_from_2_4_mask","16"
"Å©¸®¿¡ÀÌÅÍ_³²","13","generated_from_2_4_mask","16"
"Å©¸®¿¡ÀÌÅÍ_³²","14","generated_from_2_4_mask","16"
"Å©¸®¿¡ÀÌÅÍ_³²","15","generated_from_2_4_mask","16"
"Å©¸®¿¡ÀÌÅÍ_³²","16","generated_from_2_4_mask","16"
"Å©¸®¿¡ÀÌÅÍ_³²","17","generated_from_2_4_mask","16"
"Å©¸®¿¡ÀÌÅÍ_³²","18","generated_from_2_4_mask","16"
"Å©¸®¿¡ÀÌÅÍ_³²","19","generated_from_2_4_mask","16"
"Å©¸®¿¡ÀÌÅÍ_³²","20","generated_from_2_4_mask","16"
"Å©·ç_¿©","1","generated_from_2_4_mask","16"
"Å©·ç_¿©","3","generated_from_2_4_mask","16"
"Å©·ç_¿©","5","generated_from_2_4_mask","16"
"Å©·ç_¿©","6","generated_from_2_4_mask","16"
"Å©·ç_¿©","7","generated_from_2_4_mask","16"
"Å©·ç_¿©","8","generated_from_2_4_mask","16"
"Å©·ç_¿©","9","generated_from_2_4_mask","16"
"Å©·ç_¿©","10","generated_from_2_4_mask","16"
"Å©·ç_¿©","11","generated_from_2_4_mask","16"
"Å©·ç_¿©","12","generated_from_2_4_mask","16"
"Å©·ç_¿©","13","generated_from_2_4_mask","16"
"Å©·ç_¿©","14","generated_from_2_4_mask","16"
"Å©·ç_¿©","15","generated_from_2_4_mask","16"
"Å©·ç_¿©","16","generated_from_2_4_mask","16"
"Å©·ç_¿©","17","generated_from_2_4_mask","16"
"Å©·ç_¿©","18","generated_from_2_4_mask","16"
"Å©·ç_¿©","19","generated_from_2_4_mask","16"
"Å©·ç_¿©","20","generated_from_2_4_mask","16"
"Å©·ç_³²","1","generated_from_2_4_mask","16"
"Å©·ç_³²","3","generated_from_2_4_mask","16"
"Å©·ç_³²","5","generated_from_2_4_mask","16"
"Å©·ç_³²","6","generated_from_2_4_mask","16"
"Å©·ç_³²","7","generated_from_2_4_mask","16"
"Å©·ç_³²","8","generated_from_2_4_mask","16"
"Å©·ç_³²","9","generated_from_2_4_mask","16"
"Å©·ç_³²","10","generated_from_2_4_mask","16"
"Å©·ç_³²","11","generated_from_2_4_mask","16"
"Å©·ç_³²","12","generated_from_2_4_mask","16"
"Å©·ç_³²","13","generated_from_2_4_mask","16"
"Å©·ç_³²","14","generated_from_2_4_mask","16"
"Å©·ç_³²","15","generated_from_2_4_mask","16"
"Å©·ç_³²","16","generated_from_2_4_mask","16"
"Å©·ç_³²","17","generated_from_2_4_mask","16"
"Å©·ç_³²","18","generated_from_2_4_mask","16"
"Å©·ç_³²","19","generated_from_2_4_mask","16"
"Å©·ç_³²","20","generated_from_2_4_mask","16"
"·Î±×_¿©","1","generated_from_2_4_mask","25"
"·Î±×_¿©","3","generated_from_2_4_mask","25"
"·Î±×_¿©","5","generated_from_2_4_mask","25"
"·Î±×_¿©","6","generated_from_2_4_mask","25"
"·Î±×_¿©","7","generated_from_2_4_mask","25"
"·Î±×_¿©","8","generated_from_2_4_mask","25"
"·Î±×_¿©","9","generated_from_2_4_mask","25"
"·Î±×_¿©","10","generated_from_2_4_mask","25"
"·Î±×_¿©","11","generated_from_2_4_mask","25"
"·Î±×_¿©","12","generated_from_2_4_mask","25"
"·Î±×_¿©","13","generated_from_2_4_mask","25"
"·Î±×_¿©","14","generated_from_2_4_mask","25"
"·Î±×_¿©","15","generated_from_2_4_mask","25"
"·Î±×_¿©","16","generated_from_2_4_mask","25"
"·Î±×_¿©","17","generated_from_2_4_mask","25"
"·Î±×_¿©","18","generated_from_2_4_mask","25"
"·Î±×_¿©","19","generated_from_2_4_mask","25"
"·Î±×_¿©","20","generated_from_2_4_mask","25"
"·Î±×_³²","1","generated_from_2_4_mask","25"
"·Î±×_³²","3","generated_from_2_4_mask","25"
"·Î±×_³²","5","generated_from_2_4_mask","25"
"·Î±×_³²","6","generated_from_2_4_mask","25"
"·Î±×_³²","7","generated_from_2_4_mask","25"
"·Î±×_³²","8","generated_from_2_4_mask","25"
"·Î±×_³²","9","generated_from_2_4_mask","25"
"·Î±×_³²","10","generated_from_2_4_mask","25"
"·Î±×_³²","11","generated_from_2_4_mask","25"
"·Î±×_³²","12","generated_from_2_4_mask","25"
"·Î±×_³²","13","generated_from_2_4_mask","25"
"·Î±×_³²","14","generated_from_2_4_mask","25"
"·Î±×_³²","15","generated_from_2_4_mask","25"
"·Î±×_³²","16","generated_from_2_4_mask","25"
"·Î±×_³²","17","generated_from_2_4_mask","25"
"·Î±×_³²","18","generated_from_2_4_mask","25"
"·Î±×_³²","19","generated_from_2_4_mask","25"
"·Î±×_³²","20","generated_from_2_4_mask","25"
"½ºÅäÄ¿_¿©","1","generated_from_2_4_mask","22"
"½ºÅäÄ¿_¿©","3","generated_from_2_4_mask","22"
"½ºÅäÄ¿_¿©","5","generated_from_2_4_mask","22"
"½ºÅäÄ¿_¿©","6","generated_from_2_4_mask","22"
"½ºÅäÄ¿_¿©","7","generated_from_2_4_mask","22"
"½ºÅäÄ¿_¿©","8","generated_from_2_4_mask","22"
"½ºÅäÄ¿_¿©","9","generated_from_2_4_mask","22"
"½ºÅäÄ¿_¿©","10","generated_from_2_4_mask","22"
"½ºÅäÄ¿_¿©","11","generated_from_2_4_mask","22"
"½ºÅäÄ¿_¿©","12","generated_from_2_4_mask","22"
"½ºÅäÄ¿_¿©","13","generated_from_2_4_mask","22"
"½ºÅäÄ¿_¿©","14","generated_from_2_4_mask","22"
"½ºÅäÄ¿_¿©","15","generated_from_2_4_mask","22"
"½ºÅäÄ¿_¿©","16","generated_from_2_4_mask","22"
"½ºÅäÄ¿_¿©","17","generated_from_2_4_mask","22"
"½ºÅäÄ¿_¿©","18","generated_from_2_4_mask","22"
"½ºÅäÄ¿_¿©","19","generated_from_2_4_mask","22"
"½ºÅäÄ¿_¿©","20","generated_from_2_4_mask","22"
"½ºÅäÄ¿_³²","1","generated_from_2_4_mask","15"
"½ºÅäÄ¿_³²","3","generated_from_2_4_mask","15"
"½ºÅäÄ¿_³²","5","generated_from_2_4_mask","15"
"½ºÅäÄ¿_³²","6","generated_from_2_4_mask","15"
"½ºÅäÄ¿_³²","7","generated_from_2_4_mask","15"
"½ºÅäÄ¿_³²","8","generated_from_2_4_mask","15"
"½ºÅäÄ¿_³²","9","generated_from_2_4_mask","15"
"½ºÅäÄ¿_³²","10","generated_from_2_4_mask","15"
"½ºÅäÄ¿_³²","11","generated_from_2_4_mask","15"
"½ºÅäÄ¿_³²","12","generated_from_2_4_mask","15"
"½ºÅäÄ¿_³²","13","generated_from_2_4_mask","15"
"½ºÅäÄ¿_³²","14","generated_from_2_4_mask","15"
"½ºÅäÄ¿_³²","15","generated_from_2_4_mask","15"
"½ºÅäÄ¿_³²","16","generated_from_2_4_mask","15"
"½ºÅäÄ¿_³²","17","generated_from_2_4_mask","15"
"½ºÅäÄ¿_³²","18","generated_from_2_4_mask","15"
"½ºÅäÄ¿_³²","19","generated_from_2_4_mask","15"
"½ºÅäÄ¿_³²","20","generated_from_2_4_mask","15"
"µµµÏ_¿©","1","generated_from_2_4_mask","25"
"µµµÏ_¿©","3","generated_from_2_4_mask","25"
"µµµÏ_¿©","5","generated_from_2_4_mask","25"
"µµµÏ_¿©","6","generated_from_2_4_mask","25"
"µµµÏ_¿©","7","generated_from_2_4_mask","25"
"µµµÏ_¿©","8","generated_from_2_4_mask","25"
"µµµÏ_¿©","9","generated_from_2_4_mask","25"
"µµµÏ_¿©","10","generated_from_2_4_mask","25"
"µµµÏ_¿©","11","generated_from_2_4_mask","25"
"µµµÏ_¿©","12","generated_from_2_4_mask","25"
"µµµÏ_¿©","13","generated_from_2_4_mask","25"
"µµµÏ_¿©","14","generated_from_2_4_mask","25"
"µµµÏ_¿©","15","generated_from_2_4_mask","25"
"µµµÏ_¿©","16","generated_from_2_4_mask","25"
"µµµÏ_¿©","17","generated_from_2_4_mask","25"
"µµµÏ_¿©","18","generated_from_2_4_mask","25"
"µµµÏ_¿©","19","generated_from_2_4_mask","25"
"µµµÏ_¿©","20","generated_from_2_4_mask","25"
"µµµÏ_³²","1","generated_from_2_4_mask","20"
"µµµÏ_³²","3","generated_from_2_4_mask","20"
"µµµÏ_³²","5","generated_from_2_4_mask","20"
"µµµÏ_³²","6","generated_from_2_4_mask","20"
"µµµÏ_³²","7","generated_from_2_4_mask","20"
"µµµÏ_³²","8","generated_from_2_4_mask","20"
"µµµÏ_³²","9","generated_from_2_4_mask","20"
"µµµÏ_³²","10","generated_from_2_4_mask","20"
"µµµÏ_³²","11","generated_from_2_4_mask","20"
"µµµÏ_³²","12","generated_from_2_4_mask","20"
"µµµÏ_³²","13","generated_from_2_4_mask","20"
"µµµÏ_³²","14","generated_from_2_4_mask","20"
"µµµÏ_³²","15","generated_from_2_4_mask","20"
"µµµÏ_³²","16","generated_from_2_4_mask","20"
"µµµÏ_³²","17","generated_from_2_4_mask","20"
"µµµÏ_³²","18","generated_from_2_4_mask","20"
"µµµÏ_³²","19","generated_from_2_4_mask","20"
"µµµÏ_³²","20","generated_from_2_4_mask","20"
"ÇÏÀÌÇÁ¸®½ºÆ®_¿©","1","generated_from_2_4_mask","8"
"ÇÏÀÌÇÁ¸®½ºÆ®_¿©","3","generated_from_2_4_mask","8"
"ÇÏÀÌÇÁ¸®½ºÆ®_¿©","5","generated_from_2_4_mask","8"
"ÇÏÀÌÇÁ¸®½ºÆ®_¿©","6","generated_from_2_4_mask","8"
"ÇÏÀÌÇÁ¸®½ºÆ®_¿©","7","generated_from_2_4_mask","8"
"ÇÏÀÌÇÁ¸®½ºÆ®_¿©","8","generated_from_2_4_mask","8"
"ÇÏÀÌÇÁ¸®½ºÆ®_¿©","9","generated_from_2_4_mask","8"
"ÇÏÀÌÇÁ¸®½ºÆ®_¿©","10","generated_from_2_4_mask","8"
"ÇÏÀÌÇÁ¸®½ºÆ®_¿©","11","generated_from_2_4_mask","8"
"ÇÏÀÌÇÁ¸®½ºÆ®_¿©","12","generated_from_2_4_mask","8"
"ÇÏÀÌÇÁ¸®½ºÆ®_¿©","13","generated_from_2_4_mask","8"
"ÇÏÀÌÇÁ¸®½ºÆ®_¿©","14","generated_from_2_4_mask","8"
"ÇÏÀÌÇÁ¸®½ºÆ®_¿©","15","generated_from_2_4_mask","8"
"ÇÏÀÌÇÁ¸®½ºÆ®_¿©","16","generated_from_2_4_mask","8"
"ÇÏÀÌÇÁ¸®½ºÆ®_¿©","17","generated_from_2_4_mask","8"
"ÇÏÀÌÇÁ¸®½ºÆ®_¿©","18","generated_from_2_4_mask","8"
"ÇÏÀÌÇÁ¸®½ºÆ®_¿©","19","generated_from_2_4_mask","8"
"ÇÏÀÌÇÁ¸®½ºÆ®_¿©","20","generated_from_2_4_mask","8"
"ÇÏÀÌÇÁ¸®½ºÆ®_³²","1","generated_from_2_4_mask","23"
"ÇÏÀÌÇÁ¸®½ºÆ®_³²","3","generated_from_2_4_mask","23"
"ÇÏÀÌÇÁ¸®½ºÆ®_³²","5","generated_from_2_4_mask","23"
"ÇÏÀÌÇÁ¸®½ºÆ®_³²","6","generated_from_2_4_mask","23"
"ÇÏÀÌÇÁ¸®½ºÆ®_³²","7","generated_from_2_4_mask","23"
"ÇÏÀÌÇÁ¸®½ºÆ®_³²","8","generated_from_2_4_mask","23"
"ÇÏÀÌÇÁ¸®½ºÆ®_³²","9","generated_from_2_4_mask","23"
"ÇÏÀÌÇÁ¸®½ºÆ®_³²","10","generated_from_2_4_mask","23"
"ÇÏÀÌÇÁ¸®½ºÆ®_³²","11","generated_from_2_4_mask","23"
"ÇÏÀÌÇÁ¸®½ºÆ®_³²","12","generated_from_2_4_mask","23"
"ÇÏÀÌÇÁ¸®½ºÆ®_³²","13","generated_from_2_4_mask","23"
"ÇÏÀÌÇÁ¸®½ºÆ®_³²","14","generated_from_2_4_mask","23"
"ÇÏÀÌÇÁ¸®½ºÆ®_³²","15","generated_from_2_4_mask","23"
"ÇÏÀÌÇÁ¸®½ºÆ®_³²","16","generated_from_2_4_mask","23"
"ÇÏÀÌÇÁ¸®½ºÆ®_³²","17","generated_from_2_4_mask","23"
"ÇÏÀÌÇÁ¸®½ºÆ®_³²","18","generated_from_2_4_mask","23"
"ÇÏÀÌÇÁ¸®½ºÆ®_³²","19","generated_from_2_4_mask","23"
"ÇÏÀÌÇÁ¸®½ºÆ®_³²","20","generated_from_2_4_mask","23"
"ÇÏÀÌÀ§Àúµå_¿©","1","generated_from_2_4_mask","14"
"ÇÏÀÌÀ§Àúµå_¿©","3","generated_from_2_4_mask","14"
"ÇÏÀÌÀ§Àúµå_¿©","5","generated_from_2_4_mask","14"
"ÇÏÀÌÀ§Àúµå_¿©","6","generated_from_2_4_mask","14"
"ÇÏÀÌÀ§Àúµå_¿©","7","generated_from_2_4_mask","14"
"ÇÏÀÌÀ§Àúµå_¿©","8","generated_from_2_4_mask","14"
"ÇÏÀÌÀ§Àúµå_¿©","9","generated_from_2_4_mask","14"
"ÇÏÀÌÀ§Àúµå_¿©","10","generated_from_2_4_mask","14"
"ÇÏÀÌÀ§Àúµå_¿©","11","generated_from_2_4_mask","14"
"ÇÏÀÌÀ§Àúµå_¿©","12","generated_from_2_4_mask","14"
"ÇÏÀÌÀ§Àúµå_¿©","13","generated_from_2_4_mask","14"
"ÇÏÀÌÀ§Àúµå_¿©","14","generated_from_2_4_mask","14"
"ÇÏÀÌÀ§Àúµå_¿©","15","generated_from_2_4_mask","14"
"ÇÏÀÌÀ§Àúµå_¿©","16","generated_from_2_4_mask","14"
"ÇÏÀÌÀ§Àúµå_¿©","17","generated_from_2_4_mask","14"
"ÇÏÀÌÀ§Àúµå_¿©","18","generated_from_2_4_mask","14"
"ÇÏÀÌÀ§Àúµå_¿©","19","generated_from_2_4_mask","14"
"ÇÏÀÌÀ§Àúµå_¿©","20","generated_from_2_4_mask","14"
"ÇÏÀÌÀ§Àúµå_³²","1","generated_from_2_4_mask","20"
"ÇÏÀÌÀ§Àúµå_³²","3","generated_from_2_4_mask","20"
"ÇÏÀÌÀ§Àúµå_³²","5","generated_from_2_4_mask","20"
"ÇÏÀÌÀ§Àúµå_³²","6","generated_from_2_4_mask","20"
"ÇÏÀÌÀ§Àúµå_³²","7","generated_from_2_4_mask","20"
"ÇÏÀÌÀ§Àúµå_³²","8","generated_from_2_4_mask","20"
"ÇÏÀÌÀ§Àúµå_³²","9","generated_from_2_4_mask","20"
"ÇÏÀÌÀ§Àúµå_³²","10","generated_from_2_4_mask","20"
"ÇÏÀÌÀ§Àúµå_³²","11","generated_from_2_4_mask","20"
"ÇÏÀÌÀ§Àúµå_³²","12","generated_from_2_4_mask","20"
"ÇÏÀÌÀ§Àúµå_³²","13","generated_from_2_4_mask","20"
"ÇÏÀÌÀ§Àúµå_³²","14","generated_from_2_4_mask","20"
"ÇÏÀÌÀ§Àúµå_³²","15","generated_from_2_4_mask","20"
"ÇÏÀÌÀ§Àúµå_³²","16","generated_from_2_4_mask","20"
"ÇÏÀÌÀ§Àúµå_³²","17","generated_from_2_4_mask","20"
"ÇÏÀÌÀ§Àúµå_³²","18","generated_from_2_4_mask","20"
"ÇÏÀÌÀ§Àúµå_³²","19","generated_from_2_4_mask","20"
"ÇÏÀÌÀ§Àúµå_³²","20","generated_from_2_4_mask","20"
"ÇåÅÍ_¿©","1","generated_from_2_4_mask","25"
"ÇåÅÍ_¿©","3","generated_from_2_4_mask","25"
"ÇåÅÍ_¿©","5","generated_from_2_4_mask","25"
"ÇåÅÍ_¿©","6","generated_from_2_4_mask","25"
"ÇåÅÍ_¿©","7","generated_from_2_4_mask","25"
"ÇåÅÍ_¿©","8","generated_from_2_4_mask","25"
"ÇåÅÍ_¿©","9","generated_from_2_4_mask","25"
"ÇåÅÍ_¿©","10","generated_from_2_4_mask","25"
"ÇåÅÍ_¿©","11","generated_from_2_4_mask","25"
"ÇåÅÍ_¿©","12","generated_from_2_4_mask","25"
"ÇåÅÍ_¿©","13","generated_from_2_4_mask","25"
"ÇåÅÍ_¿©","14","generated_from_2_4_mask","25"
"ÇåÅÍ_¿©","15","generated_from_2_4_mask","25"
"ÇåÅÍ_¿©","16","generated_from_2_4_mask","25"
"ÇåÅÍ_¿©","17","generated_from_2_4_mask","25"
"ÇåÅÍ_¿©","18","generated_from_2_4_mask","25"
"ÇåÅÍ_¿©","19","generated_from_2_4_mask","25"
"ÇåÅÍ_¿©","20","generated_from_2_4_mask","25"
"ÇåÅÍ_³²","1","generated_from_2_4_mask","24"
"ÇåÅÍ_³²","3","generated_from_2_4_mask","24"
"ÇåÅÍ_³²","5","generated_from_2_4_mask","24"
"ÇåÅÍ_³²","6","generated_from_2_4_mask","24"
"ÇåÅÍ_³²","7","generated_from_2_4_mask","24"
"ÇåÅÍ_³²","8","generated_from_2_4_mask","24"
"ÇåÅÍ_³²","9","generated_from_2_4_mask","24"
"ÇåÅÍ_³²","10","generated_from_2_4_mask","24"
"ÇåÅÍ_³²","11","generated_from_2_4_mask","24"
"ÇåÅÍ_³²","12","generated_from_2_4_mask","24"
"ÇåÅÍ_³²","13","generated_from_2_4_mask","24"
"ÇåÅÍ_³²","14","generated_from_2_4_mask","24"
"ÇåÅÍ_³²","15","generated_from_2_4_mask","24"
"ÇåÅÍ_³²","16","generated_from_2_4_mask","24"
"ÇåÅÍ_³²","17","generated_from_2_4_mask","24"
"ÇåÅÍ_³²","18","generated_from_2_4_mask","24"
"ÇåÅÍ_³²","19","generated_from_2_4_mask","24"
"ÇåÅÍ_³²","20","generated_from_2_4_mask","24"
"±â»ç_¿©","1","generated_from_2_4_mask","24"
"±â»ç_¿©","3","generated_from_2_4_mask","24"
"±â»ç_¿©","5","generated_from_2_4_mask","24"
"±â»ç_¿©","6","generated_from_2_4_mask","24"
"±â»ç_¿©","7","generated_from_2_4_mask","24"
"±â»ç_¿©","8","generated_from_2_4_mask","24"
"±â»ç_¿©","9","generated_from_2_4_mask","24"
"±â»ç_¿©","10","generated_from_2_4_mask","24"
"±â»ç_¿©","11","generated_from_2_4_mask","24"
"±â»ç_¿©","12","generated_from_2_4_mask","24"
"±â»ç_¿©","13","generated_from_2_4_mask","24"
"±â»ç_¿©","14","generated_from_2_4_mask","24"
"±â»ç_¿©","15","generated_from_2_4_mask","24"
"±â»ç_¿©","16","generated_from_2_4_mask","24"
"±â»ç_¿©","17","generated_from_2_4_mask","24"
"±â»ç_¿©","18","generated_from_2_4_mask","24"
"±â»ç_¿©","19","generated_from_2_4_mask","24"
"±â»ç_¿©","20","generated_from_2_4_mask","24"
"±â»ç_³²","1","generated_from_2_4_mask","18"
"±â»ç_³²","3","generated_from_2_4_mask","18"
"±â»ç_³²","5","generated_from_2_4_mask","18"
"±â»ç_³²","6","generated_from_2_4_mask","18"
"±â»ç_³²","7","generated_from_2_4_mask","18"
"±â»ç_³²","8","generated_from_2_4_mask","18"
"±â»ç_³²","9","generated_from_2_4_mask","18"
"±â»ç_³²","10","generated_from_2_4_mask","18"
"±â»ç_³²","11","generated_from_2_4_mask","18"
"±â»ç_³²","12","generated_from_2_4_mask","18"
"±â»ç_³²","13","generated_from_2_4_mask","18"
"±â»ç_³²","14","generated_from_2_4_mask","18"
"±â»ç_³²","15","generated_from_2_4_mask","18"
"±â»ç_³²","16","generated_from_2_4_mask","18"
"±â»ç_³²","17","generated_from_2_4_mask","18"
"±â»ç_³²","18","generated_from_2_4_mask","18"
"±â»ç_³²","19","generated_from_2_4_mask","18"
"±â»ç_³²","20","generated_from_2_4_mask","18"
"·Îµå³ªÀÌÆ®_¿©","1","generated_from_2_4_mask","24"
"·Îµå³ªÀÌÆ®_¿©","3","generated_from_2_4_mask","24"
"·Îµå³ªÀÌÆ®_¿©","5","generated_from_2_4_mask","24"
"·Îµå³ªÀÌÆ®_¿©","6","generated_from_2_4_mask","24"
"·Îµå³ªÀÌÆ®_¿©","7","generated_from_2_4_mask","24"
"·Îµå³ªÀÌÆ®_¿©","8","generated_from_2_4_mask","24"
"·Îµå³ªÀÌÆ®_¿©","9","generated_from_2_4_mask","24"
"·Îµå³ªÀÌÆ®_¿©","10","generated_from_2_4_mask","24"
"·Îµå³ªÀÌÆ®_¿©","11","generated_from_2_4_mask","24"
"·Îµå³ªÀÌÆ®_¿©","12","generated_from_2_4_mask","24"
"·Îµå³ªÀÌÆ®_¿©","13","generated_from_2_4_mask","24"
"·Îµå³ªÀÌÆ®_¿©","14","generated_from_2_4_mask","24"
"·Îµå³ªÀÌÆ®_¿©","15","generated_from_2_4_mask","24"
"·Îµå³ªÀÌÆ®_¿©","16","generated_from_2_4_mask","24"
"·Îµå³ªÀÌÆ®_¿©","17","generated_from_2_4_mask","24"
"·Îµå³ªÀÌÆ®_¿©","18","generated_from_2_4_mask","24"
"·Îµå³ªÀÌÆ®_¿©","19","generated_from_2_4_mask","24"
"·Îµå³ªÀÌÆ®_¿©","20","generated_from_2_4_mask","24"
"·Îµå³ªÀÌÆ®_³²","1","generated_from_2_4_mask","25"
"·Îµå³ªÀÌÆ®_³²","3","generated_from_2_4_mask","25"
"·Îµå³ªÀÌÆ®_³²","5","generated_from_2_4_mask","25"
"·Îµå³ªÀÌÆ®_³²","6","generated_from_2_4_mask","25"
"·Îµå³ªÀÌÆ®_³²","7","generated_from_2_4_mask","25"
"·Îµå³ªÀÌÆ®_³²","8","generated_from_2_4_mask","25"
"·Îµå³ªÀÌÆ®_³²","9","generated_from_2_4_mask","25"
"·Îµå³ªÀÌÆ®_³²","10","generated_from_2_4_mask","25"
"·Îµå³ªÀÌÆ®_³²","11","generated_from_2_4_mask","25"
"·Îµå³ªÀÌÆ®_³²","12","generated_from_2_4_mask","25"
"·Îµå³ªÀÌÆ®_³²","13","generated_from_2_4_mask","25"
"·Îµå³ªÀÌÆ®_³²","14","generated_from_2_4_mask","25"
"·Îµå³ªÀÌÆ®_³²","15","generated_from_2_4_mask","25"
"·Îµå³ªÀÌÆ®_³²","16","generated_from_2_4_mask","25"
"·Îµå³ªÀÌÆ®_³²","17","generated_from_2_4_mask","25"
"·Îµå³ªÀÌÆ®_³²","18","generated_from_2_4_mask","25"
"·Îµå³ªÀÌÆ®_³²","19","generated_from_2_4_mask","25"
"·Îµå³ªÀÌÆ®_³²","20","generated_from_2_4_mask","25"
"ÆÈ¶óµò_¿©","1","generated_from_2_4_mask","33"
"ÆÈ¶óµò_¿©","3","generated_from_2_4_mask","33"
"ÆÈ¶óµò_¿©","5","generated_from_2_4_mask","33"
"ÆÈ¶óµò_¿©","6","generated_from_2_4_mask","33"
"ÆÈ¶óµò_¿©","7","generated_from_2_4_mask","33"
"ÆÈ¶óµò_¿©","8","generated_from_2_4_mask","33"
"ÆÈ¶óµò_¿©","9","generated_from_2_4_mask","33"
"ÆÈ¶óµò_¿©","10","generated_from_2_4_mask","33"
"ÆÈ¶óµò_¿©","11","generated_from_2_4_mask","33"
"ÆÈ¶óµò_¿©","12","generated_from_2_4_mask","33"
"ÆÈ¶óµò_¿©","13","generated_from_2_4_mask","33"
"ÆÈ¶óµò_¿©","14","generated_from_2_4_mask","33"
"ÆÈ¶óµò_¿©","15","generated_from_2_4_mask","33"
"ÆÈ¶óµò_¿©","16","generated_from_2_4_mask","33"
"ÆÈ¶óµò_¿©","17","generated_from_2_4_mask","33"
"ÆÈ¶óµò_¿©","18","generated_from_2_4_mask","33"
"ÆÈ¶óµò_¿©","19","generated_from_2_4_mask","33"
"ÆÈ¶óµò_¿©","20","generated_from_2_4_mask","33"
"ÆÈ¶óµò_³²","1","generated_from_2_4_mask","33"
"ÆÈ¶óµò_³²","3","generated_from_2_4_mask","33"
"ÆÈ¶óµò_³²","5","generated_from_2_4_mask","33"
"ÆÈ¶óµò_³²","6","generated_from_2_4_mask","33"
"ÆÈ¶óµò_³²","7","generated_from_2_4_mask","33"
"ÆÈ¶óµò_³²","8","generated_from_2_4_mask","33"
"ÆÈ¶óµò_³²","9","generated_from_2_4_mask","33"
"ÆÈ¶óµò_³²","10","generated_from_2_4_mask","33"
"ÆÈ¶óµò_³²","11","generated_from_2_4_mask","33"
"ÆÈ¶óµò_³²","12","generated_from_2_4_mask","33"
"ÆÈ¶óµò_³²","13","generated_from_2_4_mask","33"
"ÆÈ¶óµò_³²","14","generated_from_2_4_mask","33"
"ÆÈ¶óµò_³²","15","generated_from_2_4_mask","33"
"ÆÈ¶óµò_³²","16","generated_from_2_4_mask","33"
"ÆÈ¶óµò_³²","17","generated_from_2_4_mask","33"
"ÆÈ¶óµò_³²","18","generated_from_2_4_mask","33"
"ÆÈ¶óµò_³²","19","generated_from_2_4_mask","33"
"ÆÈ¶óµò_³²","20","generated_from_2_4_mask","33"
"¸¶¹ý»ç_¿©","1","generated_from_2_4_mask","25"
"¸¶¹ý»ç_¿©","3","generated_from_2_4_mask","25"
"¸¶¹ý»ç_¿©","5","generated_from_2_4_mask","25"
"¸¶¹ý»ç_¿©","6","generated_from_2_4_mask","25"
"¸¶¹ý»ç_¿©","7","generated_from_2_4_mask","25"
"¸¶¹ý»ç_¿©","8","generated_from_2_4_mask","25"
"¸¶¹ý»ç_¿©","9","generated_from_2_4_mask","25"
"¸¶¹ý»ç_¿©","10","generated_from_2_4_mask","25"
"¸¶¹ý»ç_¿©","11","generated_from_2_4_mask","25"
"¸¶¹ý»ç_¿©","12","generated_from_2_4_mask","25"
"¸¶¹ý»ç_¿©","13","generated_from_2_4_mask","25"
"¸¶¹ý»ç_¿©","14","generated_from_2_4_mask","25"
"¸¶¹ý»ç_¿©","15","generated_from_2_4_mask","25"
"¸¶¹ý»ç_¿©","16","generated_from_2_4_mask","25"
"¸¶¹ý»ç_¿©","17","generated_from_2_4_mask","25"
"¸¶¹ý»ç_¿©","18","generated_from_2_4_mask","25"
"¸¶¹ý»ç_¿©","19","generated_from_2_4_mask","25"
"¸¶¹ý»ç_¿©","20","generated_from_2_4_mask","25"
"¸¶¹ý»ç_³²","1","generated_from_2_4_mask","8"
"¸¶¹ý»ç_³²","3","generated_from_2_4_mask","8"
"¸¶¹ý»ç_³²","5","generated_from_2_4_mask","8"
"¸¶¹ý»ç_³²","6","generated_from_2_4_mask","8"
"¸¶¹ý»ç_³²","7","generated_from_2_4_mask","8"
"¸¶¹ý»ç_³²","8","generated_from_2_4_mask","8"
"¸¶¹ý»ç_³²","9","generated_from_2_4_mask","8"
"¸¶¹ý»ç_³²","10","generated_from_2_4_mask","8"
"¸¶¹ý»ç_³²","11","generated_from_2_4_mask","8"
"¸¶¹ý»ç_³²","12","generated_from_2_4_mask","8"
"¸¶¹ý»ç_³²","13","generated_from_2_4_mask","8"
"¸¶¹ý»ç_³²","14","generated_from_2_4_mask","8"
"¸¶¹ý»ç_³²","15","generated_from_2_4_mask","8"
"¸¶¹ý»ç_³²","16","generated_from_2_4_mask","8"
"¸¶¹ý»ç_³²","17","generated_from_2_4_mask","8"
"¸¶¹ý»ç_³²","18","generated_from_2_4_mask","8"
"¸¶¹ý»ç_³²","19","generated_from_2_4_mask","8"
"¸¶¹ý»ç_³²","20","generated_from_2_4_mask","8"
"»óÀÎ_¿©","1","generated_from_2_4_mask","29"
"»óÀÎ_¿©","3","generated_from_2_4_mask","29"
"»óÀÎ_¿©","5","generated_from_2_4_mask","29"
"»óÀÎ_¿©","6","generated_from_2_4_mask","29"
"»óÀÎ_¿©","7","generated_from_2_4_mask","29"
"»óÀÎ_¿©","8","generated_from_2_4_mask","29"
"»óÀÎ_¿©","9","generated_from_2_4_mask","29"
"»óÀÎ_¿©","10","generated_from_2_4_mask","29"
"»óÀÎ_¿©","11","generated_from_2_4_mask","29"
"»óÀÎ_¿©","12","generated_from_2_4_mask","29"
"»óÀÎ_¿©","13","generated_from_2_4_mask","29"
"»óÀÎ_¿©","14","generated_from_2_4_mask","29"
"»óÀÎ_¿©","15","generated_from_2_4_mask","29"
"»óÀÎ_¿©","16","generated_from_2_4_mask","29"
"»óÀÎ_¿©","17","generated_from_2_4_mask","29"
"»óÀÎ_¿©","18","generated_from_2_4_mask","29"
"»óÀÎ_¿©","19","generated_from_2_4_mask","29"
"»óÀÎ_¿©","20","generated_from_2_4_mask","29"
"»óÀÎ_³²","1","generated_from_2_4_mask","27"
"»óÀÎ_³²","3","generated_from_2_4_mask","27"
"»óÀÎ_³²","5","generated_from_2_4_mask","27"
"»óÀÎ_³²","6","generated_from_2_4_mask","27"
"»óÀÎ_³²","7","generated_from_2_4_mask","27"
"»óÀÎ_³²","8","generated_from_2_4_mask","27"
"»óÀÎ_³²","9","generated_from_2_4_mask","27"
"»óÀÎ_³²","10","generated_from_2_4_mask","27"
"»óÀÎ_³²","11","generated_from_2_4_mask","27"
"»óÀÎ_³²","12","generated_from_2_4_mask","27"
"»óÀÎ_³²","13","generated_from_2_4_mask","27"
"»óÀÎ_³²","14","generated_from_2_4_mask","27"
"»óÀÎ_³²","15","generated_from_2_4_mask","27"
"»óÀÎ_³²","16","generated_from_2_4_mask","27"
"»óÀÎ_³²","17","generated_from_2_4_mask","27"
"»óÀÎ_³²","18","generated_from_2_4_mask","27"
"»óÀÎ_³²","19","generated_from_2_4_mask","27"
"»óÀÎ_³²","20","generated_from_2_4_mask","27"
"¸ùÅ©_¿©","1","generated_from_2_4_mask","23"
"¸ùÅ©_¿©","3","generated_from_2_4_mask","23"
"¸ùÅ©_¿©","5","generated_from_2_4_mask","23"
"¸ùÅ©_¿©","6","generated_from_2_4_mask","23"
"¸ùÅ©_¿©","7","generated_from_2_4_mask","23"
"¸ùÅ©_¿©","8","generated_from_2_4_mask","23"
"¸ùÅ©_¿©","9","generated_from_2_4_mask","23"
"¸ùÅ©_¿©","10","generated_from_2_4_mask","23"
"¸ùÅ©_¿©","11","generated_from_2_4_mask","23"
"¸ùÅ©_¿©","12","generated_from_2_4_mask","23"
"¸ùÅ©_¿©","13","generated_from_2_4_mask","23"
"¸ùÅ©_¿©","14","generated_from_2_4_mask","23"
"¸ùÅ©_¿©","15","generated_from_2_4_mask","23"
"¸ùÅ©_¿©","16","generated_from_2_4_mask","23"
"¸ùÅ©_¿©","17","generated_from_2_4_mask","23"
"¸ùÅ©_¿©","18","generated_from_2_4_mask","23"
"¸ùÅ©_¿©","19","generated_from_2_4_mask","23"
"¸ùÅ©_¿©","20","generated_from_2_4_mask","23"
"¸ùÅ©_³²","1","generated_from_2_4_mask","24"
"¸ùÅ©_³²","3","generated_from_2_4_mask","24"
"¸ùÅ©_³²","5","generated_from_2_4_mask","24"
"¸ùÅ©_³²","6","generated_from_2_4_mask","24"
"¸ùÅ©_³²","7","generated_from_2_4_mask","24"
"¸ùÅ©_³²","8","generated_from_2_4_mask","24"
"¸ùÅ©_³²","9","generated_from_2_4_mask","24"
"¸ùÅ©_³²","10","generated_from_2_4_mask","24"
"¸ùÅ©_³²","11","generated_from_2_4_mask","24"
"¸ùÅ©_³²","12","generated_from_2_4_mask","24"
"¸ùÅ©_³²","13","generated_from_2_4_mask","24"
"¸ùÅ©_³²","14","generated_from_2_4_mask","24"
"¸ùÅ©_³²","15","generated_from_2_4_mask","24"
"¸ùÅ©_³²","16","generated_from_2_4_mask","24"
"¸ùÅ©_³²","17","generated_from_2_4_mask","24"
"¸ùÅ©_³²","18","generated_from_2_4_mask","24"
"¸ùÅ©_³²","19","generated_from_2_4_mask","24"
"¸ùÅ©_³²","20","generated_from_2_4_mask","24"
"½º³ªÀÌÆÛ_¿©","1","generated_from_2_4_mask","32"
"½º³ªÀÌÆÛ_¿©","3","generated_from_2_4_mask","32"
"½º³ªÀÌÆÛ_¿©","5","generated_from_2_4_mask","32"
"½º³ªÀÌÆÛ_¿©","6","generated_from_2_4_mask","32"
"½º³ªÀÌÆÛ_¿©","7","generated_from_2_4_mask","32"
"½º³ªÀÌÆÛ_¿©","8","generated_from_2_4_mask","32"
"½º³ªÀÌÆÛ_¿©","9","generated_from_2_4_mask","32"
"½º³ªÀÌÆÛ_¿©","10","generated_from_2_4_mask","32"
"½º³ªÀÌÆÛ_¿©","11","generated_from_2_4_mask","32"
"½º³ªÀÌÆÛ_¿©","12","generated_from_2_4_mask","32"
"½º³ªÀÌÆÛ_¿©","13","generated_from_2_4_mask","32"
"½º³ªÀÌÆÛ_¿©","14","generated_from_2_4_mask","32"
"½º³ªÀÌÆÛ_¿©","15","generated_from_2_4_mask","32"
"½º³ªÀÌÆÛ_¿©","16","generated_from_2_4_mask","32"
"½º³ªÀÌÆÛ_¿©","17","generated_from_2_4_mask","32"
"½º³ªÀÌÆÛ_¿©","18","generated_from_2_4_mask","32"
"½º³ªÀÌÆÛ_¿©","19","generated_from_2_4_mask","32"
"½º³ªÀÌÆÛ_¿©","20","generated_from_2_4_mask","32"
"½º³ªÀÌÆÛ_³²","1","generated_from_2_4_mask","23"
"½º³ªÀÌÆÛ_³²","3","generated_from_2_4_mask","23"
"½º³ªÀÌÆÛ_³²","5","generated_from_2_4_mask","23"
"½º³ªÀÌÆÛ_³²","6","generated_from_2_4_mask","23"
"½º³ªÀÌÆÛ_³²","7","generated_from_2_4_mask","23"
"½º³ªÀÌÆÛ_³²","8","generated_from_2_4_mask","23"
"½º³ªÀÌÆÛ_³²","9","generated_from_2_4_mask","23"
"½º³ªÀÌÆÛ_³²","10","generated_from_2_4_mask","23"
"½º³ªÀÌÆÛ_³²","11","generated_from_2_4_mask","23"
"½º³ªÀÌÆÛ_³²","12","generated_from_2_4_mask","23"
"½º³ªÀÌÆÛ_³²","13","generated_from_2_4_mask","23"
"½º³ªÀÌÆÛ_³²","14","generated_from_2_4_mask","23"
"½º³ªÀÌÆÛ_³²","15","generated_from_2_4_mask","23"
"½º³ªÀÌÆÛ_³²","16","generated_from_2_4_mask","23"
"½º³ªÀÌÆÛ_³²","17","generated_from_2_4_mask","23"
"½º³ªÀÌÆÛ_³²","18","generated_from_2_4_mask","23"
"½º³ªÀÌÆÛ_³²","19","generated_from_2_4_mask","23"
"½º³ªÀÌÆÛ_³²","20","generated_from_2_4_mask","23"
"ÆäÄÚÆÈ¶ó_¿©","1","generated_from_2_4_mask","41"
"ÆäÄÚÆÈ¶ó_¿©","3","generated_from_2_4_mask","41"
"ÆäÄÚÆÈ¶ó_¿©","5","generated_from_2_4_mask","41"
"ÆäÄÚÆÈ¶ó_¿©","6","generated_from_2_4_mask","41"
"ÆäÄÚÆÈ¶ó_¿©","7","generated_from_2_4_mask","41"
"ÆäÄÚÆÈ¶ó_¿©","8","generated_from_2_4_mask","41"
"ÆäÄÚÆÈ¶ó_¿©","9","generated_from_2_4_mask","41"
"ÆäÄÚÆÈ¶ó_¿©","10","generated_from_2_4_mask","41"
"ÆäÄÚÆÈ¶ó_¿©","11","generated_from_2_4_mask","41"
"ÆäÄÚÆÈ¶ó_¿©","12","generated_from_2_4_mask","41"
"ÆäÄÚÆÈ¶ó_¿©","13","generated_from_2_4_mask","41"
"ÆäÄÚÆÈ¶ó_¿©","14","generated_from_2_4_mask","41"
"ÆäÄÚÆÈ¶ó_¿©","15","generated_from_2_4_mask","41"
"ÆäÄÚÆÈ¶ó_¿©","16","generated_from_2_4_mask","41"
"ÆäÄÚÆÈ¶ó_¿©","17","generated_from_2_4_mask","41"
"ÆäÄÚÆÈ¶ó_¿©","18","generated_from_2_4_mask","41"
"ÆäÄÚÆÈ¶ó_¿©","19","generated_from_2_4_mask","41"
"ÆäÄÚÆÈ¶ó_¿©","20","generated_from_2_4_mask","41"
"ÆäÄÚÆÈ¶ó_³²","1","generated_from_2_4_mask","41"
"ÆäÄÚÆÈ¶ó_³²","3","generated_from_2_4_mask","41"
"ÆäÄÚÆÈ¶ó_³²","5","generated_from_2_4_mask","41"
"ÆäÄÚÆÈ¶ó_³²","6","generated_from_2_4_mask","41"
"ÆäÄÚÆÈ¶ó_³²","7","generated_from_2_4_mask","41"
"ÆäÄÚÆÈ¶ó_³²","8","generated_from_2_4_mask","41"
"ÆäÄÚÆÈ¶ó_³²","9","generated_from_2_4_mask","41"
"ÆäÄÚÆÈ¶ó_³²","10","generated_from_2_4_mask","41"
"ÆäÄÚÆÈ¶ó_³²","11","generated_from_2_4_mask","41"
"ÆäÄÚÆÈ¶ó_³²","12","generated_from_2_4_mask","41"
"ÆäÄÚÆÈ¶ó_³²","13","generated_from_2_4_mask","41"
"ÆäÄÚÆÈ¶ó_³²","14","generated_from_2_4_mask","41"
"ÆäÄÚÆÈ¶ó_³²","15","generated_from_2_4_mask","41"
"ÆäÄÚÆÈ¶ó_³²","16","generated_from_2_4_mask","41"
"ÆäÄÚÆÈ¶ó_³²","17","generated_from_2_4_mask","41"
"ÆäÄÚÆÈ¶ó_³²","18","generated_from_2_4_mask","41"
"ÆäÄÚÆÈ¶ó_³²","19","generated_from_2_4_mask","41"
"ÆäÄÚÆÈ¶ó_³²","20","generated_from_2_4_mask","41"
"°Ë»ç_¿©","1","generated_from_2_4_mask","17"
"°Ë»ç_¿©","3","generated_from_2_4_mask","17"
"°Ë»ç_¿©","5","generated_from_2_4_mask","17"
"°Ë»ç_¿©","6","generated_from_2_4_mask","17"
"°Ë»ç_¿©","7","generated_from_2_4_mask","17"
"°Ë»ç_¿©","8","generated_from_2_4_mask","17"
"°Ë»ç_¿©","9","generated_from_2_4_mask","17"
"°Ë»ç_¿©","10","generated_from_2_4_mask","17"
"°Ë»ç_¿©","11","generated_from_2_4_mask","17"
"°Ë»ç_¿©","12","generated_from_2_4_mask","17"
"°Ë»ç_¿©","13","generated_from_2_4_mask","17"
"°Ë»ç_¿©","14","generated_from_2_4_mask","17"
"°Ë»ç_¿©","15","generated_from_2_4_mask","17"
"°Ë»ç_¿©","16","generated_from_2_4_mask","17"
"°Ë»ç_¿©","17","generated_from_2_4_mask","17"
"°Ë»ç_¿©","18","generated_from_2_4_mask","17"
"°Ë»ç_¿©","19","generated_from_2_4_mask","17"
"°Ë»ç_¿©","20","generated_from_2_4_mask","17"
"°Ë»ç_³²","1","generated_from_2_4_mask","24"
"°Ë»ç_³²","3","generated_from_2_4_mask","24"
"°Ë»ç_³²","5","generated_from_2_4_mask","24"
"°Ë»ç_³²","6","generated_from_2_4_mask","24"
"°Ë»ç_³²","7","generated_from_2_4_mask","24"
"°Ë»ç_³²","8","generated_from_2_4_mask","24"
"°Ë»ç_³²","9","generated_from_2_4_mask","24"
"°Ë»ç_³²","10","generated_from_2_4_mask","24"
"°Ë»ç_³²","11","generated_from_2_4_mask","24"
"°Ë»ç_³²","12","generated_from_2_4_mask","24"
"°Ë»ç_³²","13","generated_from_2_4_mask","24"
"°Ë»ç_³²","14","generated_from_2_4_mask","24"
"°Ë»ç_³²","15","generated_from_2_4_mask","24"
"°Ë»ç_³²","16","generated_from_2_4_mask","24"
"°Ë»ç_³²","17","generated_from_2_4_mask","24"
"°Ë»ç_³²","18","generated_from_2_4_mask","24"
"°Ë»ç_³²","19","generated_from_2_4_mask","24"
"°Ë»ç_³²","20","generated_from_2_4_mask","24"
"ÇÁ¸®½ºÆ®_¿©","1","generated_from_2_4_mask","16"
"ÇÁ¸®½ºÆ®_¿©","3","generated_from_2_4_mask","16"
"ÇÁ¸®½ºÆ®_¿©","5","generated_from_2_4_mask","16"
"ÇÁ¸®½ºÆ®_¿©","6","generated_from_2_4_mask","16"
"ÇÁ¸®½ºÆ®_¿©","7","generated_from_2_4_mask","16"
"ÇÁ¸®½ºÆ®_¿©","8","generated_from_2_4_mask","16"
"ÇÁ¸®½ºÆ®_¿©","9","generated_from_2_4_mask","16"
"ÇÁ¸®½ºÆ®_¿©","10","generated_from_2_4_mask","16"
"ÇÁ¸®½ºÆ®_¿©","11","generated_from_2_4_mask","16"
"ÇÁ¸®½ºÆ®_¿©","12","generated_from_2_4_mask","16"
"ÇÁ¸®½ºÆ®_¿©","13","generated_from_2_4_mask","16"
"ÇÁ¸®½ºÆ®_¿©","14","generated_from_2_4_mask","16"
"ÇÁ¸®½ºÆ®_¿©","15","generated_from_2_4_mask","16"
"ÇÁ¸®½ºÆ®_¿©","16","generated_from_2_4_mask","16"
"ÇÁ¸®½ºÆ®_¿©","17","generated_from_2_4_mask","16"
"ÇÁ¸®½ºÆ®_¿©","18","generated_from_2_4_mask","16"
"ÇÁ¸®½ºÆ®_¿©","19","generated_from_2_4_mask","16"
"ÇÁ¸®½ºÆ®_¿©","20","generated_from_2_4_mask","16"
"ÇÁ¸®½ºÆ®_³²","1","generated_from_2_4_mask","21"
"ÇÁ¸®½ºÆ®_³²","3","generated_from_2_4_mask","21"
"ÇÁ¸®½ºÆ®_³²","5","generated_from_2_4_mask","21"
"ÇÁ¸®½ºÆ®_³²","6","generated_from_2_4_mask","21"
"ÇÁ¸®½ºÆ®_³²","7","generated_from_2_4_mask","21"
"ÇÁ¸®½ºÆ®_³²","8","generated_from_2_4_mask","21"
"ÇÁ¸®½ºÆ®_³²","9","generated_from_2_4_mask","21"
"ÇÁ¸®½ºÆ®_³²","10","generated_from_2_4_mask","21"
"ÇÁ¸®½ºÆ®_³²","11","generated_from_2_4_mask","21"
"ÇÁ¸®½ºÆ®_³²","12","generated_from_2_4_mask","21"
"ÇÁ¸®½ºÆ®_³²","13","generated_from_2_4_mask","21"
"ÇÁ¸®½ºÆ®_³²","14","generated_from_2_4_mask","21"
"ÇÁ¸®½ºÆ®_³²","15","generated_from_2_4_mask","21"
"ÇÁ¸®½ºÆ®_³²","16","generated_from_2_4_mask","21"
"ÇÁ¸®½ºÆ®_³²","17","generated_from_2_4_mask","21"
"ÇÁ¸®½ºÆ®_³²","18","generated_from_2_4_mask","21"
"ÇÁ¸®½ºÆ®_³²","19","generated_from_2_4_mask","21"
"ÇÁ¸®½ºÆ®_³²","20","generated_from_2_4_mask","21"
"ÇÁ·ÎÆä¼­_¿©","1","generated_from_2_4_mask","24"
"ÇÁ·ÎÆä¼­_¿©","3","generated_from_2_4_mask","24"
"ÇÁ·ÎÆä¼­_¿©","5","generated_from_2_4_mask","24"
"ÇÁ·ÎÆä¼­_¿©","6","generated_from_2_4_mask","24"
"ÇÁ·ÎÆä¼­_¿©","7","generated_from_2_4_mask","24"
"ÇÁ·ÎÆä¼­_¿©","8","generated_from_2_4_mask","24"
"ÇÁ·ÎÆä¼­_¿©","9","generated_from_2_4_mask","24"
"ÇÁ·ÎÆä¼­_¿©","10","generated_from_2_4_mask","24"
"ÇÁ·ÎÆä¼­_¿©","11","generated_from_2_4_mask","24"
"ÇÁ·ÎÆä¼­_¿©","12","generated_from_2_4_mask","24"
"ÇÁ·ÎÆä¼­_¿©","13","generated_from_2_4_mask","24"
"ÇÁ·ÎÆä¼­_¿©","14","generated_from_2_4_mask","24"
"ÇÁ·ÎÆä¼­_¿©","15","generated_from_2_4_mask","24"
"ÇÁ·ÎÆä¼­_¿©","16","generated_from_2_4_mask","24"
"ÇÁ·ÎÆä¼­_¿©","17","generated_from_2_4_mask","24"
"ÇÁ·ÎÆä¼­_¿©","18","generated_from_2_4_mask","24"
"ÇÁ·ÎÆä¼­_¿©","19","generated_from_2_4_mask","24"
"ÇÁ·ÎÆä¼­_¿©","20","generated_from_2_4_mask","24"
"ÇÁ·ÎÆä¼­_³²","1","generated_from_2_4_mask","24"
"ÇÁ·ÎÆä¼­_³²","3","generated_from_2_4_mask","24"
"ÇÁ·ÎÆä¼­_³²","5","generated_from_2_4_mask","24"
"ÇÁ·ÎÆä¼­_³²","6","generated_from_2_4_mask","24"
"ÇÁ·ÎÆä¼­_³²","7","generated_from_2_4_mask","24"
"ÇÁ·ÎÆä¼­_³²","8","generated_from_2_4_mask","24"
"ÇÁ·ÎÆä¼­_³²","9","generated_from_2_4_mask","24"
"ÇÁ·ÎÆä¼­_³²","10","generated_from_2_4_mask","24"
"ÇÁ·ÎÆä¼­_³²","11","generated_from_2_4_mask","24"
"ÇÁ·ÎÆä¼­_³²","12","generated_from_2_4_mask","24"
"ÇÁ·ÎÆä¼­_³²","13","generated_from_2_4_mask","24"
"ÇÁ·ÎÆä¼­_³²","14","generated_from_2_4_mask","24"
"ÇÁ·ÎÆä¼­_³²","15","generated_from_2_4_mask","24"
"ÇÁ·ÎÆä¼­_³²","16","generated_from_2_4_mask","24"
"ÇÁ·ÎÆä¼­_³²","17","generated_from_2_4_mask","24"
"ÇÁ·ÎÆä¼­_³²","18","generated_from_2_4_mask","24"
"ÇÁ·ÎÆä¼­_³²","19","generated_from_2_4_mask","24"
"ÇÁ·ÎÆä¼­_³²","20","generated_from_2_4_mask","24"
"¼¼ÀÌÁö_¿©","1","generated_from_2_4_mask","26"
"¼¼ÀÌÁö_¿©","3","generated_from_2_4_mask","26"
"¼¼ÀÌÁö_¿©","5","generated_from_2_4_mask","26"
"¼¼ÀÌÁö_¿©","6","generated_from_2_4_mask","26"
"¼¼ÀÌÁö_¿©","7","generated_from_2_4_mask","26"
"¼¼ÀÌÁö_¿©","8","generated_from_2_4_mask","26"
"¼¼ÀÌÁö_¿©","9","generated_from_2_4_mask","26"
"¼¼ÀÌÁö_¿©","10","generated_from_2_4_mask","26"
"¼¼ÀÌÁö_¿©","11","generated_from_2_4_mask","26"
"¼¼ÀÌÁö_¿©","12","generated_from_2_4_mask","26"
"¼¼ÀÌÁö_¿©","13","generated_from_2_4_mask","26"
"¼¼ÀÌÁö_¿©","14","generated_from_2_4_mask","26"
"¼¼ÀÌÁö_¿©","15","generated_from_2_4_mask","26"
"¼¼ÀÌÁö_¿©","16","generated_from_2_4_mask","26"
"¼¼ÀÌÁö_¿©","17","generated_from_2_4_mask","26"
"¼¼ÀÌÁö_¿©","18","generated_from_2_4_mask","26"
"¼¼ÀÌÁö_¿©","19","generated_from_2_4_mask","26"
"¼¼ÀÌÁö_¿©","20","generated_from_2_4_mask","26"
"¼¼ÀÌÁö_³²","1","generated_from_2_4_mask","39"
"¼¼ÀÌÁö_³²","3","generated_from_2_4_mask","39"
"¼¼ÀÌÁö_³²","5","generated_from_2_4_mask","39"
"¼¼ÀÌÁö_³²","6","generated_from_2_4_mask","39"
"¼¼ÀÌÁö_³²","7","generated_from_2_4_mask","39"
"¼¼ÀÌÁö_³²","8","generated_from_2_4_mask","39"
"¼¼ÀÌÁö_³²","9","generated_from_2_4_mask","39"
"¼¼ÀÌÁö_³²","10","generated_from_2_4_mask","39"
"¼¼ÀÌÁö_³²","11","generated_from_2_4_mask","39"
"¼¼ÀÌÁö_³²","12","generated_from_2_4_mask","39"
"¼¼ÀÌÁö_³²","13","generated_from_2_4_mask","39"
"¼¼ÀÌÁö_³²","14","generated_from_2_4_mask","39"
"¼¼ÀÌÁö_³²","15","generated_from_2_4_mask","39"
"¼¼ÀÌÁö_³²","16","generated_from_2_4_mask","39"
"¼¼ÀÌÁö_³²","17","generated_from_2_4_mask","39"
"¼¼ÀÌÁö_³²","18","generated_from_2_4_mask","39"
"¼¼ÀÌÁö_³²","19","generated_from_2_4_mask","39"
"¼¼ÀÌÁö_³²","20","generated_from_2_4_mask","39"
"½´ÆÛ³ëºñ½º_¿©","1","generated_from_2_4_mask","25"
"½´ÆÛ³ëºñ½º_¿©","3","generated_from_2_4_mask","25"
"½´ÆÛ³ëºñ½º_¿©","5","generated_from_2_4_mask","25"
"½´ÆÛ³ëºñ½º_¿©","6","generated_from_2_4_mask","25"
"½´ÆÛ³ëºñ½º_¿©","7","generated_from_2_4_mask","25"
"½´ÆÛ³ëºñ½º_¿©","8","generated_from_2_4_mask","25"
"½´ÆÛ³ëºñ½º_¿©","9","generated_from_2_4_mask","25"
"½´ÆÛ³ëºñ½º_¿©","10","generated_from_2_4_mask","25"
"½´ÆÛ³ëºñ½º_¿©","11","generated_from_2_4_mask","25"
"½´ÆÛ³ëºñ½º_¿©","12","generated_from_2_4_mask","25"
"½´ÆÛ³ëºñ½º_¿©","13","generated_from_2_4_mask","25"
"½´ÆÛ³ëºñ½º_¿©","14","generated_from_2_4_mask","25"
"½´ÆÛ³ëºñ½º_¿©","15","generated_from_2_4_mask","25"
"½´ÆÛ³ëºñ½º_¿©","16","generated_from_2_4_mask","25"
"½´ÆÛ³ëºñ½º_¿©","17","generated_from_2_4_mask","25"
"½´ÆÛ³ëºñ½º_¿©","18","generated_from_2_4_mask","25"
"½´ÆÛ³ëºñ½º_¿©","19","generated_from_2_4_mask","25"
"½´ÆÛ³ëºñ½º_¿©","20","generated_from_2_4_mask","25"
"½´ÆÛ³ëºñ½º_³²","1","generated_from_2_4_mask","32"
"½´ÆÛ³ëºñ½º_³²","3","generated_from_2_4_mask","32"
"½´ÆÛ³ëºñ½º_³²","5","generated_from_2_4_mask","32"
"½´ÆÛ³ëºñ½º_³²","6","generated_from_2_4_mask","32"
"½´ÆÛ³ëºñ½º_³²","7","generated_from_2_4_mask","32"
"½´ÆÛ³ëºñ½º_³²","8","generated_from_2_4_mask","32"
"½´ÆÛ³ëºñ½º_³²","9","generated_from_2_4_mask","32"
"½´ÆÛ³ëºñ½º_³²","10","generated_from_2_4_mask","32"
"½´ÆÛ³ëºñ½º_³²","11","generated_from_2_4_mask","32"
"½´ÆÛ³ëºñ½º_³²","12","generated_from_2_4_mask","32"
"½´ÆÛ³ëºñ½º_³²","13","generated_from_2_4_mask","32"
"½´ÆÛ³ëºñ½º_³²","14","generated_from_2_4_mask","32"
"½´ÆÛ³ëºñ½º_³²","15","generated_from_2_4_mask","32"
"½´ÆÛ³ëºñ½º_³²","16","generated_from_2_4_mask","32"
"½´ÆÛ³ëºñ½º_³²","17","generated_from_2_4_mask","32"
"½´ÆÛ³ëºñ½º_³²","18","generated_from_2_4_mask","32"
"½´ÆÛ³ëºñ½º_³²","19","generated_from_2_4_mask","32"
"½´ÆÛ³ëºñ½º_³²","20","generated_from_2_4_mask","32"
"À§Àúµå_¿©","1","generated_from_2_4_mask","27"
"À§Àúµå_¿©","3","generated_from_2_4_mask","27"
"À§Àúµå_¿©","5","generated_from_2_4_mask","27"
"À§Àúµå_¿©","6","generated_from_2_4_mask","27"
"À§Àúµå_¿©","7","generated_from_2_4_mask","27"
"À§Àúµå_¿©","8","generated_from_2_4_mask","27"
"À§Àúµå_¿©","9","generated_from_2_4_mask","27"
"À§Àúµå_¿©","10","generated_from_2_4_mask","27"
"À§Àúµå_¿©","11","generated_from_2_4_mask","27"
"À§Àúµå_¿©","12","generated_from_2_4_mask","27"
"À§Àúµå_¿©","13","generated_from_2_4_mask","27"
"À§Àúµå_¿©","14","generated_from_2_4_mask","27"
"À§Àúµå_¿©","15","generated_from_2_4_mask","27"
"À§Àúµå_¿©","16","generated_from_2_4_mask","27"
"À§Àúµå_¿©","17","generated_from_2_4_mask","27"
"À§Àúµå_¿©","18","generated_from_2_4_mask","27"
"À§Àúµå_¿©","19","generated_from_2_4_mask","27"
"À§Àúµå_¿©","20","generated_from_2_4_mask","27"
"À§Àúµå_³²","1","generated_from_2_4_mask","20"
"À§Àúµå_³²","3","generated_from_2_4_mask","20"
"À§Àúµå_³²","5","generated_from_2_4_mask","20"
"À§Àúµå_³²","6","generated_from_2_4_mask","20"
"À§Àúµå_³²","7","generated_from_2_4_mask","20"
"À§Àúµå_³²","8","generated_from_2_4_mask","20"
"À§Àúµå_³²","9","generated_from_2_4_mask","20"
"À§Àúµå_³²","10","generated_from_2_4_mask","20"
"À§Àúµå_³²","11","generated_from_2_4_mask","20"
"À§Àúµå_³²","12","generated_from_2_4_mask","20"
"À§Àúµå_³²","13","generated_from_2_4_mask","20"
"À§Àúµå_³²","14","generated_from_2_4_mask","20"
"À§Àúµå_³²","15","generated_from_2_4_mask","20"
"À§Àúµå_³²","16","generated_from_2_4_mask","20"
"À§Àúµå_³²","17","generated_from_2_4_mask","20"
"À§Àúµå_³²","18","generated_from_2_4_mask","20"
"À§Àúµå_³²","19","generated_from_2_4_mask","20"
"À§Àúµå_³²","20","generated_from_2_4_mask","20"
"È­ÀÌÆ®½º¹Ì½º_¿©","1","generated_from_2_4_mask","31"
"È­ÀÌÆ®½º¹Ì½º_¿©","3","generated_from_2_4_mask","31"
"È­ÀÌÆ®½º¹Ì½º_¿©","5","generated_from_2_4_mask","31"
"È­ÀÌÆ®½º¹Ì½º_¿©","6","generated_from_2_4_mask","31"
"È­ÀÌÆ®½º¹Ì½º_¿©","7","generated_from_2_4_mask","31"
"È­ÀÌÆ®½º¹Ì½º_¿©","8","generated_from_2_4_mask","31"
"È­ÀÌÆ®½º¹Ì½º_¿©","9","generated_from_2_4_mask","31"
"È­ÀÌÆ®½º¹Ì½º_¿©","10","generated_from_2_4_mask","31"
"È­ÀÌÆ®½º¹Ì½º_¿©","11","generated_from_2_4_mask","31"
"È­ÀÌÆ®½º¹Ì½º_¿©","12","generated_from_2_4_mask","31"
"È­ÀÌÆ®½º¹Ì½º_¿©","13","generated_from_2_4_mask","31"
"È­ÀÌÆ®½º¹Ì½º_¿©","14","generated_from_2_4_mask","31"
"È­ÀÌÆ®½º¹Ì½º_¿©","15","generated_from_2_4_mask","31"
"È­ÀÌÆ®½º¹Ì½º_¿©","16","generated_from_2_4_mask","31"
"È­ÀÌÆ®½º¹Ì½º_¿©","17","generated_from_2_4_mask","31"
"È­ÀÌÆ®½º¹Ì½º_¿©","18","generated_from_2_4_mask","31"
"È­ÀÌÆ®½º¹Ì½º_¿©","19","generated_from_2_4_mask","31"
"È­ÀÌÆ®½º¹Ì½º_¿©","20","generated_from_2_4_mask","31"
"È­ÀÌÆ®½º¹Ì½º_³²","1","generated_from_2_4_mask","24"
"È­ÀÌÆ®½º¹Ì½º_³²","3","generated_from_2_4_mask","24"
"È­ÀÌÆ®½º¹Ì½º_³²","5","generated_from_2_4_mask","24"
"È­ÀÌÆ®½º¹Ì½º_³²","6","generated_from_2_4_mask","24"
"È­ÀÌÆ®½º¹Ì½º_³²","7","generated_from_2_4_mask","24"
"È­ÀÌÆ®½º¹Ì½º_³²","8","generated_from_2_4_mask","24"
"È­ÀÌÆ®½º¹Ì½º_³²","9","generated_from_2_4_mask","24"
"È­ÀÌÆ®½º¹Ì½º_³²","10","generated_from_2_4_mask","24"
"È­ÀÌÆ®½º¹Ì½º_³²","11","generated_from_2_4_mask","24"
"È­ÀÌÆ®½º¹Ì½º_³²","12","generated_from_2_4_mask","24"
"È­ÀÌÆ®½º¹Ì½º_³²","13","generated_from_2_4_mask","24"
"È­ÀÌÆ®½º¹Ì½º_³²","14","generated_from_2_4_mask","24"
"È­ÀÌÆ®½º¹Ì½º_³²","15","generated_from_2_4_mask","24"
"È­ÀÌÆ®½º¹Ì½º_³²","16","generated_from_2_4_mask","24"
"È­ÀÌÆ®½º¹Ì½º_³²","17","generated_from_2_4_mask","24"
"È­ÀÌÆ®½º¹Ì½º_³²","18","generated_from_2_4_mask","24"
"È­ÀÌÆ®½º¹Ì½º_³²","19","generated_from_2_4_mask","24"
"È­ÀÌÆ®½º¹Ì½º_³²","20","generated_from_2_4_mask","24"
