"To","From","Color","Reason"
"ÇØÅÂ¼Ò¿ï¸®ÆÛ_²","ÇØÅÂ¼Ò¿ï¸®ÆÛ_³²","0","genero/nome quebrado"
"ÇØÅÂ¼Ò¿ï¸®ÆÛ_²","ÇØÅÂ¼Ò¿ï¸®ÆÛ_³²","1","genero/nome quebrado"
"ÇØÅÂ¼Ò¿ï¸®ÆÛ_²","ÇØÅÂ¼Ò¿ï¸®ÆÛ_³²","2","genero/nome quebrado"
"ÇØÅÂ¼Ò¿ï¸®ÆÛ_²","ÇØÅÂ¼Ò¿ï¸®ÆÛ_³²","3","genero/nome quebrado"
"ÇØÅÂ¼Ò¿ï¸®ÆÛ_²","ÇØÅÂ¼Ò¿ï¸®ÆÛ_³²","4","genero/nome quebrado"
"ÇØÅÂ¼Ò¿ï¸®ÆÛ_²","ÇØÅÂ¼Ò¿ï¸®ÆÛ_³²","5","genero/nome quebrado"
"ÇØÅÂ¼Ò¿ï¸®ÆÛ_²","ÇØÅÂ¼Ò¿ï¸®ÆÛ_³²","6","genero/nome quebrado"
"ÇØÅÂ¼Ò¿ï¸®ÆÛ_²","ÇØÅÂ¼Ò¿ï¸®ÆÛ_³²","7","genero/nome quebrado"
"ÇØÅÂ¼Ò¿ï¸®ÆÛ_²","ÇØÅÂ¼Ò¿ï¸®ÆÛ_³²","8","genero/nome quebrado"
"ÇØÅÂ¼Ò¿ï¸®ÆÛ_²","ÇØÅÂ¼Ò¿ï¸®ÆÛ_³²","9","genero/nome quebrado"
"ÇØÅÂ¼Ò¿ï¸®ÆÛ_²","ÇØÅÂ¼Ò¿ï¸®ÆÛ_³²","10","genero/nome quebrado"
"ÇØÅÂ¼Ò¿ï¸®ÆÛ_²","ÇØÅÂ¼Ò¿ï¸®ÆÛ_³²","11","genero/nome quebrado"
"ÇØÅÂ¼Ò¿ï¸®ÆÛ_²","ÇØÅÂ¼Ò¿ï¸®ÆÛ_³²","12","genero/nome quebrado"
"ÇØÅÂ¼Ò¿ï¸®ÆÛ_²","ÇØÅÂ¼Ò¿ï¸®ÆÛ_³²","13","genero/nome quebrado"
"ÇØÅÂ¼Ò¿ï¸®ÆÛ_²","ÇØÅÂ¼Ò¿ï¸®ÆÛ_³²","14","genero/nome quebrado"
"ÇØÅÂ¼Ò¿ï¸®ÆÛ_²","ÇØÅÂ¼Ò¿ï¸®ÆÛ_³²","15","genero/nome quebrado"
"ÇØÅÂ¼Ò¿ï¸®ÆÛ_²","ÇØÅÂ¼Ò¿ï¸®ÆÛ_³²","16","genero/nome quebrado"
"ÇØÅÂ¼Ò¿ï¸®ÆÛ_²","ÇØÅÂ¼Ò¿ï¸®ÆÛ_³²","17","genero/nome quebrado"
"ÇØÅÂ¼Ò¿ï¸®ÆÛ_²","ÇØÅÂ¼Ò¿ï¸®ÆÛ_³²","18","genero/nome quebrado"
"ÇØÅÂ¼Ò¿ï¸®ÆÛ_²","ÇØÅÂ¼Ò¿ï¸®ÆÛ_³²","19","genero/nome quebrado"
"ÇØÅÂ¼Ò¿ï¸®ÆÛ_²","ÇØÅÂ¼Ò¿ï¸®ÆÛ_³²","20","genero/nome quebrado"
"ÇØÅÂ¼Ò¿ï¸®ÆÛ_²","ÇØÅÂ¼Ò¿ï¸®ÆÛ_³²","21","genero/nome quebrado"
"ÇØÅÂ¼Ò¿ï¸®ÆÛ_²","ÇØÅÂ¼Ò¿ï¸®ÆÛ_³²","22","genero/nome quebrado"
"ÇØÅÂ¼Ò¿ï¸®ÆÛ_²","ÇØÅÂ¼Ò¿ï¸®ÆÛ_³²","23","genero/nome quebrado"
"ÇØÅÂ¼Ò¿ï¸®ÆÛ_²","ÇØÅÂ¼Ò¿ï¸®ÆÛ_³²","24","genero/nome quebrado"
"ÇØÅÂ¼Ò¿ï¸®ÆÛ_²","ÇØÅÂ¼Ò¿ï¸®ÆÛ_³²","25","genero/nome quebrado"
"ÇØÅÂ¼Ò¿ï¸®ÆÛ_²","ÇØÅÂ¼Ò¿ï¸®ÆÛ_³²","26","genero/nome quebrado"
"ÇØÅÂ¼Ò¿ï¸®ÆÛ_²","ÇØÅÂ¼Ò¿ï¸®ÆÛ_³²","27","genero/nome quebrado"
"ÇØÅÂ¼Ò¿ï¸®ÆÛ_²","ÇØÅÂ¼Ò¿ï¸®ÆÛ_³²","28","genero/nome quebrado"
"ÇØÅÂ¼Ò¿ï¸®ÆÛ_²","ÇØÅÂ¼Ò¿ï¸®ÆÛ_³²","29","genero/nome quebrado"
"ÇØÅÂ¼Ò¿ï¸®ÆÛ_²","ÇØÅÂ¼Ò¿ï¸®ÆÛ_³²","30","genero/nome quebrado"
"ÇØÅÂ¼Ò¿ï¸®ÆÛ_²","ÇØÅÂ¼Ò¿ï¸®ÆÛ_³²","31","genero/nome quebrado"
"ÇØÅÂ¼Ò¿ï¸®ÆÛ_²","ÇØÅÂ¼Ò¿ï¸®ÆÛ_³²","32","genero/nome quebrado"
"ÇØÅÂ¼Ò¿ï¸®ÆÛ_²","ÇØÅÂ¼Ò¿ï¸®ÆÛ_³²","33","genero/nome quebrado"
"ÇØÅÂ¼Ò¿ï¸®ÆÛ_²","ÇØÅÂ¼Ò¿ï¸®ÆÛ_³²","34","genero/nome quebrado"
"ÇØÅÂ¼Ò¿ï¸®ÆÛ_²","ÇØÅÂ¼Ò¿ï¸®ÆÛ_³²","35","genero/nome quebrado"
"ÇØÅÂ¼Ò¿ï¸®ÆÛ_²","ÇØÅÂ¼Ò¿ï¸®ÆÛ_³²","36","genero/nome quebrado"
"ÇØÅÂ¼Ò¿ï¸®ÆÛ_²","ÇØÅÂ¼Ò¿ï¸®ÆÛ_³²","37","genero/nome quebrado"
"ÇØÅÂ¼Ò¿ï¸®ÆÛ_²","ÇØÅÂ¼Ò¿ï¸®ÆÛ_³²","38","genero/nome quebrado"
"ÇØÅÂ¼Ò¿ï¸®ÆÛ_²","ÇØÅÂ¼Ò¿ï¸®ÆÛ_³²","39","genero/nome quebrado"
"ÇØÅÂ¼Ò¿ï¸®ÆÛ_²","ÇØÅÂ¼Ò¿ï¸®ÆÛ_³²","40","genero/nome quebrado"
"ÇØÅÂ¼Ò¿ï¸®ÆÛ_²","ÇØÅÂ¼Ò¿ï¸®ÆÛ_³²","41","genero/nome quebrado"
"ÇØÅÂ¼Ò¿ï¸®ÆÛ_²","ÇØÅÂ¼Ò¿ï¸®ÆÛ_³²","42","genero/nome quebrado"
"ÇØÅÂ¼Ò¿ï¸®ÆÛ_²","ÇØÅÂ¼Ò¿ï¸®ÆÛ_³²","43","genero/nome quebrado"
"ÇØÅÂ¼Ò¿ï¸®ÆÛ_²","ÇØÅÂ¼Ò¿ï¸®ÆÛ_³²","44","genero/nome quebrado"
"ÇØÅÂ¼Ò¿ï¸®ÆÛ_²","ÇØÅÂ¼Ò¿ï¸®ÆÛ_³²","45","genero/nome quebrado"
"ÇØÅÂ¼Ò¿ï¸®ÆÛ_²","ÇØÅÂ¼Ò¿ï¸®ÆÛ_³²","46","genero/nome quebrado"
"ÇØÅÂ¼Ò¿ï¸®ÆÛ_²","ÇØÅÂ¼Ò¿ï¸®ÆÛ_³²","47","genero/nome quebrado"
"ÇØÅÂ¼Ò¿ï¸®ÆÛ_²","ÇØÅÂ¼Ò¿ï¸®ÆÛ_³²","48","genero/nome quebrado"
"ÇØÅÂ¼Ò¿ï¸®ÆÛ_²","ÇØÅÂ¼Ò¿ï¸®ÆÛ_³²","49","genero/nome quebrado"
"ÇØÅÂ¼Ò¿ï¸®ÆÛ_²","ÇØÅÂ¼Ò¿ï¸®ÆÛ_³²","50","genero/nome quebrado"
"ÇØÅÂ¼Ò¿ï¸®ÆÛ_²","ÇØÅÂ¼Ò¿ï¸®ÆÛ_³²","51","genero/nome quebrado"
"ÇØÅÂ¼Ò¿ï¸®ÆÛ_²","ÇØÅÂ¼Ò¿ï¸®ÆÛ_³²","52","genero/nome quebrado"
"ÇØÅÂ¼Ò¿ï¸®ÆÛ_²","ÇØÅÂ¼Ò¿ï¸®ÆÛ_³²","53","genero/nome quebrado"
"ÇØÅÂ¼Ò¿ï¸®ÆÛ_²","ÇØÅÂ¼Ò¿ï¸®ÆÛ_³²","54","genero/nome quebrado"
"ÇØÅÂ¼Ò¿ï¸®ÆÛ_²","ÇØÅÂ¼Ò¿ï¸®ÆÛ_³²","55","genero/nome quebrado"
"ÇØÅÂ¼Ò¿ï¸®ÆÛ_²","ÇØÅÂ¼Ò¿ï¸®ÆÛ_³²","56","genero/nome quebrado"
"ÇØÅÂ¼Ò¿ï¸®ÆÛ_²","ÇØÅÂ¼Ò¿ï¸®ÆÛ_³²","57","genero/nome quebrado"
"ÇØÅÂ¼Ò¿ï¸®ÆÛ_²","ÇØÅÂ¼Ò¿ï¸®ÆÛ_³²","58","genero/nome quebrado"
"ÇØÅÂ¼Ò¿ï¸®ÆÛ_²","ÇØÅÂ¼Ò¿ï¸®ÆÛ_³²","59","genero/nome quebrado"
"ÇØÅÂ¼Ò¿ï¸®ÆÛ_²","ÇØÅÂ¼Ò¿ï¸®ÆÛ_³²","60","genero/nome quebrado"
"ÇØÅÂ¼Ò¿ï¸®ÆÛ_²","ÇØÅÂ¼Ò¿ï¸®ÆÛ_³²","61","genero/nome quebrado"
"ÇØÅÂ¼Ò¿ï¸®ÆÛ_²","ÇØÅÂ¼Ò¿ï¸®ÆÛ_³²","62","genero/nome quebrado"
"ÇØÅÂ¼Ò¿ï¸®ÆÛ_²","ÇØÅÂ¼Ò¿ï¸®ÆÛ_³²","63","genero/nome quebrado"
"ÇØÅÂ¼Ò¿ï¸®ÆÛ_²","ÇØÅÂ¼Ò¿ï¸®ÆÛ_³²","64","genero/nome quebrado"
"ÇØÅÂ¼Ò¿ï¸®ÆÛ_²","ÇØÅÂ¼Ò¿ï¸®ÆÛ_³²","65","genero/nome quebrado"
"ÇØÅÂ¼Ò¿ï¸®ÆÛ_²","ÇØÅÂ¼Ò¿ï¸®ÆÛ_³²","66","genero/nome quebrado"
"ÇØÅÂ¼Ò¿ï¸®ÆÛ_²","ÇØÅÂ¼Ò¿ï¸®ÆÛ_³²","67","genero/nome quebrado"
"ÇØÅÂ¼Ò¿ï¸®ÆÛ_²","ÇØÅÂ¼Ò¿ï¸®ÆÛ_³²","68","genero/nome quebrado"
"ÇØÅÂ¼Ò¿ï¸®ÆÛ_²","ÇØÅÂ¼Ò¿ï¸®ÆÛ_³²","69","genero/nome quebrado"
"ÇØÅÂ¼Ò¿ï¸®ÆÛ_²","ÇØÅÂ¼Ò¿ï¸®ÆÛ_³²","70","genero/nome quebrado"
"ÇØÅÂ¼Ò¿ï¸®ÆÛ_²","ÇØÅÂ¼Ò¿ï¸®ÆÛ_³²","71","genero/nome quebrado"
"ÇØÅÂ¼Ò¿ï¸®ÆÛ_²","ÇØÅÂ¼Ò¿ï¸®ÆÛ_³²","72","genero/nome quebrado"
"ÇØÅÂ¼Ò¿ï¸®ÆÛ_²","ÇØÅÂ¼Ò¿ï¸®ÆÛ_³²","73","genero/nome quebrado"
"ÇØÅÂ¼Ò¿ï¸®ÆÛ_²","ÇØÅÂ¼Ò¿ï¸®ÆÛ_³²","74","genero/nome quebrado"
"ÇØÅÂ¼Ò¿ï¸®ÆÛ_²","ÇØÅÂ¼Ò¿ï¸®ÆÛ_³²","75","genero/nome quebrado"
"ÇØÅÂ¼Ò¿ï¸®ÆÛ_²","ÇØÅÂ¼Ò¿ï¸®ÆÛ_³²","76","genero/nome quebrado"
"ÇØÅÂ¼Ò¿ï¸®ÆÛ_²","ÇØÅÂ¼Ò¿ï¸®ÆÛ_³²","77","genero/nome quebrado"
"ÇØÅÂ¼Ò¿ï¸®ÆÛ_²","ÇØÅÂ¼Ò¿ï¸®ÆÛ_³²","78","genero/nome quebrado"
"ÇØÅÂ¼Ò¿ï¸®ÆÛ_²","ÇØÅÂ¼Ò¿ï¸®ÆÛ_³²","79","genero/nome quebrado"
"ÇØÅÂ¼Ò¿ï¸®ÆÛ_²","ÇØÅÂ¼Ò¿ï¸®ÆÛ_³²","80","genero/nome quebrado"
"ÇØÅÂ¼Ò¿ï¸®ÆÛ_²","ÇØÅÂ¼Ò¿ï¸®ÆÛ_³²","81","genero/nome quebrado"
"ÇØÅÂ¼Ò¿ï¸®ÆÛ_²","ÇØÅÂ¼Ò¿ï¸®ÆÛ_³²","82","genero/nome quebrado"
"ÇØÅÂ¼Ò¿ï¸®ÆÛ_²","ÇØÅÂ¼Ò¿ï¸®ÆÛ_³²","83","genero/nome quebrado"
"ÇØÅÂ¼Ò¿ï¸®ÆÛ_²","ÇØÅÂ¼Ò¿ï¸®ÆÛ_³²","84","genero/nome quebrado"
"ÇØÅÂ¼Ò¿ï¸®ÆÛ_²","ÇØÅÂ¼Ò¿ï¸®ÆÛ_³²","85","genero/nome quebrado"
"ÇØÅÂ¼Ò¿ï¸®ÆÛ_²","ÇØÅÂ¼Ò¿ï¸®ÆÛ_³²","86","genero/nome quebrado"
"ÇØÅÂ¼Ò¿ï¸®ÆÛ_²","ÇØÅÂ¼Ò¿ï¸®ÆÛ_³²","87","genero/nome quebrado"
"ÇØÅÂ¼Ò¿ï¸®ÆÛ_²","ÇØÅÂ¼Ò¿ï¸®ÆÛ_³²","88","genero/nome quebrado"
"ÇØÅÂ¼Ò¿ï¸®ÆÛ_²","ÇØÅÂ¼Ò¿ï¸®ÆÛ_³²","89","genero/nome quebrado"
"ÇØÅÂ¼Ò¿ï¸®ÆÛ_²","ÇØÅÂ¼Ò¿ï¸®ÆÛ_³²","90","genero/nome quebrado"
"ÇØÅÂ¼Ò¿ï¸®ÆÛ_²","ÇØÅÂ¼Ò¿ï¸®ÆÛ_³²","91","genero/nome quebrado"
"ÇØÅÂ¼Ò¿ï¸®ÆÛ_²","ÇØÅÂ¼Ò¿ï¸®ÆÛ_³²","92","genero/nome quebrado"
"ÇØÅÂ¼Ò¿ï¸®ÆÛ_²","ÇØÅÂ¼Ò¿ï¸®ÆÛ_³²","93","genero/nome quebrado"
"ÇØÅÂ¼Ò¿ï¸®ÆÛ_²","ÇØÅÂ¼Ò¿ï¸®ÆÛ_³²","94","genero/nome quebrado"
"ÇØÅÂ¼Ò¿ï¸®ÆÛ_²","ÇØÅÂ¼Ò¿ï¸®ÆÛ_³²","95","genero/nome quebrado"
"ÇØÅÂ¼Ò¿ï¸®ÆÛ_²","ÇØÅÂ¼Ò¿ï¸®ÆÛ_³²","96","genero/nome quebrado"
"ÇØÅÂ¼Ò¿ï¸®ÆÛ_²","ÇØÅÂ¼Ò¿ï¸®ÆÛ_³²","97","genero/nome quebrado"
"ÇØÅÂ¼Ò¿ï¸®ÆÛ_²","ÇØÅÂ¼Ò¿ï¸®ÆÛ_³²","98","genero/nome quebrado"
"ÇØÅÂ¼Ò¿ï¸®ÆÛ_²","ÇØÅÂ¼Ò¿ï¸®ÆÛ_³²","99","genero/nome quebrado"
"ÇØÅÂ¼Ò¿ï¸®ÆÛ_²","ÇØÅÂ¼Ò¿ï¸®ÆÛ_³²","100","genero/nome quebrado"
"ÇØÅÂ¼Ò¿ï¸®ÆÛ_²","ÇØÅÂ¼Ò¿ï¸®ÆÛ_³²","101","genero/nome quebrado"
"ÇØÅÂ¼Ò¿ï¸®ÆÛ_²","ÇØÅÂ¼Ò¿ï¸®ÆÛ_³²","102","genero/nome quebrado"
"ÇØÅÂ¼Ò¿ï¸®ÆÛ_²","ÇØÅÂ¼Ò¿ï¸®ÆÛ_³²","103","genero/nome quebrado"
"ÇØÅÂ¼Ò¿ï¸®ÆÛ_²","ÇØÅÂ¼Ò¿ï¸®ÆÛ_³²","104","genero/nome quebrado"
"ÇØÅÂ¼Ò¿ï¸®ÆÛ_²","ÇØÅÂ¼Ò¿ï¸®ÆÛ_³²","105","genero/nome quebrado"
"ÇØÅÂ¼Ò¿ï¸®ÆÛ_²","ÇØÅÂ¼Ò¿ï¸®ÆÛ_³²","106","genero/nome quebrado"
"ÇØÅÂ¼Ò¿ï¸®ÆÛ_²","ÇØÅÂ¼Ò¿ï¸®ÆÛ_³²","107","genero/nome quebrado"
"ÇØÅÂ¼Ò¿ï¸®ÆÛ_²","ÇØÅÂ¼Ò¿ï¸®ÆÛ_³²","108","genero/nome quebrado"
"ÇØÅÂ¼Ò¿ï¸®ÆÛ_²","ÇØÅÂ¼Ò¿ï¸®ÆÛ_³²","109","genero/nome quebrado"
"ÇØÅÂ¼Ò¿ï¸®ÆÛ_²","ÇØÅÂ¼Ò¿ï¸®ÆÛ_³²","110","genero/nome quebrado"
"ÇØÅÂ¼Ò¿ï¸®ÆÛ_²","ÇØÅÂ¼Ò¿ï¸®ÆÛ_³²","111","genero/nome quebrado"
"ÇØÅÂ¼Ò¿ï¸®ÆÛ_²","ÇØÅÂ¼Ò¿ï¸®ÆÛ_³²","112","genero/nome quebrado"
"ÇØÅÂ¼Ò¿ï¸®ÆÛ_²","ÇØÅÂ¼Ò¿ï¸®ÆÛ_³²","113","genero/nome quebrado"
"ÇØÅÂ¼Ò¿ï¸®ÆÛ_²","ÇØÅÂ¼Ò¿ï¸®ÆÛ_³²","114","genero/nome quebrado"
"ÇØÅÂ¼Ò¿ï¸®ÆÛ_²","ÇØÅÂ¼Ò¿ï¸®ÆÛ_³²","115","genero/nome quebrado"
"ÇØÅÂ¼Ò¿ï¸®ÆÛ_²","ÇØÅÂ¼Ò¿ï¸®ÆÛ_³²","116","genero/nome quebrado"
"ÇØÅÂ¼Ò¿ï¸®ÆÛ_²","ÇØÅÂ¼Ò¿ï¸®ÆÛ_³²","117","genero/nome quebrado"
"ÇØÅÂ¼Ò¿ï¸®ÆÛ_²","ÇØÅÂ¼Ò¿ï¸®ÆÛ_³²","118","genero/nome quebrado"
"ÇØÅÂ¼Ò¿ï¸®ÆÛ_²","ÇØÅÂ¼Ò¿ï¸®ÆÛ_³²","119","genero/nome quebrado"
"ÇØÅÂ¼Ò¿ï¸®ÆÛ_²","ÇØÅÂ¼Ò¿ï¸®ÆÛ_³²","120","genero/nome quebrado"
"ÇØÅÂ¼Ò¿ï¸®ÆÛ_²","ÇØÅÂ¼Ò¿ï¸®ÆÛ_³²","121","genero/nome quebrado"
"ÇØÅÂ¼Ò¿ï¸®ÆÛ_²","ÇØÅÂ¼Ò¿ï¸®ÆÛ_³²","122","genero/nome quebrado"
"ÇØÅÂ¼Ò¿ï¸®ÆÛ_²","ÇØÅÂ¼Ò¿ï¸®ÆÛ_³²","123","genero/nome quebrado"
"ÇØÅÂ¼Ò¿ï¸®ÆÛ_²","ÇØÅÂ¼Ò¿ï¸®ÆÛ_³²","124","genero/nome quebrado"
"ÇØÅÂ¼Ò¿ï¸®ÆÛ_²","ÇØÅÂ¼Ò¿ï¸®ÆÛ_³²","125","genero/nome quebrado"
"ÇØÅÂ¼Ò¿ï¸®ÆÛ_²","ÇØÅÂ¼Ò¿ï¸®ÆÛ_³²","126","genero/nome quebrado"
"ÇØÅÂ¼Ò¿ï¸®ÆÛ_²","ÇØÅÂ¼Ò¿ï¸®ÆÛ_³²","127","genero/nome quebrado"
"ÇØÅÂ¼Ò¿ï¸®ÆÛ_²","ÇØÅÂ¼Ò¿ï¸®ÆÛ_³²","128","genero/nome quebrado"
"ÇØÅÂ¼Ò¿ï¸®ÆÛ_²","ÇØÅÂ¼Ò¿ï¸®ÆÛ_³²","129","genero/nome quebrado"
"ÇØÅÂ¼Ò¿ï¸®ÆÛ_²","ÇØÅÂ¼Ò¿ï¸®ÆÛ_³²","130","genero/nome quebrado"
"ÇØÅÂ¼Ò¿ï¸®ÆÛ_²","ÇØÅÂ¼Ò¿ï¸®ÆÛ_³²","131","genero/nome quebrado"
"ÇØÅÂ¼Ò¿ï¸®ÆÛ_²","ÇØÅÂ¼Ò¿ï¸®ÆÛ_³²","132","genero/nome quebrado"
"ÇØÅÂ¼Ò¿ï¸®ÆÛ_²","ÇØÅÂ¼Ò¿ï¸®ÆÛ_³²","133","genero/nome quebrado"
"ÇØÅÂ¼Ò¿ï¸®ÆÛ_²","ÇØÅÂ¼Ò¿ï¸®ÆÛ_³²","134","genero/nome quebrado"
"ÇØÅÂ¼Ò¿ï¸®ÆÛ_²","ÇØÅÂ¼Ò¿ï¸®ÆÛ_³²","135","genero/nome quebrado"
"ÇØÅÂ¼Ò¿ï¸®ÆÛ_²","ÇØÅÂ¼Ò¿ï¸®ÆÛ_³²","136","genero/nome quebrado"
"ÇØÅÂ¼Ò¿ï¸®ÆÛ_²","ÇØÅÂ¼Ò¿ï¸®ÆÛ_³²","137","genero/nome quebrado"
"ÇØÅÂ¼Ò¿ï¸®ÆÛ_²","ÇØÅÂ¼Ò¿ï¸®ÆÛ_³²","138","genero/nome quebrado"
"ÇØÅÂ¼Ò¿ï¸®ÆÛ_²","ÇØÅÂ¼Ò¿ï¸®ÆÛ_³²","139","genero/nome quebrado"
"ÇØÅÂ¼Ò¿ï¸®ÆÛ_²","ÇØÅÂ¼Ò¿ï¸®ÆÛ_³²","140","genero/nome quebrado"
"ÇØÅÂ¼Ò¿ï¸®ÆÛ_²","ÇØÅÂ¼Ò¿ï¸®ÆÛ_³²","141","genero/nome quebrado"
"ÇØÅÂ¼Ò¿ï¸®ÆÛ_²","ÇØÅÂ¼Ò¿ï¸®ÆÛ_³²","142","genero/nome quebrado"
"ÇØÅÂ¼Ò¿ï¸®ÆÛ_²","ÇØÅÂ¼Ò¿ï¸®ÆÛ_³²","143","genero/nome quebrado"
"ÇØÅÂ¼Ò¿ï¸®ÆÛ_²","ÇØÅÂ¼Ò¿ï¸®ÆÛ_³²","144","genero/nome quebrado"
"ÇØÅÂ¼Ò¿ï¸®ÆÛ_²","ÇØÅÂ¼Ò¿ï¸®ÆÛ_³²","145","genero/nome quebrado"
"ÇØÅÂ¼Ò¿ï¸®ÆÛ_²","ÇØÅÂ¼Ò¿ï¸®ÆÛ_³²","146","genero/nome quebrado"
"ÇØÅÂ¼Ò¿ï¸®ÆÛ_²","ÇØÅÂ¼Ò¿ï¸®ÆÛ_³²","147","genero/nome quebrado"
"ÇØÅÂ¼Ò¿ï¸®ÆÛ_²","ÇØÅÂ¼Ò¿ï¸®ÆÛ_³²","148","genero/nome quebrado"
"ÇØÅÂ¼Ò¿ï¸®ÆÛ_²","ÇØÅÂ¼Ò¿ï¸®ÆÛ_³²","149","genero/nome quebrado"
"ÇØÅÂ¼Ò¿ï¸®ÆÛ_²","ÇØÅÂ¼Ò¿ï¸®ÆÛ_³²","150","genero/nome quebrado"
"ÇØÅÂ¼Ò¿ï¸®ÆÛ_²","ÇØÅÂ¼Ò¿ï¸®ÆÛ_³²","151","genero/nome quebrado"
"ÇØÅÂ¼Ò¿ï¸®ÆÛ_²","ÇØÅÂ¼Ò¿ï¸®ÆÛ_³²","152","genero/nome quebrado"
"ÇØÅÂ¼Ò¿ï¸®ÆÛ_²","ÇØÅÂ¼Ò¿ï¸®ÆÛ_³²","153","genero/nome quebrado"
"ÇØÅÂ¼Ò¿ï¸®ÆÛ_²","ÇØÅÂ¼Ò¿ï¸®ÆÛ_³²","154","genero/nome quebrado"
"ÇØÅÂ¼Ò¿ï¸®ÆÛ_²","ÇØÅÂ¼Ò¿ï¸®ÆÛ_³²","155","genero/nome quebrado"
"ÇØÅÂ¼Ò¿ï¸®ÆÛ_²","ÇØÅÂ¼Ò¿ï¸®ÆÛ_³²","156","genero/nome quebrado"
"ÇØÅÂ¼Ò¿ï¸®ÆÛ_²","ÇØÅÂ¼Ò¿ï¸®ÆÛ_³²","157","genero/nome quebrado"
"ÇØÅÂ¼Ò¿ï¸®ÆÛ_²","ÇØÅÂ¼Ò¿ï¸®ÆÛ_³²","158","genero/nome quebrado"
"ÇØÅÂ¼Ò¿ï¸®ÆÛ_²","ÇØÅÂ¼Ò¿ï¸®ÆÛ_³²","159","genero/nome quebrado"
"ÇØÅÂ¼Ò¿ï¸®ÆÛ_²","ÇØÅÂ¼Ò¿ï¸®ÆÛ_³²","160","genero/nome quebrado"
"ÇØÅÂ¼Ò¿ï¸®ÆÛ_²","ÇØÅÂ¼Ò¿ï¸®ÆÛ_³²","161","genero/nome quebrado"
"ÇØÅÂ¼Ò¿ï¸®ÆÛ_²","ÇØÅÂ¼Ò¿ï¸®ÆÛ_³²","162","genero/nome quebrado"
"ÇØÅÂ¼Ò¿ï¸®ÆÛ_²","ÇØÅÂ¼Ò¿ï¸®ÆÛ_³²","163","genero/nome quebrado"
"ÇØÅÂ¼Ò¿ï¸®ÆÛ_²","ÇØÅÂ¼Ò¿ï¸®ÆÛ_³²","164","genero/nome quebrado"
"ÇØÅÂ¼Ò¿ï¸®ÆÛ_²","ÇØÅÂ¼Ò¿ï¸®ÆÛ_³²","165","genero/nome quebrado"
"ÇØÅÂ¼Ò¿ï¸®ÆÛ_²","ÇØÅÂ¼Ò¿ï¸®ÆÛ_³²","166","genero/nome quebrado"
"ÇØÅÂ¼Ò¿ï¸®ÆÛ_²","ÇØÅÂ¼Ò¿ï¸®ÆÛ_³²","167","genero/nome quebrado"
"ÇØÅÂ¼Ò¿ï¸®ÆÛ_²","ÇØÅÂ¼Ò¿ï¸®ÆÛ_³²","168","genero/nome quebrado"
"ÇØÅÂ¼Ò¿ï¸®ÆÛ_²","ÇØÅÂ¼Ò¿ï¸®ÆÛ_³²","169","genero/nome quebrado"
"ÇØÅÂ¼Ò¿ï¸®ÆÛ_²","ÇØÅÂ¼Ò¿ï¸®ÆÛ_³²","170","genero/nome quebrado"
"ÇØÅÂ¼Ò¿ï¸®ÆÛ_²","ÇØÅÂ¼Ò¿ï¸®ÆÛ_³²","171","genero/nome quebrado"
"ÇØÅÂ¼Ò¿ï¸®ÆÛ_²","ÇØÅÂ¼Ò¿ï¸®ÆÛ_³²","172","genero/nome quebrado"
"ÇØÅÂ¼Ò¿ï¸®ÆÛ_²","ÇØÅÂ¼Ò¿ï¸®ÆÛ_³²","173","genero/nome quebrado"
"ÇØÅÂ¼Ò¿ï¸®ÆÛ_²","ÇØÅÂ¼Ò¿ï¸®ÆÛ_³²","174","genero/nome quebrado"
"ÇØÅÂ¼Ò¿ï¸®ÆÛ_²","ÇØÅÂ¼Ò¿ï¸®ÆÛ_³²","175","genero/nome quebrado"
"ÇØÅÂ¼Ò¿ï¸®ÆÛ_²","ÇØÅÂ¼Ò¿ï¸®ÆÛ_³²","176","genero/nome quebrado"
"ÇØÅÂ¼Ò¿ï¸®ÆÛ_²","ÇØÅÂ¼Ò¿ï¸®ÆÛ_³²","177","genero/nome quebrado"
"ÇØÅÂ¼Ò¿ï¸®ÆÛ_²","ÇØÅÂ¼Ò¿ï¸®ÆÛ_³²","178","genero/nome quebrado"
"ÇØÅÂ¼Ò¿ï¸®ÆÛ_²","ÇØÅÂ¼Ò¿ï¸®ÆÛ_³²","179","genero/nome quebrado"
"ÇØÅÂ¼Ò¿ï¸®ÆÛ_²","ÇØÅÂ¼Ò¿ï¸®ÆÛ_³²","180","genero/nome quebrado"
"ÇØÅÂ¼Ò¿ï¸®ÆÛ_²","ÇØÅÂ¼Ò¿ï¸®ÆÛ_³²","181","genero/nome quebrado"
"ÇØÅÂ¼Ò¿ï¸®ÆÛ_²","ÇØÅÂ¼Ò¿ï¸®ÆÛ_³²","182","genero/nome quebrado"
"ÇØÅÂ¼Ò¿ï¸®ÆÛ_²","ÇØÅÂ¼Ò¿ï¸®ÆÛ_³²","183","genero/nome quebrado"
"ÇØÅÂ¼Ò¿ï¸®ÆÛ_²","ÇØÅÂ¼Ò¿ï¸®ÆÛ_³²","184","genero/nome quebrado"
"ÇØÅÂ¼Ò¿ï¸®ÆÛ_²","ÇØÅÂ¼Ò¿ï¸®ÆÛ_³²","185","genero/nome quebrado"
"ÇØÅÂ¼Ò¿ï¸®ÆÛ_²","ÇØÅÂ¼Ò¿ï¸®ÆÛ_³²","186","genero/nome quebrado"
"ÇØÅÂ¼Ò¿ï¸®ÆÛ_²","ÇØÅÂ¼Ò¿ï¸®ÆÛ_³²","187","genero/nome quebrado"
"ÇØÅÂ¼Ò¿ï¸®ÆÛ_²","ÇØÅÂ¼Ò¿ï¸®ÆÛ_³²","188","genero/nome quebrado"
"ÇØÅÂ¼Ò¿ï¸®ÆÛ_²","ÇØÅÂ¼Ò¿ï¸®ÆÛ_³²","189","genero/nome quebrado"
"ÇØÅÂ¼Ò¿ï¸®ÆÛ_²","ÇØÅÂ¼Ò¿ï¸®ÆÛ_³²","190","genero/nome quebrado"
"ÇØÅÂ¼Ò¿ï¸®ÆÛ_²","ÇØÅÂ¼Ò¿ï¸®ÆÛ_³²","191","genero/nome quebrado"
"ÇØÅÂ¼Ò¿ï¸®ÆÛ_²","ÇØÅÂ¼Ò¿ï¸®ÆÛ_³²","192","genero/nome quebrado"
"ÇØÅÂ¼Ò¿ï¸®ÆÛ_²","ÇØÅÂ¼Ò¿ï¸®ÆÛ_³²","193","genero/nome quebrado"
"ÇØÅÂ¼Ò¿ï¸®ÆÛ_²","ÇØÅÂ¼Ò¿ï¸®ÆÛ_³²","194","genero/nome quebrado"
"ÇØÅÂ¼Ò¿ï¸®ÆÛ_²","ÇØÅÂ¼Ò¿ï¸®ÆÛ_³²","195","genero/nome quebrado"
"ÇØÅÂ¼Ò¿ï¸®ÆÛ_²","ÇØÅÂ¼Ò¿ï¸®ÆÛ_³²","196","genero/nome quebrado"
"ÇØÅÂ¼Ò¿ï¸®ÆÛ_²","ÇØÅÂ¼Ò¿ï¸®ÆÛ_³²","197","genero/nome quebrado"
"ÇØÅÂ¼Ò¿ï¸®ÆÛ_²","ÇØÅÂ¼Ò¿ï¸®ÆÛ_³²","198","genero/nome quebrado"
"ÇØÅÂ¼Ò¿ï¸®ÆÛ_²","ÇØÅÂ¼Ò¿ï¸®ÆÛ_³²","199","genero/nome quebrado"
"ÇØÅÂ¼Ò¿ï¸®ÆÛ_²","ÇØÅÂ¼Ò¿ï¸®ÆÛ_³²","200","genero/nome quebrado"
"ÇØÅÂ¼Ò¿ï¸®ÆÛ_²","ÇØÅÂ¼Ò¿ï¸®ÆÛ_³²","201","genero/nome quebrado"
"ÇØÅÂ¼Ò¿ï¸®ÆÛ_²","ÇØÅÂ¼Ò¿ï¸®ÆÛ_³²","202","genero/nome quebrado"
"ÇØÅÂ¼Ò¿ï¸®ÆÛ_²","ÇØÅÂ¼Ò¿ï¸®ÆÛ_³²","203","genero/nome quebrado"
"ÇØÅÂ¼Ò¿ï¸®ÆÛ_²","ÇØÅÂ¼Ò¿ï¸®ÆÛ_³²","204","genero/nome quebrado"
"ÇØÅÂ¼Ò¿ï¸®ÆÛ_²","ÇØÅÂ¼Ò¿ï¸®ÆÛ_³²","205","genero/nome quebrado"
"ÇØÅÂ¼Ò¿ï¸®ÆÛ_²","ÇØÅÂ¼Ò¿ï¸®ÆÛ_³²","206","genero/nome quebrado"
"ÇØÅÂ¼Ò¿ï¸®ÆÛ_²","ÇØÅÂ¼Ò¿ï¸®ÆÛ_³²","207","genero/nome quebrado"
"ÇØÅÂ¼Ò¿ï¸®ÆÛ_²","ÇØÅÂ¼Ò¿ï¸®ÆÛ_³²","208","genero/nome quebrado"
"ÇØÅÂ¼Ò¿ï¸®ÆÛ_²","ÇØÅÂ¼Ò¿ï¸®ÆÛ_³²","209","genero/nome quebrado"
"ÇØÅÂ¼Ò¿ï¸®ÆÛ_²","ÇØÅÂ¼Ò¿ï¸®ÆÛ_³²","210","genero/nome quebrado"
"ÇØÅÂ¼Ò¿ï¸®ÆÛ_²","ÇØÅÂ¼Ò¿ï¸®ÆÛ_³²","211","genero/nome quebrado"
"ÇØÅÂ¼Ò¿ï¸®ÆÛ_²","ÇØÅÂ¼Ò¿ï¸®ÆÛ_³²","212","genero/nome quebrado"
"ÇØÅÂ¼Ò¿ï¸®ÆÛ_²","ÇØÅÂ¼Ò¿ï¸®ÆÛ_³²","213","genero/nome quebrado"
"ÇØÅÂ¼Ò¿ï¸®ÆÛ_²","ÇØÅÂ¼Ò¿ï¸®ÆÛ_³²","214","genero/nome quebrado"
"ÇØÅÂ¼Ò¿ï¸®ÆÛ_²","ÇØÅÂ¼Ò¿ï¸®ÆÛ_³²","215","genero/nome quebrado"
"ÇØÅÂ¼Ò¿ï¸®ÆÛ_²","ÇØÅÂ¼Ò¿ï¸®ÆÛ_³²","216","genero/nome quebrado"
"ÇØÅÂ¼Ò¿ï¸®ÆÛ_²","ÇØÅÂ¼Ò¿ï¸®ÆÛ_³²","217","genero/nome quebrado"
"ÇØÅÂ¼Ò¿ï¸®ÆÛ_²","ÇØÅÂ¼Ò¿ï¸®ÆÛ_³²","218","genero/nome quebrado"
"ÇØÅÂ¼Ò¿ï¸®ÆÛ_²","ÇØÅÂ¼Ò¿ï¸®ÆÛ_³²","219","genero/nome quebrado"
"ÇØÅÂ¼Ò¿ï¸®ÆÛ_²","ÇØÅÂ¼Ò¿ï¸®ÆÛ_³²","220","genero/nome quebrado"
"ÇØÅÂ¼Ò¿ï¸®ÆÛ_²","ÇØÅÂ¼Ò¿ï¸®ÆÛ_³²","221","genero/nome quebrado"
"ÇØÅÂ¼Ò¿ï¸®ÆÛ_²","ÇØÅÂ¼Ò¿ï¸®ÆÛ_³²","222","genero/nome quebrado"
"ÇØÅÂ¼Ò¿ï¸®ÆÛ_²","ÇØÅÂ¼Ò¿ï¸®ÆÛ_³²","223","genero/nome quebrado"
"ÇØÅÂ¼Ò¿ï¸®ÆÛ_²","ÇØÅÂ¼Ò¿ï¸®ÆÛ_³²","224","genero/nome quebrado"
"ÇØÅÂ¼Ò¿ï¸®ÆÛ_²","ÇØÅÂ¼Ò¿ï¸®ÆÛ_³²","225","genero/nome quebrado"
"ÇØÅÂ¼Ò¿ï¸®ÆÛ_²","ÇØÅÂ¼Ò¿ï¸®ÆÛ_³²","226","genero/nome quebrado"
"ÇØÅÂ¼Ò¿ï¸®ÆÛ_²","ÇØÅÂ¼Ò¿ï¸®ÆÛ_³²","227","genero/nome quebrado"
"ÇØÅÂ¼Ò¿ï¸®ÆÛ_²","ÇØÅÂ¼Ò¿ï¸®ÆÛ_³²","228","genero/nome quebrado"
"ÇØÅÂ¼Ò¿ï¸®ÆÛ_²","ÇØÅÂ¼Ò¿ï¸®ÆÛ_³²","229","genero/nome quebrado"
"ÇØÅÂ¼Ò¿ï¸®ÆÛ_²","ÇØÅÂ¼Ò¿ï¸®ÆÛ_³²","230","genero/nome quebrado"
"ÇØÅÂ¼Ò¿ï¸®ÆÛ_²","ÇØÅÂ¼Ò¿ï¸®ÆÛ_³²","231","genero/nome quebrado"
"ÇØÅÂ¼Ò¿ï¸®ÆÛ_²","ÇØÅÂ¼Ò¿ï¸®ÆÛ_³²","232","genero/nome quebrado"
"ÇØÅÂ¼Ò¿ï¸®ÆÛ_²","ÇØÅÂ¼Ò¿ï¸®ÆÛ_³²","233","genero/nome quebrado"
"ÇØÅÂ¼Ò¿ï¸®ÆÛ_²","ÇØÅÂ¼Ò¿ï¸®ÆÛ_³²","234","genero/nome quebrado"
"ÇØÅÂ¼Ò¿ï¸®ÆÛ_²","ÇØÅÂ¼Ò¿ï¸®ÆÛ_³²","235","genero/nome quebrado"
"ÇØÅÂ¼Ò¿ï¸®ÆÛ_²","ÇØÅÂ¼Ò¿ï¸®ÆÛ_³²","236","genero/nome quebrado"
"ÇØÅÂ¼Ò¿ï¸®ÆÛ_²","ÇØÅÂ¼Ò¿ï¸®ÆÛ_³²","237","genero/nome quebrado"
"ÇØÅÂ¼Ò¿ï¸®ÆÛ_²","ÇØÅÂ¼Ò¿ï¸®ÆÛ_³²","238","genero/nome quebrado"
"ÇØÅÂ¼Ò¿ï¸®ÆÛ_²","ÇØÅÂ¼Ò¿ï¸®ÆÛ_³²","239","genero/nome quebrado"
"ÇØÅÂ¼Ò¿ï¸®ÆÛ_²","ÇØÅÂ¼Ò¿ï¸®ÆÛ_³²","240","genero/nome quebrado"
"ÇØÅÂ¼Ò¿ï¸®ÆÛ_²","ÇØÅÂ¼Ò¿ï¸®ÆÛ_³²","241","genero/nome quebrado"
"ÇØÅÂ¼Ò¿ï¸®ÆÛ_²","ÇØÅÂ¼Ò¿ï¸®ÆÛ_³²","242","genero/nome quebrado"
"ÇØÅÂ¼Ò¿ï¸®ÆÛ_²","ÇØÅÂ¼Ò¿ï¸®ÆÛ_³²","243","genero/nome quebrado"
"ÇØÅÂ¼Ò¿ï¸®ÆÛ_²","ÇØÅÂ¼Ò¿ï¸®ÆÛ_³²","244","genero/nome quebrado"
"ÇØÅÂ¼Ò¿ï¸®ÆÛ_²","ÇØÅÂ¼Ò¿ï¸®ÆÛ_³²","245","genero/nome quebrado"
"ÇØÅÂ¼Ò¿ï¸®ÆÛ_²","ÇØÅÂ¼Ò¿ï¸®ÆÛ_³²","246","genero/nome quebrado"
"ÇØÅÂ¼Ò¿ï¸®ÆÛ_²","ÇØÅÂ¼Ò¿ï¸®ÆÛ_³²","247","genero/nome quebrado"
"ÇØÅÂ¼Ò¿ï¸®ÆÛ_²","ÇØÅÂ¼Ò¿ï¸®ÆÛ_³²","248","genero/nome quebrado"
"ÇØÅÂ¼Ò¿ï¸®ÆÛ_²","ÇØÅÂ¼Ò¿ï¸®ÆÛ_³²","249","genero/nome quebrado"
"ÇØÅÂ¼Ò¿ï¸®ÆÛ_²","ÇØÅÂ¼Ò¿ï¸®ÆÛ_³²","250","genero/nome quebrado"
"ÇØÅÂ¼Ò¿ï¸®ÆÛ_²","ÇØÅÂ¼Ò¿ï¸®ÆÛ_³²","251","genero/nome quebrado"
"ÇØÅÂ¼Ò¿ï¸®ÆÛ_²","ÇØÅÂ¼Ò¿ï¸®ÆÛ_³²","252","genero/nome quebrado"
"ÇØÅÂ¼Ò¿ï¸®ÆÛ_²","ÇØÅÂ¼Ò¿ï¸®ÆÛ_³²","253","genero/nome quebrado"
"ÇØÅÂ¼Ò¿ï¸®ÆÛ_²","ÇØÅÂ¼Ò¿ï¸®ÆÛ_³²","254","genero/nome quebrado"
"ÇØÅÂ¼Ò¿ï¸®ÆÛ_²","ÇØÅÂ¼Ò¿ï¸®ÆÛ_³²","255","genero/nome quebrado"
"ÇØÅÂ¼Ò¿ï¸®ÆÛ_²","ÇØÅÂ¼Ò¿ï¸®ÆÛ_³²","256","genero/nome quebrado"
"ÇØÅÂ¼Ò¿ï¸®ÆÛ_²","ÇØÅÂ¼Ò¿ï¸®ÆÛ_³²","257","genero/nome quebrado"
"ÇØÅÂ¼Ò¿ï¸®ÆÛ_²","ÇØÅÂ¼Ò¿ï¸®ÆÛ_³²","258","genero/nome quebrado"
"ÇØÅÂ¼Ò¿ï¸®ÆÛ_²","ÇØÅÂ¼Ò¿ï¸®ÆÛ_³²","259","genero/nome quebrado"
"ÇØÅÂ¼Ò¿ï¸®ÆÛ_²","ÇØÅÂ¼Ò¿ï¸®ÆÛ_³²","260","genero/nome quebrado"
"ÇØÅÂ¼Ò¿ï¸®ÆÛ_²","ÇØÅÂ¼Ò¿ï¸®ÆÛ_³²","261","genero/nome quebrado"
"ÇØÅÂ¼Ò¿ï¸®ÆÛ_²","ÇØÅÂ¼Ò¿ï¸®ÆÛ_³²","262","genero/nome quebrado"
"ÇØÅÂ¼Ò¿ï¸®ÆÛ_²","ÇØÅÂ¼Ò¿ï¸®ÆÛ_³²","263","genero/nome quebrado"
"ÇØÅÂ¼Ò¿ï¸®ÆÛ_²","ÇØÅÂ¼Ò¿ï¸®ÆÛ_³²","264","genero/nome quebrado"
"ÇØÅÂ¼Ò¿ï¸®ÆÛ_²","ÇØÅÂ¼Ò¿ï¸®ÆÛ_³²","265","genero/nome quebrado"
"ÇØÅÂ¼Ò¿ï¸®ÆÛ_²","ÇØÅÂ¼Ò¿ï¸®ÆÛ_³²","266","genero/nome quebrado"
"ÇØÅÂ¼Ò¿ï¸®ÆÛ_²","ÇØÅÂ¼Ò¿ï¸®ÆÛ_³²","267","genero/nome quebrado"
"ÇØÅÂ¼Ò¿ï¸®ÆÛ_²","ÇØÅÂ¼Ò¿ï¸®ÆÛ_³²","268","genero/nome quebrado"
"ÇØÅÂ¼Ò¿ï¸®ÆÛ_²","ÇØÅÂ¼Ò¿ï¸®ÆÛ_³²","269","genero/nome quebrado"
"ÇØÅÂ¼Ò¿ï¸®ÆÛ_²","ÇØÅÂ¼Ò¿ï¸®ÆÛ_³²","270","genero/nome quebrado"
"ÇØÅÂ¼Ò¿ï¸®ÆÛ_²","ÇØÅÂ¼Ò¿ï¸®ÆÛ_³²","271","genero/nome quebrado"
"ÇØÅÂ¼Ò¿ï¸®ÆÛ_²","ÇØÅÂ¼Ò¿ï¸®ÆÛ_³²","272","genero/nome quebrado"
"ÇØÅÂ¼Ò¿ï¸®ÆÛ_²","ÇØÅÂ¼Ò¿ï¸®ÆÛ_³²","273","genero/nome quebrado"
"ÇØÅÂ¼Ò¿ï¸®ÆÛ_²","ÇØÅÂ¼Ò¿ï¸®ÆÛ_³²","274","genero/nome quebrado"
"ÇØÅÂ¼Ò¿ï¸®ÆÛ_²","ÇØÅÂ¼Ò¿ï¸®ÆÛ_³²","275","genero/nome quebrado"
"ÇØÅÂ¼Ò¿ï¸®ÆÛ_²","ÇØÅÂ¼Ò¿ï¸®ÆÛ_³²","276","genero/nome quebrado"
"ÇØÅÂ¼Ò¿ï¸®ÆÛ_²","ÇØÅÂ¼Ò¿ï¸®ÆÛ_³²","277","genero/nome quebrado"
"ÇØÅÂ¼Ò¿ï¸®ÆÛ_²","ÇØÅÂ¼Ò¿ï¸®ÆÛ_³²","278","genero/nome quebrado"
"ÇØÅÂ¼Ò¿ï¸®ÆÛ_²","ÇØÅÂ¼Ò¿ï¸®ÆÛ_³²","279","genero/nome quebrado"
"ÇØÅÂ¼Ò¿ï¸®ÆÛ_²","ÇØÅÂ¼Ò¿ï¸®ÆÛ_³²","280","genero/nome quebrado"
"ÇØÅÂ¼Ò¿ï¸®ÆÛ_²","ÇØÅÂ¼Ò¿ï¸®ÆÛ_³²","281","genero/nome quebrado"
"ÇØÅÂ¼Ò¿ï¸®ÆÛ_²","ÇØÅÂ¼Ò¿ï¸®ÆÛ_³²","282","genero/nome quebrado"
"ÇØÅÂ¼Ò¿ï¸®ÆÛ_²","ÇØÅÂ¼Ò¿ï¸®ÆÛ_³²","283","genero/nome quebrado"
"ÇØÅÂ¼Ò¿ï¸®ÆÛ_²","ÇØÅÂ¼Ò¿ï¸®ÆÛ_³²","284","genero/nome quebrado"
"ÇØÅÂ¼Ò¿ï¸®ÆÛ_²","ÇØÅÂ¼Ò¿ï¸®ÆÛ_³²","285","genero/nome quebrado"
"ÇØÅÂ¼Ò¿ï¸®ÆÛ_²","ÇØÅÂ¼Ò¿ï¸®ÆÛ_³²","286","genero/nome quebrado"
"ÇØÅÂ¼Ò¿ï¸®ÆÛ_²","ÇØÅÂ¼Ò¿ï¸®ÆÛ_³²","287","genero/nome quebrado"
"ÇØÅÂ¼Ò¿ï¸®ÆÛ_²","ÇØÅÂ¼Ò¿ï¸®ÆÛ_³²","288","genero/nome quebrado"
"ÇØÅÂ¼Ò¿ï¸®ÆÛ_²","ÇØÅÂ¼Ò¿ï¸®ÆÛ_³²","289","genero/nome quebrado"
"ÇØÅÂ¼Ò¿ï¸®ÆÛ_²","ÇØÅÂ¼Ò¿ï¸®ÆÛ_³²","290","genero/nome quebrado"
"ÇØÅÂ¼Ò¿ï¸®ÆÛ_²","ÇØÅÂ¼Ò¿ï¸®ÆÛ_³²","291","genero/nome quebrado"
"ÇØÅÂ¼Ò¿ï¸®ÆÛ_²","ÇØÅÂ¼Ò¿ï¸®ÆÛ_³²","292","genero/nome quebrado"
"ÇØÅÂ¼Ò¿ï¸®ÆÛ_²","ÇØÅÂ¼Ò¿ï¸®ÆÛ_³²","293","genero/nome quebrado"
"ÇØÅÂ¼Ò¿ï¸®ÆÛ_²","ÇØÅÂ¼Ò¿ï¸®ÆÛ_³²","294","genero/nome quebrado"
"ÇØÅÂ¼Ò¿ï¸®ÆÛ_²","ÇØÅÂ¼Ò¿ï¸®ÆÛ_³²","295","genero/nome quebrado"
"ÇØÅÂ¼Ò¿ï¸®ÆÛ_²","ÇØÅÂ¼Ò¿ï¸®ÆÛ_³²","296","genero/nome quebrado"
"ÇØÅÂ¼Ò¿ï¸®ÆÛ_²","ÇØÅÂ¼Ò¿ï¸®ÆÛ_³²","297","genero/nome quebrado"
"ÇØÅÂ¼Ò¿ï¸®ÆÛ_²","ÇØÅÂ¼Ò¿ï¸®ÆÛ_³²","298","genero/nome quebrado"
"ÇØÅÂ¼Ò¿ï¸®ÆÛ_²","ÇØÅÂ¼Ò¿ï¸®ÆÛ_³²","299","genero/nome quebrado"
"ÇØÅÂ¼Ò¿ï¸®ÆÛ_²","ÇØÅÂ¼Ò¿ï¸®ÆÛ_³²","300","genero/nome quebrado"
"ÇØÅÂ¼Ò¿ï¸®ÆÛ_²","ÇØÅÂ¼Ò¿ï¸®ÆÛ_³²","301","genero/nome quebrado"
"ÇØÅÂ¼Ò¿ï¸®ÆÛ_²","ÇØÅÂ¼Ò¿ï¸®ÆÛ_³²","302","genero/nome quebrado"
"ÇØÅÂ¼Ò¿ï¸®ÆÛ_²","ÇØÅÂ¼Ò¿ï¸®ÆÛ_³²","303","genero/nome quebrado"
"ÇØÅÂ¼Ò¿ï¸®ÆÛ_²","ÇØÅÂ¼Ò¿ï¸®ÆÛ_³²","304","genero/nome quebrado"
"ÇØÅÂ¼Ò¿ï¸®ÆÛ_²","ÇØÅÂ¼Ò¿ï¸®ÆÛ_³²","305","genero/nome quebrado"
"ÇØÅÂ¼Ò¿ï¸®ÆÛ_²","ÇØÅÂ¼Ò¿ï¸®ÆÛ_³²","306","genero/nome quebrado"
"ÇØÅÂ¼Ò¿ï¸®ÆÛ_²","ÇØÅÂ¼Ò¿ï¸®ÆÛ_³²","307","genero/nome quebrado"
"ÇØÅÂ¼Ò¿ï¸®ÆÛ_²","ÇØÅÂ¼Ò¿ï¸®ÆÛ_³²","308","genero/nome quebrado"
"ÇØÅÂ¼Ò¿ï¸®ÆÛ_²","ÇØÅÂ¼Ò¿ï¸®ÆÛ_³²","309","genero/nome quebrado"
"ÇØÅÂ¼Ò¿ï¸®ÆÛ_²","ÇØÅÂ¼Ò¿ï¸®ÆÛ_³²","310","genero/nome quebrado"
"ÇØÅÂ¼Ò¿ï¸®ÆÛ_²","ÇØÅÂ¼Ò¿ï¸®ÆÛ_³²","311","genero/nome quebrado"
"ÇØÅÂ¼Ò¿ï¸®ÆÛ_²","ÇØÅÂ¼Ò¿ï¸®ÆÛ_³²","312","genero/nome quebrado"
"ÇØÅÂ¼Ò¿ï¸®ÆÛ_²","ÇØÅÂ¼Ò¿ï¸®ÆÛ_³²","313","genero/nome quebrado"
"ÇØÅÂ¼Ò¿ï¸®ÆÛ_²","ÇØÅÂ¼Ò¿ï¸®ÆÛ_³²","314","genero/nome quebrado"
"ÇØÅÂ¼Ò¿ï¸®ÆÛ_²","ÇØÅÂ¼Ò¿ï¸®ÆÛ_³²","315","genero/nome quebrado"
"ÇØÅÂ¼Ò¿ï¸®ÆÛ_²","ÇØÅÂ¼Ò¿ï¸®ÆÛ_³²","316","genero/nome quebrado"
"ÇØÅÂ¼Ò¿ï¸®ÆÛ_²","ÇØÅÂ¼Ò¿ï¸®ÆÛ_³²","317","genero/nome quebrado"
"ÇØÅÂ¼Ò¿ï¸®ÆÛ_²","ÇØÅÂ¼Ò¿ï¸®ÆÛ_³²","318","genero/nome quebrado"
"ÇØÅÂ¼Ò¿ï¸®ÆÛ_²","ÇØÅÂ¼Ò¿ï¸®ÆÛ_³²","319","genero/nome quebrado"
"ÇØÅÂ¼Ò¿ï¸®ÆÛ_²","ÇØÅÂ¼Ò¿ï¸®ÆÛ_³²","320","genero/nome quebrado"
"ÇØÅÂ¼Ò¿ï¸®ÆÛ_²","ÇØÅÂ¼Ò¿ï¸®ÆÛ_³²","321","genero/nome quebrado"
"ÇØÅÂ¼Ò¿ï¸®ÆÛ_²","ÇØÅÂ¼Ò¿ï¸®ÆÛ_³²","322","genero/nome quebrado"
"ÇØÅÂ¼Ò¿ï¸®ÆÛ_²","ÇØÅÂ¼Ò¿ï¸®ÆÛ_³²","323","genero/nome quebrado"
"ÇØÅÂ¼Ò¿ï¸®ÆÛ_²","ÇØÅÂ¼Ò¿ï¸®ÆÛ_³²","324","genero/nome quebrado"
"ÇØÅÂ¼Ò¿ï¸®ÆÛ_²","ÇØÅÂ¼Ò¿ï¸®ÆÛ_³²","325","genero/nome quebrado"
"ÇØÅÂ¼Ò¿ï¸®ÆÛ_²","ÇØÅÂ¼Ò¿ï¸®ÆÛ_³²","326","genero/nome quebrado"
"ÇØÅÂ¼Ò¿ï¸®ÆÛ_²","ÇØÅÂ¼Ò¿ï¸®ÆÛ_³²","327","genero/nome quebrado"
"ÇØÅÂ¼Ò¿ï¸®ÆÛ_²","ÇØÅÂ¼Ò¿ï¸®ÆÛ_³²","328","genero/nome quebrado"
"ÇØÅÂ¼Ò¿ï¸®ÆÛ_²","ÇØÅÂ¼Ò¿ï¸®ÆÛ_³²","329","genero/nome quebrado"
"ÇØÅÂ¼Ò¿ï¸®ÆÛ_²","ÇØÅÂ¼Ò¿ï¸®ÆÛ_³²","330","genero/nome quebrado"
"ÇØÅÂ¼Ò¿ï¸®ÆÛ_²","ÇØÅÂ¼Ò¿ï¸®ÆÛ_³²","331","genero/nome quebrado"
"ÇØÅÂ¼Ò¿ï¸®ÆÛ_²","ÇØÅÂ¼Ò¿ï¸®ÆÛ_³²","332","genero/nome quebrado"
"ÇØÅÂ¼Ò¿ï¸®ÆÛ_²","ÇØÅÂ¼Ò¿ï¸®ÆÛ_³²","333","genero/nome quebrado"
"ÇØÅÂ¼Ò¿ï¸®ÆÛ_²","ÇØÅÂ¼Ò¿ï¸®ÆÛ_³²","334","genero/nome quebrado"
"ÇØÅÂ¼Ò¿ï¸®ÆÛ_²","ÇØÅÂ¼Ò¿ï¸®ÆÛ_³²","335","genero/nome quebrado"
"ÇØÅÂ¼Ò¿ï¸®ÆÛ_²","ÇØÅÂ¼Ò¿ï¸®ÆÛ_³²","336","genero/nome quebrado"
"ÇØÅÂ¼Ò¿ï¸®ÆÛ_²","ÇØÅÂ¼Ò¿ï¸®ÆÛ_³²","337","genero/nome quebrado"
"ÇØÅÂ¼Ò¿ï¸®ÆÛ_²","ÇØÅÂ¼Ò¿ï¸®ÆÛ_³²","338","genero/nome quebrado"
"ÇØÅÂ¼Ò¿ï¸®ÆÛ_²","ÇØÅÂ¼Ò¿ï¸®ÆÛ_³²","339","genero/nome quebrado"
"ÇØÅÂ¼Ò¿ï¸®ÆÛ_²","ÇØÅÂ¼Ò¿ï¸®ÆÛ_³²","340","genero/nome quebrado"
"ÇØÅÂ¼Ò¿ï¸®ÆÛ_²","ÇØÅÂ¼Ò¿ï¸®ÆÛ_³²","341","genero/nome quebrado"
"ÇØÅÂ¼Ò¿ï¸®ÆÛ_²","ÇØÅÂ¼Ò¿ï¸®ÆÛ_³²","342","genero/nome quebrado"
"ÇØÅÂ¼Ò¿ï¸®ÆÛ_²","ÇØÅÂ¼Ò¿ï¸®ÆÛ_³²","343","genero/nome quebrado"
"ÇØÅÂ¼Ò¿ï¸®ÆÛ_²","ÇØÅÂ¼Ò¿ï¸®ÆÛ_³²","344","genero/nome quebrado"
"ÇØÅÂ¼Ò¿ï¸®ÆÛ_²","ÇØÅÂ¼Ò¿ï¸®ÆÛ_³²","345","genero/nome quebrado"
"ÇØÅÂ¼Ò¿ï¸®ÆÛ_²","ÇØÅÂ¼Ò¿ï¸®ÆÛ_³²","346","genero/nome quebrado"
"ÇØÅÂ¼Ò¿ï¸®ÆÛ_²","ÇØÅÂ¼Ò¿ï¸®ÆÛ_³²","347","genero/nome quebrado"
"ÇØÅÂ¼Ò¿ï¸®ÆÛ_²","ÇØÅÂ¼Ò¿ï¸®ÆÛ_³²","348","genero/nome quebrado"
"ÇØÅÂ¼Ò¿ï¸®ÆÛ_²","ÇØÅÂ¼Ò¿ï¸®ÆÛ_³²","349","genero/nome quebrado"
"ÇØÅÂ¼Ò¿ï¸®ÆÛ_²","ÇØÅÂ¼Ò¿ï¸®ÆÛ_³²","350","genero/nome quebrado"
"ÇØÅÂ¼Ò¿ï¸®ÆÛ_²","ÇØÅÂ¼Ò¿ï¸®ÆÛ_³²","351","genero/nome quebrado"
"ÇØÅÂ¼Ò¿ï¸®ÆÛ_²","ÇØÅÂ¼Ò¿ï¸®ÆÛ_³²","352","genero/nome quebrado"
"ÇØÅÂ¼Ò¿ï¸®ÆÛ_²","ÇØÅÂ¼Ò¿ï¸®ÆÛ_³²","353","genero/nome quebrado"
"ÇØÅÂ¼Ò¿ï¸®ÆÛ_²","ÇØÅÂ¼Ò¿ï¸®ÆÛ_³²","354","genero/nome quebrado"
"ÇØÅÂ¼Ò¿ï¸®ÆÛ_²","ÇØÅÂ¼Ò¿ï¸®ÆÛ_³²","355","genero/nome quebrado"
"ÇØÅÂ¼Ò¿ï¸®ÆÛ_²","ÇØÅÂ¼Ò¿ï¸®ÆÛ_³²","356","genero/nome quebrado"
"ÇØÅÂ¼Ò¿ï¸®ÆÛ_²","ÇØÅÂ¼Ò¿ï¸®ÆÛ_³²","357","genero/nome quebrado"
"ÇØÅÂ¼Ò¿ï¸®ÆÛ_²","ÇØÅÂ¼Ò¿ï¸®ÆÛ_³²","358","genero/nome quebrado"
"ÇØÅÂ¼Ò¿ï¸®ÆÛ_²","ÇØÅÂ¼Ò¿ï¸®ÆÛ_³²","359","genero/nome quebrado"
"ÇØÅÂ¼Ò¿ï¸®ÆÛ_²","ÇØÅÂ¼Ò¿ï¸®ÆÛ_³²","360","genero/nome quebrado"
"ÇØÅÂ¼Ò¿ï¸®ÆÛ_²","ÇØÅÂ¼Ò¿ï¸®ÆÛ_³²","361","genero/nome quebrado"
"ÇØÅÂ¼Ò¿ï¸®ÆÛ_²","ÇØÅÂ¼Ò¿ï¸®ÆÛ_³²","362","genero/nome quebrado"
"ÇØÅÂ¼Ò¿ï¸®ÆÛ_²","ÇØÅÂ¼Ò¿ï¸®ÆÛ_³²","363","genero/nome quebrado"
"ÇØÅÂ¼Ò¿ï¸®ÆÛ_²","ÇØÅÂ¼Ò¿ï¸®ÆÛ_³²","364","genero/nome quebrado"
"ÇØÅÂ¼Ò¿ï¸®ÆÛ_²","ÇØÅÂ¼Ò¿ï¸®ÆÛ_³²","365","genero/nome quebrado"
"ÇØÅÂ¼Ò¿ï¸®ÆÛ_²","ÇØÅÂ¼Ò¿ï¸®ÆÛ_³²","366","genero/nome quebrado"
"ÇØÅÂ¼Ò¿ï¸®ÆÛ_²","ÇØÅÂ¼Ò¿ï¸®ÆÛ_³²","367","genero/nome quebrado"
"ÇØÅÂ¼Ò¿ï¸®ÆÛ_²","ÇØÅÂ¼Ò¿ï¸®ÆÛ_³²","368","genero/nome quebrado"
"ÇØÅÂ¼Ò¿ï¸®ÆÛ_²","ÇØÅÂ¼Ò¿ï¸®ÆÛ_³²","369","genero/nome quebrado"
"ÇØÅÂ¼Ò¿ï¸®ÆÛ_²","ÇØÅÂ¼Ò¿ï¸®ÆÛ_³²","370","genero/nome quebrado"
"ÇØÅÂ¼Ò¿ï¸®ÆÛ_²","ÇØÅÂ¼Ò¿ï¸®ÆÛ_³²","371","genero/nome quebrado"
"ÇØÅÂ¼Ò¿ï¸®ÆÛ_²","ÇØÅÂ¼Ò¿ï¸®ÆÛ_³²","372","genero/nome quebrado"
"ÇØÅÂ¼Ò¿ï¸®ÆÛ_²","ÇØÅÂ¼Ò¿ï¸®ÆÛ_³²","373","genero/nome quebrado"
"ÇØÅÂ¼Ò¿ï¸®ÆÛ_²","ÇØÅÂ¼Ò¿ï¸®ÆÛ_³²","374","genero/nome quebrado"
"ÇØÅÂ¼Ò¿ï¸®ÆÛ_²","ÇØÅÂ¼Ò¿ï¸®ÆÛ_³²","375","genero/nome quebrado"
"ÇØÅÂ¼Ò¿ï¸®ÆÛ_²","ÇØÅÂ¼Ò¿ï¸®ÆÛ_³²","376","genero/nome quebrado"
"ÇØÅÂ¼Ò¿ï¸®ÆÛ_²","ÇØÅÂ¼Ò¿ï¸®ÆÛ_³²","377","genero/nome quebrado"
"ÇØÅÂ¼Ò¿ï¸®ÆÛ_²","ÇØÅÂ¼Ò¿ï¸®ÆÛ_³²","378","genero/nome quebrado"
"ÇØÅÂ¼Ò¿ï¸®ÆÛ_²","ÇØÅÂ¼Ò¿ï¸®ÆÛ_³²","379","genero/nome quebrado"
"ÇØÅÂ¼Ò¿ï¸®ÆÛ_²","ÇØÅÂ¼Ò¿ï¸®ÆÛ_³²","380","genero/nome quebrado"
"ÇØÅÂ¼Ò¿ï¸®ÆÛ_²","ÇØÅÂ¼Ò¿ï¸®ÆÛ_³²","381","genero/nome quebrado"
"ÇØÅÂ¼Ò¿ï¸®ÆÛ_²","ÇØÅÂ¼Ò¿ï¸®ÆÛ_³²","382","genero/nome quebrado"
"ÇØÅÂ¼Ò¿ï¸®ÆÛ_²","ÇØÅÂ¼Ò¿ï¸®ÆÛ_³²","383","genero/nome quebrado"
"ÇØÅÂ¼Ò¿ï¸®ÆÛ_²","ÇØÅÂ¼Ò¿ï¸®ÆÛ_³²","384","genero/nome quebrado"
"ÇØÅÂ¼Ò¿ï¸®ÆÛ_²","ÇØÅÂ¼Ò¿ï¸®ÆÛ_³²","385","genero/nome quebrado"
"ÇØÅÂ¼Ò¿ï¸®ÆÛ_²","ÇØÅÂ¼Ò¿ï¸®ÆÛ_³²","386","genero/nome quebrado"
"ÇØÅÂ¼Ò¿ï¸®ÆÛ_²","ÇØÅÂ¼Ò¿ï¸®ÆÛ_³²","387","genero/nome quebrado"
"ÇØÅÂ¼Ò¿ï¸®ÆÛ_²","ÇØÅÂ¼Ò¿ï¸®ÆÛ_³²","388","genero/nome quebrado"
"ÇØÅÂ¼Ò¿ï¸®ÆÛ_²","ÇØÅÂ¼Ò¿ï¸®ÆÛ_³²","389","genero/nome quebrado"
"ÇØÅÂ¼Ò¿ï¸®ÆÛ_²","ÇØÅÂ¼Ò¿ï¸®ÆÛ_³²","390","genero/nome quebrado"
"ÇØÅÂ¼Ò¿ï¸®ÆÛ_²","ÇØÅÂ¼Ò¿ï¸®ÆÛ_³²","391","genero/nome quebrado"
"ÇØÅÂ¼Ò¿ï¸®ÆÛ_²","ÇØÅÂ¼Ò¿ï¸®ÆÛ_³²","392","genero/nome quebrado"
"ÇØÅÂ¼Ò¿ï¸®ÆÛ_²","ÇØÅÂ¼Ò¿ï¸®ÆÛ_³²","393","genero/nome quebrado"
"ÇØÅÂ¼Ò¿ï¸®ÆÛ_²","ÇØÅÂ¼Ò¿ï¸®ÆÛ_³²","394","genero/nome quebrado"
"ÇØÅÂ¼Ò¿ï¸®ÆÛ_²","ÇØÅÂ¼Ò¿ï¸®ÆÛ_³²","395","genero/nome quebrado"
"ÇØÅÂ¼Ò¿ï¸®ÆÛ_²","ÇØÅÂ¼Ò¿ï¸®ÆÛ_³²","396","genero/nome quebrado"
"ÇØÅÂ¼Ò¿ï¸®ÆÛ_²","ÇØÅÂ¼Ò¿ï¸®ÆÛ_³²","397","genero/nome quebrado"
"ÇØÅÂ¼Ò¿ï¸®ÆÛ_²","ÇØÅÂ¼Ò¿ï¸®ÆÛ_³²","398","genero/nome quebrado"
"ÇØÅÂ¼Ò¿ï¸®ÆÛ_²","ÇØÅÂ¼Ò¿ï¸®ÆÛ_³²","399","genero/nome quebrado"
"ÇØÅÂ¼Ò¿ï¸®ÆÛ_²","ÇØÅÂ¼Ò¿ï¸®ÆÛ_³²","400","genero/nome quebrado"
"ÇØÅÂ¼Ò¿ï¸®ÆÛ_²","ÇØÅÂ¼Ò¿ï¸®ÆÛ_³²","401","genero/nome quebrado"
"ÇØÅÂ¼Ò¿ï¸®ÆÛ_²","ÇØÅÂ¼Ò¿ï¸®ÆÛ_³²","402","genero/nome quebrado"
"ÇØÅÂ¼Ò¿ï¸®ÆÛ_²","ÇØÅÂ¼Ò¿ï¸®ÆÛ_³²","403","genero/nome quebrado"
"ÇØÅÂ¼Ò¿ï¸®ÆÛ_²","ÇØÅÂ¼Ò¿ï¸®ÆÛ_³²","404","genero/nome quebrado"
"ÇØÅÂ¼Ò¿ï¸®ÆÛ_²","ÇØÅÂ¼Ò¿ï¸®ÆÛ_³²","405","genero/nome quebrado"
"ÇØÅÂ¼Ò¿ï¸®ÆÛ_²","ÇØÅÂ¼Ò¿ï¸®ÆÛ_³²","406","genero/nome quebrado"
"ÇØÅÂ¼Ò¿ï¸®ÆÛ_²","ÇØÅÂ¼Ò¿ï¸®ÆÛ_³²","407","genero/nome quebrado"
"ÇØÅÂ¼Ò¿ï¸®ÆÛ_²","ÇØÅÂ¼Ò¿ï¸®ÆÛ_³²","408","genero/nome quebrado"
"ÇØÅÂ¼Ò¿ï¸®ÆÛ_²","ÇØÅÂ¼Ò¿ï¸®ÆÛ_³²","409","genero/nome quebrado"
"ÇØÅÂ¼Ò¿ï¸®ÆÛ_²","ÇØÅÂ¼Ò¿ï¸®ÆÛ_³²","410","genero/nome quebrado"
"ÇØÅÂ¼Ò¿ï¸®ÆÛ_²","ÇØÅÂ¼Ò¿ï¸®ÆÛ_³²","411","genero/nome quebrado"
"ÇØÅÂ¼Ò¿ï¸®ÆÛ_²","ÇØÅÂ¼Ò¿ï¸®ÆÛ_³²","412","genero/nome quebrado"
"ÇØÅÂ¼Ò¿ï¸®ÆÛ_²","ÇØÅÂ¼Ò¿ï¸®ÆÛ_³²","413","genero/nome quebrado"
"ÇØÅÂ¼Ò¿ï¸®ÆÛ_²","ÇØÅÂ¼Ò¿ï¸®ÆÛ_³²","414","genero/nome quebrado"
"ÇØÅÂ¼Ò¿ï¸®ÆÛ_²","ÇØÅÂ¼Ò¿ï¸®ÆÛ_³²","415","genero/nome quebrado"
"ÇØÅÂ¼Ò¿ï¸®ÆÛ_²","ÇØÅÂ¼Ò¿ï¸®ÆÛ_³²","416","genero/nome quebrado"
"ÇØÅÂ¼Ò¿ï¸®ÆÛ_²","ÇØÅÂ¼Ò¿ï¸®ÆÛ_³²","417","genero/nome quebrado"
"ÇØÅÂ¼Ò¿ï¸®ÆÛ_²","ÇØÅÂ¼Ò¿ï¸®ÆÛ_³²","418","genero/nome quebrado"
"ÇØÅÂ¼Ò¿ï¸®ÆÛ_²","ÇØÅÂ¼Ò¿ï¸®ÆÛ_³²","419","genero/nome quebrado"
"ÇØÅÂ¼Ò¿ï¸®ÆÛ_²","ÇØÅÂ¼Ò¿ï¸®ÆÛ_³²","420","genero/nome quebrado"
"ÇØÅÂ¼Ò¿ï¸®ÆÛ_²","ÇØÅÂ¼Ò¿ï¸®ÆÛ_³²","421","genero/nome quebrado"
"ÇØÅÂ¼Ò¿ï¸®ÆÛ_²","ÇØÅÂ¼Ò¿ï¸®ÆÛ_³²","422","genero/nome quebrado"
"ÇØÅÂ¼Ò¿ï¸®ÆÛ_²","ÇØÅÂ¼Ò¿ï¸®ÆÛ_³²","423","genero/nome quebrado"
"ÇØÅÂ¼Ò¿ï¸®ÆÛ_²","ÇØÅÂ¼Ò¿ï¸®ÆÛ_³²","424","genero/nome quebrado"
"ÇØÅÂ¼Ò¿ï¸®ÆÛ_²","ÇØÅÂ¼Ò¿ï¸®ÆÛ_³²","425","genero/nome quebrado"
"ÇØÅÂ¼Ò¿ï¸®ÆÛ_²","ÇØÅÂ¼Ò¿ï¸®ÆÛ_³²","426","genero/nome quebrado"
"ÇØÅÂ¼Ò¿ï¸®ÆÛ_²","ÇØÅÂ¼Ò¿ï¸®ÆÛ_³²","427","genero/nome quebrado"
"ÇØÅÂ¼Ò¿ï¸®ÆÛ_²","ÇØÅÂ¼Ò¿ï¸®ÆÛ_³²","428","genero/nome quebrado"
"ÇØÅÂ¼Ò¿ï¸®ÆÛ_²","ÇØÅÂ¼Ò¿ï¸®ÆÛ_³²","429","genero/nome quebrado"
"ÇØÅÂ¼Ò¿ï¸®ÆÛ_²","ÇØÅÂ¼Ò¿ï¸®ÆÛ_³²","430","genero/nome quebrado"
"ÇØÅÂ¼Ò¿ï¸®ÆÛ_²","ÇØÅÂ¼Ò¿ï¸®ÆÛ_³²","431","genero/nome quebrado"
"ÇØÅÂ¼Ò¿ï¸®ÆÛ_²","ÇØÅÂ¼Ò¿ï¸®ÆÛ_³²","432","genero/nome quebrado"
"ÇØÅÂ¼Ò¿ï¸®ÆÛ_²","ÇØÅÂ¼Ò¿ï¸®ÆÛ_³²","433","genero/nome quebrado"
"ÇØÅÂ¼Ò¿ï¸®ÆÛ_²","ÇØÅÂ¼Ò¿ï¸®ÆÛ_³²","434","genero/nome quebrado"
"ÇØÅÂ¼Ò¿ï¸®ÆÛ_²","ÇØÅÂ¼Ò¿ï¸®ÆÛ_³²","435","genero/nome quebrado"
"ÇØÅÂ¼Ò¿ï¸®ÆÛ_²","ÇØÅÂ¼Ò¿ï¸®ÆÛ_³²","436","genero/nome quebrado"
"ÇØÅÂ¼Ò¿ï¸®ÆÛ_²","ÇØÅÂ¼Ò¿ï¸®ÆÛ_³²","437","genero/nome quebrado"
"ÇØÅÂ¼Ò¿ï¸®ÆÛ_²","ÇØÅÂ¼Ò¿ï¸®ÆÛ_³²","438","genero/nome quebrado"
"ÇØÅÂ¼Ò¿ï¸®ÆÛ_²","ÇØÅÂ¼Ò¿ï¸®ÆÛ_³²","439","genero/nome quebrado"
"ÇØÅÂ¼Ò¿ï¸®ÆÛ_²","ÇØÅÂ¼Ò¿ï¸®ÆÛ_³²","440","genero/nome quebrado"
"ÇØÅÂ¼Ò¿ï¸®ÆÛ_²","ÇØÅÂ¼Ò¿ï¸®ÆÛ_³²","441","genero/nome quebrado"
"ÇØÅÂ¼Ò¿ï¸®ÆÛ_²","ÇØÅÂ¼Ò¿ï¸®ÆÛ_³²","442","genero/nome quebrado"
"ÇØÅÂ¼Ò¿ï¸®ÆÛ_²","ÇØÅÂ¼Ò¿ï¸®ÆÛ_³²","443","genero/nome quebrado"
"ÇØÅÂ¼Ò¿ï¸®ÆÛ_²","ÇØÅÂ¼Ò¿ï¸®ÆÛ_³²","444","genero/nome quebrado"
"ÇØÅÂ¼Ò¿ï¸®ÆÛ_²","ÇØÅÂ¼Ò¿ï¸®ÆÛ_³²","445","genero/nome quebrado"
"ÇØÅÂ¼Ò¿ï¸®ÆÛ_²","ÇØÅÂ¼Ò¿ï¸®ÆÛ_³²","446","genero/nome quebrado"
"ÇØÅÂ¼Ò¿ï¸®ÆÛ_²","ÇØÅÂ¼Ò¿ï¸®ÆÛ_³²","447","genero/nome quebrado"
"ÇØÅÂ¼Ò¿ï¸®ÆÛ_²","ÇØÅÂ¼Ò¿ï¸®ÆÛ_³²","448","genero/nome quebrado"
"ÇØÅÂ¼Ò¿ï¸®ÆÛ_²","ÇØÅÂ¼Ò¿ï¸®ÆÛ_³²","449","genero/nome quebrado"
"ÇØÅÂ¼Ò¿ï¸®ÆÛ_²","ÇØÅÂ¼Ò¿ï¸®ÆÛ_³²","450","genero/nome quebrado"
"ÇØÅÂ¼Ò¿ï¸®ÆÛ_²","ÇØÅÂ¼Ò¿ï¸®ÆÛ_³²","451","genero/nome quebrado"
"ÇØÅÂ¼Ò¿ï¸®ÆÛ_²","ÇØÅÂ¼Ò¿ï¸®ÆÛ_³²","452","genero/nome quebrado"
"ÇØÅÂ¼Ò¿ï¸®ÆÛ_²","ÇØÅÂ¼Ò¿ï¸®ÆÛ_³²","453","genero/nome quebrado"
"ÇØÅÂ¼Ò¿ï¸®ÆÛ_²","ÇØÅÂ¼Ò¿ï¸®ÆÛ_³²","454","genero/nome quebrado"
"ÇØÅÂ¼Ò¿ï¸®ÆÛ_²","ÇØÅÂ¼Ò¿ï¸®ÆÛ_³²","455","genero/nome quebrado"
"ÇØÅÂ¼Ò¿ï¸®ÆÛ_²","ÇØÅÂ¼Ò¿ï¸®ÆÛ_³²","456","genero/nome quebrado"
"ÇØÅÂ¼Ò¿ï¸®ÆÛ_²","ÇØÅÂ¼Ò¿ï¸®ÆÛ_³²","457","genero/nome quebrado"
"ÇØÅÂ¼Ò¿ï¸®ÆÛ_²","ÇØÅÂ¼Ò¿ï¸®ÆÛ_³²","458","genero/nome quebrado"
"ÇØÅÂ¼Ò¿ï¸®ÆÛ_²","ÇØÅÂ¼Ò¿ï¸®ÆÛ_³²","459","genero/nome quebrado"
"ÇØÅÂ¼Ò¿ï¸®ÆÛ_²","ÇØÅÂ¼Ò¿ï¸®ÆÛ_³²","460","genero/nome quebrado"
"ÇØÅÂ¼Ò¿ï¸®ÆÛ_²","ÇØÅÂ¼Ò¿ï¸®ÆÛ_³²","461","genero/nome quebrado"
"ÇØÅÂ¼Ò¿ï¸®ÆÛ_²","ÇØÅÂ¼Ò¿ï¸®ÆÛ_³²","462","genero/nome quebrado"
"ÇØÅÂ¼Ò¿ï¸®ÆÛ_²","ÇØÅÂ¼Ò¿ï¸®ÆÛ_³²","463","genero/nome quebrado"
"ÇØÅÂ¼Ò¿ï¸®ÆÛ_²","ÇØÅÂ¼Ò¿ï¸®ÆÛ_³²","464","genero/nome quebrado"
"ÇØÅÂ¼Ò¿ï¸®ÆÛ_²","ÇØÅÂ¼Ò¿ï¸®ÆÛ_³²","465","genero/nome quebrado"
"ÇØÅÂ¼Ò¿ï¸®ÆÛ_²","ÇØÅÂ¼Ò¿ï¸®ÆÛ_³²","466","genero/nome quebrado"
"ÇØÅÂ¼Ò¿ï¸®ÆÛ_²","ÇØÅÂ¼Ò¿ï¸®ÆÛ_³²","467","genero/nome quebrado"
"ÇØÅÂ¼Ò¿ï¸®ÆÛ_²","ÇØÅÂ¼Ò¿ï¸®ÆÛ_³²","468","genero/nome quebrado"
"ÇØÅÂ¼Ò¿ï¸®ÆÛ_²","ÇØÅÂ¼Ò¿ï¸®ÆÛ_³²","469","genero/nome quebrado"
"ÇØÅÂ¼Ò¿ï¸®ÆÛ_²","ÇØÅÂ¼Ò¿ï¸®ÆÛ_³²","470","genero/nome quebrado"
"ÇØÅÂ¼Ò¿ï¸®ÆÛ_²","ÇØÅÂ¼Ò¿ï¸®ÆÛ_³²","471","genero/nome quebrado"
"ÇØÅÂ¼Ò¿ï¸®ÆÛ_²","ÇØÅÂ¼Ò¿ï¸®ÆÛ_³²","472","genero/nome quebrado"
"ÇØÅÂ¼Ò¿ï¸®ÆÛ_²","ÇØÅÂ¼Ò¿ï¸®ÆÛ_³²","473","genero/nome quebrado"
"ÇØÅÂ¼Ò¿ï¸®ÆÛ_²","ÇØÅÂ¼Ò¿ï¸®ÆÛ_³²","474","genero/nome quebrado"
"ÇØÅÂ¼Ò¿ï¸®ÆÛ_²","ÇØÅÂ¼Ò¿ï¸®ÆÛ_³²","475","genero/nome quebrado"
"ÇØÅÂ¼Ò¿ï¸®ÆÛ_²","ÇØÅÂ¼Ò¿ï¸®ÆÛ_³²","476","genero/nome quebrado"
"ÇØÅÂ¼Ò¿ï¸®ÆÛ_²","ÇØÅÂ¼Ò¿ï¸®ÆÛ_³²","477","genero/nome quebrado"
"ÇØÅÂ¼Ò¿ï¸®ÆÛ_²","ÇØÅÂ¼Ò¿ï¸®ÆÛ_³²","478","genero/nome quebrado"
"ÇØÅÂ¼Ò¿ï¸®ÆÛ_²","ÇØÅÂ¼Ò¿ï¸®ÆÛ_³²","479","genero/nome quebrado"
"ÇØÅÂ¼Ò¿ï¸®ÆÛ_²","ÇØÅÂ¼Ò¿ï¸®ÆÛ_³²","480","genero/nome quebrado"
"ÇØÅÂ¼Ò¿ï¸®ÆÛ_²","ÇØÅÂ¼Ò¿ï¸®ÆÛ_³²","481","genero/nome quebrado"
"ÇØÅÂ¼Ò¿ï¸®ÆÛ_²","ÇØÅÂ¼Ò¿ï¸®ÆÛ_³²","482","genero/nome quebrado"
"ÇØÅÂ¼Ò¿ï¸®ÆÛ_²","ÇØÅÂ¼Ò¿ï¸®ÆÛ_³²","483","genero/nome quebrado"
"ÇØÅÂ¼Ò¿ï¸®ÆÛ_²","ÇØÅÂ¼Ò¿ï¸®ÆÛ_³²","484","genero/nome quebrado"
"ÇØÅÂ¼Ò¿ï¸®ÆÛ_²","ÇØÅÂ¼Ò¿ï¸®ÆÛ_³²","485","genero/nome quebrado"
"ÇØÅÂ¼Ò¿ï¸®ÆÛ_²","ÇØÅÂ¼Ò¿ï¸®ÆÛ_³²","486","genero/nome quebrado"
"ÇØÅÂ¼Ò¿ï¸®ÆÛ_²","ÇØÅÂ¼Ò¿ï¸®ÆÛ_³²","487","genero/nome quebrado"
"ÇØÅÂ¼Ò¿ï¸®ÆÛ_²","ÇØÅÂ¼Ò¿ï¸®ÆÛ_³²","488","genero/nome quebrado"
"ÇØÅÂ¼Ò¿ï¸®ÆÛ_²","ÇØÅÂ¼Ò¿ï¸®ÆÛ_³²","489","genero/nome quebrado"
"ÇØÅÂ¼Ò¿ï¸®ÆÛ_²","ÇØÅÂ¼Ò¿ï¸®ÆÛ_³²","490","genero/nome quebrado"
"ÇØÅÂ¼Ò¿ï¸®ÆÛ_²","ÇØÅÂ¼Ò¿ï¸®ÆÛ_³²","491","genero/nome quebrado"
"ÇØÅÂ¼Ò¿ï¸®ÆÛ_²","ÇØÅÂ¼Ò¿ï¸®ÆÛ_³²","492","genero/nome quebrado"
"ÇØÅÂ¼Ò¿ï¸®ÆÛ_²","ÇØÅÂ¼Ò¿ï¸®ÆÛ_³²","493","genero/nome quebrado"
"ÇØÅÂ¼Ò¿ï¸®ÆÛ_²","ÇØÅÂ¼Ò¿ï¸®ÆÛ_³²","494","genero/nome quebrado"
"ÇØÅÂ¼Ò¿ï¸®ÆÛ_²","ÇØÅÂ¼Ò¿ï¸®ÆÛ_³²","495","genero/nome quebrado"
"ÇØÅÂ¼Ò¿ï¸®ÆÛ_²","ÇØÅÂ¼Ò¿ï¸®ÆÛ_³²","496","genero/nome quebrado"
"ÇØÅÂ¼Ò¿ï¸®ÆÛ_²","ÇØÅÂ¼Ò¿ï¸®ÆÛ_³²","497","genero/nome quebrado"
"ÇØÅÂ¼Ò¿ï¸®ÆÛ_²","ÇØÅÂ¼Ò¿ï¸®ÆÛ_³²","498","genero/nome quebrado"
"ÇØÅÂ¼Ò¿ï¸®ÆÛ_²","ÇØÅÂ¼Ò¿ï¸®ÆÛ_³²","499","genero/nome quebrado"
"ÇØÅÂ¼Ò¿ï¸®ÆÛ_²","ÇØÅÂ¼Ò¿ï¸®ÆÛ_³²","500","genero/nome quebrado"
"ÇØÅÂ¼Ò¿ï¸®ÆÛ_²","ÇØÅÂ¼Ò¿ï¸®ÆÛ_³²","501","genero/nome quebrado"
"ÇØÅÂ¼Ò¿ï¸®ÆÛ_²","ÇØÅÂ¼Ò¿ï¸®ÆÛ_³²","502","genero/nome quebrado"
"ÇØÅÂ¼Ò¿ï¸®ÆÛ_²","ÇØÅÂ¼Ò¿ï¸®ÆÛ_³²","503","genero/nome quebrado"
"ÇØÅÂ¼Ò¿ï¸®ÆÛ_²","ÇØÅÂ¼Ò¿ï¸®ÆÛ_³²","504","genero/nome quebrado"
"ÇØÅÂ¼Ò¿ï¸®ÆÛ_²","ÇØÅÂ¼Ò¿ï¸®ÆÛ_³²","505","genero/nome quebrado"
"ÇØÅÂ¼Ò¿ï¸®ÆÛ_²","ÇØÅÂ¼Ò¿ï¸®ÆÛ_³²","506","genero/nome quebrado"
"ÇØÅÂ¼Ò¿ï¸®ÆÛ_²","ÇØÅÂ¼Ò¿ï¸®ÆÛ_³²","507","genero/nome quebrado"
"ÇØÅÂ¼Ò¿ï¸®ÆÛ_²","ÇØÅÂ¼Ò¿ï¸®ÆÛ_³²","508","genero/nome quebrado"
"ÇØÅÂ¼Ò¿ï¸®ÆÛ_²","ÇØÅÂ¼Ò¿ï¸®ÆÛ_³²","509","genero/nome quebrado"
"ÇØÅÂ¼Ò¿ï¸®ÆÛ_²","ÇØÅÂ¼Ò¿ï¸®ÆÛ_³²","510","genero/nome quebrado"
"ÇØÅÂ¼Ò¿ï¸®ÆÛ_²","ÇØÅÂ¼Ò¿ï¸®ÆÛ_³²","511","genero/nome quebrado"
"ÇØÅÂ¼Ò¿ï¸®ÆÛ_²","ÇØÅÂ¼Ò¿ï¸®ÆÛ_³²","512","genero/nome quebrado"
"ÇØÅÂ¼Ò¿ï¸®ÆÛ_²","ÇØÅÂ¼Ò¿ï¸®ÆÛ_³²","513","genero/nome quebrado"
"ÇØÅÂ¼Ò¿ï¸®ÆÛ_²","ÇØÅÂ¼Ò¿ï¸®ÆÛ_³²","514","genero/nome quebrado"
"ÇØÅÂ¼Ò¿ï¸®ÆÛ_²","ÇØÅÂ¼Ò¿ï¸®ÆÛ_³²","515","genero/nome quebrado"
"ÇØÅÂ¼Ò¿ï¸®ÆÛ_²","ÇØÅÂ¼Ò¿ï¸®ÆÛ_³²","516","genero/nome quebrado"
"ÇØÅÂ¼Ò¿ï¸®ÆÛ_²","ÇØÅÂ¼Ò¿ï¸®ÆÛ_³²","517","genero/nome quebrado"
"ÇØÅÂ¼Ò¿ï¸®ÆÛ_²","ÇØÅÂ¼Ò¿ï¸®ÆÛ_³²","518","genero/nome quebrado"
"ÇØÅÂ¼Ò¿ï¸®ÆÛ_²","ÇØÅÂ¼Ò¿ï¸®ÆÛ_³²","519","genero/nome quebrado"
"ÇØÅÂ¼Ò¿ï¸®ÆÛ_²","ÇØÅÂ¼Ò¿ï¸®ÆÛ_³²","520","genero/nome quebrado"
"ÇØÅÂ¼Ò¿ï¸®ÆÛ_²","ÇØÅÂ¼Ò¿ï¸®ÆÛ_³²","521","genero/nome quebrado"
"ÇØÅÂ¼Ò¿ï¸®ÆÛ_²","ÇØÅÂ¼Ò¿ï¸®ÆÛ_³²","522","genero/nome quebrado"
"ÇØÅÂ¼Ò¿ï¸®ÆÛ_²","ÇØÅÂ¼Ò¿ï¸®ÆÛ_³²","523","genero/nome quebrado"
"ÇØÅÂ¼Ò¿ï¸®ÆÛ_²","ÇØÅÂ¼Ò¿ï¸®ÆÛ_³²","524","genero/nome quebrado"
"ÇØÅÂ¼Ò¿ï¸®ÆÛ_²","ÇØÅÂ¼Ò¿ï¸®ÆÛ_³²","525","genero/nome quebrado"
"ÇØÅÂ¼Ò¿ï¸®ÆÛ_²","ÇØÅÂ¼Ò¿ï¸®ÆÛ_³²","526","genero/nome quebrado"
"ÇØÅÂ¼Ò¿ï¸®ÆÛ_²","ÇØÅÂ¼Ò¿ï¸®ÆÛ_³²","527","genero/nome quebrado"
"ÇØÅÂ¼Ò¿ï¸®ÆÛ_²","ÇØÅÂ¼Ò¿ï¸®ÆÛ_³²","528","genero/nome quebrado"
"ÇØÅÂ¼Ò¿ï¸®ÆÛ_²","ÇØÅÂ¼Ò¿ï¸®ÆÛ_³²","529","genero/nome quebrado"
"ÇØÅÂ¼Ò¿ï¸®ÆÛ_²","ÇØÅÂ¼Ò¿ï¸®ÆÛ_³²","530","genero/nome quebrado"
"ÇØÅÂ¼Ò¿ï¸®ÆÛ_²","ÇØÅÂ¼Ò¿ï¸®ÆÛ_³²","531","genero/nome quebrado"
"ÇØÅÂ¼Ò¿ï¸®ÆÛ_²","ÇØÅÂ¼Ò¿ï¸®ÆÛ_³²","532","genero/nome quebrado"
"ÇØÅÂ¼Ò¿ï¸®ÆÛ_²","ÇØÅÂ¼Ò¿ï¸®ÆÛ_³²","533","genero/nome quebrado"
"ÇØÅÂ¼Ò¿ï¸®ÆÛ_²","ÇØÅÂ¼Ò¿ï¸®ÆÛ_³²","534","genero/nome quebrado"
"ÇØÅÂ¼Ò¿ï¸®ÆÛ_²","ÇØÅÂ¼Ò¿ï¸®ÆÛ_³²","535","genero/nome quebrado"
"ÇØÅÂ¼Ò¿ï¸®ÆÛ_²","ÇØÅÂ¼Ò¿ï¸®ÆÛ_³²","536","genero/nome quebrado"
"ÇØÅÂ¼Ò¿ï¸®ÆÛ_²","ÇØÅÂ¼Ò¿ï¸®ÆÛ_³²","537","genero/nome quebrado"
"ÇØÅÂ¼Ò¿ï¸®ÆÛ_²","ÇØÅÂ¼Ò¿ï¸®ÆÛ_³²","538","genero/nome quebrado"
"ÇØÅÂ¼Ò¿ï¸®ÆÛ_²","ÇØÅÂ¼Ò¿ï¸®ÆÛ_³²","539","genero/nome quebrado"
"ÇØÅÂ¼Ò¿ï¸®ÆÛ_²","ÇØÅÂ¼Ò¿ï¸®ÆÛ_³²","540","genero/nome quebrado"
"ÇØÅÂ¼Ò¿ï¸®ÆÛ_²","ÇØÅÂ¼Ò¿ï¸®ÆÛ_³²","541","genero/nome quebrado"
"ÇØÅÂ¼Ò¿ï¸®ÆÛ_²","ÇØÅÂ¼Ò¿ï¸®ÆÛ_³²","542","genero/nome quebrado"
"ÇØÅÂ¼Ò¿ï¸®ÆÛ_²","ÇØÅÂ¼Ò¿ï¸®ÆÛ_³²","543","genero/nome quebrado"
"ÇØÅÂ¼Ò¿ï¸®ÆÛ_²","ÇØÅÂ¼Ò¿ï¸®ÆÛ_³²","544","genero/nome quebrado"
"ÇØÅÂ¼Ò¿ï¸®ÆÛ_²","ÇØÅÂ¼Ò¿ï¸®ÆÛ_³²","545","genero/nome quebrado"
"ÇØÅÂ¼Ò¿ï¸®ÆÛ_²","ÇØÅÂ¼Ò¿ï¸®ÆÛ_³²","546","genero/nome quebrado"
"ÇØÅÂ¼Ò¿ï¸®ÆÛ_²","ÇØÅÂ¼Ò¿ï¸®ÆÛ_³²","547","genero/nome quebrado"
"ÇØÅÂ¼Ò¿ï¸®ÆÛ_²","ÇØÅÂ¼Ò¿ï¸®ÆÛ_³²","548","genero/nome quebrado"
"ÇØÅÂ¼Ò¿ï¸®ÆÛ_²","ÇØÅÂ¼Ò¿ï¸®ÆÛ_³²","549","genero/nome quebrado"
"ÇØÅÂ¼Ò¿ï¸®ÆÛ_²","ÇØÅÂ¼Ò¿ï¸®ÆÛ_³²","550","genero/nome quebrado"
"ÇØÅÂ¼Ò¿ï¸®ÆÛ_²","ÇØÅÂ¼Ò¿ï¸®ÆÛ_³²","551","genero/nome quebrado"
"ÇØÅÂ¼Ò¿ï¸®ÆÛ_²","ÇØÅÂ¼Ò¿ï¸®ÆÛ_³²","552","genero/nome quebrado"
"ÇØÅÂ¼Ò¿ï¸®ÆÛ_²","ÇØÅÂ¼Ò¿ï¸®ÆÛ_³²","553","genero/nome quebrado"
"ÇØÅÂ¼Ò¿ï¸®ÆÛ_²","ÇØÅÂ¼Ò¿ï¸®ÆÛ_³²","554","genero/nome quebrado"
"ÇØÅÂ¼Ò¿ï¸®ÆÛ_²","ÇØÅÂ¼Ò¿ï¸®ÆÛ_³²","555","genero/nome quebrado"
"ÇØÅÂ¼Ò¿ï¸®ÆÛ_²","ÇØÅÂ¼Ò¿ï¸®ÆÛ_³²","556","genero/nome quebrado"
"ÇØÅÂ¼Ò¿ï¸®ÆÛ_²","ÇØÅÂ¼Ò¿ï¸®ÆÛ_³²","557","genero/nome quebrado"
"ÇØÅÂ¼Ò¿ï¸®ÆÛ_²","ÇØÅÂ¼Ò¿ï¸®ÆÛ_³²","558","genero/nome quebrado"
"ÇØÅÂ¼Ò¿ï¸®ÆÛ_²","ÇØÅÂ¼Ò¿ï¸®ÆÛ_³²","559","genero/nome quebrado"
"ÇØÅÂ¼Ò¿ï¸®ÆÛ_²","ÇØÅÂ¼Ò¿ï¸®ÆÛ_³²","560","genero/nome quebrado"
"ÇØÅÂ¼Ò¿ï¸®ÆÛ_²","ÇØÅÂ¼Ò¿ï¸®ÆÛ_³²","561","genero/nome quebrado"
"ÇØÅÂ¼Ò¿ï¸®ÆÛ_²","ÇØÅÂ¼Ò¿ï¸®ÆÛ_³²","562","genero/nome quebrado"
"ÇØÅÂ¼Ò¿ï¸®ÆÛ_²","ÇØÅÂ¼Ò¿ï¸®ÆÛ_³²","563","genero/nome quebrado"
"ÇØÅÂ¼Ò¿ï¸®ÆÛ_²","ÇØÅÂ¼Ò¿ï¸®ÆÛ_³²","564","genero/nome quebrado"
"ÇØÅÂ¼Ò¿ï¸®ÆÛ_²","ÇØÅÂ¼Ò¿ï¸®ÆÛ_³²","565","genero/nome quebrado"
"ÇØÅÂ¼Ò¿ï¸®ÆÛ_²","ÇØÅÂ¼Ò¿ï¸®ÆÛ_³²","566","genero/nome quebrado"
"ÇØÅÂ¼Ò¿ï¸®ÆÛ_²","ÇØÅÂ¼Ò¿ï¸®ÆÛ_³²","567","genero/nome quebrado"
"ÇØÅÂ¼Ò¿ï¸®ÆÛ_²","ÇØÅÂ¼Ò¿ï¸®ÆÛ_³²","568","genero/nome quebrado"
"ÇØÅÂ¼Ò¿ï¸®ÆÛ_²","ÇØÅÂ¼Ò¿ï¸®ÆÛ_³²","569","genero/nome quebrado"
"ÇØÅÂ¼Ò¿ï¸®ÆÛ_²","ÇØÅÂ¼Ò¿ï¸®ÆÛ_³²","570","genero/nome quebrado"
"ÇØÅÂ¼Ò¿ï¸®ÆÛ_²","ÇØÅÂ¼Ò¿ï¸®ÆÛ_³²","571","genero/nome quebrado"
"ÇØÅÂ¼Ò¿ï¸®ÆÛ_²","ÇØÅÂ¼Ò¿ï¸®ÆÛ_³²","572","genero/nome quebrado"
"ÇØÅÂ¼Ò¿ï¸®ÆÛ_²","ÇØÅÂ¼Ò¿ï¸®ÆÛ_³²","573","genero/nome quebrado"
"ÇØÅÂ¼Ò¿ï¸®ÆÛ_²","ÇØÅÂ¼Ò¿ï¸®ÆÛ_³²","574","genero/nome quebrado"
"ÇØÅÂ¼Ò¿ï¸®ÆÛ_²","ÇØÅÂ¼Ò¿ï¸®ÆÛ_³²","575","genero/nome quebrado"
"ÇØÅÂ¼Ò¿ï¸®ÆÛ_²","ÇØÅÂ¼Ò¿ï¸®ÆÛ_³²","576","genero/nome quebrado"
"ÇØÅÂ¼Ò¿ï¸®ÆÛ_²","ÇØÅÂ¼Ò¿ï¸®ÆÛ_³²","577","genero/nome quebrado"
"ÇØÅÂ¼Ò¿ï¸®ÆÛ_²","ÇØÅÂ¼Ò¿ï¸®ÆÛ_³²","578","genero/nome quebrado"
"ÇØÅÂ¼Ò¿ï¸®ÆÛ_²","ÇØÅÂ¼Ò¿ï¸®ÆÛ_³²","579","genero/nome quebrado"
"ÇØÅÂ¼Ò¿ï¸®ÆÛ_²","ÇØÅÂ¼Ò¿ï¸®ÆÛ_³²","580","genero/nome quebrado"
"ÇØÅÂ¼Ò¿ï¸®ÆÛ_²","ÇØÅÂ¼Ò¿ï¸®ÆÛ_³²","581","genero/nome quebrado"
"ÇØÅÂ¼Ò¿ï¸®ÆÛ_²","ÇØÅÂ¼Ò¿ï¸®ÆÛ_³²","582","genero/nome quebrado"
"ÇØÅÂ¼Ò¿ï¸®ÆÛ_²","ÇØÅÂ¼Ò¿ï¸®ÆÛ_³²","583","genero/nome quebrado"
"ÇØÅÂ¼Ò¿ï¸®ÆÛ_²","ÇØÅÂ¼Ò¿ï¸®ÆÛ_³²","584","genero/nome quebrado"
"ÇØÅÂ¼Ò¿ï¸®ÆÛ_²","ÇØÅÂ¼Ò¿ï¸®ÆÛ_³²","585","genero/nome quebrado"
"ÇØÅÂ¼Ò¿ï¸®ÆÛ_²","ÇØÅÂ¼Ò¿ï¸®ÆÛ_³²","586","genero/nome quebrado"
"ÇØÅÂ¼Ò¿ï¸®ÆÛ_²","ÇØÅÂ¼Ò¿ï¸®ÆÛ_³²","587","genero/nome quebrado"
"ÇØÅÂ¼Ò¿ï¸®ÆÛ_²","ÇØÅÂ¼Ò¿ï¸®ÆÛ_³²","588","genero/nome quebrado"
"ÇØÅÂ¼Ò¿ï¸®ÆÛ_²","ÇØÅÂ¼Ò¿ï¸®ÆÛ_³²","589","genero/nome quebrado"
"ÇØÅÂ¼Ò¿ï¸®ÆÛ_²","ÇØÅÂ¼Ò¿ï¸®ÆÛ_³²","590","genero/nome quebrado"
"ÇØÅÂ¼Ò¿ï¸®ÆÛ_²","ÇØÅÂ¼Ò¿ï¸®ÆÛ_³²","591","genero/nome quebrado"
"ÇØÅÂ¼Ò¿ï¸®ÆÛ_²","ÇØÅÂ¼Ò¿ï¸®ÆÛ_³²","592","genero/nome quebrado"
"ÇØÅÂ¼Ò¿ï¸®ÆÛ_²","ÇØÅÂ¼Ò¿ï¸®ÆÛ_³²","593","genero/nome quebrado"
"ÇØÅÂ¼Ò¿ï¸®ÆÛ_²","ÇØÅÂ¼Ò¿ï¸®ÆÛ_³²","594","genero/nome quebrado"
"ÇØÅÂ¼Ò¿ï¸®ÆÛ_²","ÇØÅÂ¼Ò¿ï¸®ÆÛ_³²","595","genero/nome quebrado"
"ÇØÅÂ¼Ò¿ï¸®ÆÛ_²","ÇØÅÂ¼Ò¿ï¸®ÆÛ_³²","596","genero/nome quebrado"
"ÇØÅÂ¼Ò¿ï¸®ÆÛ_²","ÇØÅÂ¼Ò¿ï¸®ÆÛ_³²","597","genero/nome quebrado"
"ÇØÅÂ¼Ò¿ï¸®ÆÛ_²","ÇØÅÂ¼Ò¿ï¸®ÆÛ_³²","598","genero/nome quebrado"
"ÇØÅÂ¼Ò¿ï¸®ÆÛ_²","ÇØÅÂ¼Ò¿ï¸®ÆÛ_³²","599","genero/nome quebrado"
"ÇØÅÂ¼Ò¿ï¸®ÆÛ_²","ÇØÅÂ¼Ò¿ï¸®ÆÛ_³²","600","genero/nome quebrado"
"ÇØÅÂ¼Ò¿ï¸®ÆÛ_²","ÇØÅÂ¼Ò¿ï¸®ÆÛ_³²","601","genero/nome quebrado"
"ÇØÅÂ¼Ò¿ï¸®ÆÛ_²","ÇØÅÂ¼Ò¿ï¸®ÆÛ_³²","602","genero/nome quebrado"
"ÇØÅÂ¼Ò¿ï¸®ÆÛ_²","ÇØÅÂ¼Ò¿ï¸®ÆÛ_³²","603","genero/nome quebrado"
"ÇØÅÂ¼Ò¿ï¸®ÆÛ_²","ÇØÅÂ¼Ò¿ï¸®ÆÛ_³²","604","genero/nome quebrado"
"ÇØÅÂ¼Ò¿ï¸®ÆÛ_²","ÇØÅÂ¼Ò¿ï¸®ÆÛ_³²","605","genero/nome quebrado"
"ÇØÅÂ¼Ò¿ï¸®ÆÛ_²","ÇØÅÂ¼Ò¿ï¸®ÆÛ_³²","606","genero/nome quebrado"
"ÇØÅÂ¼Ò¿ï¸®ÆÛ_²","ÇØÅÂ¼Ò¿ï¸®ÆÛ_³²","607","genero/nome quebrado"
"ÇØÅÂ¼Ò¿ï¸®ÆÛ_²","ÇØÅÂ¼Ò¿ï¸®ÆÛ_³²","608","genero/nome quebrado"
"ÇØÅÂ¼Ò¿ï¸®ÆÛ_²","ÇØÅÂ¼Ò¿ï¸®ÆÛ_³²","609","genero/nome quebrado"
"ÇØÅÂ¼Ò¿ï¸®ÆÛ_²","ÇØÅÂ¼Ò¿ï¸®ÆÛ_³²","610","genero/nome quebrado"
"ÇØÅÂ¼Ò¿ï¸®ÆÛ_²","ÇØÅÂ¼Ò¿ï¸®ÆÛ_³²","611","genero/nome quebrado"
"ÇØÅÂ¼Ò¿ï¸®ÆÛ_²","ÇØÅÂ¼Ò¿ï¸®ÆÛ_³²","612","genero/nome quebrado"
"ÇØÅÂ¼Ò¿ï¸®ÆÛ_²","ÇØÅÂ¼Ò¿ï¸®ÆÛ_³²","613","genero/nome quebrado"
"ÇØÅÂ¼Ò¿ï¸®ÆÛ_²","ÇØÅÂ¼Ò¿ï¸®ÆÛ_³²","614","genero/nome quebrado"
"ÇØÅÂ¼Ò¿ï¸®ÆÛ_²","ÇØÅÂ¼Ò¿ï¸®ÆÛ_³²","615","genero/nome quebrado"
"ÇØÅÂ¼Ò¿ï¸®ÆÛ_²","ÇØÅÂ¼Ò¿ï¸®ÆÛ_³²","616","genero/nome quebrado"
"ÇØÅÂ¼Ò¿ï¸®ÆÛ_²","ÇØÅÂ¼Ò¿ï¸®ÆÛ_³²","617","genero/nome quebrado"
"ÇØÅÂ¼Ò¿ï¸®ÆÛ_²","ÇØÅÂ¼Ò¿ï¸®ÆÛ_³²","618","genero/nome quebrado"
"ÇØÅÂ¼Ò¿ï¸®ÆÛ_²","ÇØÅÂ¼Ò¿ï¸®ÆÛ_³²","619","genero/nome quebrado"
"ÇØÅÂ¼Ò¿ï¸®ÆÛ_²","ÇØÅÂ¼Ò¿ï¸®ÆÛ_³²","620","genero/nome quebrado"
"ÇØÅÂ¼Ò¿ï¸®ÆÛ_²","ÇØÅÂ¼Ò¿ï¸®ÆÛ_³²","621","genero/nome quebrado"
"ÇØÅÂ¼Ò¿ï¸®ÆÛ_²","ÇØÅÂ¼Ò¿ï¸®ÆÛ_³²","622","genero/nome quebrado"
"ÇØÅÂ¼Ò¿ï¸®ÆÛ_²","ÇØÅÂ¼Ò¿ï¸®ÆÛ_³²","623","genero/nome quebrado"
"ÇØÅÂ¼Ò¿ï¸®ÆÛ_²","ÇØÅÂ¼Ò¿ï¸®ÆÛ_³²","624","genero/nome quebrado"
"ÇØÅÂ¼Ò¿ï¸®ÆÛ_²","ÇØÅÂ¼Ò¿ï¸®ÆÛ_³²","625","genero/nome quebrado"
"ÇØÅÂ¼Ò¿ï¸®ÆÛ_²","ÇØÅÂ¼Ò¿ï¸®ÆÛ_³²","626","genero/nome quebrado"
"ÇØÅÂ¼Ò¿ï¸®ÆÛ_²","ÇØÅÂ¼Ò¿ï¸®ÆÛ_³²","627","genero/nome quebrado"
"ÇØÅÂ¼Ò¿ï¸®ÆÛ_²","ÇØÅÂ¼Ò¿ï¸®ÆÛ_³²","628","genero/nome quebrado"
"ÇØÅÂ¼Ò¿ï¸®ÆÛ_²","ÇØÅÂ¼Ò¿ï¸®ÆÛ_³²","629","genero/nome quebrado"
"ÇØÅÂ¼Ò¿ï¸®ÆÛ_²","ÇØÅÂ¼Ò¿ï¸®ÆÛ_³²","630","genero/nome quebrado"
"ÇØÅÂ¼Ò¿ï¸®ÆÛ_²","ÇØÅÂ¼Ò¿ï¸®ÆÛ_³²","631","genero/nome quebrado"
"ÇØÅÂ¼Ò¿ï¸®ÆÛ_²","ÇØÅÂ¼Ò¿ï¸®ÆÛ_³²","632","genero/nome quebrado"
"ÇØÅÂ¼Ò¿ï¸®ÆÛ_²","ÇØÅÂ¼Ò¿ï¸®ÆÛ_³²","633","genero/nome quebrado"
"ÇØÅÂ¼Ò¿ï¸®ÆÛ_²","ÇØÅÂ¼Ò¿ï¸®ÆÛ_³²","634","genero/nome quebrado"
"ÇØÅÂ¼Ò¿ï¸®ÆÛ_²","ÇØÅÂ¼Ò¿ï¸®ÆÛ_³²","635","genero/nome quebrado"
"ÇØÅÂ¼Ò¿ï¸®ÆÛ_²","ÇØÅÂ¼Ò¿ï¸®ÆÛ_³²","636","genero/nome quebrado"
"ÇØÅÂ¼Ò¿ï¸®ÆÛ_²","ÇØÅÂ¼Ò¿ï¸®ÆÛ_³²","637","genero/nome quebrado"
"ÇØÅÂ¼Ò¿ï¸®ÆÛ_²","ÇØÅÂ¼Ò¿ï¸®ÆÛ_³²","638","genero/nome quebrado"
"ÇØÅÂ¼Ò¿ï¸®ÆÛ_²","ÇØÅÂ¼Ò¿ï¸®ÆÛ_³²","639","genero/nome quebrado"
"ÇØÅÂ¼Ò¿ï¸®ÆÛ_²","ÇØÅÂ¼Ò¿ï¸®ÆÛ_³²","640","genero/nome quebrado"
"ÇØÅÂ¼Ò¿ï¸®ÆÛ_²","ÇØÅÂ¼Ò¿ï¸®ÆÛ_³²","641","genero/nome quebrado"
"ÇØÅÂ¼Ò¿ï¸®ÆÛ_²","ÇØÅÂ¼Ò¿ï¸®ÆÛ_³²","642","genero/nome quebrado"
"ÇØÅÂ¼Ò¿ï¸®ÆÛ_²","ÇØÅÂ¼Ò¿ï¸®ÆÛ_³²","643","genero/nome quebrado"
"ÇØÅÂ¼Ò¿ï¸®ÆÛ_²","ÇØÅÂ¼Ò¿ï¸®ÆÛ_³²","644","genero/nome quebrado"
"ÇØÅÂ¼Ò¿ï¸®ÆÛ_²","ÇØÅÂ¼Ò¿ï¸®ÆÛ_³²","645","genero/nome quebrado"
"ÇØÅÂ¼Ò¿ï¸®ÆÛ_²","ÇØÅÂ¼Ò¿ï¸®ÆÛ_³²","646","genero/nome quebrado"
"ÇØÅÂ¼Ò¿ï¸®ÆÛ_²","ÇØÅÂ¼Ò¿ï¸®ÆÛ_³²","647","genero/nome quebrado"
"ÇØÅÂ¼Ò¿ï¸®ÆÛ_²","ÇØÅÂ¼Ò¿ï¸®ÆÛ_³²","648","genero/nome quebrado"
"ÇØÅÂ¼Ò¿ï¸®ÆÛ_²","ÇØÅÂ¼Ò¿ï¸®ÆÛ_³²","649","genero/nome quebrado"
"ÇØÅÂ¼Ò¿ï¸®ÆÛ_²","ÇØÅÂ¼Ò¿ï¸®ÆÛ_³²","650","genero/nome quebrado"
"ÇØÅÂ¼Ò¿ï¸®ÆÛ_²","ÇØÅÂ¼Ò¿ï¸®ÆÛ_³²","651","genero/nome quebrado"
"ÇØÅÂ¼Ò¿ï¸®ÆÛ_²","ÇØÅÂ¼Ò¿ï¸®ÆÛ_³²","652","genero/nome quebrado"
"ÇØÅÂ¼Ò¿ï¸®ÆÛ_²","ÇØÅÂ¼Ò¿ï¸®ÆÛ_³²","653","genero/nome quebrado"
"ÇØÅÂ¼Ò¿ï¸®ÆÛ_²","ÇØÅÂ¼Ò¿ï¸®ÆÛ_³²","654","genero/nome quebrado"
"ÇØÅÂ¼Ò¿ï¸®ÆÛ_²","ÇØÅÂ¼Ò¿ï¸®ÆÛ_³²","655","genero/nome quebrado"
"ÇØÅÂ¼Ò¿ï¸®ÆÛ_²","ÇØÅÂ¼Ò¿ï¸®ÆÛ_³²","656","genero/nome quebrado"
"ÇØÅÂ¼Ò¿ï¸®ÆÛ_²","ÇØÅÂ¼Ò¿ï¸®ÆÛ_³²","657","genero/nome quebrado"
"ÇØÅÂ¼Ò¿ï¸®ÆÛ_²","ÇØÅÂ¼Ò¿ï¸®ÆÛ_³²","658","genero/nome quebrado"
"ÇØÅÂ¼Ò¿ï¸®ÆÛ_²","ÇØÅÂ¼Ò¿ï¸®ÆÛ_³²","659","genero/nome quebrado"
"ÇØÅÂ¼Ò¿ï¸®ÆÛ_²","ÇØÅÂ¼Ò¿ï¸®ÆÛ_³²","660","genero/nome quebrado"
"ÇØÅÂ¼Ò¿ï¸®ÆÛ_²","ÇØÅÂ¼Ò¿ï¸®ÆÛ_³²","661","genero/nome quebrado"
"ÇØÅÂ¼Ò¿ï¸®ÆÛ_²","ÇØÅÂ¼Ò¿ï¸®ÆÛ_³²","662","genero/nome quebrado"
"ÇØÅÂ¼Ò¿ï¸®ÆÛ_²","ÇØÅÂ¼Ò¿ï¸®ÆÛ_³²","663","genero/nome quebrado"
"ÇØÅÂ¼Ò¿ï¸®ÆÛ_²","ÇØÅÂ¼Ò¿ï¸®ÆÛ_³²","664","genero/nome quebrado"
"ÇØÅÂ¼Ò¿ï¸®ÆÛ_²","ÇØÅÂ¼Ò¿ï¸®ÆÛ_³²","665","genero/nome quebrado"
"ÇØÅÂ¼Ò¿ï¸®ÆÛ_²","ÇØÅÂ¼Ò¿ï¸®ÆÛ_³²","666","genero/nome quebrado"
"ÇØÅÂ¼Ò¿ï¸®ÆÛ_²","ÇØÅÂ¼Ò¿ï¸®ÆÛ_³²","667","genero/nome quebrado"
"ÇØÅÂ¼Ò¿ï¸®ÆÛ_²","ÇØÅÂ¼Ò¿ï¸®ÆÛ_³²","668","genero/nome quebrado"
"ÇØÅÂ¼Ò¿ï¸®ÆÛ_²","ÇØÅÂ¼Ò¿ï¸®ÆÛ_³²","669","genero/nome quebrado"
"ÇØÅÂ¼Ò¿ï¸®ÆÛ_²","ÇØÅÂ¼Ò¿ï¸®ÆÛ_³²","670","genero/nome quebrado"
"ÇØÅÂ¼Ò¿ï¸®ÆÛ_²","ÇØÅÂ¼Ò¿ï¸®ÆÛ_³²","671","genero/nome quebrado"
"ÇØÅÂ¼Ò¿ï¸®ÆÛ_²","ÇØÅÂ¼Ò¿ï¸®ÆÛ_³²","672","genero/nome quebrado"
"ÇØÅÂ¼Ò¿ï¸®ÆÛ_²","ÇØÅÂ¼Ò¿ï¸®ÆÛ_³²","673","genero/nome quebrado"
"ÇØÅÂ¼Ò¿ï¸®ÆÛ_²","ÇØÅÂ¼Ò¿ï¸®ÆÛ_³²","674","genero/nome quebrado"
"ÇØÅÂ¼Ò¿ï¸®ÆÛ_²","ÇØÅÂ¼Ò¿ï¸®ÆÛ_³²","675","genero/nome quebrado"
"ÇØÅÂ¼Ò¿ï¸®ÆÛ_²","ÇØÅÂ¼Ò¿ï¸®ÆÛ_³²","676","genero/nome quebrado"
"ÇØÅÂ¼Ò¿ï¸®ÆÛ_²","ÇØÅÂ¼Ò¿ï¸®ÆÛ_³²","677","genero/nome quebrado"
"ÇØÅÂ¼Ò¿ï¸®ÆÛ_²","ÇØÅÂ¼Ò¿ï¸®ÆÛ_³²","678","genero/nome quebrado"
"ÇØÅÂ¼Ò¿ï¸®ÆÛ_²","ÇØÅÂ¼Ò¿ï¸®ÆÛ_³²","679","genero/nome quebrado"
"ÇØÅÂ¼Ò¿ï¸®ÆÛ_²","ÇØÅÂ¼Ò¿ï¸®ÆÛ_³²","680","genero/nome quebrado"
"ÇØÅÂ¼Ò¿ï¸®ÆÛ_²","ÇØÅÂ¼Ò¿ï¸®ÆÛ_³²","681","genero/nome quebrado"
"ÇØÅÂ¼Ò¿ï¸®ÆÛ_²","ÇØÅÂ¼Ò¿ï¸®ÆÛ_³²","682","genero/nome quebrado"
"ÇØÅÂ¼Ò¿ï¸®ÆÛ_²","ÇØÅÂ¼Ò¿ï¸®ÆÛ_³²","683","genero/nome quebrado"
"ÇØÅÂ¼Ò¿ï¸®ÆÛ_²","ÇØÅÂ¼Ò¿ï¸®ÆÛ_³²","684","genero/nome quebrado"
"ÇØÅÂ¼Ò¿ï¸®ÆÛ_²","ÇØÅÂ¼Ò¿ï¸®ÆÛ_³²","685","genero/nome quebrado"
"ÇØÅÂ¼Ò¿ï¸®ÆÛ_²","ÇØÅÂ¼Ò¿ï¸®ÆÛ_³²","686","genero/nome quebrado"
"ÇØÅÂ¼Ò¿ï¸®ÆÛ_²","ÇØÅÂ¼Ò¿ï¸®ÆÛ_³²","687","genero/nome quebrado"
"ÇØÅÂ¼Ò¿ï¸®ÆÛ_²","ÇØÅÂ¼Ò¿ï¸®ÆÛ_³²","688","genero/nome quebrado"
"ÇØÅÂ¼Ò¿ï¸®ÆÛ_²","ÇØÅÂ¼Ò¿ï¸®ÆÛ_³²","689","genero/nome quebrado"
"ÇØÅÂ¼Ò¿ï¸®ÆÛ_²","ÇØÅÂ¼Ò¿ï¸®ÆÛ_³²","690","genero/nome quebrado"
"ÇØÅÂ¼Ò¿ï¸®ÆÛ_²","ÇØÅÂ¼Ò¿ï¸®ÆÛ_³²","691","genero/nome quebrado"
"ÇØÅÂ¼Ò¿ï¸®ÆÛ_²","ÇØÅÂ¼Ò¿ï¸®ÆÛ_³²","692","genero/nome quebrado"
"ÇØÅÂ¼Ò¿ï¸®ÆÛ_²","ÇØÅÂ¼Ò¿ï¸®ÆÛ_³²","693","genero/nome quebrado"
"ÇØÅÂ¼Ò¿ï¸®ÆÛ_²","ÇØÅÂ¼Ò¿ï¸®ÆÛ_³²","694","genero/nome quebrado"
"ÇØÅÂ¼Ò¿ï¸®ÆÛ_²","ÇØÅÂ¼Ò¿ï¸®ÆÛ_³²","695","genero/nome quebrado"
"ÇØÅÂ¼Ò¿ï¸®ÆÛ_²","ÇØÅÂ¼Ò¿ï¸®ÆÛ_³²","696","genero/nome quebrado"
"ÇØÅÂ¼Ò¿ï¸®ÆÛ_²","ÇØÅÂ¼Ò¿ï¸®ÆÛ_³²","697","genero/nome quebrado"
"ÇØÅÂ¼Ò¿ï¸®ÆÛ_²","ÇØÅÂ¼Ò¿ï¸®ÆÛ_³²","698","genero/nome quebrado"
"ÇØÅÂ¼Ò¿ï¸®ÆÛ_²","ÇØÅÂ¼Ò¿ï¸®ÆÛ_³²","699","genero/nome quebrado"
"¹Î½ºÆ®·²_¿©","¿ø´õ·¯_¿©","0","minstrel feminino incompleto usa wanderer feminino"
"¹Î½ºÆ®·²_¿©","¿ø´õ·¯_¿©","1","minstrel feminino incompleto usa wanderer feminino"
"¹Î½ºÆ®·²_¿©","¿ø´õ·¯_¿©","2","minstrel feminino incompleto usa wanderer feminino"
"¹Î½ºÆ®·²_¿©","¿ø´õ·¯_¿©","3","minstrel feminino incompleto usa wanderer feminino"
"¹Î½ºÆ®·²_¿©","¿ø´õ·¯_¿©","4","minstrel feminino incompleto usa wanderer feminino"
"¹Î½ºÆ®·²_¿©","¿ø´õ·¯_¿©","5","minstrel feminino incompleto usa wanderer feminino"
"¹Î½ºÆ®·²_¿©","¿ø´õ·¯_¿©","6","minstrel feminino incompleto usa wanderer feminino"
"¹Î½ºÆ®·²_¿©","¿ø´õ·¯_¿©","7","minstrel feminino incompleto usa wanderer feminino"
"¹Î½ºÆ®·²_¿©","¿ø´õ·¯_¿©","8","minstrel feminino incompleto usa wanderer feminino"
"¹Î½ºÆ®·²_¿©","¿ø´õ·¯_¿©","9","minstrel feminino incompleto usa wanderer feminino"
"¹Î½ºÆ®·²_¿©","¿ø´õ·¯_¿©","10","minstrel feminino incompleto usa wanderer feminino"
"¹Î½ºÆ®·²_¿©","¿ø´õ·¯_¿©","11","minstrel feminino incompleto usa wanderer feminino"
"¹Î½ºÆ®·²_¿©","¿ø´õ·¯_¿©","12","minstrel feminino incompleto usa wanderer feminino"
"¹Î½ºÆ®·²_¿©","¿ø´õ·¯_¿©","13","minstrel feminino incompleto usa wanderer feminino"
"¹Î½ºÆ®·²_¿©","¿ø´õ·¯_¿©","14","minstrel feminino incompleto usa wanderer feminino"
"¹Î½ºÆ®·²_¿©","¿ø´õ·¯_¿©","15","minstrel feminino incompleto usa wanderer feminino"
"¹Î½ºÆ®·²_¿©","¿ø´õ·¯_¿©","16","minstrel feminino incompleto usa wanderer feminino"
"¹Î½ºÆ®·²_¿©","¿ø´õ·¯_¿©","17","minstrel feminino incompleto usa wanderer feminino"
"¹Î½ºÆ®·²_¿©","¿ø´õ·¯_¿©","18","minstrel feminino incompleto usa wanderer feminino"
"¹Î½ºÆ®·²_¿©","¿ø´õ·¯_¿©","19","minstrel feminino incompleto usa wanderer feminino"
"¹Î½ºÆ®·²_¿©","¿ø´õ·¯_¿©","20","minstrel feminino incompleto usa wanderer feminino"
"¹Î½ºÆ®·²_¿©","¿ø´õ·¯_¿©","21","minstrel feminino incompleto usa wanderer feminino"
"¹Î½ºÆ®·²_¿©","¿ø´õ·¯_¿©","22","minstrel feminino incompleto usa wanderer feminino"
"¹Î½ºÆ®·²_¿©","¿ø´õ·¯_¿©","23","minstrel feminino incompleto usa wanderer feminino"
"¹Î½ºÆ®·²_¿©","¿ø´õ·¯_¿©","24","minstrel feminino incompleto usa wanderer feminino"
"¹Î½ºÆ®·²_¿©","¿ø´õ·¯_¿©","25","minstrel feminino incompleto usa wanderer feminino"
"¹Î½ºÆ®·²_¿©","¿ø´õ·¯_¿©","26","minstrel feminino incompleto usa wanderer feminino"
"¹Î½ºÆ®·²_¿©","¿ø´õ·¯_¿©","27","minstrel feminino incompleto usa wanderer feminino"
"¹Î½ºÆ®·²_¿©","¿ø´õ·¯_¿©","28","minstrel feminino incompleto usa wanderer feminino"
"¹Î½ºÆ®·²_¿©","¿ø´õ·¯_¿©","29","minstrel feminino incompleto usa wanderer feminino"
"¹Î½ºÆ®·²_¿©","¿ø´õ·¯_¿©","30","minstrel feminino incompleto usa wanderer feminino"
"¹Î½ºÆ®·²_¿©","¿ø´õ·¯_¿©","31","minstrel feminino incompleto usa wanderer feminino"
"¹Î½ºÆ®·²_¿©","¿ø´õ·¯_¿©","32","minstrel feminino incompleto usa wanderer feminino"
"¹Î½ºÆ®·²_¿©","¿ø´õ·¯_¿©","33","minstrel feminino incompleto usa wanderer feminino"
"¹Î½ºÆ®·²_¿©","¿ø´õ·¯_¿©","34","minstrel feminino incompleto usa wanderer feminino"
"¹Î½ºÆ®·²_¿©","¿ø´õ·¯_¿©","35","minstrel feminino incompleto usa wanderer feminino"
"¹Î½ºÆ®·²_¿©","¿ø´õ·¯_¿©","36","minstrel feminino incompleto usa wanderer feminino"
"¹Î½ºÆ®·²_¿©","¿ø´õ·¯_¿©","37","minstrel feminino incompleto usa wanderer feminino"
"¹Î½ºÆ®·²_¿©","¿ø´õ·¯_¿©","38","minstrel feminino incompleto usa wanderer feminino"
"¹Î½ºÆ®·²_¿©","¿ø´õ·¯_¿©","39","minstrel feminino incompleto usa wanderer feminino"
"¹Î½ºÆ®·²_¿©","¿ø´õ·¯_¿©","40","minstrel feminino incompleto usa wanderer feminino"
"¹Î½ºÆ®·²_¿©","¿ø´õ·¯_¿©","41","minstrel feminino incompleto usa wanderer feminino"
"¹Î½ºÆ®·²_¿©","¿ø´õ·¯_¿©","42","minstrel feminino incompleto usa wanderer feminino"
"¹Î½ºÆ®·²_¿©","¿ø´õ·¯_¿©","43","minstrel feminino incompleto usa wanderer feminino"
"¹Î½ºÆ®·²_¿©","¿ø´õ·¯_¿©","44","minstrel feminino incompleto usa wanderer feminino"
"¹Î½ºÆ®·²_¿©","¿ø´õ·¯_¿©","45","minstrel feminino incompleto usa wanderer feminino"
"¹Î½ºÆ®·²_¿©","¿ø´õ·¯_¿©","46","minstrel feminino incompleto usa wanderer feminino"
"¹Î½ºÆ®·²_¿©","¿ø´õ·¯_¿©","47","minstrel feminino incompleto usa wanderer feminino"
"¹Î½ºÆ®·²_¿©","¿ø´õ·¯_¿©","48","minstrel feminino incompleto usa wanderer feminino"
"¹Î½ºÆ®·²_¿©","¿ø´õ·¯_¿©","49","minstrel feminino incompleto usa wanderer feminino"
"¹Î½ºÆ®·²_¿©","¿ø´õ·¯_¿©","50","minstrel feminino incompleto usa wanderer feminino"
"¹Î½ºÆ®·²_¿©","¿ø´õ·¯_¿©","51","minstrel feminino incompleto usa wanderer feminino"
"¹Î½ºÆ®·²_¿©","¿ø´õ·¯_¿©","52","minstrel feminino incompleto usa wanderer feminino"
"¹Î½ºÆ®·²_¿©","¿ø´õ·¯_¿©","53","minstrel feminino incompleto usa wanderer feminino"
"¹Î½ºÆ®·²_¿©","¿ø´õ·¯_¿©","54","minstrel feminino incompleto usa wanderer feminino"
"¹Î½ºÆ®·²_¿©","¿ø´õ·¯_¿©","55","minstrel feminino incompleto usa wanderer feminino"
"¹Î½ºÆ®·²_¿©","¿ø´õ·¯_¿©","56","minstrel feminino incompleto usa wanderer feminino"
"¹Î½ºÆ®·²_¿©","¿ø´õ·¯_¿©","57","minstrel feminino incompleto usa wanderer feminino"
"¹Î½ºÆ®·²_¿©","¿ø´õ·¯_¿©","58","minstrel feminino incompleto usa wanderer feminino"
"¹Î½ºÆ®·²_¿©","¿ø´õ·¯_¿©","59","minstrel feminino incompleto usa wanderer feminino"
"¹Î½ºÆ®·²_¿©","¿ø´õ·¯_¿©","60","minstrel feminino incompleto usa wanderer feminino"
"¹Î½ºÆ®·²_¿©","¿ø´õ·¯_¿©","61","minstrel feminino incompleto usa wanderer feminino"
"¹Î½ºÆ®·²_¿©","¿ø´õ·¯_¿©","62","minstrel feminino incompleto usa wanderer feminino"
"¹Î½ºÆ®·²_¿©","¿ø´õ·¯_¿©","63","minstrel feminino incompleto usa wanderer feminino"
"¹Î½ºÆ®·²_¿©","¿ø´õ·¯_¿©","64","minstrel feminino incompleto usa wanderer feminino"
"¹Î½ºÆ®·²_¿©","¿ø´õ·¯_¿©","65","minstrel feminino incompleto usa wanderer feminino"
"¹Î½ºÆ®·²_¿©","¿ø´õ·¯_¿©","66","minstrel feminino incompleto usa wanderer feminino"
"¹Î½ºÆ®·²_¿©","¿ø´õ·¯_¿©","67","minstrel feminino incompleto usa wanderer feminino"
"¹Î½ºÆ®·²_¿©","¿ø´õ·¯_¿©","68","minstrel feminino incompleto usa wanderer feminino"
"¹Î½ºÆ®·²_¿©","¿ø´õ·¯_¿©","69","minstrel feminino incompleto usa wanderer feminino"
"¹Î½ºÆ®·²_¿©","¿ø´õ·¯_¿©","70","minstrel feminino incompleto usa wanderer feminino"
"¹Î½ºÆ®·²_¿©","¿ø´õ·¯_¿©","71","minstrel feminino incompleto usa wanderer feminino"
"¹Î½ºÆ®·²_¿©","¿ø´õ·¯_¿©","72","minstrel feminino incompleto usa wanderer feminino"
"¹Î½ºÆ®·²_¿©","¿ø´õ·¯_¿©","73","minstrel feminino incompleto usa wanderer feminino"
"¹Î½ºÆ®·²_¿©","¿ø´õ·¯_¿©","74","minstrel feminino incompleto usa wanderer feminino"
"¹Î½ºÆ®·²_¿©","¿ø´õ·¯_¿©","75","minstrel feminino incompleto usa wanderer feminino"
"¹Î½ºÆ®·²_¿©","¿ø´õ·¯_¿©","76","minstrel feminino incompleto usa wanderer feminino"
"¹Î½ºÆ®·²_¿©","¿ø´õ·¯_¿©","77","minstrel feminino incompleto usa wanderer feminino"
"¹Î½ºÆ®·²_¿©","¿ø´õ·¯_¿©","78","minstrel feminino incompleto usa wanderer feminino"
"¹Î½ºÆ®·²_¿©","¿ø´õ·¯_¿©","79","minstrel feminino incompleto usa wanderer feminino"
"¹Î½ºÆ®·²_¿©","¿ø´õ·¯_¿©","80","minstrel feminino incompleto usa wanderer feminino"
"¹Î½ºÆ®·²_¿©","¿ø´õ·¯_¿©","81","minstrel feminino incompleto usa wanderer feminino"
"¹Î½ºÆ®·²_¿©","¿ø´õ·¯_¿©","82","minstrel feminino incompleto usa wanderer feminino"
"¹Î½ºÆ®·²_¿©","¿ø´õ·¯_¿©","83","minstrel feminino incompleto usa wanderer feminino"
"¹Î½ºÆ®·²_¿©","¿ø´õ·¯_¿©","84","minstrel feminino incompleto usa wanderer feminino"
"¹Î½ºÆ®·²_¿©","¿ø´õ·¯_¿©","85","minstrel feminino incompleto usa wanderer feminino"
"¹Î½ºÆ®·²_¿©","¿ø´õ·¯_¿©","86","minstrel feminino incompleto usa wanderer feminino"
"¹Î½ºÆ®·²_¿©","¿ø´õ·¯_¿©","87","minstrel feminino incompleto usa wanderer feminino"
"¹Î½ºÆ®·²_¿©","¿ø´õ·¯_¿©","88","minstrel feminino incompleto usa wanderer feminino"
"¹Î½ºÆ®·²_¿©","¿ø´õ·¯_¿©","89","minstrel feminino incompleto usa wanderer feminino"
"¹Î½ºÆ®·²_¿©","¿ø´õ·¯_¿©","90","minstrel feminino incompleto usa wanderer feminino"
"¹Î½ºÆ®·²_¿©","¿ø´õ·¯_¿©","91","minstrel feminino incompleto usa wanderer feminino"
"¹Î½ºÆ®·²_¿©","¿ø´õ·¯_¿©","92","minstrel feminino incompleto usa wanderer feminino"
"¹Î½ºÆ®·²_¿©","¿ø´õ·¯_¿©","93","minstrel feminino incompleto usa wanderer feminino"
"¹Î½ºÆ®·²_¿©","¿ø´õ·¯_¿©","94","minstrel feminino incompleto usa wanderer feminino"
"¹Î½ºÆ®·²_¿©","¿ø´õ·¯_¿©","95","minstrel feminino incompleto usa wanderer feminino"
"¹Î½ºÆ®·²_¿©","¿ø´õ·¯_¿©","96","minstrel feminino incompleto usa wanderer feminino"
"¹Î½ºÆ®·²_¿©","¿ø´õ·¯_¿©","97","minstrel feminino incompleto usa wanderer feminino"
"¹Î½ºÆ®·²_¿©","¿ø´õ·¯_¿©","98","minstrel feminino incompleto usa wanderer feminino"
"¹Î½ºÆ®·²_¿©","¿ø´õ·¯_¿©","99","minstrel feminino incompleto usa wanderer feminino"
"¹Î½ºÆ®·²_¿©","¿ø´õ·¯_¿©","100","minstrel feminino incompleto usa wanderer feminino"
"¹Î½ºÆ®·²_¿©","¿ø´õ·¯_¿©","101","minstrel feminino incompleto usa wanderer feminino"
"¹Î½ºÆ®·²_¿©","¿ø´õ·¯_¿©","102","minstrel feminino incompleto usa wanderer feminino"
"¹Î½ºÆ®·²_¿©","¿ø´õ·¯_¿©","103","minstrel feminino incompleto usa wanderer feminino"
"¹Î½ºÆ®·²_¿©","¿ø´õ·¯_¿©","104","minstrel feminino incompleto usa wanderer feminino"
"¹Î½ºÆ®·²_¿©","¿ø´õ·¯_¿©","105","minstrel feminino incompleto usa wanderer feminino"
"¹Î½ºÆ®·²_¿©","¿ø´õ·¯_¿©","106","minstrel feminino incompleto usa wanderer feminino"
"¹Î½ºÆ®·²_¿©","¿ø´õ·¯_¿©","107","minstrel feminino incompleto usa wanderer feminino"
"¹Î½ºÆ®·²_¿©","¿ø´õ·¯_¿©","108","minstrel feminino incompleto usa wanderer feminino"
"¹Î½ºÆ®·²_¿©","¿ø´õ·¯_¿©","109","minstrel feminino incompleto usa wanderer feminino"
"¹Î½ºÆ®·²_¿©","¿ø´õ·¯_¿©","110","minstrel feminino incompleto usa wanderer feminino"
"¹Î½ºÆ®·²_¿©","¿ø´õ·¯_¿©","111","minstrel feminino incompleto usa wanderer feminino"
"¹Î½ºÆ®·²_¿©","¿ø´õ·¯_¿©","112","minstrel feminino incompleto usa wanderer feminino"
"¹Î½ºÆ®·²_¿©","¿ø´õ·¯_¿©","113","minstrel feminino incompleto usa wanderer feminino"
"¹Î½ºÆ®·²_¿©","¿ø´õ·¯_¿©","114","minstrel feminino incompleto usa wanderer feminino"
"¹Î½ºÆ®·²_¿©","¿ø´õ·¯_¿©","115","minstrel feminino incompleto usa wanderer feminino"
"¹Î½ºÆ®·²_¿©","¿ø´õ·¯_¿©","116","minstrel feminino incompleto usa wanderer feminino"
"¹Î½ºÆ®·²_¿©","¿ø´õ·¯_¿©","117","minstrel feminino incompleto usa wanderer feminino"
"¹Î½ºÆ®·²_¿©","¿ø´õ·¯_¿©","118","minstrel feminino incompleto usa wanderer feminino"
"¹Î½ºÆ®·²_¿©","¿ø´õ·¯_¿©","119","minstrel feminino incompleto usa wanderer feminino"
"¹Î½ºÆ®·²_¿©","¿ø´õ·¯_¿©","120","minstrel feminino incompleto usa wanderer feminino"
"¹Î½ºÆ®·²_¿©","¿ø´õ·¯_¿©","121","minstrel feminino incompleto usa wanderer feminino"
"¹Î½ºÆ®·²_¿©","¿ø´õ·¯_¿©","122","minstrel feminino incompleto usa wanderer feminino"
"¹Î½ºÆ®·²_¿©","¿ø´õ·¯_¿©","123","minstrel feminino incompleto usa wanderer feminino"
"¹Î½ºÆ®·²_¿©","¿ø´õ·¯_¿©","124","minstrel feminino incompleto usa wanderer feminino"
"¹Î½ºÆ®·²_¿©","¿ø´õ·¯_¿©","125","minstrel feminino incompleto usa wanderer feminino"
"¹Î½ºÆ®·²_¿©","¿ø´õ·¯_¿©","126","minstrel feminino incompleto usa wanderer feminino"
"¹Î½ºÆ®·²_¿©","¿ø´õ·¯_¿©","127","minstrel feminino incompleto usa wanderer feminino"
"¹Î½ºÆ®·²_¿©","¿ø´õ·¯_¿©","128","minstrel feminino incompleto usa wanderer feminino"
"¹Î½ºÆ®·²_¿©","¿ø´õ·¯_¿©","129","minstrel feminino incompleto usa wanderer feminino"
"¹Î½ºÆ®·²_¿©","¿ø´õ·¯_¿©","130","minstrel feminino incompleto usa wanderer feminino"
"¹Î½ºÆ®·²_¿©","¿ø´õ·¯_¿©","131","minstrel feminino incompleto usa wanderer feminino"
"¹Î½ºÆ®·²_¿©","¿ø´õ·¯_¿©","132","minstrel feminino incompleto usa wanderer feminino"
"¹Î½ºÆ®·²_¿©","¿ø´õ·¯_¿©","133","minstrel feminino incompleto usa wanderer feminino"
"¹Î½ºÆ®·²_¿©","¿ø´õ·¯_¿©","134","minstrel feminino incompleto usa wanderer feminino"
"¹Î½ºÆ®·²_¿©","¿ø´õ·¯_¿©","135","minstrel feminino incompleto usa wanderer feminino"
"¹Î½ºÆ®·²_¿©","¿ø´õ·¯_¿©","136","minstrel feminino incompleto usa wanderer feminino"
"¹Î½ºÆ®·²_¿©","¿ø´õ·¯_¿©","137","minstrel feminino incompleto usa wanderer feminino"
"¹Î½ºÆ®·²_¿©","¿ø´õ·¯_¿©","138","minstrel feminino incompleto usa wanderer feminino"
"¹Î½ºÆ®·²_¿©","¿ø´õ·¯_¿©","139","minstrel feminino incompleto usa wanderer feminino"
"¹Î½ºÆ®·²_¿©","¿ø´õ·¯_¿©","140","minstrel feminino incompleto usa wanderer feminino"
"¹Î½ºÆ®·²_¿©","¿ø´õ·¯_¿©","141","minstrel feminino incompleto usa wanderer feminino"
"¹Î½ºÆ®·²_¿©","¿ø´õ·¯_¿©","142","minstrel feminino incompleto usa wanderer feminino"
"¹Î½ºÆ®·²_¿©","¿ø´õ·¯_¿©","143","minstrel feminino incompleto usa wanderer feminino"
"¹Î½ºÆ®·²_¿©","¿ø´õ·¯_¿©","144","minstrel feminino incompleto usa wanderer feminino"
"¹Î½ºÆ®·²_¿©","¿ø´õ·¯_¿©","145","minstrel feminino incompleto usa wanderer feminino"
"¹Î½ºÆ®·²_¿©","¿ø´õ·¯_¿©","146","minstrel feminino incompleto usa wanderer feminino"
"¹Î½ºÆ®·²_¿©","¿ø´õ·¯_¿©","147","minstrel feminino incompleto usa wanderer feminino"
"¹Î½ºÆ®·²_¿©","¿ø´õ·¯_¿©","148","minstrel feminino incompleto usa wanderer feminino"
"¹Î½ºÆ®·²_¿©","¿ø´õ·¯_¿©","149","minstrel feminino incompleto usa wanderer feminino"
"¹Î½ºÆ®·²_¿©","¿ø´õ·¯_¿©","150","minstrel feminino incompleto usa wanderer feminino"
"¹Î½ºÆ®·²_¿©","¿ø´õ·¯_¿©","151","minstrel feminino incompleto usa wanderer feminino"
"¹Î½ºÆ®·²_¿©","¿ø´õ·¯_¿©","152","minstrel feminino incompleto usa wanderer feminino"
"¹Î½ºÆ®·²_¿©","¿ø´õ·¯_¿©","153","minstrel feminino incompleto usa wanderer feminino"
"¹Î½ºÆ®·²_¿©","¿ø´õ·¯_¿©","154","minstrel feminino incompleto usa wanderer feminino"
"¹Î½ºÆ®·²_¿©","¿ø´õ·¯_¿©","155","minstrel feminino incompleto usa wanderer feminino"
"¹Î½ºÆ®·²_¿©","¿ø´õ·¯_¿©","156","minstrel feminino incompleto usa wanderer feminino"
"¹Î½ºÆ®·²_¿©","¿ø´õ·¯_¿©","157","minstrel feminino incompleto usa wanderer feminino"
"¹Î½ºÆ®·²_¿©","¿ø´õ·¯_¿©","158","minstrel feminino incompleto usa wanderer feminino"
"¹Î½ºÆ®·²_¿©","¿ø´õ·¯_¿©","159","minstrel feminino incompleto usa wanderer feminino"
"¹Î½ºÆ®·²_¿©","¿ø´õ·¯_¿©","160","minstrel feminino incompleto usa wanderer feminino"
"¹Î½ºÆ®·²_¿©","¿ø´õ·¯_¿©","161","minstrel feminino incompleto usa wanderer feminino"
"¹Î½ºÆ®·²_¿©","¿ø´õ·¯_¿©","162","minstrel feminino incompleto usa wanderer feminino"
"¹Î½ºÆ®·²_¿©","¿ø´õ·¯_¿©","163","minstrel feminino incompleto usa wanderer feminino"
"¹Î½ºÆ®·²_¿©","¿ø´õ·¯_¿©","164","minstrel feminino incompleto usa wanderer feminino"
"¹Î½ºÆ®·²_¿©","¿ø´õ·¯_¿©","165","minstrel feminino incompleto usa wanderer feminino"
"¹Î½ºÆ®·²_¿©","¿ø´õ·¯_¿©","166","minstrel feminino incompleto usa wanderer feminino"
"¹Î½ºÆ®·²_¿©","¿ø´õ·¯_¿©","167","minstrel feminino incompleto usa wanderer feminino"
"¹Î½ºÆ®·²_¿©","¿ø´õ·¯_¿©","168","minstrel feminino incompleto usa wanderer feminino"
"¹Î½ºÆ®·²_¿©","¿ø´õ·¯_¿©","169","minstrel feminino incompleto usa wanderer feminino"
"¹Î½ºÆ®·²_¿©","¿ø´õ·¯_¿©","170","minstrel feminino incompleto usa wanderer feminino"
"¹Î½ºÆ®·²_¿©","¿ø´õ·¯_¿©","171","minstrel feminino incompleto usa wanderer feminino"
"¹Î½ºÆ®·²_¿©","¿ø´õ·¯_¿©","172","minstrel feminino incompleto usa wanderer feminino"
"¹Î½ºÆ®·²_¿©","¿ø´õ·¯_¿©","173","minstrel feminino incompleto usa wanderer feminino"
"¹Î½ºÆ®·²_¿©","¿ø´õ·¯_¿©","174","minstrel feminino incompleto usa wanderer feminino"
"¹Î½ºÆ®·²_¿©","¿ø´õ·¯_¿©","175","minstrel feminino incompleto usa wanderer feminino"
"¹Î½ºÆ®·²_¿©","¿ø´õ·¯_¿©","176","minstrel feminino incompleto usa wanderer feminino"
"¹Î½ºÆ®·²_¿©","¿ø´õ·¯_¿©","177","minstrel feminino incompleto usa wanderer feminino"
"¹Î½ºÆ®·²_¿©","¿ø´õ·¯_¿©","178","minstrel feminino incompleto usa wanderer feminino"
"¹Î½ºÆ®·²_¿©","¿ø´õ·¯_¿©","179","minstrel feminino incompleto usa wanderer feminino"
"¹Î½ºÆ®·²_¿©","¿ø´õ·¯_¿©","180","minstrel feminino incompleto usa wanderer feminino"
"¹Î½ºÆ®·²_¿©","¿ø´õ·¯_¿©","181","minstrel feminino incompleto usa wanderer feminino"
"¹Î½ºÆ®·²_¿©","¿ø´õ·¯_¿©","182","minstrel feminino incompleto usa wanderer feminino"
"¹Î½ºÆ®·²_¿©","¿ø´õ·¯_¿©","183","minstrel feminino incompleto usa wanderer feminino"
"¹Î½ºÆ®·²_¿©","¿ø´õ·¯_¿©","184","minstrel feminino incompleto usa wanderer feminino"
"¹Î½ºÆ®·²_¿©","¿ø´õ·¯_¿©","185","minstrel feminino incompleto usa wanderer feminino"
"¹Î½ºÆ®·²_¿©","¿ø´õ·¯_¿©","186","minstrel feminino incompleto usa wanderer feminino"
"¹Î½ºÆ®·²_¿©","¿ø´õ·¯_¿©","187","minstrel feminino incompleto usa wanderer feminino"
"¹Î½ºÆ®·²_¿©","¿ø´õ·¯_¿©","188","minstrel feminino incompleto usa wanderer feminino"
"¹Î½ºÆ®·²_¿©","¿ø´õ·¯_¿©","189","minstrel feminino incompleto usa wanderer feminino"
"¹Î½ºÆ®·²_¿©","¿ø´õ·¯_¿©","190","minstrel feminino incompleto usa wanderer feminino"
"¹Î½ºÆ®·²_¿©","¿ø´õ·¯_¿©","191","minstrel feminino incompleto usa wanderer feminino"
"¹Î½ºÆ®·²_¿©","¿ø´õ·¯_¿©","192","minstrel feminino incompleto usa wanderer feminino"
"¹Î½ºÆ®·²_¿©","¿ø´õ·¯_¿©","193","minstrel feminino incompleto usa wanderer feminino"
"¹Î½ºÆ®·²_¿©","¿ø´õ·¯_¿©","194","minstrel feminino incompleto usa wanderer feminino"
"¹Î½ºÆ®·²_¿©","¿ø´õ·¯_¿©","195","minstrel feminino incompleto usa wanderer feminino"
"¹Î½ºÆ®·²_¿©","¿ø´õ·¯_¿©","196","minstrel feminino incompleto usa wanderer feminino"
"¹Î½ºÆ®·²_¿©","¿ø´õ·¯_¿©","197","minstrel feminino incompleto usa wanderer feminino"
"¹Î½ºÆ®·²_¿©","¿ø´õ·¯_¿©","198","minstrel feminino incompleto usa wanderer feminino"
"¹Î½ºÆ®·²_¿©","¿ø´õ·¯_¿©","199","minstrel feminino incompleto usa wanderer feminino"
"¹Î½ºÆ®·²_¿©","¿ø´õ·¯_¿©","200","minstrel feminino incompleto usa wanderer feminino"
"¹Î½ºÆ®·²_¿©","¿ø´õ·¯_¿©","201","minstrel feminino incompleto usa wanderer feminino"
"¹Î½ºÆ®·²_¿©","¿ø´õ·¯_¿©","202","minstrel feminino incompleto usa wanderer feminino"
"¹Î½ºÆ®·²_¿©","¿ø´õ·¯_¿©","203","minstrel feminino incompleto usa wanderer feminino"
"¹Î½ºÆ®·²_¿©","¿ø´õ·¯_¿©","204","minstrel feminino incompleto usa wanderer feminino"
"¹Î½ºÆ®·²_¿©","¿ø´õ·¯_¿©","205","minstrel feminino incompleto usa wanderer feminino"
"¹Î½ºÆ®·²_¿©","¿ø´õ·¯_¿©","206","minstrel feminino incompleto usa wanderer feminino"
"¹Î½ºÆ®·²_¿©","¿ø´õ·¯_¿©","207","minstrel feminino incompleto usa wanderer feminino"
"¹Î½ºÆ®·²_¿©","¿ø´õ·¯_¿©","208","minstrel feminino incompleto usa wanderer feminino"
"¹Î½ºÆ®·²_¿©","¿ø´õ·¯_¿©","209","minstrel feminino incompleto usa wanderer feminino"
"¹Î½ºÆ®·²_¿©","¿ø´õ·¯_¿©","210","minstrel feminino incompleto usa wanderer feminino"
"¹Î½ºÆ®·²_¿©","¿ø´õ·¯_¿©","211","minstrel feminino incompleto usa wanderer feminino"
"¹Î½ºÆ®·²_¿©","¿ø´õ·¯_¿©","212","minstrel feminino incompleto usa wanderer feminino"
"¹Î½ºÆ®·²_¿©","¿ø´õ·¯_¿©","213","minstrel feminino incompleto usa wanderer feminino"
"¹Î½ºÆ®·²_¿©","¿ø´õ·¯_¿©","214","minstrel feminino incompleto usa wanderer feminino"
"¹Î½ºÆ®·²_¿©","¿ø´õ·¯_¿©","215","minstrel feminino incompleto usa wanderer feminino"
"¹Î½ºÆ®·²_¿©","¿ø´õ·¯_¿©","216","minstrel feminino incompleto usa wanderer feminino"
"¹Î½ºÆ®·²_¿©","¿ø´õ·¯_¿©","217","minstrel feminino incompleto usa wanderer feminino"
"¹Î½ºÆ®·²_¿©","¿ø´õ·¯_¿©","218","minstrel feminino incompleto usa wanderer feminino"
"¹Î½ºÆ®·²_¿©","¿ø´õ·¯_¿©","219","minstrel feminino incompleto usa wanderer feminino"
"¹Î½ºÆ®·²_¿©","¿ø´õ·¯_¿©","220","minstrel feminino incompleto usa wanderer feminino"
"¹Î½ºÆ®·²_¿©","¿ø´õ·¯_¿©","221","minstrel feminino incompleto usa wanderer feminino"
"¹Î½ºÆ®·²_¿©","¿ø´õ·¯_¿©","222","minstrel feminino incompleto usa wanderer feminino"
"¹Î½ºÆ®·²_¿©","¿ø´õ·¯_¿©","223","minstrel feminino incompleto usa wanderer feminino"
"¹Î½ºÆ®·²_¿©","¿ø´õ·¯_¿©","224","minstrel feminino incompleto usa wanderer feminino"
"¹Î½ºÆ®·²_¿©","¿ø´õ·¯_¿©","225","minstrel feminino incompleto usa wanderer feminino"
"¹Î½ºÆ®·²_¿©","¿ø´õ·¯_¿©","226","minstrel feminino incompleto usa wanderer feminino"
"¹Î½ºÆ®·²_¿©","¿ø´õ·¯_¿©","227","minstrel feminino incompleto usa wanderer feminino"
"¹Î½ºÆ®·²_¿©","¿ø´õ·¯_¿©","228","minstrel feminino incompleto usa wanderer feminino"
"¹Î½ºÆ®·²_¿©","¿ø´õ·¯_¿©","229","minstrel feminino incompleto usa wanderer feminino"
"¹Î½ºÆ®·²_¿©","¿ø´õ·¯_¿©","230","minstrel feminino incompleto usa wanderer feminino"
"¹Î½ºÆ®·²_¿©","¿ø´õ·¯_¿©","231","minstrel feminino incompleto usa wanderer feminino"
"¹Î½ºÆ®·²_¿©","¿ø´õ·¯_¿©","232","minstrel feminino incompleto usa wanderer feminino"
"¹Î½ºÆ®·²_¿©","¿ø´õ·¯_¿©","233","minstrel feminino incompleto usa wanderer feminino"
"¹Î½ºÆ®·²_¿©","¿ø´õ·¯_¿©","234","minstrel feminino incompleto usa wanderer feminino"
"¹Î½ºÆ®·²_¿©","¿ø´õ·¯_¿©","235","minstrel feminino incompleto usa wanderer feminino"
"¹Î½ºÆ®·²_¿©","¿ø´õ·¯_¿©","236","minstrel feminino incompleto usa wanderer feminino"
"¹Î½ºÆ®·²_¿©","¿ø´õ·¯_¿©","237","minstrel feminino incompleto usa wanderer feminino"
"¹Î½ºÆ®·²_¿©","¿ø´õ·¯_¿©","238","minstrel feminino incompleto usa wanderer feminino"
"¹Î½ºÆ®·²_¿©","¿ø´õ·¯_¿©","239","minstrel feminino incompleto usa wanderer feminino"
"¹Î½ºÆ®·²_¿©","¿ø´õ·¯_¿©","240","minstrel feminino incompleto usa wanderer feminino"
"¹Î½ºÆ®·²_¿©","¿ø´õ·¯_¿©","241","minstrel feminino incompleto usa wanderer feminino"
"¹Î½ºÆ®·²_¿©","¿ø´õ·¯_¿©","242","minstrel feminino incompleto usa wanderer feminino"
"¹Î½ºÆ®·²_¿©","¿ø´õ·¯_¿©","243","minstrel feminino incompleto usa wanderer feminino"
"¹Î½ºÆ®·²_¿©","¿ø´õ·¯_¿©","244","minstrel feminino incompleto usa wanderer feminino"
"¹Î½ºÆ®·²_¿©","¿ø´õ·¯_¿©","245","minstrel feminino incompleto usa wanderer feminino"
"¹Î½ºÆ®·²_¿©","¿ø´õ·¯_¿©","246","minstrel feminino incompleto usa wanderer feminino"
"¹Î½ºÆ®·²_¿©","¿ø´õ·¯_¿©","247","minstrel feminino incompleto usa wanderer feminino"
"¹Î½ºÆ®·²_¿©","¿ø´õ·¯_¿©","248","minstrel feminino incompleto usa wanderer feminino"
"¹Î½ºÆ®·²_¿©","¿ø´õ·¯_¿©","249","minstrel feminino incompleto usa wanderer feminino"
"¹Î½ºÆ®·²_¿©","¿ø´õ·¯_¿©","250","minstrel feminino incompleto usa wanderer feminino"
"¹Î½ºÆ®·²_¿©","¿ø´õ·¯_¿©","251","minstrel feminino incompleto usa wanderer feminino"
"¹Î½ºÆ®·²_¿©","¿ø´õ·¯_¿©","252","minstrel feminino incompleto usa wanderer feminino"
"¹Î½ºÆ®·²_¿©","¿ø´õ·¯_¿©","253","minstrel feminino incompleto usa wanderer feminino"
"¹Î½ºÆ®·²_¿©","¿ø´õ·¯_¿©","254","minstrel feminino incompleto usa wanderer feminino"
"¹Î½ºÆ®·²_¿©","¿ø´õ·¯_¿©","255","minstrel feminino incompleto usa wanderer feminino"
"¹Î½ºÆ®·²_¿©","¿ø´õ·¯_¿©","256","minstrel feminino incompleto usa wanderer feminino"
"¹Î½ºÆ®·²_¿©","¿ø´õ·¯_¿©","257","minstrel feminino incompleto usa wanderer feminino"
"¹Î½ºÆ®·²_¿©","¿ø´õ·¯_¿©","258","minstrel feminino incompleto usa wanderer feminino"
"¹Î½ºÆ®·²_¿©","¿ø´õ·¯_¿©","259","minstrel feminino incompleto usa wanderer feminino"
"¹Î½ºÆ®·²_¿©","¿ø´õ·¯_¿©","260","minstrel feminino incompleto usa wanderer feminino"
"¹Î½ºÆ®·²_¿©","¿ø´õ·¯_¿©","261","minstrel feminino incompleto usa wanderer feminino"
"¹Î½ºÆ®·²_¿©","¿ø´õ·¯_¿©","262","minstrel feminino incompleto usa wanderer feminino"
"¹Î½ºÆ®·²_¿©","¿ø´õ·¯_¿©","263","minstrel feminino incompleto usa wanderer feminino"
"¹Î½ºÆ®·²_¿©","¿ø´õ·¯_¿©","264","minstrel feminino incompleto usa wanderer feminino"
"¹Î½ºÆ®·²_¿©","¿ø´õ·¯_¿©","265","minstrel feminino incompleto usa wanderer feminino"
"¹Î½ºÆ®·²_¿©","¿ø´õ·¯_¿©","266","minstrel feminino incompleto usa wanderer feminino"
"¹Î½ºÆ®·²_¿©","¿ø´õ·¯_¿©","267","minstrel feminino incompleto usa wanderer feminino"
"¹Î½ºÆ®·²_¿©","¿ø´õ·¯_¿©","268","minstrel feminino incompleto usa wanderer feminino"
"¹Î½ºÆ®·²_¿©","¿ø´õ·¯_¿©","269","minstrel feminino incompleto usa wanderer feminino"
"¹Î½ºÆ®·²_¿©","¿ø´õ·¯_¿©","270","minstrel feminino incompleto usa wanderer feminino"
"¹Î½ºÆ®·²_¿©","¿ø´õ·¯_¿©","271","minstrel feminino incompleto usa wanderer feminino"
"¹Î½ºÆ®·²_¿©","¿ø´õ·¯_¿©","272","minstrel feminino incompleto usa wanderer feminino"
"¹Î½ºÆ®·²_¿©","¿ø´õ·¯_¿©","273","minstrel feminino incompleto usa wanderer feminino"
"¹Î½ºÆ®·²_¿©","¿ø´õ·¯_¿©","274","minstrel feminino incompleto usa wanderer feminino"
"¹Î½ºÆ®·²_¿©","¿ø´õ·¯_¿©","275","minstrel feminino incompleto usa wanderer feminino"
"¹Î½ºÆ®·²_¿©","¿ø´õ·¯_¿©","276","minstrel feminino incompleto usa wanderer feminino"
"¹Î½ºÆ®·²_¿©","¿ø´õ·¯_¿©","277","minstrel feminino incompleto usa wanderer feminino"
"¹Î½ºÆ®·²_¿©","¿ø´õ·¯_¿©","278","minstrel feminino incompleto usa wanderer feminino"
"¹Î½ºÆ®·²_¿©","¿ø´õ·¯_¿©","279","minstrel feminino incompleto usa wanderer feminino"
"¹Î½ºÆ®·²_¿©","¿ø´õ·¯_¿©","280","minstrel feminino incompleto usa wanderer feminino"
"¹Î½ºÆ®·²_¿©","¿ø´õ·¯_¿©","281","minstrel feminino incompleto usa wanderer feminino"
"¹Î½ºÆ®·²_¿©","¿ø´õ·¯_¿©","282","minstrel feminino incompleto usa wanderer feminino"
"¹Î½ºÆ®·²_¿©","¿ø´õ·¯_¿©","283","minstrel feminino incompleto usa wanderer feminino"
"¹Î½ºÆ®·²_¿©","¿ø´õ·¯_¿©","284","minstrel feminino incompleto usa wanderer feminino"
"¹Î½ºÆ®·²_¿©","¿ø´õ·¯_¿©","285","minstrel feminino incompleto usa wanderer feminino"
"¹Î½ºÆ®·²_¿©","¿ø´õ·¯_¿©","286","minstrel feminino incompleto usa wanderer feminino"
"¹Î½ºÆ®·²_¿©","¿ø´õ·¯_¿©","287","minstrel feminino incompleto usa wanderer feminino"
"¹Î½ºÆ®·²_¿©","¿ø´õ·¯_¿©","288","minstrel feminino incompleto usa wanderer feminino"
"¹Î½ºÆ®·²_¿©","¿ø´õ·¯_¿©","289","minstrel feminino incompleto usa wanderer feminino"
"¹Î½ºÆ®·²_¿©","¿ø´õ·¯_¿©","290","minstrel feminino incompleto usa wanderer feminino"
"¹Î½ºÆ®·²_¿©","¿ø´õ·¯_¿©","291","minstrel feminino incompleto usa wanderer feminino"
"¹Î½ºÆ®·²_¿©","¿ø´õ·¯_¿©","292","minstrel feminino incompleto usa wanderer feminino"
"¹Î½ºÆ®·²_¿©","¿ø´õ·¯_¿©","293","minstrel feminino incompleto usa wanderer feminino"
"¹Î½ºÆ®·²_¿©","¿ø´õ·¯_¿©","294","minstrel feminino incompleto usa wanderer feminino"
"¹Î½ºÆ®·²_¿©","¿ø´õ·¯_¿©","295","minstrel feminino incompleto usa wanderer feminino"
"¹Î½ºÆ®·²_¿©","¿ø´õ·¯_¿©","296","minstrel feminino incompleto usa wanderer feminino"
"¹Î½ºÆ®·²_¿©","¿ø´õ·¯_¿©","297","minstrel feminino incompleto usa wanderer feminino"
"¹Î½ºÆ®·²_¿©","¿ø´õ·¯_¿©","298","minstrel feminino incompleto usa wanderer feminino"
"¹Î½ºÆ®·²_¿©","¿ø´õ·¯_¿©","299","minstrel feminino incompleto usa wanderer feminino"
"¹Î½ºÆ®·²_¿©","¿ø´õ·¯_¿©","300","minstrel feminino incompleto usa wanderer feminino"
"¹Î½ºÆ®·²_¿©","¿ø´õ·¯_¿©","301","minstrel feminino incompleto usa wanderer feminino"
"¹Î½ºÆ®·²_¿©","¿ø´õ·¯_¿©","302","minstrel feminino incompleto usa wanderer feminino"
"¹Î½ºÆ®·²_¿©","¿ø´õ·¯_¿©","303","minstrel feminino incompleto usa wanderer feminino"
"¹Î½ºÆ®·²_¿©","¿ø´õ·¯_¿©","304","minstrel feminino incompleto usa wanderer feminino"
"¹Î½ºÆ®·²_¿©","¿ø´õ·¯_¿©","305","minstrel feminino incompleto usa wanderer feminino"
"¹Î½ºÆ®·²_¿©","¿ø´õ·¯_¿©","306","minstrel feminino incompleto usa wanderer feminino"
"¹Î½ºÆ®·²_¿©","¿ø´õ·¯_¿©","307","minstrel feminino incompleto usa wanderer feminino"
"¹Î½ºÆ®·²_¿©","¿ø´õ·¯_¿©","308","minstrel feminino incompleto usa wanderer feminino"
"¹Î½ºÆ®·²_¿©","¿ø´õ·¯_¿©","309","minstrel feminino incompleto usa wanderer feminino"
"¹Î½ºÆ®·²_¿©","¿ø´õ·¯_¿©","310","minstrel feminino incompleto usa wanderer feminino"
"¹Î½ºÆ®·²_¿©","¿ø´õ·¯_¿©","311","minstrel feminino incompleto usa wanderer feminino"
"¹Î½ºÆ®·²_¿©","¿ø´õ·¯_¿©","312","minstrel feminino incompleto usa wanderer feminino"
"¹Î½ºÆ®·²_¿©","¿ø´õ·¯_¿©","313","minstrel feminino incompleto usa wanderer feminino"
"¹Î½ºÆ®·²_¿©","¿ø´õ·¯_¿©","314","minstrel feminino incompleto usa wanderer feminino"
"¹Î½ºÆ®·²_¿©","¿ø´õ·¯_¿©","315","minstrel feminino incompleto usa wanderer feminino"
"¹Î½ºÆ®·²_¿©","¿ø´õ·¯_¿©","316","minstrel feminino incompleto usa wanderer feminino"
"¹Î½ºÆ®·²_¿©","¿ø´õ·¯_¿©","317","minstrel feminino incompleto usa wanderer feminino"
"¹Î½ºÆ®·²_¿©","¿ø´õ·¯_¿©","318","minstrel feminino incompleto usa wanderer feminino"
"¹Î½ºÆ®·²_¿©","¿ø´õ·¯_¿©","319","minstrel feminino incompleto usa wanderer feminino"
"¹Î½ºÆ®·²_¿©","¿ø´õ·¯_¿©","320","minstrel feminino incompleto usa wanderer feminino"
"¹Î½ºÆ®·²_¿©","¿ø´õ·¯_¿©","321","minstrel feminino incompleto usa wanderer feminino"
"¹Î½ºÆ®·²_¿©","¿ø´õ·¯_¿©","322","minstrel feminino incompleto usa wanderer feminino"
"¹Î½ºÆ®·²_¿©","¿ø´õ·¯_¿©","323","minstrel feminino incompleto usa wanderer feminino"
"¹Î½ºÆ®·²_¿©","¿ø´õ·¯_¿©","324","minstrel feminino incompleto usa wanderer feminino"
"¹Î½ºÆ®·²_¿©","¿ø´õ·¯_¿©","325","minstrel feminino incompleto usa wanderer feminino"
"¹Î½ºÆ®·²_¿©","¿ø´õ·¯_¿©","326","minstrel feminino incompleto usa wanderer feminino"
"¹Î½ºÆ®·²_¿©","¿ø´õ·¯_¿©","327","minstrel feminino incompleto usa wanderer feminino"
"¹Î½ºÆ®·²_¿©","¿ø´õ·¯_¿©","328","minstrel feminino incompleto usa wanderer feminino"
"¹Î½ºÆ®·²_¿©","¿ø´õ·¯_¿©","329","minstrel feminino incompleto usa wanderer feminino"
"¹Î½ºÆ®·²_¿©","¿ø´õ·¯_¿©","330","minstrel feminino incompleto usa wanderer feminino"
"¹Î½ºÆ®·²_¿©","¿ø´õ·¯_¿©","331","minstrel feminino incompleto usa wanderer feminino"
"¹Î½ºÆ®·²_¿©","¿ø´õ·¯_¿©","332","minstrel feminino incompleto usa wanderer feminino"
"¹Î½ºÆ®·²_¿©","¿ø´õ·¯_¿©","333","minstrel feminino incompleto usa wanderer feminino"
"¹Î½ºÆ®·²_¿©","¿ø´õ·¯_¿©","334","minstrel feminino incompleto usa wanderer feminino"
"¹Î½ºÆ®·²_¿©","¿ø´õ·¯_¿©","335","minstrel feminino incompleto usa wanderer feminino"
"¹Î½ºÆ®·²_¿©","¿ø´õ·¯_¿©","336","minstrel feminino incompleto usa wanderer feminino"
"¹Î½ºÆ®·²_¿©","¿ø´õ·¯_¿©","337","minstrel feminino incompleto usa wanderer feminino"
"¹Î½ºÆ®·²_¿©","¿ø´õ·¯_¿©","338","minstrel feminino incompleto usa wanderer feminino"
"¹Î½ºÆ®·²_¿©","¿ø´õ·¯_¿©","339","minstrel feminino incompleto usa wanderer feminino"
"¹Î½ºÆ®·²_¿©","¿ø´õ·¯_¿©","340","minstrel feminino incompleto usa wanderer feminino"
"¹Î½ºÆ®·²_¿©","¿ø´õ·¯_¿©","341","minstrel feminino incompleto usa wanderer feminino"
"¹Î½ºÆ®·²_¿©","¿ø´õ·¯_¿©","342","minstrel feminino incompleto usa wanderer feminino"
"¹Î½ºÆ®·²_¿©","¿ø´õ·¯_¿©","343","minstrel feminino incompleto usa wanderer feminino"
"¹Î½ºÆ®·²_¿©","¿ø´õ·¯_¿©","344","minstrel feminino incompleto usa wanderer feminino"
"¹Î½ºÆ®·²_¿©","¿ø´õ·¯_¿©","345","minstrel feminino incompleto usa wanderer feminino"
"¹Î½ºÆ®·²_¿©","¿ø´õ·¯_¿©","346","minstrel feminino incompleto usa wanderer feminino"
"¹Î½ºÆ®·²_¿©","¿ø´õ·¯_¿©","347","minstrel feminino incompleto usa wanderer feminino"
"¹Î½ºÆ®·²_¿©","¿ø´õ·¯_¿©","348","minstrel feminino incompleto usa wanderer feminino"
"¹Î½ºÆ®·²_¿©","¿ø´õ·¯_¿©","349","minstrel feminino incompleto usa wanderer feminino"
"¹Î½ºÆ®·²_¿©","¿ø´õ·¯_¿©","350","minstrel feminino incompleto usa wanderer feminino"
"¹Î½ºÆ®·²_¿©","¿ø´õ·¯_¿©","351","minstrel feminino incompleto usa wanderer feminino"
"¹Î½ºÆ®·²_¿©","¿ø´õ·¯_¿©","352","minstrel feminino incompleto usa wanderer feminino"
"¹Î½ºÆ®·²_¿©","¿ø´õ·¯_¿©","353","minstrel feminino incompleto usa wanderer feminino"
"¹Î½ºÆ®·²_¿©","¿ø´õ·¯_¿©","354","minstrel feminino incompleto usa wanderer feminino"
"¹Î½ºÆ®·²_¿©","¿ø´õ·¯_¿©","355","minstrel feminino incompleto usa wanderer feminino"
"¹Î½ºÆ®·²_¿©","¿ø´õ·¯_¿©","356","minstrel feminino incompleto usa wanderer feminino"
"¹Î½ºÆ®·²_¿©","¿ø´õ·¯_¿©","357","minstrel feminino incompleto usa wanderer feminino"
"¹Î½ºÆ®·²_¿©","¿ø´õ·¯_¿©","358","minstrel feminino incompleto usa wanderer feminino"
"¹Î½ºÆ®·²_¿©","¿ø´õ·¯_¿©","359","minstrel feminino incompleto usa wanderer feminino"
"¹Î½ºÆ®·²_¿©","¿ø´õ·¯_¿©","360","minstrel feminino incompleto usa wanderer feminino"
"¹Î½ºÆ®·²_¿©","¿ø´õ·¯_¿©","361","minstrel feminino incompleto usa wanderer feminino"
"¹Î½ºÆ®·²_¿©","¿ø´õ·¯_¿©","362","minstrel feminino incompleto usa wanderer feminino"
"¹Î½ºÆ®·²_¿©","¿ø´õ·¯_¿©","363","minstrel feminino incompleto usa wanderer feminino"
"¹Î½ºÆ®·²_¿©","¿ø´õ·¯_¿©","364","minstrel feminino incompleto usa wanderer feminino"
"¹Î½ºÆ®·²_¿©","¿ø´õ·¯_¿©","365","minstrel feminino incompleto usa wanderer feminino"
"¹Î½ºÆ®·²_¿©","¿ø´õ·¯_¿©","366","minstrel feminino incompleto usa wanderer feminino"
"¹Î½ºÆ®·²_¿©","¿ø´õ·¯_¿©","367","minstrel feminino incompleto usa wanderer feminino"
"¹Î½ºÆ®·²_¿©","¿ø´õ·¯_¿©","368","minstrel feminino incompleto usa wanderer feminino"
"¹Î½ºÆ®·²_¿©","¿ø´õ·¯_¿©","369","minstrel feminino incompleto usa wanderer feminino"
"¹Î½ºÆ®·²_¿©","¿ø´õ·¯_¿©","370","minstrel feminino incompleto usa wanderer feminino"
"¹Î½ºÆ®·²_¿©","¿ø´õ·¯_¿©","371","minstrel feminino incompleto usa wanderer feminino"
"¹Î½ºÆ®·²_¿©","¿ø´õ·¯_¿©","372","minstrel feminino incompleto usa wanderer feminino"
"¹Î½ºÆ®·²_¿©","¿ø´õ·¯_¿©","373","minstrel feminino incompleto usa wanderer feminino"
"¹Î½ºÆ®·²_¿©","¿ø´õ·¯_¿©","374","minstrel feminino incompleto usa wanderer feminino"
"¹Î½ºÆ®·²_¿©","¿ø´õ·¯_¿©","375","minstrel feminino incompleto usa wanderer feminino"
"¹Î½ºÆ®·²_¿©","¿ø´õ·¯_¿©","376","minstrel feminino incompleto usa wanderer feminino"
"¹Î½ºÆ®·²_¿©","¿ø´õ·¯_¿©","377","minstrel feminino incompleto usa wanderer feminino"
"¹Î½ºÆ®·²_¿©","¿ø´õ·¯_¿©","378","minstrel feminino incompleto usa wanderer feminino"
"¹Î½ºÆ®·²_¿©","¿ø´õ·¯_¿©","379","minstrel feminino incompleto usa wanderer feminino"
"¹Î½ºÆ®·²_¿©","¿ø´õ·¯_¿©","380","minstrel feminino incompleto usa wanderer feminino"
"¹Î½ºÆ®·²_¿©","¿ø´õ·¯_¿©","381","minstrel feminino incompleto usa wanderer feminino"
"¹Î½ºÆ®·²_¿©","¿ø´õ·¯_¿©","382","minstrel feminino incompleto usa wanderer feminino"
"¹Î½ºÆ®·²_¿©","¿ø´õ·¯_¿©","383","minstrel feminino incompleto usa wanderer feminino"
"¹Î½ºÆ®·²_¿©","¿ø´õ·¯_¿©","384","minstrel feminino incompleto usa wanderer feminino"
"¹Î½ºÆ®·²_¿©","¿ø´õ·¯_¿©","385","minstrel feminino incompleto usa wanderer feminino"
"¹Î½ºÆ®·²_¿©","¿ø´õ·¯_¿©","386","minstrel feminino incompleto usa wanderer feminino"
"¹Î½ºÆ®·²_¿©","¿ø´õ·¯_¿©","387","minstrel feminino incompleto usa wanderer feminino"
"¹Î½ºÆ®·²_¿©","¿ø´õ·¯_¿©","388","minstrel feminino incompleto usa wanderer feminino"
"¹Î½ºÆ®·²_¿©","¿ø´õ·¯_¿©","389","minstrel feminino incompleto usa wanderer feminino"
"¹Î½ºÆ®·²_¿©","¿ø´õ·¯_¿©","390","minstrel feminino incompleto usa wanderer feminino"
"¹Î½ºÆ®·²_¿©","¿ø´õ·¯_¿©","391","minstrel feminino incompleto usa wanderer feminino"
"¹Î½ºÆ®·²_¿©","¿ø´õ·¯_¿©","392","minstrel feminino incompleto usa wanderer feminino"
"¹Î½ºÆ®·²_¿©","¿ø´õ·¯_¿©","393","minstrel feminino incompleto usa wanderer feminino"
"¹Î½ºÆ®·²_¿©","¿ø´õ·¯_¿©","394","minstrel feminino incompleto usa wanderer feminino"
"¹Î½ºÆ®·²_¿©","¿ø´õ·¯_¿©","395","minstrel feminino incompleto usa wanderer feminino"
"¹Î½ºÆ®·²_¿©","¿ø´õ·¯_¿©","396","minstrel feminino incompleto usa wanderer feminino"
"¹Î½ºÆ®·²_¿©","¿ø´õ·¯_¿©","397","minstrel feminino incompleto usa wanderer feminino"
"¹Î½ºÆ®·²_¿©","¿ø´õ·¯_¿©","398","minstrel feminino incompleto usa wanderer feminino"
"¹Î½ºÆ®·²_¿©","¿ø´õ·¯_¿©","399","minstrel feminino incompleto usa wanderer feminino"
"¹Î½ºÆ®·²_¿©","¿ø´õ·¯_¿©","400","minstrel feminino incompleto usa wanderer feminino"
"¹Î½ºÆ®·²_¿©","¿ø´õ·¯_¿©","401","minstrel feminino incompleto usa wanderer feminino"
"¹Î½ºÆ®·²_¿©","¿ø´õ·¯_¿©","402","minstrel feminino incompleto usa wanderer feminino"
"¹Î½ºÆ®·²_¿©","¿ø´õ·¯_¿©","403","minstrel feminino incompleto usa wanderer feminino"
"¹Î½ºÆ®·²_¿©","¿ø´õ·¯_¿©","404","minstrel feminino incompleto usa wanderer feminino"
"¹Î½ºÆ®·²_¿©","¿ø´õ·¯_¿©","405","minstrel feminino incompleto usa wanderer feminino"
"¹Î½ºÆ®·²_¿©","¿ø´õ·¯_¿©","406","minstrel feminino incompleto usa wanderer feminino"
"¹Î½ºÆ®·²_¿©","¿ø´õ·¯_¿©","407","minstrel feminino incompleto usa wanderer feminino"
"¹Î½ºÆ®·²_¿©","¿ø´õ·¯_¿©","408","minstrel feminino incompleto usa wanderer feminino"
"¹Î½ºÆ®·²_¿©","¿ø´õ·¯_¿©","409","minstrel feminino incompleto usa wanderer feminino"
"¹Î½ºÆ®·²_¿©","¿ø´õ·¯_¿©","410","minstrel feminino incompleto usa wanderer feminino"
"¹Î½ºÆ®·²_¿©","¿ø´õ·¯_¿©","411","minstrel feminino incompleto usa wanderer feminino"
"¹Î½ºÆ®·²_¿©","¿ø´õ·¯_¿©","412","minstrel feminino incompleto usa wanderer feminino"
"¹Î½ºÆ®·²_¿©","¿ø´õ·¯_¿©","413","minstrel feminino incompleto usa wanderer feminino"
"¹Î½ºÆ®·²_¿©","¿ø´õ·¯_¿©","414","minstrel feminino incompleto usa wanderer feminino"
"¹Î½ºÆ®·²_¿©","¿ø´õ·¯_¿©","415","minstrel feminino incompleto usa wanderer feminino"
"¹Î½ºÆ®·²_¿©","¿ø´õ·¯_¿©","416","minstrel feminino incompleto usa wanderer feminino"
"¹Î½ºÆ®·²_¿©","¿ø´õ·¯_¿©","417","minstrel feminino incompleto usa wanderer feminino"
"¹Î½ºÆ®·²_¿©","¿ø´õ·¯_¿©","418","minstrel feminino incompleto usa wanderer feminino"
"¹Î½ºÆ®·²_¿©","¿ø´õ·¯_¿©","419","minstrel feminino incompleto usa wanderer feminino"
"¹Î½ºÆ®·²_¿©","¿ø´õ·¯_¿©","420","minstrel feminino incompleto usa wanderer feminino"
"¹Î½ºÆ®·²_¿©","¿ø´õ·¯_¿©","421","minstrel feminino incompleto usa wanderer feminino"
"¹Î½ºÆ®·²_¿©","¿ø´õ·¯_¿©","422","minstrel feminino incompleto usa wanderer feminino"
"¹Î½ºÆ®·²_¿©","¿ø´õ·¯_¿©","423","minstrel feminino incompleto usa wanderer feminino"
"¹Î½ºÆ®·²_¿©","¿ø´õ·¯_¿©","424","minstrel feminino incompleto usa wanderer feminino"
"¹Î½ºÆ®·²_¿©","¿ø´õ·¯_¿©","425","minstrel feminino incompleto usa wanderer feminino"
"¹Î½ºÆ®·²_¿©","¿ø´õ·¯_¿©","426","minstrel feminino incompleto usa wanderer feminino"
"¹Î½ºÆ®·²_¿©","¿ø´õ·¯_¿©","427","minstrel feminino incompleto usa wanderer feminino"
"¹Î½ºÆ®·²_¿©","¿ø´õ·¯_¿©","428","minstrel feminino incompleto usa wanderer feminino"
"¹Î½ºÆ®·²_¿©","¿ø´õ·¯_¿©","429","minstrel feminino incompleto usa wanderer feminino"
"¹Î½ºÆ®·²_¿©","¿ø´õ·¯_¿©","430","minstrel feminino incompleto usa wanderer feminino"
"¹Î½ºÆ®·²_¿©","¿ø´õ·¯_¿©","431","minstrel feminino incompleto usa wanderer feminino"
"¹Î½ºÆ®·²_¿©","¿ø´õ·¯_¿©","432","minstrel feminino incompleto usa wanderer feminino"
"¹Î½ºÆ®·²_¿©","¿ø´õ·¯_¿©","433","minstrel feminino incompleto usa wanderer feminino"
"¹Î½ºÆ®·²_¿©","¿ø´õ·¯_¿©","434","minstrel feminino incompleto usa wanderer feminino"
"¹Î½ºÆ®·²_¿©","¿ø´õ·¯_¿©","435","minstrel feminino incompleto usa wanderer feminino"
"¹Î½ºÆ®·²_¿©","¿ø´õ·¯_¿©","436","minstrel feminino incompleto usa wanderer feminino"
"¹Î½ºÆ®·²_¿©","¿ø´õ·¯_¿©","437","minstrel feminino incompleto usa wanderer feminino"
"¹Î½ºÆ®·²_¿©","¿ø´õ·¯_¿©","438","minstrel feminino incompleto usa wanderer feminino"
"¹Î½ºÆ®·²_¿©","¿ø´õ·¯_¿©","439","minstrel feminino incompleto usa wanderer feminino"
"¹Î½ºÆ®·²_¿©","¿ø´õ·¯_¿©","440","minstrel feminino incompleto usa wanderer feminino"
"¹Î½ºÆ®·²_¿©","¿ø´õ·¯_¿©","441","minstrel feminino incompleto usa wanderer feminino"
"¹Î½ºÆ®·²_¿©","¿ø´õ·¯_¿©","442","minstrel feminino incompleto usa wanderer feminino"
"¹Î½ºÆ®·²_¿©","¿ø´õ·¯_¿©","443","minstrel feminino incompleto usa wanderer feminino"
"¹Î½ºÆ®·²_¿©","¿ø´õ·¯_¿©","444","minstrel feminino incompleto usa wanderer feminino"
"¹Î½ºÆ®·²_¿©","¿ø´õ·¯_¿©","445","minstrel feminino incompleto usa wanderer feminino"
"¹Î½ºÆ®·²_¿©","¿ø´õ·¯_¿©","446","minstrel feminino incompleto usa wanderer feminino"
"¹Î½ºÆ®·²_¿©","¿ø´õ·¯_¿©","447","minstrel feminino incompleto usa wanderer feminino"
"¹Î½ºÆ®·²_¿©","¿ø´õ·¯_¿©","448","minstrel feminino incompleto usa wanderer feminino"
"¹Î½ºÆ®·²_¿©","¿ø´õ·¯_¿©","449","minstrel feminino incompleto usa wanderer feminino"
"¹Î½ºÆ®·²_¿©","¿ø´õ·¯_¿©","450","minstrel feminino incompleto usa wanderer feminino"
"¹Î½ºÆ®·²_¿©","¿ø´õ·¯_¿©","451","minstrel feminino incompleto usa wanderer feminino"
"¹Î½ºÆ®·²_¿©","¿ø´õ·¯_¿©","452","minstrel feminino incompleto usa wanderer feminino"
"¹Î½ºÆ®·²_¿©","¿ø´õ·¯_¿©","453","minstrel feminino incompleto usa wanderer feminino"
"¹Î½ºÆ®·²_¿©","¿ø´õ·¯_¿©","454","minstrel feminino incompleto usa wanderer feminino"
"¹Î½ºÆ®·²_¿©","¿ø´õ·¯_¿©","455","minstrel feminino incompleto usa wanderer feminino"
"¹Î½ºÆ®·²_¿©","¿ø´õ·¯_¿©","456","minstrel feminino incompleto usa wanderer feminino"
"¹Î½ºÆ®·²_¿©","¿ø´õ·¯_¿©","457","minstrel feminino incompleto usa wanderer feminino"
"¹Î½ºÆ®·²_¿©","¿ø´õ·¯_¿©","458","minstrel feminino incompleto usa wanderer feminino"
"¹Î½ºÆ®·²_¿©","¿ø´õ·¯_¿©","459","minstrel feminino incompleto usa wanderer feminino"
"¹Î½ºÆ®·²_¿©","¿ø´õ·¯_¿©","460","minstrel feminino incompleto usa wanderer feminino"
"¹Î½ºÆ®·²_¿©","¿ø´õ·¯_¿©","461","minstrel feminino incompleto usa wanderer feminino"
"¹Î½ºÆ®·²_¿©","¿ø´õ·¯_¿©","462","minstrel feminino incompleto usa wanderer feminino"
"¹Î½ºÆ®·²_¿©","¿ø´õ·¯_¿©","463","minstrel feminino incompleto usa wanderer feminino"
"¹Î½ºÆ®·²_¿©","¿ø´õ·¯_¿©","464","minstrel feminino incompleto usa wanderer feminino"
"¹Î½ºÆ®·²_¿©","¿ø´õ·¯_¿©","465","minstrel feminino incompleto usa wanderer feminino"
"¹Î½ºÆ®·²_¿©","¿ø´õ·¯_¿©","466","minstrel feminino incompleto usa wanderer feminino"
"¹Î½ºÆ®·²_¿©","¿ø´õ·¯_¿©","467","minstrel feminino incompleto usa wanderer feminino"
"¹Î½ºÆ®·²_¿©","¿ø´õ·¯_¿©","468","minstrel feminino incompleto usa wanderer feminino"
"¹Î½ºÆ®·²_¿©","¿ø´õ·¯_¿©","469","minstrel feminino incompleto usa wanderer feminino"
"¹Î½ºÆ®·²_¿©","¿ø´õ·¯_¿©","470","minstrel feminino incompleto usa wanderer feminino"
"¹Î½ºÆ®·²_¿©","¿ø´õ·¯_¿©","471","minstrel feminino incompleto usa wanderer feminino"
"¹Î½ºÆ®·²_¿©","¿ø´õ·¯_¿©","472","minstrel feminino incompleto usa wanderer feminino"
"¹Î½ºÆ®·²_¿©","¿ø´õ·¯_¿©","473","minstrel feminino incompleto usa wanderer feminino"
"¹Î½ºÆ®·²_¿©","¿ø´õ·¯_¿©","474","minstrel feminino incompleto usa wanderer feminino"
"¹Î½ºÆ®·²_¿©","¿ø´õ·¯_¿©","475","minstrel feminino incompleto usa wanderer feminino"
"¹Î½ºÆ®·²_¿©","¿ø´õ·¯_¿©","476","minstrel feminino incompleto usa wanderer feminino"
"¹Î½ºÆ®·²_¿©","¿ø´õ·¯_¿©","477","minstrel feminino incompleto usa wanderer feminino"
"¹Î½ºÆ®·²_¿©","¿ø´õ·¯_¿©","478","minstrel feminino incompleto usa wanderer feminino"
"¹Î½ºÆ®·²_¿©","¿ø´õ·¯_¿©","479","minstrel feminino incompleto usa wanderer feminino"
"¹Î½ºÆ®·²_¿©","¿ø´õ·¯_¿©","480","minstrel feminino incompleto usa wanderer feminino"
"¹Î½ºÆ®·²_¿©","¿ø´õ·¯_¿©","481","minstrel feminino incompleto usa wanderer feminino"
"¹Î½ºÆ®·²_¿©","¿ø´õ·¯_¿©","482","minstrel feminino incompleto usa wanderer feminino"
"¹Î½ºÆ®·²_¿©","¿ø´õ·¯_¿©","483","minstrel feminino incompleto usa wanderer feminino"
"¹Î½ºÆ®·²_¿©","¿ø´õ·¯_¿©","484","minstrel feminino incompleto usa wanderer feminino"
"¹Î½ºÆ®·²_¿©","¿ø´õ·¯_¿©","485","minstrel feminino incompleto usa wanderer feminino"
"¹Î½ºÆ®·²_¿©","¿ø´õ·¯_¿©","486","minstrel feminino incompleto usa wanderer feminino"
"¹Î½ºÆ®·²_¿©","¿ø´õ·¯_¿©","487","minstrel feminino incompleto usa wanderer feminino"
"¹Î½ºÆ®·²_¿©","¿ø´õ·¯_¿©","488","minstrel feminino incompleto usa wanderer feminino"
"¹Î½ºÆ®·²_¿©","¿ø´õ·¯_¿©","489","minstrel feminino incompleto usa wanderer feminino"
"¹Î½ºÆ®·²_¿©","¿ø´õ·¯_¿©","490","minstrel feminino incompleto usa wanderer feminino"
"¹Î½ºÆ®·²_¿©","¿ø´õ·¯_¿©","491","minstrel feminino incompleto usa wanderer feminino"
"¹Î½ºÆ®·²_¿©","¿ø´õ·¯_¿©","492","minstrel feminino incompleto usa wanderer feminino"
"¹Î½ºÆ®·²_¿©","¿ø´õ·¯_¿©","493","minstrel feminino incompleto usa wanderer feminino"
"¹Î½ºÆ®·²_¿©","¿ø´õ·¯_¿©","494","minstrel feminino incompleto usa wanderer feminino"
"¹Î½ºÆ®·²_¿©","¿ø´õ·¯_¿©","495","minstrel feminino incompleto usa wanderer feminino"
"¹Î½ºÆ®·²_¿©","¿ø´õ·¯_¿©","496","minstrel feminino incompleto usa wanderer feminino"
"¹Î½ºÆ®·²_¿©","¿ø´õ·¯_¿©","497","minstrel feminino incompleto usa wanderer feminino"
"¹Î½ºÆ®·²_¿©","¿ø´õ·¯_¿©","498","minstrel feminino incompleto usa wanderer feminino"
"¹Î½ºÆ®·²_¿©","¿ø´õ·¯_¿©","499","minstrel feminino incompleto usa wanderer feminino"
"¹Î½ºÆ®·²_¿©","¿ø´õ·¯_¿©","500","minstrel feminino incompleto usa wanderer feminino"
"¹Î½ºÆ®·²_¿©","¿ø´õ·¯_¿©","501","minstrel feminino incompleto usa wanderer feminino"
"¹Î½ºÆ®·²_¿©","¿ø´õ·¯_¿©","502","minstrel feminino incompleto usa wanderer feminino"
"¹Î½ºÆ®·²_¿©","¿ø´õ·¯_¿©","503","minstrel feminino incompleto usa wanderer feminino"
"¹Î½ºÆ®·²_¿©","¿ø´õ·¯_¿©","504","minstrel feminino incompleto usa wanderer feminino"
"¹Î½ºÆ®·²_¿©","¿ø´õ·¯_¿©","505","minstrel feminino incompleto usa wanderer feminino"
"¹Î½ºÆ®·²_¿©","¿ø´õ·¯_¿©","506","minstrel feminino incompleto usa wanderer feminino"
"¹Î½ºÆ®·²_¿©","¿ø´õ·¯_¿©","507","minstrel feminino incompleto usa wanderer feminino"
"¹Î½ºÆ®·²_¿©","¿ø´õ·¯_¿©","508","minstrel feminino incompleto usa wanderer feminino"
"¹Î½ºÆ®·²_¿©","¿ø´õ·¯_¿©","509","minstrel feminino incompleto usa wanderer feminino"
"¹Î½ºÆ®·²_¿©","¿ø´õ·¯_¿©","510","minstrel feminino incompleto usa wanderer feminino"
"¹Î½ºÆ®·²_¿©","¿ø´õ·¯_¿©","511","minstrel feminino incompleto usa wanderer feminino"
"¹Î½ºÆ®·²_¿©","¿ø´õ·¯_¿©","512","minstrel feminino incompleto usa wanderer feminino"
"¹Î½ºÆ®·²_¿©","¿ø´õ·¯_¿©","513","minstrel feminino incompleto usa wanderer feminino"
"¹Î½ºÆ®·²_¿©","¿ø´õ·¯_¿©","514","minstrel feminino incompleto usa wanderer feminino"
"¹Î½ºÆ®·²_¿©","¿ø´õ·¯_¿©","515","minstrel feminino incompleto usa wanderer feminino"
"¹Î½ºÆ®·²_¿©","¿ø´õ·¯_¿©","516","minstrel feminino incompleto usa wanderer feminino"
"¹Î½ºÆ®·²_¿©","¿ø´õ·¯_¿©","517","minstrel feminino incompleto usa wanderer feminino"
"¹Î½ºÆ®·²_¿©","¿ø´õ·¯_¿©","518","minstrel feminino incompleto usa wanderer feminino"
"¹Î½ºÆ®·²_¿©","¿ø´õ·¯_¿©","519","minstrel feminino incompleto usa wanderer feminino"
"¹Î½ºÆ®·²_¿©","¿ø´õ·¯_¿©","520","minstrel feminino incompleto usa wanderer feminino"
"¹Î½ºÆ®·²_¿©","¿ø´õ·¯_¿©","521","minstrel feminino incompleto usa wanderer feminino"
"¹Î½ºÆ®·²_¿©","¿ø´õ·¯_¿©","522","minstrel feminino incompleto usa wanderer feminino"
"¹Î½ºÆ®·²_¿©","¿ø´õ·¯_¿©","523","minstrel feminino incompleto usa wanderer feminino"
"¹Î½ºÆ®·²_¿©","¿ø´õ·¯_¿©","524","minstrel feminino incompleto usa wanderer feminino"
"¹Î½ºÆ®·²_¿©","¿ø´õ·¯_¿©","525","minstrel feminino incompleto usa wanderer feminino"
"¹Î½ºÆ®·²_¿©","¿ø´õ·¯_¿©","526","minstrel feminino incompleto usa wanderer feminino"
"¹Î½ºÆ®·²_¿©","¿ø´õ·¯_¿©","527","minstrel feminino incompleto usa wanderer feminino"
"¹Î½ºÆ®·²_¿©","¿ø´õ·¯_¿©","528","minstrel feminino incompleto usa wanderer feminino"
"¹Î½ºÆ®·²_¿©","¿ø´õ·¯_¿©","529","minstrel feminino incompleto usa wanderer feminino"
"¹Î½ºÆ®·²_¿©","¿ø´õ·¯_¿©","530","minstrel feminino incompleto usa wanderer feminino"
"¹Î½ºÆ®·²_¿©","¿ø´õ·¯_¿©","531","minstrel feminino incompleto usa wanderer feminino"
"¹Î½ºÆ®·²_¿©","¿ø´õ·¯_¿©","532","minstrel feminino incompleto usa wanderer feminino"
"¹Î½ºÆ®·²_¿©","¿ø´õ·¯_¿©","533","minstrel feminino incompleto usa wanderer feminino"
"¹Î½ºÆ®·²_¿©","¿ø´õ·¯_¿©","534","minstrel feminino incompleto usa wanderer feminino"
"¹Î½ºÆ®·²_¿©","¿ø´õ·¯_¿©","535","minstrel feminino incompleto usa wanderer feminino"
"¹Î½ºÆ®·²_¿©","¿ø´õ·¯_¿©","536","minstrel feminino incompleto usa wanderer feminino"
"¹Î½ºÆ®·²_¿©","¿ø´õ·¯_¿©","537","minstrel feminino incompleto usa wanderer feminino"
"¹Î½ºÆ®·²_¿©","¿ø´õ·¯_¿©","538","minstrel feminino incompleto usa wanderer feminino"
"¹Î½ºÆ®·²_¿©","¿ø´õ·¯_¿©","539","minstrel feminino incompleto usa wanderer feminino"
"¹Î½ºÆ®·²_¿©","¿ø´õ·¯_¿©","540","minstrel feminino incompleto usa wanderer feminino"
"¹Î½ºÆ®·²_¿©","¿ø´õ·¯_¿©","541","minstrel feminino incompleto usa wanderer feminino"
"¹Î½ºÆ®·²_¿©","¿ø´õ·¯_¿©","542","minstrel feminino incompleto usa wanderer feminino"
"¹Î½ºÆ®·²_¿©","¿ø´õ·¯_¿©","543","minstrel feminino incompleto usa wanderer feminino"
"¹Î½ºÆ®·²_¿©","¿ø´õ·¯_¿©","544","minstrel feminino incompleto usa wanderer feminino"
"¹Î½ºÆ®·²_¿©","¿ø´õ·¯_¿©","545","minstrel feminino incompleto usa wanderer feminino"
"¹Î½ºÆ®·²_¿©","¿ø´õ·¯_¿©","546","minstrel feminino incompleto usa wanderer feminino"
"¹Î½ºÆ®·²_¿©","¿ø´õ·¯_¿©","547","minstrel feminino incompleto usa wanderer feminino"
"¹Î½ºÆ®·²_¿©","¿ø´õ·¯_¿©","548","minstrel feminino incompleto usa wanderer feminino"
"¹Î½ºÆ®·²_¿©","¿ø´õ·¯_¿©","549","minstrel feminino incompleto usa wanderer feminino"
"¹Î½ºÆ®·²_¿©","¿ø´õ·¯_¿©","550","minstrel feminino incompleto usa wanderer feminino"
"¹Î½ºÆ®·²_¿©","¿ø´õ·¯_¿©","551","minstrel feminino incompleto usa wanderer feminino"
"¹Î½ºÆ®·²_¿©","¿ø´õ·¯_¿©","552","minstrel feminino incompleto usa wanderer feminino"
"¹Î½ºÆ®·²_¿©","¿ø´õ·¯_¿©","553","minstrel feminino incompleto usa wanderer feminino"
"¹Î½ºÆ®·²_¿©","¿ø´õ·¯_¿©","554","minstrel feminino incompleto usa wanderer feminino"
"¹Î½ºÆ®·²_¿©","¿ø´õ·¯_¿©","555","minstrel feminino incompleto usa wanderer feminino"
"¹Î½ºÆ®·²_¿©","¿ø´õ·¯_¿©","556","minstrel feminino incompleto usa wanderer feminino"
"¹Î½ºÆ®·²_¿©","¿ø´õ·¯_¿©","557","minstrel feminino incompleto usa wanderer feminino"
"¹Î½ºÆ®·²_¿©","¿ø´õ·¯_¿©","558","minstrel feminino incompleto usa wanderer feminino"
"¹Î½ºÆ®·²_¿©","¿ø´õ·¯_¿©","559","minstrel feminino incompleto usa wanderer feminino"
"¹Î½ºÆ®·²_¿©","¿ø´õ·¯_¿©","560","minstrel feminino incompleto usa wanderer feminino"
"¹Î½ºÆ®·²_¿©","¿ø´õ·¯_¿©","561","minstrel feminino incompleto usa wanderer feminino"
"¹Î½ºÆ®·²_¿©","¿ø´õ·¯_¿©","562","minstrel feminino incompleto usa wanderer feminino"
"¹Î½ºÆ®·²_¿©","¿ø´õ·¯_¿©","563","minstrel feminino incompleto usa wanderer feminino"
"¹Î½ºÆ®·²_¿©","¿ø´õ·¯_¿©","564","minstrel feminino incompleto usa wanderer feminino"
"¹Î½ºÆ®·²_¿©","¿ø´õ·¯_¿©","565","minstrel feminino incompleto usa wanderer feminino"
"¹Î½ºÆ®·²_¿©","¿ø´õ·¯_¿©","566","minstrel feminino incompleto usa wanderer feminino"
"¹Î½ºÆ®·²_¿©","¿ø´õ·¯_¿©","567","minstrel feminino incompleto usa wanderer feminino"
"¹Î½ºÆ®·²_¿©","¿ø´õ·¯_¿©","568","minstrel feminino incompleto usa wanderer feminino"
"¹Î½ºÆ®·²_¿©","¿ø´õ·¯_¿©","569","minstrel feminino incompleto usa wanderer feminino"
"¹Î½ºÆ®·²_¿©","¿ø´õ·¯_¿©","570","minstrel feminino incompleto usa wanderer feminino"
"¹Î½ºÆ®·²_¿©","¿ø´õ·¯_¿©","571","minstrel feminino incompleto usa wanderer feminino"
"¹Î½ºÆ®·²_¿©","¿ø´õ·¯_¿©","572","minstrel feminino incompleto usa wanderer feminino"
"¹Î½ºÆ®·²_¿©","¿ø´õ·¯_¿©","573","minstrel feminino incompleto usa wanderer feminino"
"¹Î½ºÆ®·²_¿©","¿ø´õ·¯_¿©","574","minstrel feminino incompleto usa wanderer feminino"
"¹Î½ºÆ®·²_¿©","¿ø´õ·¯_¿©","575","minstrel feminino incompleto usa wanderer feminino"
"¹Î½ºÆ®·²_¿©","¿ø´õ·¯_¿©","576","minstrel feminino incompleto usa wanderer feminino"
"¹Î½ºÆ®·²_¿©","¿ø´õ·¯_¿©","577","minstrel feminino incompleto usa wanderer feminino"
"¹Î½ºÆ®·²_¿©","¿ø´õ·¯_¿©","578","minstrel feminino incompleto usa wanderer feminino"
"¹Î½ºÆ®·²_¿©","¿ø´õ·¯_¿©","579","minstrel feminino incompleto usa wanderer feminino"
"¹Î½ºÆ®·²_¿©","¿ø´õ·¯_¿©","580","minstrel feminino incompleto usa wanderer feminino"
"¹Î½ºÆ®·²_¿©","¿ø´õ·¯_¿©","581","minstrel feminino incompleto usa wanderer feminino"
"¹Î½ºÆ®·²_¿©","¿ø´õ·¯_¿©","582","minstrel feminino incompleto usa wanderer feminino"
"¹Î½ºÆ®·²_¿©","¿ø´õ·¯_¿©","583","minstrel feminino incompleto usa wanderer feminino"
"¹Î½ºÆ®·²_¿©","¿ø´õ·¯_¿©","584","minstrel feminino incompleto usa wanderer feminino"
"¹Î½ºÆ®·²_¿©","¿ø´õ·¯_¿©","585","minstrel feminino incompleto usa wanderer feminino"
"¹Î½ºÆ®·²_¿©","¿ø´õ·¯_¿©","586","minstrel feminino incompleto usa wanderer feminino"
"¹Î½ºÆ®·²_¿©","¿ø´õ·¯_¿©","587","minstrel feminino incompleto usa wanderer feminino"
"¹Î½ºÆ®·²_¿©","¿ø´õ·¯_¿©","588","minstrel feminino incompleto usa wanderer feminino"
"¹Î½ºÆ®·²_¿©","¿ø´õ·¯_¿©","589","minstrel feminino incompleto usa wanderer feminino"
"¹Î½ºÆ®·²_¿©","¿ø´õ·¯_¿©","590","minstrel feminino incompleto usa wanderer feminino"
"¹Î½ºÆ®·²_¿©","¿ø´õ·¯_¿©","591","minstrel feminino incompleto usa wanderer feminino"
"¹Î½ºÆ®·²_¿©","¿ø´õ·¯_¿©","592","minstrel feminino incompleto usa wanderer feminino"
"¹Î½ºÆ®·²_¿©","¿ø´õ·¯_¿©","593","minstrel feminino incompleto usa wanderer feminino"
"¹Î½ºÆ®·²_¿©","¿ø´õ·¯_¿©","594","minstrel feminino incompleto usa wanderer feminino"
"¹Î½ºÆ®·²_¿©","¿ø´õ·¯_¿©","595","minstrel feminino incompleto usa wanderer feminino"
"¹Î½ºÆ®·²_¿©","¿ø´õ·¯_¿©","596","minstrel feminino incompleto usa wanderer feminino"
"¹Î½ºÆ®·²_¿©","¿ø´õ·¯_¿©","597","minstrel feminino incompleto usa wanderer feminino"
"¹Î½ºÆ®·²_¿©","¿ø´õ·¯_¿©","598","minstrel feminino incompleto usa wanderer feminino"
"¹Î½ºÆ®·²_¿©","¿ø´õ·¯_¿©","599","minstrel feminino incompleto usa wanderer feminino"
"¹Î½ºÆ®·²_¿©","¿ø´õ·¯_¿©","600","minstrel feminino incompleto usa wanderer feminino"
"¹Î½ºÆ®·²_¿©","¿ø´õ·¯_¿©","601","minstrel feminino incompleto usa wanderer feminino"
"¹Î½ºÆ®·²_¿©","¿ø´õ·¯_¿©","602","minstrel feminino incompleto usa wanderer feminino"
"¹Î½ºÆ®·²_¿©","¿ø´õ·¯_¿©","603","minstrel feminino incompleto usa wanderer feminino"
"¹Î½ºÆ®·²_¿©","¿ø´õ·¯_¿©","604","minstrel feminino incompleto usa wanderer feminino"
"¹Î½ºÆ®·²_¿©","¿ø´õ·¯_¿©","605","minstrel feminino incompleto usa wanderer feminino"
"¹Î½ºÆ®·²_¿©","¿ø´õ·¯_¿©","606","minstrel feminino incompleto usa wanderer feminino"
"¹Î½ºÆ®·²_¿©","¿ø´õ·¯_¿©","607","minstrel feminino incompleto usa wanderer feminino"
"¹Î½ºÆ®·²_¿©","¿ø´õ·¯_¿©","608","minstrel feminino incompleto usa wanderer feminino"
"¹Î½ºÆ®·²_¿©","¿ø´õ·¯_¿©","609","minstrel feminino incompleto usa wanderer feminino"
"¹Î½ºÆ®·²_¿©","¿ø´õ·¯_¿©","610","minstrel feminino incompleto usa wanderer feminino"
"¹Î½ºÆ®·²_¿©","¿ø´õ·¯_¿©","611","minstrel feminino incompleto usa wanderer feminino"
"¹Î½ºÆ®·²_¿©","¿ø´õ·¯_¿©","612","minstrel feminino incompleto usa wanderer feminino"
"¹Î½ºÆ®·²_¿©","¿ø´õ·¯_¿©","613","minstrel feminino incompleto usa wanderer feminino"
"¹Î½ºÆ®·²_¿©","¿ø´õ·¯_¿©","614","minstrel feminino incompleto usa wanderer feminino"
"¹Î½ºÆ®·²_¿©","¿ø´õ·¯_¿©","615","minstrel feminino incompleto usa wanderer feminino"
"¹Î½ºÆ®·²_¿©","¿ø´õ·¯_¿©","616","minstrel feminino incompleto usa wanderer feminino"
"¹Î½ºÆ®·²_¿©","¿ø´õ·¯_¿©","617","minstrel feminino incompleto usa wanderer feminino"
"¹Î½ºÆ®·²_¿©","¿ø´õ·¯_¿©","618","minstrel feminino incompleto usa wanderer feminino"
"¹Î½ºÆ®·²_¿©","¿ø´õ·¯_¿©","619","minstrel feminino incompleto usa wanderer feminino"
"¹Î½ºÆ®·²_¿©","¿ø´õ·¯_¿©","620","minstrel feminino incompleto usa wanderer feminino"
"¹Î½ºÆ®·²_¿©","¿ø´õ·¯_¿©","621","minstrel feminino incompleto usa wanderer feminino"
"¹Î½ºÆ®·²_¿©","¿ø´õ·¯_¿©","622","minstrel feminino incompleto usa wanderer feminino"
"¹Î½ºÆ®·²_¿©","¿ø´õ·¯_¿©","623","minstrel feminino incompleto usa wanderer feminino"
"¹Î½ºÆ®·²_¿©","¿ø´õ·¯_¿©","624","minstrel feminino incompleto usa wanderer feminino"
"¹Î½ºÆ®·²_¿©","¿ø´õ·¯_¿©","625","minstrel feminino incompleto usa wanderer feminino"
"¹Î½ºÆ®·²_¿©","¿ø´õ·¯_¿©","626","minstrel feminino incompleto usa wanderer feminino"
"¹Î½ºÆ®·²_¿©","¿ø´õ·¯_¿©","627","minstrel feminino incompleto usa wanderer feminino"
"¹Î½ºÆ®·²_¿©","¿ø´õ·¯_¿©","628","minstrel feminino incompleto usa wanderer feminino"
"¹Î½ºÆ®·²_¿©","¿ø´õ·¯_¿©","629","minstrel feminino incompleto usa wanderer feminino"
"¹Î½ºÆ®·²_¿©","¿ø´õ·¯_¿©","630","minstrel feminino incompleto usa wanderer feminino"
"¹Î½ºÆ®·²_¿©","¿ø´õ·¯_¿©","631","minstrel feminino incompleto usa wanderer feminino"
"¹Î½ºÆ®·²_¿©","¿ø´õ·¯_¿©","632","minstrel feminino incompleto usa wanderer feminino"
"¹Î½ºÆ®·²_¿©","¿ø´õ·¯_¿©","633","minstrel feminino incompleto usa wanderer feminino"
"¹Î½ºÆ®·²_¿©","¿ø´õ·¯_¿©","634","minstrel feminino incompleto usa wanderer feminino"
"¹Î½ºÆ®·²_¿©","¿ø´õ·¯_¿©","635","minstrel feminino incompleto usa wanderer feminino"
"¹Î½ºÆ®·²_¿©","¿ø´õ·¯_¿©","636","minstrel feminino incompleto usa wanderer feminino"
"¹Î½ºÆ®·²_¿©","¿ø´õ·¯_¿©","637","minstrel feminino incompleto usa wanderer feminino"
"¹Î½ºÆ®·²_¿©","¿ø´õ·¯_¿©","638","minstrel feminino incompleto usa wanderer feminino"
"¹Î½ºÆ®·²_¿©","¿ø´õ·¯_¿©","639","minstrel feminino incompleto usa wanderer feminino"
"¹Î½ºÆ®·²_¿©","¿ø´õ·¯_¿©","640","minstrel feminino incompleto usa wanderer feminino"
"¹Î½ºÆ®·²_¿©","¿ø´õ·¯_¿©","641","minstrel feminino incompleto usa wanderer feminino"
"¹Î½ºÆ®·²_¿©","¿ø´õ·¯_¿©","642","minstrel feminino incompleto usa wanderer feminino"
"¹Î½ºÆ®·²_¿©","¿ø´õ·¯_¿©","643","minstrel feminino incompleto usa wanderer feminino"
"¹Î½ºÆ®·²_¿©","¿ø´õ·¯_¿©","644","minstrel feminino incompleto usa wanderer feminino"
"¹Î½ºÆ®·²_¿©","¿ø´õ·¯_¿©","645","minstrel feminino incompleto usa wanderer feminino"
"¹Î½ºÆ®·²_¿©","¿ø´õ·¯_¿©","646","minstrel feminino incompleto usa wanderer feminino"
"¹Î½ºÆ®·²_¿©","¿ø´õ·¯_¿©","647","minstrel feminino incompleto usa wanderer feminino"
"¹Î½ºÆ®·²_¿©","¿ø´õ·¯_¿©","648","minstrel feminino incompleto usa wanderer feminino"
"¹Î½ºÆ®·²_¿©","¿ø´õ·¯_¿©","649","minstrel feminino incompleto usa wanderer feminino"
"¹Î½ºÆ®·²_¿©","¿ø´õ·¯_¿©","650","minstrel feminino incompleto usa wanderer feminino"
"¹Î½ºÆ®·²_¿©","¿ø´õ·¯_¿©","651","minstrel feminino incompleto usa wanderer feminino"
"¹Î½ºÆ®·²_¿©","¿ø´õ·¯_¿©","652","minstrel feminino incompleto usa wanderer feminino"
"¹Î½ºÆ®·²_¿©","¿ø´õ·¯_¿©","653","minstrel feminino incompleto usa wanderer feminino"
"¹Î½ºÆ®·²_¿©","¿ø´õ·¯_¿©","654","minstrel feminino incompleto usa wanderer feminino"
"¹Î½ºÆ®·²_¿©","¿ø´õ·¯_¿©","655","minstrel feminino incompleto usa wanderer feminino"
"¹Î½ºÆ®·²_¿©","¿ø´õ·¯_¿©","656","minstrel feminino incompleto usa wanderer feminino"
"¹Î½ºÆ®·²_¿©","¿ø´õ·¯_¿©","657","minstrel feminino incompleto usa wanderer feminino"
"¹Î½ºÆ®·²_¿©","¿ø´õ·¯_¿©","658","minstrel feminino incompleto usa wanderer feminino"
"¹Î½ºÆ®·²_¿©","¿ø´õ·¯_¿©","659","minstrel feminino incompleto usa wanderer feminino"
"¹Î½ºÆ®·²_¿©","¿ø´õ·¯_¿©","660","minstrel feminino incompleto usa wanderer feminino"
"¹Î½ºÆ®·²_¿©","¿ø´õ·¯_¿©","661","minstrel feminino incompleto usa wanderer feminino"
"¹Î½ºÆ®·²_¿©","¿ø´õ·¯_¿©","662","minstrel feminino incompleto usa wanderer feminino"
"¹Î½ºÆ®·²_¿©","¿ø´õ·¯_¿©","663","minstrel feminino incompleto usa wanderer feminino"
"¹Î½ºÆ®·²_¿©","¿ø´õ·¯_¿©","664","minstrel feminino incompleto usa wanderer feminino"
"¹Î½ºÆ®·²_¿©","¿ø´õ·¯_¿©","665","minstrel feminino incompleto usa wanderer feminino"
"¹Î½ºÆ®·²_¿©","¿ø´õ·¯_¿©","666","minstrel feminino incompleto usa wanderer feminino"
"¹Î½ºÆ®·²_¿©","¿ø´õ·¯_¿©","667","minstrel feminino incompleto usa wanderer feminino"
"¹Î½ºÆ®·²_¿©","¿ø´õ·¯_¿©","668","minstrel feminino incompleto usa wanderer feminino"
"¹Î½ºÆ®·²_¿©","¿ø´õ·¯_¿©","669","minstrel feminino incompleto usa wanderer feminino"
"¹Î½ºÆ®·²_¿©","¿ø´õ·¯_¿©","670","minstrel feminino incompleto usa wanderer feminino"
"¹Î½ºÆ®·²_¿©","¿ø´õ·¯_¿©","671","minstrel feminino incompleto usa wanderer feminino"
"¹Î½ºÆ®·²_¿©","¿ø´õ·¯_¿©","672","minstrel feminino incompleto usa wanderer feminino"
"¹Î½ºÆ®·²_¿©","¿ø´õ·¯_¿©","673","minstrel feminino incompleto usa wanderer feminino"
"¹Î½ºÆ®·²_¿©","¿ø´õ·¯_¿©","674","minstrel feminino incompleto usa wanderer feminino"
"¹Î½ºÆ®·²_¿©","¿ø´õ·¯_¿©","675","minstrel feminino incompleto usa wanderer feminino"
"¹Î½ºÆ®·²_¿©","¿ø´õ·¯_¿©","676","minstrel feminino incompleto usa wanderer feminino"
"¹Î½ºÆ®·²_¿©","¿ø´õ·¯_¿©","677","minstrel feminino incompleto usa wanderer feminino"
"¹Î½ºÆ®·²_¿©","¿ø´õ·¯_¿©","678","minstrel feminino incompleto usa wanderer feminino"
"¹Î½ºÆ®·²_¿©","¿ø´õ·¯_¿©","679","minstrel feminino incompleto usa wanderer feminino"
"¹Î½ºÆ®·²_¿©","¿ø´õ·¯_¿©","680","minstrel feminino incompleto usa wanderer feminino"
"¹Î½ºÆ®·²_¿©","¿ø´õ·¯_¿©","681","minstrel feminino incompleto usa wanderer feminino"
"¹Î½ºÆ®·²_¿©","¿ø´õ·¯_¿©","682","minstrel feminino incompleto usa wanderer feminino"
"¹Î½ºÆ®·²_¿©","¿ø´õ·¯_¿©","683","minstrel feminino incompleto usa wanderer feminino"
"¹Î½ºÆ®·²_¿©","¿ø´õ·¯_¿©","684","minstrel feminino incompleto usa wanderer feminino"
"¹Î½ºÆ®·²_¿©","¿ø´õ·¯_¿©","685","minstrel feminino incompleto usa wanderer feminino"
"¹Î½ºÆ®·²_¿©","¿ø´õ·¯_¿©","686","minstrel feminino incompleto usa wanderer feminino"
"¹Î½ºÆ®·²_¿©","¿ø´õ·¯_¿©","687","minstrel feminino incompleto usa wanderer feminino"
"¹Î½ºÆ®·²_¿©","¿ø´õ·¯_¿©","688","minstrel feminino incompleto usa wanderer feminino"
"¹Î½ºÆ®·²_¿©","¿ø´õ·¯_¿©","689","minstrel feminino incompleto usa wanderer feminino"
"¹Î½ºÆ®·²_¿©","¿ø´õ·¯_¿©","690","minstrel feminino incompleto usa wanderer feminino"
"¹Î½ºÆ®·²_¿©","¿ø´õ·¯_¿©","691","minstrel feminino incompleto usa wanderer feminino"
"¹Î½ºÆ®·²_¿©","¿ø´õ·¯_¿©","692","minstrel feminino incompleto usa wanderer feminino"
"¹Î½ºÆ®·²_¿©","¿ø´õ·¯_¿©","693","minstrel feminino incompleto usa wanderer feminino"
"¹Î½ºÆ®·²_¿©","¿ø´õ·¯_¿©","694","minstrel feminino incompleto usa wanderer feminino"
"¹Î½ºÆ®·²_¿©","¿ø´õ·¯_¿©","695","minstrel feminino incompleto usa wanderer feminino"
"¹Î½ºÆ®·²_¿©","¿ø´õ·¯_¿©","696","minstrel feminino incompleto usa wanderer feminino"
"¹Î½ºÆ®·²_¿©","¿ø´õ·¯_¿©","697","minstrel feminino incompleto usa wanderer feminino"
"¹Î½ºÆ®·²_¿©","¿ø´õ·¯_¿©","698","minstrel feminino incompleto usa wanderer feminino"
"¹Î½ºÆ®·²_¿©","¿ø´õ·¯_¿©","699","minstrel feminino incompleto usa wanderer feminino"
"'Å¸Á¶·¹ÀÎÁ®_³²","Å¸Á¶·¹ÀÎÁ®_³²","0","nome com apostrofo"
"'Å¸Á¶·¹ÀÎÁ®_³²","Å¸Á¶·¹ÀÎÁ®_³²","1","nome com apostrofo"
"'Å¸Á¶·¹ÀÎÁ®_³²","Å¸Á¶·¹ÀÎÁ®_³²","2","nome com apostrofo"
"'Å¸Á¶·¹ÀÎÁ®_³²","Å¸Á¶·¹ÀÎÁ®_³²","3","nome com apostrofo"
"'Å¸Á¶·¹ÀÎÁ®_³²","Å¸Á¶·¹ÀÎÁ®_³²","4","nome com apostrofo"
"'Å¸Á¶·¹ÀÎÁ®_³²","Å¸Á¶·¹ÀÎÁ®_³²","5","nome com apostrofo"
"'Å¸Á¶·¹ÀÎÁ®_³²","Å¸Á¶·¹ÀÎÁ®_³²","6","nome com apostrofo"
"'Å¸Á¶·¹ÀÎÁ®_³²","Å¸Á¶·¹ÀÎÁ®_³²","7","nome com apostrofo"
"'Å¸Á¶·¹ÀÎÁ®_³²","Å¸Á¶·¹ÀÎÁ®_³²","8","nome com apostrofo"
"'Å¸Á¶·¹ÀÎÁ®_³²","Å¸Á¶·¹ÀÎÁ®_³²","9","nome com apostrofo"
"'Å¸Á¶·¹ÀÎÁ®_³²","Å¸Á¶·¹ÀÎÁ®_³²","10","nome com apostrofo"
"'Å¸Á¶·¹ÀÎÁ®_³²","Å¸Á¶·¹ÀÎÁ®_³²","11","nome com apostrofo"
"'Å¸Á¶·¹ÀÎÁ®_³²","Å¸Á¶·¹ÀÎÁ®_³²","12","nome com apostrofo"
"'Å¸Á¶·¹ÀÎÁ®_³²","Å¸Á¶·¹ÀÎÁ®_³²","13","nome com apostrofo"
"'Å¸Á¶·¹ÀÎÁ®_³²","Å¸Á¶·¹ÀÎÁ®_³²","14","nome com apostrofo"
"'Å¸Á¶·¹ÀÎÁ®_³²","Å¸Á¶·¹ÀÎÁ®_³²","15","nome com apostrofo"
"'Å¸Á¶·¹ÀÎÁ®_³²","Å¸Á¶·¹ÀÎÁ®_³²","16","nome com apostrofo"
"'Å¸Á¶·¹ÀÎÁ®_³²","Å¸Á¶·¹ÀÎÁ®_³²","17","nome com apostrofo"
"'Å¸Á¶·¹ÀÎÁ®_³²","Å¸Á¶·¹ÀÎÁ®_³²","18","nome com apostrofo"
"'Å¸Á¶·¹ÀÎÁ®_³²","Å¸Á¶·¹ÀÎÁ®_³²","19","nome com apostrofo"
"'Å¸Á¶·¹ÀÎÁ®_³²","Å¸Á¶·¹ÀÎÁ®_³²","20","nome com apostrofo"
"'Å¸Á¶·¹ÀÎÁ®_³²","Å¸Á¶·¹ÀÎÁ®_³²","21","nome com apostrofo"
"'Å¸Á¶·¹ÀÎÁ®_³²","Å¸Á¶·¹ÀÎÁ®_³²","22","nome com apostrofo"
"'Å¸Á¶·¹ÀÎÁ®_³²","Å¸Á¶·¹ÀÎÁ®_³²","23","nome com apostrofo"
"'Å¸Á¶·¹ÀÎÁ®_³²","Å¸Á¶·¹ÀÎÁ®_³²","24","nome com apostrofo"
"'Å¸Á¶·¹ÀÎÁ®_³²","Å¸Á¶·¹ÀÎÁ®_³²","25","nome com apostrofo"
"'Å¸Á¶·¹ÀÎÁ®_³²","Å¸Á¶·¹ÀÎÁ®_³²","26","nome com apostrofo"
"'Å¸Á¶·¹ÀÎÁ®_³²","Å¸Á¶·¹ÀÎÁ®_³²","27","nome com apostrofo"
"'Å¸Á¶·¹ÀÎÁ®_³²","Å¸Á¶·¹ÀÎÁ®_³²","28","nome com apostrofo"
"'Å¸Á¶·¹ÀÎÁ®_³²","Å¸Á¶·¹ÀÎÁ®_³²","29","nome com apostrofo"
"'Å¸Á¶·¹ÀÎÁ®_³²","Å¸Á¶·¹ÀÎÁ®_³²","30","nome com apostrofo"
"'Å¸Á¶·¹ÀÎÁ®_³²","Å¸Á¶·¹ÀÎÁ®_³²","31","nome com apostrofo"
"'Å¸Á¶·¹ÀÎÁ®_³²","Å¸Á¶·¹ÀÎÁ®_³²","32","nome com apostrofo"
"'Å¸Á¶·¹ÀÎÁ®_³²","Å¸Á¶·¹ÀÎÁ®_³²","33","nome com apostrofo"
"'Å¸Á¶·¹ÀÎÁ®_³²","Å¸Á¶·¹ÀÎÁ®_³²","34","nome com apostrofo"
"'Å¸Á¶·¹ÀÎÁ®_³²","Å¸Á¶·¹ÀÎÁ®_³²","35","nome com apostrofo"
"'Å¸Á¶·¹ÀÎÁ®_³²","Å¸Á¶·¹ÀÎÁ®_³²","36","nome com apostrofo"
"'Å¸Á¶·¹ÀÎÁ®_³²","Å¸Á¶·¹ÀÎÁ®_³²","37","nome com apostrofo"
"'Å¸Á¶·¹ÀÎÁ®_³²","Å¸Á¶·¹ÀÎÁ®_³²","38","nome com apostrofo"
"'Å¸Á¶·¹ÀÎÁ®_³²","Å¸Á¶·¹ÀÎÁ®_³²","39","nome com apostrofo"
"'Å¸Á¶·¹ÀÎÁ®_³²","Å¸Á¶·¹ÀÎÁ®_³²","40","nome com apostrofo"
"'Å¸Á¶·¹ÀÎÁ®_³²","Å¸Á¶·¹ÀÎÁ®_³²","41","nome com apostrofo"
"'Å¸Á¶·¹ÀÎÁ®_³²","Å¸Á¶·¹ÀÎÁ®_³²","42","nome com apostrofo"
"'Å¸Á¶·¹ÀÎÁ®_³²","Å¸Á¶·¹ÀÎÁ®_³²","43","nome com apostrofo"
"'Å¸Á¶·¹ÀÎÁ®_³²","Å¸Á¶·¹ÀÎÁ®_³²","44","nome com apostrofo"
"'Å¸Á¶·¹ÀÎÁ®_³²","Å¸Á¶·¹ÀÎÁ®_³²","45","nome com apostrofo"
"'Å¸Á¶·¹ÀÎÁ®_³²","Å¸Á¶·¹ÀÎÁ®_³²","46","nome com apostrofo"
"'Å¸Á¶·¹ÀÎÁ®_³²","Å¸Á¶·¹ÀÎÁ®_³²","47","nome com apostrofo"
"'Å¸Á¶·¹ÀÎÁ®_³²","Å¸Á¶·¹ÀÎÁ®_³²","48","nome com apostrofo"
"'Å¸Á¶·¹ÀÎÁ®_³²","Å¸Á¶·¹ÀÎÁ®_³²","49","nome com apostrofo"
"'Å¸Á¶·¹ÀÎÁ®_³²","Å¸Á¶·¹ÀÎÁ®_³²","50","nome com apostrofo"
"'Å¸Á¶·¹ÀÎÁ®_³²","Å¸Á¶·¹ÀÎÁ®_³²","51","nome com apostrofo"
"'Å¸Á¶·¹ÀÎÁ®_³²","Å¸Á¶·¹ÀÎÁ®_³²","52","nome com apostrofo"
"'Å¸Á¶·¹ÀÎÁ®_³²","Å¸Á¶·¹ÀÎÁ®_³²","53","nome com apostrofo"
"'Å¸Á¶·¹ÀÎÁ®_³²","Å¸Á¶·¹ÀÎÁ®_³²","54","nome com apostrofo"
"'Å¸Á¶·¹ÀÎÁ®_³²","Å¸Á¶·¹ÀÎÁ®_³²","55","nome com apostrofo"
"'Å¸Á¶·¹ÀÎÁ®_³²","Å¸Á¶·¹ÀÎÁ®_³²","56","nome com apostrofo"
"'Å¸Á¶·¹ÀÎÁ®_³²","Å¸Á¶·¹ÀÎÁ®_³²","57","nome com apostrofo"
"'Å¸Á¶·¹ÀÎÁ®_³²","Å¸Á¶·¹ÀÎÁ®_³²","58","nome com apostrofo"
"'Å¸Á¶·¹ÀÎÁ®_³²","Å¸Á¶·¹ÀÎÁ®_³²","59","nome com apostrofo"
"'Å¸Á¶·¹ÀÎÁ®_³²","Å¸Á¶·¹ÀÎÁ®_³²","60","nome com apostrofo"
"'Å¸Á¶·¹ÀÎÁ®_³²","Å¸Á¶·¹ÀÎÁ®_³²","61","nome com apostrofo"
"'Å¸Á¶·¹ÀÎÁ®_³²","Å¸Á¶·¹ÀÎÁ®_³²","62","nome com apostrofo"
"'Å¸Á¶·¹ÀÎÁ®_³²","Å¸Á¶·¹ÀÎÁ®_³²","63","nome com apostrofo"
"'Å¸Á¶·¹ÀÎÁ®_³²","Å¸Á¶·¹ÀÎÁ®_³²","64","nome com apostrofo"
"'Å¸Á¶·¹ÀÎÁ®_³²","Å¸Á¶·¹ÀÎÁ®_³²","65","nome com apostrofo"
"'Å¸Á¶·¹ÀÎÁ®_³²","Å¸Á¶·¹ÀÎÁ®_³²","66","nome com apostrofo"
"'Å¸Á¶·¹ÀÎÁ®_³²","Å¸Á¶·¹ÀÎÁ®_³²","67","nome com apostrofo"
"'Å¸Á¶·¹ÀÎÁ®_³²","Å¸Á¶·¹ÀÎÁ®_³²","68","nome com apostrofo"
"'Å¸Á¶·¹ÀÎÁ®_³²","Å¸Á¶·¹ÀÎÁ®_³²","69","nome com apostrofo"
"'Å¸Á¶·¹ÀÎÁ®_³²","Å¸Á¶·¹ÀÎÁ®_³²","70","nome com apostrofo"
"'Å¸Á¶·¹ÀÎÁ®_³²","Å¸Á¶·¹ÀÎÁ®_³²","71","nome com apostrofo"
"'Å¸Á¶·¹ÀÎÁ®_³²","Å¸Á¶·¹ÀÎÁ®_³²","72","nome com apostrofo"
"'Å¸Á¶·¹ÀÎÁ®_³²","Å¸Á¶·¹ÀÎÁ®_³²","73","nome com apostrofo"
"'Å¸Á¶·¹ÀÎÁ®_³²","Å¸Á¶·¹ÀÎÁ®_³²","74","nome com apostrofo"
"'Å¸Á¶·¹ÀÎÁ®_³²","Å¸Á¶·¹ÀÎÁ®_³²","75","nome com apostrofo"
"'Å¸Á¶·¹ÀÎÁ®_³²","Å¸Á¶·¹ÀÎÁ®_³²","76","nome com apostrofo"
"'Å¸Á¶·¹ÀÎÁ®_³²","Å¸Á¶·¹ÀÎÁ®_³²","77","nome com apostrofo"
"'Å¸Á¶·¹ÀÎÁ®_³²","Å¸Á¶·¹ÀÎÁ®_³²","78","nome com apostrofo"
"'Å¸Á¶·¹ÀÎÁ®_³²","Å¸Á¶·¹ÀÎÁ®_³²","79","nome com apostrofo"
"'Å¸Á¶·¹ÀÎÁ®_³²","Å¸Á¶·¹ÀÎÁ®_³²","80","nome com apostrofo"
"'Å¸Á¶·¹ÀÎÁ®_³²","Å¸Á¶·¹ÀÎÁ®_³²","81","nome com apostrofo"
"'Å¸Á¶·¹ÀÎÁ®_³²","Å¸Á¶·¹ÀÎÁ®_³²","82","nome com apostrofo"
"'Å¸Á¶·¹ÀÎÁ®_³²","Å¸Á¶·¹ÀÎÁ®_³²","83","nome com apostrofo"
"'Å¸Á¶·¹ÀÎÁ®_³²","Å¸Á¶·¹ÀÎÁ®_³²","84","nome com apostrofo"
"'Å¸Á¶·¹ÀÎÁ®_³²","Å¸Á¶·¹ÀÎÁ®_³²","85","nome com apostrofo"
"'Å¸Á¶·¹ÀÎÁ®_³²","Å¸Á¶·¹ÀÎÁ®_³²","86","nome com apostrofo"
"'Å¸Á¶·¹ÀÎÁ®_³²","Å¸Á¶·¹ÀÎÁ®_³²","87","nome com apostrofo"
"'Å¸Á¶·¹ÀÎÁ®_³²","Å¸Á¶·¹ÀÎÁ®_³²","88","nome com apostrofo"
"'Å¸Á¶·¹ÀÎÁ®_³²","Å¸Á¶·¹ÀÎÁ®_³²","89","nome com apostrofo"
"'Å¸Á¶·¹ÀÎÁ®_³²","Å¸Á¶·¹ÀÎÁ®_³²","90","nome com apostrofo"
"'Å¸Á¶·¹ÀÎÁ®_³²","Å¸Á¶·¹ÀÎÁ®_³²","91","nome com apostrofo"
"'Å¸Á¶·¹ÀÎÁ®_³²","Å¸Á¶·¹ÀÎÁ®_³²","92","nome com apostrofo"
"'Å¸Á¶·¹ÀÎÁ®_³²","Å¸Á¶·¹ÀÎÁ®_³²","93","nome com apostrofo"
"'Å¸Á¶·¹ÀÎÁ®_³²","Å¸Á¶·¹ÀÎÁ®_³²","94","nome com apostrofo"
"'Å¸Á¶·¹ÀÎÁ®_³²","Å¸Á¶·¹ÀÎÁ®_³²","95","nome com apostrofo"
"'Å¸Á¶·¹ÀÎÁ®_³²","Å¸Á¶·¹ÀÎÁ®_³²","96","nome com apostrofo"
"'Å¸Á¶·¹ÀÎÁ®_³²","Å¸Á¶·¹ÀÎÁ®_³²","97","nome com apostrofo"
"'Å¸Á¶·¹ÀÎÁ®_³²","Å¸Á¶·¹ÀÎÁ®_³²","98","nome com apostrofo"
"'Å¸Á¶·¹ÀÎÁ®_³²","Å¸Á¶·¹ÀÎÁ®_³²","99","nome com apostrofo"
"'Å¸Á¶·¹ÀÎÁ®_³²","Å¸Á¶·¹ÀÎÁ®_³²","100","nome com apostrofo"
"'Å¸Á¶·¹ÀÎÁ®_³²","Å¸Á¶·¹ÀÎÁ®_³²","101","nome com apostrofo"
"'Å¸Á¶·¹ÀÎÁ®_³²","Å¸Á¶·¹ÀÎÁ®_³²","102","nome com apostrofo"
"'Å¸Á¶·¹ÀÎÁ®_³²","Å¸Á¶·¹ÀÎÁ®_³²","103","nome com apostrofo"
"'Å¸Á¶·¹ÀÎÁ®_³²","Å¸Á¶·¹ÀÎÁ®_³²","104","nome com apostrofo"
"'Å¸Á¶·¹ÀÎÁ®_³²","Å¸Á¶·¹ÀÎÁ®_³²","105","nome com apostrofo"
"'Å¸Á¶·¹ÀÎÁ®_³²","Å¸Á¶·¹ÀÎÁ®_³²","106","nome com apostrofo"
"'Å¸Á¶·¹ÀÎÁ®_³²","Å¸Á¶·¹ÀÎÁ®_³²","107","nome com apostrofo"
"'Å¸Á¶·¹ÀÎÁ®_³²","Å¸Á¶·¹ÀÎÁ®_³²","108","nome com apostrofo"
"'Å¸Á¶·¹ÀÎÁ®_³²","Å¸Á¶·¹ÀÎÁ®_³²","109","nome com apostrofo"
"'Å¸Á¶·¹ÀÎÁ®_³²","Å¸Á¶·¹ÀÎÁ®_³²","110","nome com apostrofo"
"'Å¸Á¶·¹ÀÎÁ®_³²","Å¸Á¶·¹ÀÎÁ®_³²","111","nome com apostrofo"
"'Å¸Á¶·¹ÀÎÁ®_³²","Å¸Á¶·¹ÀÎÁ®_³²","112","nome com apostrofo"
"'Å¸Á¶·¹ÀÎÁ®_³²","Å¸Á¶·¹ÀÎÁ®_³²","113","nome com apostrofo"
"'Å¸Á¶·¹ÀÎÁ®_³²","Å¸Á¶·¹ÀÎÁ®_³²","114","nome com apostrofo"
"'Å¸Á¶·¹ÀÎÁ®_³²","Å¸Á¶·¹ÀÎÁ®_³²","115","nome com apostrofo"
"'Å¸Á¶·¹ÀÎÁ®_³²","Å¸Á¶·¹ÀÎÁ®_³²","116","nome com apostrofo"
"'Å¸Á¶·¹ÀÎÁ®_³²","Å¸Á¶·¹ÀÎÁ®_³²","117","nome com apostrofo"
"'Å¸Á¶·¹ÀÎÁ®_³²","Å¸Á¶·¹ÀÎÁ®_³²","118","nome com apostrofo"
"'Å¸Á¶·¹ÀÎÁ®_³²","Å¸Á¶·¹ÀÎÁ®_³²","119","nome com apostrofo"
"'Å¸Á¶·¹ÀÎÁ®_³²","Å¸Á¶·¹ÀÎÁ®_³²","120","nome com apostrofo"
"'Å¸Á¶·¹ÀÎÁ®_³²","Å¸Á¶·¹ÀÎÁ®_³²","121","nome com apostrofo"
"'Å¸Á¶·¹ÀÎÁ®_³²","Å¸Á¶·¹ÀÎÁ®_³²","122","nome com apostrofo"
"'Å¸Á¶·¹ÀÎÁ®_³²","Å¸Á¶·¹ÀÎÁ®_³²","123","nome com apostrofo"
"'Å¸Á¶·¹ÀÎÁ®_³²","Å¸Á¶·¹ÀÎÁ®_³²","124","nome com apostrofo"
"'Å¸Á¶·¹ÀÎÁ®_³²","Å¸Á¶·¹ÀÎÁ®_³²","125","nome com apostrofo"
"'Å¸Á¶·¹ÀÎÁ®_³²","Å¸Á¶·¹ÀÎÁ®_³²","126","nome com apostrofo"
"'Å¸Á¶·¹ÀÎÁ®_³²","Å¸Á¶·¹ÀÎÁ®_³²","127","nome com apostrofo"
"'Å¸Á¶·¹ÀÎÁ®_³²","Å¸Á¶·¹ÀÎÁ®_³²","128","nome com apostrofo"
"'Å¸Á¶·¹ÀÎÁ®_³²","Å¸Á¶·¹ÀÎÁ®_³²","129","nome com apostrofo"
"'Å¸Á¶·¹ÀÎÁ®_³²","Å¸Á¶·¹ÀÎÁ®_³²","130","nome com apostrofo"
"'Å¸Á¶·¹ÀÎÁ®_³²","Å¸Á¶·¹ÀÎÁ®_³²","131","nome com apostrofo"
"'Å¸Á¶·¹ÀÎÁ®_³²","Å¸Á¶·¹ÀÎÁ®_³²","132","nome com apostrofo"
"'Å¸Á¶·¹ÀÎÁ®_³²","Å¸Á¶·¹ÀÎÁ®_³²","133","nome com apostrofo"
"'Å¸Á¶·¹ÀÎÁ®_³²","Å¸Á¶·¹ÀÎÁ®_³²","134","nome com apostrofo"
"'Å¸Á¶·¹ÀÎÁ®_³²","Å¸Á¶·¹ÀÎÁ®_³²","135","nome com apostrofo"
"'Å¸Á¶·¹ÀÎÁ®_³²","Å¸Á¶·¹ÀÎÁ®_³²","136","nome com apostrofo"
"'Å¸Á¶·¹ÀÎÁ®_³²","Å¸Á¶·¹ÀÎÁ®_³²","137","nome com apostrofo"
"'Å¸Á¶·¹ÀÎÁ®_³²","Å¸Á¶·¹ÀÎÁ®_³²","138","nome com apostrofo"
"'Å¸Á¶·¹ÀÎÁ®_³²","Å¸Á¶·¹ÀÎÁ®_³²","139","nome com apostrofo"
"'Å¸Á¶·¹ÀÎÁ®_³²","Å¸Á¶·¹ÀÎÁ®_³²","140","nome com apostrofo"
"'Å¸Á¶·¹ÀÎÁ®_³²","Å¸Á¶·¹ÀÎÁ®_³²","141","nome com apostrofo"
"'Å¸Á¶·¹ÀÎÁ®_³²","Å¸Á¶·¹ÀÎÁ®_³²","142","nome com apostrofo"
"'Å¸Á¶·¹ÀÎÁ®_³²","Å¸Á¶·¹ÀÎÁ®_³²","143","nome com apostrofo"
"'Å¸Á¶·¹ÀÎÁ®_³²","Å¸Á¶·¹ÀÎÁ®_³²","144","nome com apostrofo"
"'Å¸Á¶·¹ÀÎÁ®_³²","Å¸Á¶·¹ÀÎÁ®_³²","145","nome com apostrofo"
"'Å¸Á¶·¹ÀÎÁ®_³²","Å¸Á¶·¹ÀÎÁ®_³²","146","nome com apostrofo"
"'Å¸Á¶·¹ÀÎÁ®_³²","Å¸Á¶·¹ÀÎÁ®_³²","147","nome com apostrofo"
"'Å¸Á¶·¹ÀÎÁ®_³²","Å¸Á¶·¹ÀÎÁ®_³²","148","nome com apostrofo"
"'Å¸Á¶·¹ÀÎÁ®_³²","Å¸Á¶·¹ÀÎÁ®_³²","149","nome com apostrofo"
"'Å¸Á¶·¹ÀÎÁ®_³²","Å¸Á¶·¹ÀÎÁ®_³²","150","nome com apostrofo"
"'Å¸Á¶·¹ÀÎÁ®_³²","Å¸Á¶·¹ÀÎÁ®_³²","151","nome com apostrofo"
"'Å¸Á¶·¹ÀÎÁ®_³²","Å¸Á¶·¹ÀÎÁ®_³²","152","nome com apostrofo"
"'Å¸Á¶·¹ÀÎÁ®_³²","Å¸Á¶·¹ÀÎÁ®_³²","153","nome com apostrofo"
"'Å¸Á¶·¹ÀÎÁ®_³²","Å¸Á¶·¹ÀÎÁ®_³²","154","nome com apostrofo"
"'Å¸Á¶·¹ÀÎÁ®_³²","Å¸Á¶·¹ÀÎÁ®_³²","155","nome com apostrofo"
"'Å¸Á¶·¹ÀÎÁ®_³²","Å¸Á¶·¹ÀÎÁ®_³²","156","nome com apostrofo"
"'Å¸Á¶·¹ÀÎÁ®_³²","Å¸Á¶·¹ÀÎÁ®_³²","157","nome com apostrofo"
"'Å¸Á¶·¹ÀÎÁ®_³²","Å¸Á¶·¹ÀÎÁ®_³²","158","nome com apostrofo"
"'Å¸Á¶·¹ÀÎÁ®_³²","Å¸Á¶·¹ÀÎÁ®_³²","159","nome com apostrofo"
"'Å¸Á¶·¹ÀÎÁ®_³²","Å¸Á¶·¹ÀÎÁ®_³²","160","nome com apostrofo"
"'Å¸Á¶·¹ÀÎÁ®_³²","Å¸Á¶·¹ÀÎÁ®_³²","161","nome com apostrofo"
"'Å¸Á¶·¹ÀÎÁ®_³²","Å¸Á¶·¹ÀÎÁ®_³²","162","nome com apostrofo"
"'Å¸Á¶·¹ÀÎÁ®_³²","Å¸Á¶·¹ÀÎÁ®_³²","163","nome com apostrofo"
"'Å¸Á¶·¹ÀÎÁ®_³²","Å¸Á¶·¹ÀÎÁ®_³²","164","nome com apostrofo"
"'Å¸Á¶·¹ÀÎÁ®_³²","Å¸Á¶·¹ÀÎÁ®_³²","165","nome com apostrofo"
"'Å¸Á¶·¹ÀÎÁ®_³²","Å¸Á¶·¹ÀÎÁ®_³²","166","nome com apostrofo"
"'Å¸Á¶·¹ÀÎÁ®_³²","Å¸Á¶·¹ÀÎÁ®_³²","167","nome com apostrofo"
"'Å¸Á¶·¹ÀÎÁ®_³²","Å¸Á¶·¹ÀÎÁ®_³²","168","nome com apostrofo"
"'Å¸Á¶·¹ÀÎÁ®_³²","Å¸Á¶·¹ÀÎÁ®_³²","169","nome com apostrofo"
"'Å¸Á¶·¹ÀÎÁ®_³²","Å¸Á¶·¹ÀÎÁ®_³²","170","nome com apostrofo"
"'Å¸Á¶·¹ÀÎÁ®_³²","Å¸Á¶·¹ÀÎÁ®_³²","171","nome com apostrofo"
"'Å¸Á¶·¹ÀÎÁ®_³²","Å¸Á¶·¹ÀÎÁ®_³²","172","nome com apostrofo"
"'Å¸Á¶·¹ÀÎÁ®_³²","Å¸Á¶·¹ÀÎÁ®_³²","173","nome com apostrofo"
"'Å¸Á¶·¹ÀÎÁ®_³²","Å¸Á¶·¹ÀÎÁ®_³²","174","nome com apostrofo"
"'Å¸Á¶·¹ÀÎÁ®_³²","Å¸Á¶·¹ÀÎÁ®_³²","175","nome com apostrofo"
"'Å¸Á¶·¹ÀÎÁ®_³²","Å¸Á¶·¹ÀÎÁ®_³²","176","nome com apostrofo"
"'Å¸Á¶·¹ÀÎÁ®_³²","Å¸Á¶·¹ÀÎÁ®_³²","177","nome com apostrofo"
"'Å¸Á¶·¹ÀÎÁ®_³²","Å¸Á¶·¹ÀÎÁ®_³²","178","nome com apostrofo"
"'Å¸Á¶·¹ÀÎÁ®_³²","Å¸Á¶·¹ÀÎÁ®_³²","179","nome com apostrofo"
"'Å¸Á¶·¹ÀÎÁ®_³²","Å¸Á¶·¹ÀÎÁ®_³²","180","nome com apostrofo"
"'Å¸Á¶·¹ÀÎÁ®_³²","Å¸Á¶·¹ÀÎÁ®_³²","181","nome com apostrofo"
"'Å¸Á¶·¹ÀÎÁ®_³²","Å¸Á¶·¹ÀÎÁ®_³²","182","nome com apostrofo"
"'Å¸Á¶·¹ÀÎÁ®_³²","Å¸Á¶·¹ÀÎÁ®_³²","183","nome com apostrofo"
"'Å¸Á¶·¹ÀÎÁ®_³²","Å¸Á¶·¹ÀÎÁ®_³²","184","nome com apostrofo"
"'Å¸Á¶·¹ÀÎÁ®_³²","Å¸Á¶·¹ÀÎÁ®_³²","185","nome com apostrofo"
"'Å¸Á¶·¹ÀÎÁ®_³²","Å¸Á¶·¹ÀÎÁ®_³²","186","nome com apostrofo"
"'Å¸Á¶·¹ÀÎÁ®_³²","Å¸Á¶·¹ÀÎÁ®_³²","187","nome com apostrofo"
"'Å¸Á¶·¹ÀÎÁ®_³²","Å¸Á¶·¹ÀÎÁ®_³²","188","nome com apostrofo"
"'Å¸Á¶·¹ÀÎÁ®_³²","Å¸Á¶·¹ÀÎÁ®_³²","189","nome com apostrofo"
"'Å¸Á¶·¹ÀÎÁ®_³²","Å¸Á¶·¹ÀÎÁ®_³²","190","nome com apostrofo"
"'Å¸Á¶·¹ÀÎÁ®_³²","Å¸Á¶·¹ÀÎÁ®_³²","191","nome com apostrofo"
"'Å¸Á¶·¹ÀÎÁ®_³²","Å¸Á¶·¹ÀÎÁ®_³²","192","nome com apostrofo"
"'Å¸Á¶·¹ÀÎÁ®_³²","Å¸Á¶·¹ÀÎÁ®_³²","193","nome com apostrofo"
"'Å¸Á¶·¹ÀÎÁ®_³²","Å¸Á¶·¹ÀÎÁ®_³²","194","nome com apostrofo"
"'Å¸Á¶·¹ÀÎÁ®_³²","Å¸Á¶·¹ÀÎÁ®_³²","195","nome com apostrofo"
"'Å¸Á¶·¹ÀÎÁ®_³²","Å¸Á¶·¹ÀÎÁ®_³²","196","nome com apostrofo"
"'Å¸Á¶·¹ÀÎÁ®_³²","Å¸Á¶·¹ÀÎÁ®_³²","197","nome com apostrofo"
"'Å¸Á¶·¹ÀÎÁ®_³²","Å¸Á¶·¹ÀÎÁ®_³²","198","nome com apostrofo"
"'Å¸Á¶·¹ÀÎÁ®_³²","Å¸Á¶·¹ÀÎÁ®_³²","199","nome com apostrofo"
"'Å¸Á¶·¹ÀÎÁ®_³²","Å¸Á¶·¹ÀÎÁ®_³²","200","nome com apostrofo"
"'Å¸Á¶·¹ÀÎÁ®_³²","Å¸Á¶·¹ÀÎÁ®_³²","201","nome com apostrofo"
"'Å¸Á¶·¹ÀÎÁ®_³²","Å¸Á¶·¹ÀÎÁ®_³²","202","nome com apostrofo"
"'Å¸Á¶·¹ÀÎÁ®_³²","Å¸Á¶·¹ÀÎÁ®_³²","203","nome com apostrofo"
"'Å¸Á¶·¹ÀÎÁ®_³²","Å¸Á¶·¹ÀÎÁ®_³²","204","nome com apostrofo"
"'Å¸Á¶·¹ÀÎÁ®_³²","Å¸Á¶·¹ÀÎÁ®_³²","205","nome com apostrofo"
"'Å¸Á¶·¹ÀÎÁ®_³²","Å¸Á¶·¹ÀÎÁ®_³²","206","nome com apostrofo"
"'Å¸Á¶·¹ÀÎÁ®_³²","Å¸Á¶·¹ÀÎÁ®_³²","207","nome com apostrofo"
"'Å¸Á¶·¹ÀÎÁ®_³²","Å¸Á¶·¹ÀÎÁ®_³²","208","nome com apostrofo"
"'Å¸Á¶·¹ÀÎÁ®_³²","Å¸Á¶·¹ÀÎÁ®_³²","209","nome com apostrofo"
"'Å¸Á¶·¹ÀÎÁ®_³²","Å¸Á¶·¹ÀÎÁ®_³²","210","nome com apostrofo"
"'Å¸Á¶·¹ÀÎÁ®_³²","Å¸Á¶·¹ÀÎÁ®_³²","211","nome com apostrofo"
"'Å¸Á¶·¹ÀÎÁ®_³²","Å¸Á¶·¹ÀÎÁ®_³²","212","nome com apostrofo"
"'Å¸Á¶·¹ÀÎÁ®_³²","Å¸Á¶·¹ÀÎÁ®_³²","213","nome com apostrofo"
"'Å¸Á¶·¹ÀÎÁ®_³²","Å¸Á¶·¹ÀÎÁ®_³²","214","nome com apostrofo"
"'Å¸Á¶·¹ÀÎÁ®_³²","Å¸Á¶·¹ÀÎÁ®_³²","215","nome com apostrofo"
"'Å¸Á¶·¹ÀÎÁ®_³²","Å¸Á¶·¹ÀÎÁ®_³²","216","nome com apostrofo"
"'Å¸Á¶·¹ÀÎÁ®_³²","Å¸Á¶·¹ÀÎÁ®_³²","217","nome com apostrofo"
"'Å¸Á¶·¹ÀÎÁ®_³²","Å¸Á¶·¹ÀÎÁ®_³²","218","nome com apostrofo"
"'Å¸Á¶·¹ÀÎÁ®_³²","Å¸Á¶·¹ÀÎÁ®_³²","219","nome com apostrofo"
"'Å¸Á¶·¹ÀÎÁ®_³²","Å¸Á¶·¹ÀÎÁ®_³²","220","nome com apostrofo"
"'Å¸Á¶·¹ÀÎÁ®_³²","Å¸Á¶·¹ÀÎÁ®_³²","221","nome com apostrofo"
"'Å¸Á¶·¹ÀÎÁ®_³²","Å¸Á¶·¹ÀÎÁ®_³²","222","nome com apostrofo"
"'Å¸Á¶·¹ÀÎÁ®_³²","Å¸Á¶·¹ÀÎÁ®_³²","223","nome com apostrofo"
"'Å¸Á¶·¹ÀÎÁ®_³²","Å¸Á¶·¹ÀÎÁ®_³²","224","nome com apostrofo"
"'Å¸Á¶·¹ÀÎÁ®_³²","Å¸Á¶·¹ÀÎÁ®_³²","225","nome com apostrofo"
"'Å¸Á¶·¹ÀÎÁ®_³²","Å¸Á¶·¹ÀÎÁ®_³²","226","nome com apostrofo"
"'Å¸Á¶·¹ÀÎÁ®_³²","Å¸Á¶·¹ÀÎÁ®_³²","227","nome com apostrofo"
"'Å¸Á¶·¹ÀÎÁ®_³²","Å¸Á¶·¹ÀÎÁ®_³²","228","nome com apostrofo"
"'Å¸Á¶·¹ÀÎÁ®_³²","Å¸Á¶·¹ÀÎÁ®_³²","229","nome com apostrofo"
"'Å¸Á¶·¹ÀÎÁ®_³²","Å¸Á¶·¹ÀÎÁ®_³²","230","nome com apostrofo"
"'Å¸Á¶·¹ÀÎÁ®_³²","Å¸Á¶·¹ÀÎÁ®_³²","231","nome com apostrofo"
"'Å¸Á¶·¹ÀÎÁ®_³²","Å¸Á¶·¹ÀÎÁ®_³²","232","nome com apostrofo"
"'Å¸Á¶·¹ÀÎÁ®_³²","Å¸Á¶·¹ÀÎÁ®_³²","233","nome com apostrofo"
"'Å¸Á¶·¹ÀÎÁ®_³²","Å¸Á¶·¹ÀÎÁ®_³²","234","nome com apostrofo"
"'Å¸Á¶·¹ÀÎÁ®_³²","Å¸Á¶·¹ÀÎÁ®_³²","235","nome com apostrofo"
"'Å¸Á¶·¹ÀÎÁ®_³²","Å¸Á¶·¹ÀÎÁ®_³²","236","nome com apostrofo"
"'Å¸Á¶·¹ÀÎÁ®_³²","Å¸Á¶·¹ÀÎÁ®_³²","237","nome com apostrofo"
"'Å¸Á¶·¹ÀÎÁ®_³²","Å¸Á¶·¹ÀÎÁ®_³²","238","nome com apostrofo"
"'Å¸Á¶·¹ÀÎÁ®_³²","Å¸Á¶·¹ÀÎÁ®_³²","239","nome com apostrofo"
"'Å¸Á¶·¹ÀÎÁ®_³²","Å¸Á¶·¹ÀÎÁ®_³²","240","nome com apostrofo"
"'Å¸Á¶·¹ÀÎÁ®_³²","Å¸Á¶·¹ÀÎÁ®_³²","241","nome com apostrofo"
"'Å¸Á¶·¹ÀÎÁ®_³²","Å¸Á¶·¹ÀÎÁ®_³²","242","nome com apostrofo"
"'Å¸Á¶·¹ÀÎÁ®_³²","Å¸Á¶·¹ÀÎÁ®_³²","243","nome com apostrofo"
"'Å¸Á¶·¹ÀÎÁ®_³²","Å¸Á¶·¹ÀÎÁ®_³²","244","nome com apostrofo"
"'Å¸Á¶·¹ÀÎÁ®_³²","Å¸Á¶·¹ÀÎÁ®_³²","245","nome com apostrofo"
"'Å¸Á¶·¹ÀÎÁ®_³²","Å¸Á¶·¹ÀÎÁ®_³²","246","nome com apostrofo"
"'Å¸Á¶·¹ÀÎÁ®_³²","Å¸Á¶·¹ÀÎÁ®_³²","247","nome com apostrofo"
"'Å¸Á¶·¹ÀÎÁ®_³²","Å¸Á¶·¹ÀÎÁ®_³²","248","nome com apostrofo"
"'Å¸Á¶·¹ÀÎÁ®_³²","Å¸Á¶·¹ÀÎÁ®_³²","249","nome com apostrofo"
"'Å¸Á¶·¹ÀÎÁ®_³²","Å¸Á¶·¹ÀÎÁ®_³²","250","nome com apostrofo"
"'Å¸Á¶·¹ÀÎÁ®_³²","Å¸Á¶·¹ÀÎÁ®_³²","251","nome com apostrofo"
"'Å¸Á¶·¹ÀÎÁ®_³²","Å¸Á¶·¹ÀÎÁ®_³²","252","nome com apostrofo"
"'Å¸Á¶·¹ÀÎÁ®_³²","Å¸Á¶·¹ÀÎÁ®_³²","253","nome com apostrofo"
"'Å¸Á¶·¹ÀÎÁ®_³²","Å¸Á¶·¹ÀÎÁ®_³²","254","nome com apostrofo"
"'Å¸Á¶·¹ÀÎÁ®_³²","Å¸Á¶·¹ÀÎÁ®_³²","255","nome com apostrofo"
"'Å¸Á¶·¹ÀÎÁ®_³²","Å¸Á¶·¹ÀÎÁ®_³²","256","nome com apostrofo"
"'Å¸Á¶·¹ÀÎÁ®_³²","Å¸Á¶·¹ÀÎÁ®_³²","257","nome com apostrofo"
"'Å¸Á¶·¹ÀÎÁ®_³²","Å¸Á¶·¹ÀÎÁ®_³²","258","nome com apostrofo"
"'Å¸Á¶·¹ÀÎÁ®_³²","Å¸Á¶·¹ÀÎÁ®_³²","259","nome com apostrofo"
"'Å¸Á¶·¹ÀÎÁ®_³²","Å¸Á¶·¹ÀÎÁ®_³²","260","nome com apostrofo"
"'Å¸Á¶·¹ÀÎÁ®_³²","Å¸Á¶·¹ÀÎÁ®_³²","261","nome com apostrofo"
"'Å¸Á¶·¹ÀÎÁ®_³²","Å¸Á¶·¹ÀÎÁ®_³²","262","nome com apostrofo"
"'Å¸Á¶·¹ÀÎÁ®_³²","Å¸Á¶·¹ÀÎÁ®_³²","263","nome com apostrofo"
"'Å¸Á¶·¹ÀÎÁ®_³²","Å¸Á¶·¹ÀÎÁ®_³²","264","nome com apostrofo"
"'Å¸Á¶·¹ÀÎÁ®_³²","Å¸Á¶·¹ÀÎÁ®_³²","265","nome com apostrofo"
"'Å¸Á¶·¹ÀÎÁ®_³²","Å¸Á¶·¹ÀÎÁ®_³²","266","nome com apostrofo"
"'Å¸Á¶·¹ÀÎÁ®_³²","Å¸Á¶·¹ÀÎÁ®_³²","267","nome com apostrofo"
"'Å¸Á¶·¹ÀÎÁ®_³²","Å¸Á¶·¹ÀÎÁ®_³²","268","nome com apostrofo"
"'Å¸Á¶·¹ÀÎÁ®_³²","Å¸Á¶·¹ÀÎÁ®_³²","269","nome com apostrofo"
"'Å¸Á¶·¹ÀÎÁ®_³²","Å¸Á¶·¹ÀÎÁ®_³²","270","nome com apostrofo"
"'Å¸Á¶·¹ÀÎÁ®_³²","Å¸Á¶·¹ÀÎÁ®_³²","271","nome com apostrofo"
"'Å¸Á¶·¹ÀÎÁ®_³²","Å¸Á¶·¹ÀÎÁ®_³²","272","nome com apostrofo"
"'Å¸Á¶·¹ÀÎÁ®_³²","Å¸Á¶·¹ÀÎÁ®_³²","273","nome com apostrofo"
"'Å¸Á¶·¹ÀÎÁ®_³²","Å¸Á¶·¹ÀÎÁ®_³²","274","nome com apostrofo"
"'Å¸Á¶·¹ÀÎÁ®_³²","Å¸Á¶·¹ÀÎÁ®_³²","275","nome com apostrofo"
"'Å¸Á¶·¹ÀÎÁ®_³²","Å¸Á¶·¹ÀÎÁ®_³²","276","nome com apostrofo"
"'Å¸Á¶·¹ÀÎÁ®_³²","Å¸Á¶·¹ÀÎÁ®_³²","277","nome com apostrofo"
"'Å¸Á¶·¹ÀÎÁ®_³²","Å¸Á¶·¹ÀÎÁ®_³²","278","nome com apostrofo"
"'Å¸Á¶·¹ÀÎÁ®_³²","Å¸Á¶·¹ÀÎÁ®_³²","279","nome com apostrofo"
"'Å¸Á¶·¹ÀÎÁ®_³²","Å¸Á¶·¹ÀÎÁ®_³²","280","nome com apostrofo"
"'Å¸Á¶·¹ÀÎÁ®_³²","Å¸Á¶·¹ÀÎÁ®_³²","281","nome com apostrofo"
"'Å¸Á¶·¹ÀÎÁ®_³²","Å¸Á¶·¹ÀÎÁ®_³²","282","nome com apostrofo"
"'Å¸Á¶·¹ÀÎÁ®_³²","Å¸Á¶·¹ÀÎÁ®_³²","283","nome com apostrofo"
"'Å¸Á¶·¹ÀÎÁ®_³²","Å¸Á¶·¹ÀÎÁ®_³²","284","nome com apostrofo"
"'Å¸Á¶·¹ÀÎÁ®_³²","Å¸Á¶·¹ÀÎÁ®_³²","285","nome com apostrofo"
"'Å¸Á¶·¹ÀÎÁ®_³²","Å¸Á¶·¹ÀÎÁ®_³²","286","nome com apostrofo"
"'Å¸Á¶·¹ÀÎÁ®_³²","Å¸Á¶·¹ÀÎÁ®_³²","287","nome com apostrofo"
"'Å¸Á¶·¹ÀÎÁ®_³²","Å¸Á¶·¹ÀÎÁ®_³²","288","nome com apostrofo"
"'Å¸Á¶·¹ÀÎÁ®_³²","Å¸Á¶·¹ÀÎÁ®_³²","289","nome com apostrofo"
"'Å¸Á¶·¹ÀÎÁ®_³²","Å¸Á¶·¹ÀÎÁ®_³²","290","nome com apostrofo"
"'Å¸Á¶·¹ÀÎÁ®_³²","Å¸Á¶·¹ÀÎÁ®_³²","291","nome com apostrofo"
"'Å¸Á¶·¹ÀÎÁ®_³²","Å¸Á¶·¹ÀÎÁ®_³²","292","nome com apostrofo"
"'Å¸Á¶·¹ÀÎÁ®_³²","Å¸Á¶·¹ÀÎÁ®_³²","293","nome com apostrofo"
"'Å¸Á¶·¹ÀÎÁ®_³²","Å¸Á¶·¹ÀÎÁ®_³²","294","nome com apostrofo"
"'Å¸Á¶·¹ÀÎÁ®_³²","Å¸Á¶·¹ÀÎÁ®_³²","295","nome com apostrofo"
"'Å¸Á¶·¹ÀÎÁ®_³²","Å¸Á¶·¹ÀÎÁ®_³²","296","nome com apostrofo"
"'Å¸Á¶·¹ÀÎÁ®_³²","Å¸Á¶·¹ÀÎÁ®_³²","297","nome com apostrofo"
"'Å¸Á¶·¹ÀÎÁ®_³²","Å¸Á¶·¹ÀÎÁ®_³²","298","nome com apostrofo"
"'Å¸Á¶·¹ÀÎÁ®_³²","Å¸Á¶·¹ÀÎÁ®_³²","299","nome com apostrofo"
"'Å¸Á¶·¹ÀÎÁ®_³²","Å¸Á¶·¹ÀÎÁ®_³²","300","nome com apostrofo"
"'Å¸Á¶·¹ÀÎÁ®_³²","Å¸Á¶·¹ÀÎÁ®_³²","301","nome com apostrofo"
"'Å¸Á¶·¹ÀÎÁ®_³²","Å¸Á¶·¹ÀÎÁ®_³²","302","nome com apostrofo"
"'Å¸Á¶·¹ÀÎÁ®_³²","Å¸Á¶·¹ÀÎÁ®_³²","303","nome com apostrofo"
"'Å¸Á¶·¹ÀÎÁ®_³²","Å¸Á¶·¹ÀÎÁ®_³²","304","nome com apostrofo"
"'Å¸Á¶·¹ÀÎÁ®_³²","Å¸Á¶·¹ÀÎÁ®_³²","305","nome com apostrofo"
"'Å¸Á¶·¹ÀÎÁ®_³²","Å¸Á¶·¹ÀÎÁ®_³²","306","nome com apostrofo"
"'Å¸Á¶·¹ÀÎÁ®_³²","Å¸Á¶·¹ÀÎÁ®_³²","307","nome com apostrofo"
"'Å¸Á¶·¹ÀÎÁ®_³²","Å¸Á¶·¹ÀÎÁ®_³²","308","nome com apostrofo"
"'Å¸Á¶·¹ÀÎÁ®_³²","Å¸Á¶·¹ÀÎÁ®_³²","309","nome com apostrofo"
"'Å¸Á¶·¹ÀÎÁ®_³²","Å¸Á¶·¹ÀÎÁ®_³²","310","nome com apostrofo"
"'Å¸Á¶·¹ÀÎÁ®_³²","Å¸Á¶·¹ÀÎÁ®_³²","311","nome com apostrofo"
"'Å¸Á¶·¹ÀÎÁ®_³²","Å¸Á¶·¹ÀÎÁ®_³²","312","nome com apostrofo"
"'Å¸Á¶·¹ÀÎÁ®_³²","Å¸Á¶·¹ÀÎÁ®_³²","313","nome com apostrofo"
"'Å¸Á¶·¹ÀÎÁ®_³²","Å¸Á¶·¹ÀÎÁ®_³²","314","nome com apostrofo"
"'Å¸Á¶·¹ÀÎÁ®_³²","Å¸Á¶·¹ÀÎÁ®_³²","315","nome com apostrofo"
"'Å¸Á¶·¹ÀÎÁ®_³²","Å¸Á¶·¹ÀÎÁ®_³²","316","nome com apostrofo"
"'Å¸Á¶·¹ÀÎÁ®_³²","Å¸Á¶·¹ÀÎÁ®_³²","317","nome com apostrofo"
"'Å¸Á¶·¹ÀÎÁ®_³²","Å¸Á¶·¹ÀÎÁ®_³²","318","nome com apostrofo"
"'Å¸Á¶·¹ÀÎÁ®_³²","Å¸Á¶·¹ÀÎÁ®_³²","319","nome com apostrofo"
"'Å¸Á¶·¹ÀÎÁ®_³²","Å¸Á¶·¹ÀÎÁ®_³²","320","nome com apostrofo"
"'Å¸Á¶·¹ÀÎÁ®_³²","Å¸Á¶·¹ÀÎÁ®_³²","321","nome com apostrofo"
"'Å¸Á¶·¹ÀÎÁ®_³²","Å¸Á¶·¹ÀÎÁ®_³²","322","nome com apostrofo"
"'Å¸Á¶·¹ÀÎÁ®_³²","Å¸Á¶·¹ÀÎÁ®_³²","323","nome com apostrofo"
"'Å¸Á¶·¹ÀÎÁ®_³²","Å¸Á¶·¹ÀÎÁ®_³²","324","nome com apostrofo"
"'Å¸Á¶·¹ÀÎÁ®_³²","Å¸Á¶·¹ÀÎÁ®_³²","325","nome com apostrofo"
"'Å¸Á¶·¹ÀÎÁ®_³²","Å¸Á¶·¹ÀÎÁ®_³²","326","nome com apostrofo"
"'Å¸Á¶·¹ÀÎÁ®_³²","Å¸Á¶·¹ÀÎÁ®_³²","327","nome com apostrofo"
"'Å¸Á¶·¹ÀÎÁ®_³²","Å¸Á¶·¹ÀÎÁ®_³²","328","nome com apostrofo"
"'Å¸Á¶·¹ÀÎÁ®_³²","Å¸Á¶·¹ÀÎÁ®_³²","329","nome com apostrofo"
"'Å¸Á¶·¹ÀÎÁ®_³²","Å¸Á¶·¹ÀÎÁ®_³²","330","nome com apostrofo"
"'Å¸Á¶·¹ÀÎÁ®_³²","Å¸Á¶·¹ÀÎÁ®_³²","331","nome com apostrofo"
"'Å¸Á¶·¹ÀÎÁ®_³²","Å¸Á¶·¹ÀÎÁ®_³²","332","nome com apostrofo"
"'Å¸Á¶·¹ÀÎÁ®_³²","Å¸Á¶·¹ÀÎÁ®_³²","333","nome com apostrofo"
"'Å¸Á¶·¹ÀÎÁ®_³²","Å¸Á¶·¹ÀÎÁ®_³²","334","nome com apostrofo"
"'Å¸Á¶·¹ÀÎÁ®_³²","Å¸Á¶·¹ÀÎÁ®_³²","335","nome com apostrofo"
"'Å¸Á¶·¹ÀÎÁ®_³²","Å¸Á¶·¹ÀÎÁ®_³²","336","nome com apostrofo"
"'Å¸Á¶·¹ÀÎÁ®_³²","Å¸Á¶·¹ÀÎÁ®_³²","337","nome com apostrofo"
"'Å¸Á¶·¹ÀÎÁ®_³²","Å¸Á¶·¹ÀÎÁ®_³²","338","nome com apostrofo"
"'Å¸Á¶·¹ÀÎÁ®_³²","Å¸Á¶·¹ÀÎÁ®_³²","339","nome com apostrofo"
"'Å¸Á¶·¹ÀÎÁ®_³²","Å¸Á¶·¹ÀÎÁ®_³²","340","nome com apostrofo"
"'Å¸Á¶·¹ÀÎÁ®_³²","Å¸Á¶·¹ÀÎÁ®_³²","341","nome com apostrofo"
"'Å¸Á¶·¹ÀÎÁ®_³²","Å¸Á¶·¹ÀÎÁ®_³²","342","nome com apostrofo"
"'Å¸Á¶·¹ÀÎÁ®_³²","Å¸Á¶·¹ÀÎÁ®_³²","343","nome com apostrofo"
"'Å¸Á¶·¹ÀÎÁ®_³²","Å¸Á¶·¹ÀÎÁ®_³²","344","nome com apostrofo"
"'Å¸Á¶·¹ÀÎÁ®_³²","Å¸Á¶·¹ÀÎÁ®_³²","345","nome com apostrofo"
"'Å¸Á¶·¹ÀÎÁ®_³²","Å¸Á¶·¹ÀÎÁ®_³²","346","nome com apostrofo"
"'Å¸Á¶·¹ÀÎÁ®_³²","Å¸Á¶·¹ÀÎÁ®_³²","347","nome com apostrofo"
"'Å¸Á¶·¹ÀÎÁ®_³²","Å¸Á¶·¹ÀÎÁ®_³²","348","nome com apostrofo"
"'Å¸Á¶·¹ÀÎÁ®_³²","Å¸Á¶·¹ÀÎÁ®_³²","349","nome com apostrofo"
"'Å¸Á¶·¹ÀÎÁ®_³²","Å¸Á¶·¹ÀÎÁ®_³²","350","nome com apostrofo"
"'Å¸Á¶·¹ÀÎÁ®_³²","Å¸Á¶·¹ÀÎÁ®_³²","351","nome com apostrofo"
"'Å¸Á¶·¹ÀÎÁ®_³²","Å¸Á¶·¹ÀÎÁ®_³²","352","nome com apostrofo"
"'Å¸Á¶·¹ÀÎÁ®_³²","Å¸Á¶·¹ÀÎÁ®_³²","353","nome com apostrofo"
"'Å¸Á¶·¹ÀÎÁ®_³²","Å¸Á¶·¹ÀÎÁ®_³²","354","nome com apostrofo"
"'Å¸Á¶·¹ÀÎÁ®_³²","Å¸Á¶·¹ÀÎÁ®_³²","355","nome com apostrofo"
"'Å¸Á¶·¹ÀÎÁ®_³²","Å¸Á¶·¹ÀÎÁ®_³²","356","nome com apostrofo"
"'Å¸Á¶·¹ÀÎÁ®_³²","Å¸Á¶·¹ÀÎÁ®_³²","357","nome com apostrofo"
"'Å¸Á¶·¹ÀÎÁ®_³²","Å¸Á¶·¹ÀÎÁ®_³²","358","nome com apostrofo"
"'Å¸Á¶·¹ÀÎÁ®_³²","Å¸Á¶·¹ÀÎÁ®_³²","359","nome com apostrofo"
"'Å¸Á¶·¹ÀÎÁ®_³²","Å¸Á¶·¹ÀÎÁ®_³²","360","nome com apostrofo"
"'Å¸Á¶·¹ÀÎÁ®_³²","Å¸Á¶·¹ÀÎÁ®_³²","361","nome com apostrofo"
"'Å¸Á¶·¹ÀÎÁ®_³²","Å¸Á¶·¹ÀÎÁ®_³²","362","nome com apostrofo"
"'Å¸Á¶·¹ÀÎÁ®_³²","Å¸Á¶·¹ÀÎÁ®_³²","363","nome com apostrofo"
"'Å¸Á¶·¹ÀÎÁ®_³²","Å¸Á¶·¹ÀÎÁ®_³²","364","nome com apostrofo"
"'Å¸Á¶·¹ÀÎÁ®_³²","Å¸Á¶·¹ÀÎÁ®_³²","365","nome com apostrofo"
"'Å¸Á¶·¹ÀÎÁ®_³²","Å¸Á¶·¹ÀÎÁ®_³²","366","nome com apostrofo"
"'Å¸Á¶·¹ÀÎÁ®_³²","Å¸Á¶·¹ÀÎÁ®_³²","367","nome com apostrofo"
"'Å¸Á¶·¹ÀÎÁ®_³²","Å¸Á¶·¹ÀÎÁ®_³²","368","nome com apostrofo"
"'Å¸Á¶·¹ÀÎÁ®_³²","Å¸Á¶·¹ÀÎÁ®_³²","369","nome com apostrofo"
"'Å¸Á¶·¹ÀÎÁ®_³²","Å¸Á¶·¹ÀÎÁ®_³²","370","nome com apostrofo"
"'Å¸Á¶·¹ÀÎÁ®_³²","Å¸Á¶·¹ÀÎÁ®_³²","371","nome com apostrofo"
"'Å¸Á¶·¹ÀÎÁ®_³²","Å¸Á¶·¹ÀÎÁ®_³²","372","nome com apostrofo"
"'Å¸Á¶·¹ÀÎÁ®_³²","Å¸Á¶·¹ÀÎÁ®_³²","373","nome com apostrofo"
"'Å¸Á¶·¹ÀÎÁ®_³²","Å¸Á¶·¹ÀÎÁ®_³²","374","nome com apostrofo"
"'Å¸Á¶·¹ÀÎÁ®_³²","Å¸Á¶·¹ÀÎÁ®_³²","375","nome com apostrofo"
"'Å¸Á¶·¹ÀÎÁ®_³²","Å¸Á¶·¹ÀÎÁ®_³²","376","nome com apostrofo"
"'Å¸Á¶·¹ÀÎÁ®_³²","Å¸Á¶·¹ÀÎÁ®_³²","377","nome com apostrofo"
"'Å¸Á¶·¹ÀÎÁ®_³²","Å¸Á¶·¹ÀÎÁ®_³²","378","nome com apostrofo"
"'Å¸Á¶·¹ÀÎÁ®_³²","Å¸Á¶·¹ÀÎÁ®_³²","379","nome com apostrofo"
"'Å¸Á¶·¹ÀÎÁ®_³²","Å¸Á¶·¹ÀÎÁ®_³²","380","nome com apostrofo"
"'Å¸Á¶·¹ÀÎÁ®_³²","Å¸Á¶·¹ÀÎÁ®_³²","381","nome com apostrofo"
"'Å¸Á¶·¹ÀÎÁ®_³²","Å¸Á¶·¹ÀÎÁ®_³²","382","nome com apostrofo"
"'Å¸Á¶·¹ÀÎÁ®_³²","Å¸Á¶·¹ÀÎÁ®_³²","383","nome com apostrofo"
"'Å¸Á¶·¹ÀÎÁ®_³²","Å¸Á¶·¹ÀÎÁ®_³²","384","nome com apostrofo"
"'Å¸Á¶·¹ÀÎÁ®_³²","Å¸Á¶·¹ÀÎÁ®_³²","385","nome com apostrofo"
"'Å¸Á¶·¹ÀÎÁ®_³²","Å¸Á¶·¹ÀÎÁ®_³²","386","nome com apostrofo"
"'Å¸Á¶·¹ÀÎÁ®_³²","Å¸Á¶·¹ÀÎÁ®_³²","387","nome com apostrofo"
"'Å¸Á¶·¹ÀÎÁ®_³²","Å¸Á¶·¹ÀÎÁ®_³²","388","nome com apostrofo"
"'Å¸Á¶·¹ÀÎÁ®_³²","Å¸Á¶·¹ÀÎÁ®_³²","389","nome com apostrofo"
"'Å¸Á¶·¹ÀÎÁ®_³²","Å¸Á¶·¹ÀÎÁ®_³²","390","nome com apostrofo"
"'Å¸Á¶·¹ÀÎÁ®_³²","Å¸Á¶·¹ÀÎÁ®_³²","391","nome com apostrofo"
"'Å¸Á¶·¹ÀÎÁ®_³²","Å¸Á¶·¹ÀÎÁ®_³²","392","nome com apostrofo"
"'Å¸Á¶·¹ÀÎÁ®_³²","Å¸Á¶·¹ÀÎÁ®_³²","393","nome com apostrofo"
"'Å¸Á¶·¹ÀÎÁ®_³²","Å¸Á¶·¹ÀÎÁ®_³²","394","nome com apostrofo"
"'Å¸Á¶·¹ÀÎÁ®_³²","Å¸Á¶·¹ÀÎÁ®_³²","395","nome com apostrofo"
"'Å¸Á¶·¹ÀÎÁ®_³²","Å¸Á¶·¹ÀÎÁ®_³²","396","nome com apostrofo"
"'Å¸Á¶·¹ÀÎÁ®_³²","Å¸Á¶·¹ÀÎÁ®_³²","397","nome com apostrofo"
"'Å¸Á¶·¹ÀÎÁ®_³²","Å¸Á¶·¹ÀÎÁ®_³²","398","nome com apostrofo"
"'Å¸Á¶·¹ÀÎÁ®_³²","Å¸Á¶·¹ÀÎÁ®_³²","399","nome com apostrofo"
"'Å¸Á¶·¹ÀÎÁ®_³²","Å¸Á¶·¹ÀÎÁ®_³²","400","nome com apostrofo"
"'Å¸Á¶·¹ÀÎÁ®_³²","Å¸Á¶·¹ÀÎÁ®_³²","401","nome com apostrofo"
"'Å¸Á¶·¹ÀÎÁ®_³²","Å¸Á¶·¹ÀÎÁ®_³²","402","nome com apostrofo"
"'Å¸Á¶·¹ÀÎÁ®_³²","Å¸Á¶·¹ÀÎÁ®_³²","403","nome com apostrofo"
"'Å¸Á¶·¹ÀÎÁ®_³²","Å¸Á¶·¹ÀÎÁ®_³²","404","nome com apostrofo"
"'Å¸Á¶·¹ÀÎÁ®_³²","Å¸Á¶·¹ÀÎÁ®_³²","405","nome com apostrofo"
"'Å¸Á¶·¹ÀÎÁ®_³²","Å¸Á¶·¹ÀÎÁ®_³²","406","nome com apostrofo"
"'Å¸Á¶·¹ÀÎÁ®_³²","Å¸Á¶·¹ÀÎÁ®_³²","407","nome com apostrofo"
"'Å¸Á¶·¹ÀÎÁ®_³²","Å¸Á¶·¹ÀÎÁ®_³²","408","nome com apostrofo"
"'Å¸Á¶·¹ÀÎÁ®_³²","Å¸Á¶·¹ÀÎÁ®_³²","409","nome com apostrofo"
"'Å¸Á¶·¹ÀÎÁ®_³²","Å¸Á¶·¹ÀÎÁ®_³²","410","nome com apostrofo"
"'Å¸Á¶·¹ÀÎÁ®_³²","Å¸Á¶·¹ÀÎÁ®_³²","411","nome com apostrofo"
"'Å¸Á¶·¹ÀÎÁ®_³²","Å¸Á¶·¹ÀÎÁ®_³²","412","nome com apostrofo"
"'Å¸Á¶·¹ÀÎÁ®_³²","Å¸Á¶·¹ÀÎÁ®_³²","413","nome com apostrofo"
"'Å¸Á¶·¹ÀÎÁ®_³²","Å¸Á¶·¹ÀÎÁ®_³²","414","nome com apostrofo"
"'Å¸Á¶·¹ÀÎÁ®_³²","Å¸Á¶·¹ÀÎÁ®_³²","415","nome com apostrofo"
"'Å¸Á¶·¹ÀÎÁ®_³²","Å¸Á¶·¹ÀÎÁ®_³²","416","nome com apostrofo"
"'Å¸Á¶·¹ÀÎÁ®_³²","Å¸Á¶·¹ÀÎÁ®_³²","417","nome com apostrofo"
"'Å¸Á¶·¹ÀÎÁ®_³²","Å¸Á¶·¹ÀÎÁ®_³²","418","nome com apostrofo"
"'Å¸Á¶·¹ÀÎÁ®_³²","Å¸Á¶·¹ÀÎÁ®_³²","419","nome com apostrofo"
"'Å¸Á¶·¹ÀÎÁ®_³²","Å¸Á¶·¹ÀÎÁ®_³²","420","nome com apostrofo"
"'Å¸Á¶·¹ÀÎÁ®_³²","Å¸Á¶·¹ÀÎÁ®_³²","421","nome com apostrofo"
"'Å¸Á¶·¹ÀÎÁ®_³²","Å¸Á¶·¹ÀÎÁ®_³²","422","nome com apostrofo"
"'Å¸Á¶·¹ÀÎÁ®_³²","Å¸Á¶·¹ÀÎÁ®_³²","423","nome com apostrofo"
"'Å¸Á¶·¹ÀÎÁ®_³²","Å¸Á¶·¹ÀÎÁ®_³²","424","nome com apostrofo"
"'Å¸Á¶·¹ÀÎÁ®_³²","Å¸Á¶·¹ÀÎÁ®_³²","425","nome com apostrofo"
"'Å¸Á¶·¹ÀÎÁ®_³²","Å¸Á¶·¹ÀÎÁ®_³²","426","nome com apostrofo"
"'Å¸Á¶·¹ÀÎÁ®_³²","Å¸Á¶·¹ÀÎÁ®_³²","427","nome com apostrofo"
"'Å¸Á¶·¹ÀÎÁ®_³²","Å¸Á¶·¹ÀÎÁ®_³²","428","nome com apostrofo"
"'Å¸Á¶·¹ÀÎÁ®_³²","Å¸Á¶·¹ÀÎÁ®_³²","429","nome com apostrofo"
"'Å¸Á¶·¹ÀÎÁ®_³²","Å¸Á¶·¹ÀÎÁ®_³²","430","nome com apostrofo"
"'Å¸Á¶·¹ÀÎÁ®_³²","Å¸Á¶·¹ÀÎÁ®_³²","431","nome com apostrofo"
"'Å¸Á¶·¹ÀÎÁ®_³²","Å¸Á¶·¹ÀÎÁ®_³²","432","nome com apostrofo"
"'Å¸Á¶·¹ÀÎÁ®_³²","Å¸Á¶·¹ÀÎÁ®_³²","433","nome com apostrofo"
"'Å¸Á¶·¹ÀÎÁ®_³²","Å¸Á¶·¹ÀÎÁ®_³²","434","nome com apostrofo"
"'Å¸Á¶·¹ÀÎÁ®_³²","Å¸Á¶·¹ÀÎÁ®_³²","435","nome com apostrofo"
"'Å¸Á¶·¹ÀÎÁ®_³²","Å¸Á¶·¹ÀÎÁ®_³²","436","nome com apostrofo"
"'Å¸Á¶·¹ÀÎÁ®_³²","Å¸Á¶·¹ÀÎÁ®_³²","437","nome com apostrofo"
"'Å¸Á¶·¹ÀÎÁ®_³²","Å¸Á¶·¹ÀÎÁ®_³²","438","nome com apostrofo"
"'Å¸Á¶·¹ÀÎÁ®_³²","Å¸Á¶·¹ÀÎÁ®_³²","439","nome com apostrofo"
"'Å¸Á¶·¹ÀÎÁ®_³²","Å¸Á¶·¹ÀÎÁ®_³²","440","nome com apostrofo"
"'Å¸Á¶·¹ÀÎÁ®_³²","Å¸Á¶·¹ÀÎÁ®_³²","441","nome com apostrofo"
"'Å¸Á¶·¹ÀÎÁ®_³²","Å¸Á¶·¹ÀÎÁ®_³²","442","nome com apostrofo"
"'Å¸Á¶·¹ÀÎÁ®_³²","Å¸Á¶·¹ÀÎÁ®_³²","443","nome com apostrofo"
"'Å¸Á¶·¹ÀÎÁ®_³²","Å¸Á¶·¹ÀÎÁ®_³²","444","nome com apostrofo"
"'Å¸Á¶·¹ÀÎÁ®_³²","Å¸Á¶·¹ÀÎÁ®_³²","445","nome com apostrofo"
"'Å¸Á¶·¹ÀÎÁ®_³²","Å¸Á¶·¹ÀÎÁ®_³²","446","nome com apostrofo"
"'Å¸Á¶·¹ÀÎÁ®_³²","Å¸Á¶·¹ÀÎÁ®_³²","447","nome com apostrofo"
"'Å¸Á¶·¹ÀÎÁ®_³²","Å¸Á¶·¹ÀÎÁ®_³²","448","nome com apostrofo"
"'Å¸Á¶·¹ÀÎÁ®_³²","Å¸Á¶·¹ÀÎÁ®_³²","449","nome com apostrofo"
"'Å¸Á¶·¹ÀÎÁ®_³²","Å¸Á¶·¹ÀÎÁ®_³²","450","nome com apostrofo"
"'Å¸Á¶·¹ÀÎÁ®_³²","Å¸Á¶·¹ÀÎÁ®_³²","451","nome com apostrofo"
"'Å¸Á¶·¹ÀÎÁ®_³²","Å¸Á¶·¹ÀÎÁ®_³²","452","nome com apostrofo"
"'Å¸Á¶·¹ÀÎÁ®_³²","Å¸Á¶·¹ÀÎÁ®_³²","453","nome com apostrofo"
"'Å¸Á¶·¹ÀÎÁ®_³²","Å¸Á¶·¹ÀÎÁ®_³²","454","nome com apostrofo"
"'Å¸Á¶·¹ÀÎÁ®_³²","Å¸Á¶·¹ÀÎÁ®_³²","455","nome com apostrofo"
"'Å¸Á¶·¹ÀÎÁ®_³²","Å¸Á¶·¹ÀÎÁ®_³²","456","nome com apostrofo"
"'Å¸Á¶·¹ÀÎÁ®_³²","Å¸Á¶·¹ÀÎÁ®_³²","457","nome com apostrofo"
"'Å¸Á¶·¹ÀÎÁ®_³²","Å¸Á¶·¹ÀÎÁ®_³²","458","nome com apostrofo"
"'Å¸Á¶·¹ÀÎÁ®_³²","Å¸Á¶·¹ÀÎÁ®_³²","459","nome com apostrofo"
"'Å¸Á¶·¹ÀÎÁ®_³²","Å¸Á¶·¹ÀÎÁ®_³²","460","nome com apostrofo"
"'Å¸Á¶·¹ÀÎÁ®_³²","Å¸Á¶·¹ÀÎÁ®_³²","461","nome com apostrofo"
"'Å¸Á¶·¹ÀÎÁ®_³²","Å¸Á¶·¹ÀÎÁ®_³²","462","nome com apostrofo"
"'Å¸Á¶·¹ÀÎÁ®_³²","Å¸Á¶·¹ÀÎÁ®_³²","463","nome com apostrofo"
"'Å¸Á¶·¹ÀÎÁ®_³²","Å¸Á¶·¹ÀÎÁ®_³²","464","nome com apostrofo"
"'Å¸Á¶·¹ÀÎÁ®_³²","Å¸Á¶·¹ÀÎÁ®_³²","465","nome com apostrofo"
"'Å¸Á¶·¹ÀÎÁ®_³²","Å¸Á¶·¹ÀÎÁ®_³²","466","nome com apostrofo"
"'Å¸Á¶·¹ÀÎÁ®_³²","Å¸Á¶·¹ÀÎÁ®_³²","467","nome com apostrofo"
"'Å¸Á¶·¹ÀÎÁ®_³²","Å¸Á¶·¹ÀÎÁ®_³²","468","nome com apostrofo"
"'Å¸Á¶·¹ÀÎÁ®_³²","Å¸Á¶·¹ÀÎÁ®_³²","469","nome com apostrofo"
"'Å¸Á¶·¹ÀÎÁ®_³²","Å¸Á¶·¹ÀÎÁ®_³²","470","nome com apostrofo"
"'Å¸Á¶·¹ÀÎÁ®_³²","Å¸Á¶·¹ÀÎÁ®_³²","471","nome com apostrofo"
"'Å¸Á¶·¹ÀÎÁ®_³²","Å¸Á¶·¹ÀÎÁ®_³²","472","nome com apostrofo"
"'Å¸Á¶·¹ÀÎÁ®_³²","Å¸Á¶·¹ÀÎÁ®_³²","473","nome com apostrofo"
"'Å¸Á¶·¹ÀÎÁ®_³²","Å¸Á¶·¹ÀÎÁ®_³²","474","nome com apostrofo"
"'Å¸Á¶·¹ÀÎÁ®_³²","Å¸Á¶·¹ÀÎÁ®_³²","475","nome com apostrofo"
"'Å¸Á¶·¹ÀÎÁ®_³²","Å¸Á¶·¹ÀÎÁ®_³²","476","nome com apostrofo"
"'Å¸Á¶·¹ÀÎÁ®_³²","Å¸Á¶·¹ÀÎÁ®_³²","477","nome com apostrofo"
"'Å¸Á¶·¹ÀÎÁ®_³²","Å¸Á¶·¹ÀÎÁ®_³²","478","nome com apostrofo"
"'Å¸Á¶·¹ÀÎÁ®_³²","Å¸Á¶·¹ÀÎÁ®_³²","479","nome com apostrofo"
"'Å¸Á¶·¹ÀÎÁ®_³²","Å¸Á¶·¹ÀÎÁ®_³²","480","nome com apostrofo"
"'Å¸Á¶·¹ÀÎÁ®_³²","Å¸Á¶·¹ÀÎÁ®_³²","481","nome com apostrofo"
"'Å¸Á¶·¹ÀÎÁ®_³²","Å¸Á¶·¹ÀÎÁ®_³²","482","nome com apostrofo"
"'Å¸Á¶·¹ÀÎÁ®_³²","Å¸Á¶·¹ÀÎÁ®_³²","483","nome com apostrofo"
"'Å¸Á¶·¹ÀÎÁ®_³²","Å¸Á¶·¹ÀÎÁ®_³²","484","nome com apostrofo"
"'Å¸Á¶·¹ÀÎÁ®_³²","Å¸Á¶·¹ÀÎÁ®_³²","485","nome com apostrofo"
"'Å¸Á¶·¹ÀÎÁ®_³²","Å¸Á¶·¹ÀÎÁ®_³²","486","nome com apostrofo"
"'Å¸Á¶·¹ÀÎÁ®_³²","Å¸Á¶·¹ÀÎÁ®_³²","487","nome com apostrofo"
"'Å¸Á¶·¹ÀÎÁ®_³²","Å¸Á¶·¹ÀÎÁ®_³²","488","nome com apostrofo"
"'Å¸Á¶·¹ÀÎÁ®_³²","Å¸Á¶·¹ÀÎÁ®_³²","489","nome com apostrofo"
"'Å¸Á¶·¹ÀÎÁ®_³²","Å¸Á¶·¹ÀÎÁ®_³²","490","nome com apostrofo"
"'Å¸Á¶·¹ÀÎÁ®_³²","Å¸Á¶·¹ÀÎÁ®_³²","491","nome com apostrofo"
"'Å¸Á¶·¹ÀÎÁ®_³²","Å¸Á¶·¹ÀÎÁ®_³²","492","nome com apostrofo"
"'Å¸Á¶·¹ÀÎÁ®_³²","Å¸Á¶·¹ÀÎÁ®_³²","493","nome com apostrofo"
"'Å¸Á¶·¹ÀÎÁ®_³²","Å¸Á¶·¹ÀÎÁ®_³²","494","nome com apostrofo"
"'Å¸Á¶·¹ÀÎÁ®_³²","Å¸Á¶·¹ÀÎÁ®_³²","495","nome com apostrofo"
"'Å¸Á¶·¹ÀÎÁ®_³²","Å¸Á¶·¹ÀÎÁ®_³²","496","nome com apostrofo"
"'Å¸Á¶·¹ÀÎÁ®_³²","Å¸Á¶·¹ÀÎÁ®_³²","497","nome com apostrofo"
"'Å¸Á¶·¹ÀÎÁ®_³²","Å¸Á¶·¹ÀÎÁ®_³²","498","nome com apostrofo"
"'Å¸Á¶·¹ÀÎÁ®_³²","Å¸Á¶·¹ÀÎÁ®_³²","499","nome com apostrofo"
"'Å¸Á¶·¹ÀÎÁ®_³²","Å¸Á¶·¹ÀÎÁ®_³²","500","nome com apostrofo"
"'Å¸Á¶·¹ÀÎÁ®_³²","Å¸Á¶·¹ÀÎÁ®_³²","501","nome com apostrofo"
"'Å¸Á¶·¹ÀÎÁ®_³²","Å¸Á¶·¹ÀÎÁ®_³²","502","nome com apostrofo"
"'Å¸Á¶·¹ÀÎÁ®_³²","Å¸Á¶·¹ÀÎÁ®_³²","503","nome com apostrofo"
"'Å¸Á¶·¹ÀÎÁ®_³²","Å¸Á¶·¹ÀÎÁ®_³²","504","nome com apostrofo"
"'Å¸Á¶·¹ÀÎÁ®_³²","Å¸Á¶·¹ÀÎÁ®_³²","505","nome com apostrofo"
"'Å¸Á¶·¹ÀÎÁ®_³²","Å¸Á¶·¹ÀÎÁ®_³²","506","nome com apostrofo"
"'Å¸Á¶·¹ÀÎÁ®_³²","Å¸Á¶·¹ÀÎÁ®_³²","507","nome com apostrofo"
"'Å¸Á¶·¹ÀÎÁ®_³²","Å¸Á¶·¹ÀÎÁ®_³²","508","nome com apostrofo"
"'Å¸Á¶·¹ÀÎÁ®_³²","Å¸Á¶·¹ÀÎÁ®_³²","509","nome com apostrofo"
"'Å¸Á¶·¹ÀÎÁ®_³²","Å¸Á¶·¹ÀÎÁ®_³²","510","nome com apostrofo"
"'Å¸Á¶·¹ÀÎÁ®_³²","Å¸Á¶·¹ÀÎÁ®_³²","511","nome com apostrofo"
"'Å¸Á¶·¹ÀÎÁ®_³²","Å¸Á¶·¹ÀÎÁ®_³²","512","nome com apostrofo"
"'Å¸Á¶·¹ÀÎÁ®_³²","Å¸Á¶·¹ÀÎÁ®_³²","513","nome com apostrofo"
"'Å¸Á¶·¹ÀÎÁ®_³²","Å¸Á¶·¹ÀÎÁ®_³²","514","nome com apostrofo"
"'Å¸Á¶·¹ÀÎÁ®_³²","Å¸Á¶·¹ÀÎÁ®_³²","515","nome com apostrofo"
"'Å¸Á¶·¹ÀÎÁ®_³²","Å¸Á¶·¹ÀÎÁ®_³²","516","nome com apostrofo"
"'Å¸Á¶·¹ÀÎÁ®_³²","Å¸Á¶·¹ÀÎÁ®_³²","517","nome com apostrofo"
"'Å¸Á¶·¹ÀÎÁ®_³²","Å¸Á¶·¹ÀÎÁ®_³²","518","nome com apostrofo"
"'Å¸Á¶·¹ÀÎÁ®_³²","Å¸Á¶·¹ÀÎÁ®_³²","519","nome com apostrofo"
"'Å¸Á¶·¹ÀÎÁ®_³²","Å¸Á¶·¹ÀÎÁ®_³²","520","nome com apostrofo"
"'Å¸Á¶·¹ÀÎÁ®_³²","Å¸Á¶·¹ÀÎÁ®_³²","521","nome com apostrofo"
"'Å¸Á¶·¹ÀÎÁ®_³²","Å¸Á¶·¹ÀÎÁ®_³²","522","nome com apostrofo"
"'Å¸Á¶·¹ÀÎÁ®_³²","Å¸Á¶·¹ÀÎÁ®_³²","523","nome com apostrofo"
"'Å¸Á¶·¹ÀÎÁ®_³²","Å¸Á¶·¹ÀÎÁ®_³²","524","nome com apostrofo"
"'Å¸Á¶·¹ÀÎÁ®_³²","Å¸Á¶·¹ÀÎÁ®_³²","525","nome com apostrofo"
"'Å¸Á¶·¹ÀÎÁ®_³²","Å¸Á¶·¹ÀÎÁ®_³²","526","nome com apostrofo"
"'Å¸Á¶·¹ÀÎÁ®_³²","Å¸Á¶·¹ÀÎÁ®_³²","527","nome com apostrofo"
"'Å¸Á¶·¹ÀÎÁ®_³²","Å¸Á¶·¹ÀÎÁ®_³²","528","nome com apostrofo"
"'Å¸Á¶·¹ÀÎÁ®_³²","Å¸Á¶·¹ÀÎÁ®_³²","529","nome com apostrofo"
"'Å¸Á¶·¹ÀÎÁ®_³²","Å¸Á¶·¹ÀÎÁ®_³²","530","nome com apostrofo"
"'Å¸Á¶·¹ÀÎÁ®_³²","Å¸Á¶·¹ÀÎÁ®_³²","531","nome com apostrofo"
"'Å¸Á¶·¹ÀÎÁ®_³²","Å¸Á¶·¹ÀÎÁ®_³²","532","nome com apostrofo"
"'Å¸Á¶·¹ÀÎÁ®_³²","Å¸Á¶·¹ÀÎÁ®_³²","533","nome com apostrofo"
"'Å¸Á¶·¹ÀÎÁ®_³²","Å¸Á¶·¹ÀÎÁ®_³²","534","nome com apostrofo"
"'Å¸Á¶·¹ÀÎÁ®_³²","Å¸Á¶·¹ÀÎÁ®_³²","535","nome com apostrofo"
"'Å¸Á¶·¹ÀÎÁ®_³²","Å¸Á¶·¹ÀÎÁ®_³²","536","nome com apostrofo"
"'Å¸Á¶·¹ÀÎÁ®_³²","Å¸Á¶·¹ÀÎÁ®_³²","537","nome com apostrofo"
"'Å¸Á¶·¹ÀÎÁ®_³²","Å¸Á¶·¹ÀÎÁ®_³²","538","nome com apostrofo"
"'Å¸Á¶·¹ÀÎÁ®_³²","Å¸Á¶·¹ÀÎÁ®_³²","539","nome com apostrofo"
"'Å¸Á¶·¹ÀÎÁ®_³²","Å¸Á¶·¹ÀÎÁ®_³²","540","nome com apostrofo"
"'Å¸Á¶·¹ÀÎÁ®_³²","Å¸Á¶·¹ÀÎÁ®_³²","541","nome com apostrofo"
"'Å¸Á¶·¹ÀÎÁ®_³²","Å¸Á¶·¹ÀÎÁ®_³²","542","nome com apostrofo"
"'Å¸Á¶·¹ÀÎÁ®_³²","Å¸Á¶·¹ÀÎÁ®_³²","543","nome com apostrofo"
"'Å¸Á¶·¹ÀÎÁ®_³²","Å¸Á¶·¹ÀÎÁ®_³²","544","nome com apostrofo"
"'Å¸Á¶·¹ÀÎÁ®_³²","Å¸Á¶·¹ÀÎÁ®_³²","545","nome com apostrofo"
"'Å¸Á¶·¹ÀÎÁ®_³²","Å¸Á¶·¹ÀÎÁ®_³²","546","nome com apostrofo"
"'Å¸Á¶·¹ÀÎÁ®_³²","Å¸Á¶·¹ÀÎÁ®_³²","547","nome com apostrofo"
"'Å¸Á¶·¹ÀÎÁ®_³²","Å¸Á¶·¹ÀÎÁ®_³²","548","nome com apostrofo"
"'Å¸Á¶·¹ÀÎÁ®_³²","Å¸Á¶·¹ÀÎÁ®_³²","549","nome com apostrofo"
"'Å¸Á¶·¹ÀÎÁ®_³²","Å¸Á¶·¹ÀÎÁ®_³²","550","nome com apostrofo"
"'Å¸Á¶·¹ÀÎÁ®_³²","Å¸Á¶·¹ÀÎÁ®_³²","551","nome com apostrofo"
"'Å¸Á¶·¹ÀÎÁ®_³²","Å¸Á¶·¹ÀÎÁ®_³²","552","nome com apostrofo"
"'Å¸Á¶·¹ÀÎÁ®_³²","Å¸Á¶·¹ÀÎÁ®_³²","553","nome com apostrofo"
"'Å¸Á¶·¹ÀÎÁ®_³²","Å¸Á¶·¹ÀÎÁ®_³²","554","nome com apostrofo"
"'Å¸Á¶·¹ÀÎÁ®_³²","Å¸Á¶·¹ÀÎÁ®_³²","555","nome com apostrofo"
"'Å¸Á¶·¹ÀÎÁ®_³²","Å¸Á¶·¹ÀÎÁ®_³²","556","nome com apostrofo"
"'Å¸Á¶·¹ÀÎÁ®_³²","Å¸Á¶·¹ÀÎÁ®_³²","557","nome com apostrofo"
"'Å¸Á¶·¹ÀÎÁ®_³²","Å¸Á¶·¹ÀÎÁ®_³²","558","nome com apostrofo"
"'Å¸Á¶·¹ÀÎÁ®_³²","Å¸Á¶·¹ÀÎÁ®_³²","559","nome com apostrofo"
"'Å¸Á¶·¹ÀÎÁ®_³²","Å¸Á¶·¹ÀÎÁ®_³²","560","nome com apostrofo"
"'Å¸Á¶·¹ÀÎÁ®_³²","Å¸Á¶·¹ÀÎÁ®_³²","561","nome com apostrofo"
"'Å¸Á¶·¹ÀÎÁ®_³²","Å¸Á¶·¹ÀÎÁ®_³²","562","nome com apostrofo"
"'Å¸Á¶·¹ÀÎÁ®_³²","Å¸Á¶·¹ÀÎÁ®_³²","563","nome com apostrofo"
"'Å¸Á¶·¹ÀÎÁ®_³²","Å¸Á¶·¹ÀÎÁ®_³²","564","nome com apostrofo"
"'Å¸Á¶·¹ÀÎÁ®_³²","Å¸Á¶·¹ÀÎÁ®_³²","565","nome com apostrofo"
"'Å¸Á¶·¹ÀÎÁ®_³²","Å¸Á¶·¹ÀÎÁ®_³²","566","nome com apostrofo"
"'Å¸Á¶·¹ÀÎÁ®_³²","Å¸Á¶·¹ÀÎÁ®_³²","567","nome com apostrofo"
"'Å¸Á¶·¹ÀÎÁ®_³²","Å¸Á¶·¹ÀÎÁ®_³²","568","nome com apostrofo"
"'Å¸Á¶·¹ÀÎÁ®_³²","Å¸Á¶·¹ÀÎÁ®_³²","569","nome com apostrofo"
"'Å¸Á¶·¹ÀÎÁ®_³²","Å¸Á¶·¹ÀÎÁ®_³²","570","nome com apostrofo"
"'Å¸Á¶·¹ÀÎÁ®_³²","Å¸Á¶·¹ÀÎÁ®_³²","571","nome com apostrofo"
"'Å¸Á¶·¹ÀÎÁ®_³²","Å¸Á¶·¹ÀÎÁ®_³²","572","nome com apostrofo"
"'Å¸Á¶·¹ÀÎÁ®_³²","Å¸Á¶·¹ÀÎÁ®_³²","573","nome com apostrofo"
"'Å¸Á¶·¹ÀÎÁ®_³²","Å¸Á¶·¹ÀÎÁ®_³²","574","nome com apostrofo"
"'Å¸Á¶·¹ÀÎÁ®_³²","Å¸Á¶·¹ÀÎÁ®_³²","575","nome com apostrofo"
"'Å¸Á¶·¹ÀÎÁ®_³²","Å¸Á¶·¹ÀÎÁ®_³²","576","nome com apostrofo"
"'Å¸Á¶·¹ÀÎÁ®_³²","Å¸Á¶·¹ÀÎÁ®_³²","577","nome com apostrofo"
"'Å¸Á¶·¹ÀÎÁ®_³²","Å¸Á¶·¹ÀÎÁ®_³²","578","nome com apostrofo"
"'Å¸Á¶·¹ÀÎÁ®_³²","Å¸Á¶·¹ÀÎÁ®_³²","579","nome com apostrofo"
"'Å¸Á¶·¹ÀÎÁ®_³²","Å¸Á¶·¹ÀÎÁ®_³²","580","nome com apostrofo"
"'Å¸Á¶·¹ÀÎÁ®_³²","Å¸Á¶·¹ÀÎÁ®_³²","581","nome com apostrofo"
"'Å¸Á¶·¹ÀÎÁ®_³²","Å¸Á¶·¹ÀÎÁ®_³²","582","nome com apostrofo"
"'Å¸Á¶·¹ÀÎÁ®_³²","Å¸Á¶·¹ÀÎÁ®_³²","583","nome com apostrofo"
"'Å¸Á¶·¹ÀÎÁ®_³²","Å¸Á¶·¹ÀÎÁ®_³²","584","nome com apostrofo"
"'Å¸Á¶·¹ÀÎÁ®_³²","Å¸Á¶·¹ÀÎÁ®_³²","585","nome com apostrofo"
"'Å¸Á¶·¹ÀÎÁ®_³²","Å¸Á¶·¹ÀÎÁ®_³²","586","nome com apostrofo"
"'Å¸Á¶·¹ÀÎÁ®_³²","Å¸Á¶·¹ÀÎÁ®_³²","587","nome com apostrofo"
"'Å¸Á¶·¹ÀÎÁ®_³²","Å¸Á¶·¹ÀÎÁ®_³²","588","nome com apostrofo"
"'Å¸Á¶·¹ÀÎÁ®_³²","Å¸Á¶·¹ÀÎÁ®_³²","589","nome com apostrofo"
"'Å¸Á¶·¹ÀÎÁ®_³²","Å¸Á¶·¹ÀÎÁ®_³²","590","nome com apostrofo"
"'Å¸Á¶·¹ÀÎÁ®_³²","Å¸Á¶·¹ÀÎÁ®_³²","591","nome com apostrofo"
"'Å¸Á¶·¹ÀÎÁ®_³²","Å¸Á¶·¹ÀÎÁ®_³²","592","nome com apostrofo"
"'Å¸Á¶·¹ÀÎÁ®_³²","Å¸Á¶·¹ÀÎÁ®_³²","593","nome com apostrofo"
"'Å¸Á¶·¹ÀÎÁ®_³²","Å¸Á¶·¹ÀÎÁ®_³²","594","nome com apostrofo"
"'Å¸Á¶·¹ÀÎÁ®_³²","Å¸Á¶·¹ÀÎÁ®_³²","595","nome com apostrofo"
"'Å¸Á¶·¹ÀÎÁ®_³²","Å¸Á¶·¹ÀÎÁ®_³²","596","nome com apostrofo"
"'Å¸Á¶·¹ÀÎÁ®_³²","Å¸Á¶·¹ÀÎÁ®_³²","597","nome com apostrofo"
"'Å¸Á¶·¹ÀÎÁ®_³²","Å¸Á¶·¹ÀÎÁ®_³²","598","nome com apostrofo"
"'Å¸Á¶·¹ÀÎÁ®_³²","Å¸Á¶·¹ÀÎÁ®_³²","599","nome com apostrofo"
"'Å¸Á¶·¹ÀÎÁ®_³²","Å¸Á¶·¹ÀÎÁ®_³²","600","nome com apostrofo"
"'Å¸Á¶·¹ÀÎÁ®_³²","Å¸Á¶·¹ÀÎÁ®_³²","601","nome com apostrofo"
"'Å¸Á¶·¹ÀÎÁ®_³²","Å¸Á¶·¹ÀÎÁ®_³²","602","nome com apostrofo"
"'Å¸Á¶·¹ÀÎÁ®_³²","Å¸Á¶·¹ÀÎÁ®_³²","603","nome com apostrofo"
"'Å¸Á¶·¹ÀÎÁ®_³²","Å¸Á¶·¹ÀÎÁ®_³²","604","nome com apostrofo"
"'Å¸Á¶·¹ÀÎÁ®_³²","Å¸Á¶·¹ÀÎÁ®_³²","605","nome com apostrofo"
"'Å¸Á¶·¹ÀÎÁ®_³²","Å¸Á¶·¹ÀÎÁ®_³²","606","nome com apostrofo"
"'Å¸Á¶·¹ÀÎÁ®_³²","Å¸Á¶·¹ÀÎÁ®_³²","607","nome com apostrofo"
"'Å¸Á¶·¹ÀÎÁ®_³²","Å¸Á¶·¹ÀÎÁ®_³²","608","nome com apostrofo"
"'Å¸Á¶·¹ÀÎÁ®_³²","Å¸Á¶·¹ÀÎÁ®_³²","609","nome com apostrofo"
"'Å¸Á¶·¹ÀÎÁ®_³²","Å¸Á¶·¹ÀÎÁ®_³²","610","nome com apostrofo"
"'Å¸Á¶·¹ÀÎÁ®_³²","Å¸Á¶·¹ÀÎÁ®_³²","611","nome com apostrofo"
"'Å¸Á¶·¹ÀÎÁ®_³²","Å¸Á¶·¹ÀÎÁ®_³²","612","nome com apostrofo"
"'Å¸Á¶·¹ÀÎÁ®_³²","Å¸Á¶·¹ÀÎÁ®_³²","613","nome com apostrofo"
"'Å¸Á¶·¹ÀÎÁ®_³²","Å¸Á¶·¹ÀÎÁ®_³²","614","nome com apostrofo"
"'Å¸Á¶·¹ÀÎÁ®_³²","Å¸Á¶·¹ÀÎÁ®_³²","615","nome com apostrofo"
"'Å¸Á¶·¹ÀÎÁ®_³²","Å¸Á¶·¹ÀÎÁ®_³²","616","nome com apostrofo"
"'Å¸Á¶·¹ÀÎÁ®_³²","Å¸Á¶·¹ÀÎÁ®_³²","617","nome com apostrofo"
"'Å¸Á¶·¹ÀÎÁ®_³²","Å¸Á¶·¹ÀÎÁ®_³²","618","nome com apostrofo"
"'Å¸Á¶·¹ÀÎÁ®_³²","Å¸Á¶·¹ÀÎÁ®_³²","619","nome com apostrofo"
"'Å¸Á¶·¹ÀÎÁ®_³²","Å¸Á¶·¹ÀÎÁ®_³²","620","nome com apostrofo"
"'Å¸Á¶·¹ÀÎÁ®_³²","Å¸Á¶·¹ÀÎÁ®_³²","621","nome com apostrofo"
"'Å¸Á¶·¹ÀÎÁ®_³²","Å¸Á¶·¹ÀÎÁ®_³²","622","nome com apostrofo"
"'Å¸Á¶·¹ÀÎÁ®_³²","Å¸Á¶·¹ÀÎÁ®_³²","623","nome com apostrofo"
"'Å¸Á¶·¹ÀÎÁ®_³²","Å¸Á¶·¹ÀÎÁ®_³²","624","nome com apostrofo"
"'Å¸Á¶·¹ÀÎÁ®_³²","Å¸Á¶·¹ÀÎÁ®_³²","625","nome com apostrofo"
"'Å¸Á¶·¹ÀÎÁ®_³²","Å¸Á¶·¹ÀÎÁ®_³²","626","nome com apostrofo"
"'Å¸Á¶·¹ÀÎÁ®_³²","Å¸Á¶·¹ÀÎÁ®_³²","627","nome com apostrofo"
"'Å¸Á¶·¹ÀÎÁ®_³²","Å¸Á¶·¹ÀÎÁ®_³²","628","nome com apostrofo"
"'Å¸Á¶·¹ÀÎÁ®_³²","Å¸Á¶·¹ÀÎÁ®_³²","629","nome com apostrofo"
"'Å¸Á¶·¹ÀÎÁ®_³²","Å¸Á¶·¹ÀÎÁ®_³²","630","nome com apostrofo"
"'Å¸Á¶·¹ÀÎÁ®_³²","Å¸Á¶·¹ÀÎÁ®_³²","631","nome com apostrofo"
"'Å¸Á¶·¹ÀÎÁ®_³²","Å¸Á¶·¹ÀÎÁ®_³²","632","nome com apostrofo"
"'Å¸Á¶·¹ÀÎÁ®_³²","Å¸Á¶·¹ÀÎÁ®_³²","633","nome com apostrofo"
"'Å¸Á¶·¹ÀÎÁ®_³²","Å¸Á¶·¹ÀÎÁ®_³²","634","nome com apostrofo"
"'Å¸Á¶·¹ÀÎÁ®_³²","Å¸Á¶·¹ÀÎÁ®_³²","635","nome com apostrofo"
"'Å¸Á¶·¹ÀÎÁ®_³²","Å¸Á¶·¹ÀÎÁ®_³²","636","nome com apostrofo"
"'Å¸Á¶·¹ÀÎÁ®_³²","Å¸Á¶·¹ÀÎÁ®_³²","637","nome com apostrofo"
"'Å¸Á¶·¹ÀÎÁ®_³²","Å¸Á¶·¹ÀÎÁ®_³²","638","nome com apostrofo"
"'Å¸Á¶·¹ÀÎÁ®_³²","Å¸Á¶·¹ÀÎÁ®_³²","639","nome com apostrofo"
"'Å¸Á¶·¹ÀÎÁ®_³²","Å¸Á¶·¹ÀÎÁ®_³²","640","nome com apostrofo"
"'Å¸Á¶·¹ÀÎÁ®_³²","Å¸Á¶·¹ÀÎÁ®_³²","641","nome com apostrofo"
"'Å¸Á¶·¹ÀÎÁ®_³²","Å¸Á¶·¹ÀÎÁ®_³²","642","nome com apostrofo"
"'Å¸Á¶·¹ÀÎÁ®_³²","Å¸Á¶·¹ÀÎÁ®_³²","643","nome com apostrofo"
"'Å¸Á¶·¹ÀÎÁ®_³²","Å¸Á¶·¹ÀÎÁ®_³²","644","nome com apostrofo"
"'Å¸Á¶·¹ÀÎÁ®_³²","Å¸Á¶·¹ÀÎÁ®_³²","645","nome com apostrofo"
"'Å¸Á¶·¹ÀÎÁ®_³²","Å¸Á¶·¹ÀÎÁ®_³²","646","nome com apostrofo"
"'Å¸Á¶·¹ÀÎÁ®_³²","Å¸Á¶·¹ÀÎÁ®_³²","647","nome com apostrofo"
"'Å¸Á¶·¹ÀÎÁ®_³²","Å¸Á¶·¹ÀÎÁ®_³²","648","nome com apostrofo"
"'Å¸Á¶·¹ÀÎÁ®_³²","Å¸Á¶·¹ÀÎÁ®_³²","649","nome com apostrofo"
"'Å¸Á¶·¹ÀÎÁ®_³²","Å¸Á¶·¹ÀÎÁ®_³²","650","nome com apostrofo"
"'Å¸Á¶·¹ÀÎÁ®_³²","Å¸Á¶·¹ÀÎÁ®_³²","651","nome com apostrofo"
"'Å¸Á¶·¹ÀÎÁ®_³²","Å¸Á¶·¹ÀÎÁ®_³²","652","nome com apostrofo"
"'Å¸Á¶·¹ÀÎÁ®_³²","Å¸Á¶·¹ÀÎÁ®_³²","653","nome com apostrofo"
"'Å¸Á¶·¹ÀÎÁ®_³²","Å¸Á¶·¹ÀÎÁ®_³²","654","nome com apostrofo"
"'Å¸Á¶·¹ÀÎÁ®_³²","Å¸Á¶·¹ÀÎÁ®_³²","655","nome com apostrofo"
"'Å¸Á¶·¹ÀÎÁ®_³²","Å¸Á¶·¹ÀÎÁ®_³²","656","nome com apostrofo"
"'Å¸Á¶·¹ÀÎÁ®_³²","Å¸Á¶·¹ÀÎÁ®_³²","657","nome com apostrofo"
"'Å¸Á¶·¹ÀÎÁ®_³²","Å¸Á¶·¹ÀÎÁ®_³²","658","nome com apostrofo"
"'Å¸Á¶·¹ÀÎÁ®_³²","Å¸Á¶·¹ÀÎÁ®_³²","659","nome com apostrofo"
"'Å¸Á¶·¹ÀÎÁ®_³²","Å¸Á¶·¹ÀÎÁ®_³²","660","nome com apostrofo"
"'Å¸Á¶·¹ÀÎÁ®_³²","Å¸Á¶·¹ÀÎÁ®_³²","661","nome com apostrofo"
"'Å¸Á¶·¹ÀÎÁ®_³²","Å¸Á¶·¹ÀÎÁ®_³²","662","nome com apostrofo"
"'Å¸Á¶·¹ÀÎÁ®_³²","Å¸Á¶·¹ÀÎÁ®_³²","663","nome com apostrofo"
"'Å¸Á¶·¹ÀÎÁ®_³²","Å¸Á¶·¹ÀÎÁ®_³²","664","nome com apostrofo"
"'Å¸Á¶·¹ÀÎÁ®_³²","Å¸Á¶·¹ÀÎÁ®_³²","665","nome com apostrofo"
"'Å¸Á¶·¹ÀÎÁ®_³²","Å¸Á¶·¹ÀÎÁ®_³²","666","nome com apostrofo"
"'Å¸Á¶·¹ÀÎÁ®_³²","Å¸Á¶·¹ÀÎÁ®_³²","667","nome com apostrofo"
"'Å¸Á¶·¹ÀÎÁ®_³²","Å¸Á¶·¹ÀÎÁ®_³²","668","nome com apostrofo"
"'Å¸Á¶·¹ÀÎÁ®_³²","Å¸Á¶·¹ÀÎÁ®_³²","669","nome com apostrofo"
"'Å¸Á¶·¹ÀÎÁ®_³²","Å¸Á¶·¹ÀÎÁ®_³²","670","nome com apostrofo"
"'Å¸Á¶·¹ÀÎÁ®_³²","Å¸Á¶·¹ÀÎÁ®_³²","671","nome com apostrofo"
"'Å¸Á¶·¹ÀÎÁ®_³²","Å¸Á¶·¹ÀÎÁ®_³²","672","nome com apostrofo"
"'Å¸Á¶·¹ÀÎÁ®_³²","Å¸Á¶·¹ÀÎÁ®_³²","673","nome com apostrofo"
"'Å¸Á¶·¹ÀÎÁ®_³²","Å¸Á¶·¹ÀÎÁ®_³²","674","nome com apostrofo"
"'Å¸Á¶·¹ÀÎÁ®_³²","Å¸Á¶·¹ÀÎÁ®_³²","675","nome com apostrofo"
"'Å¸Á¶·¹ÀÎÁ®_³²","Å¸Á¶·¹ÀÎÁ®_³²","676","nome com apostrofo"
"'Å¸Á¶·¹ÀÎÁ®_³²","Å¸Á¶·¹ÀÎÁ®_³²","677","nome com apostrofo"
"'Å¸Á¶·¹ÀÎÁ®_³²","Å¸Á¶·¹ÀÎÁ®_³²","678","nome com apostrofo"
"'Å¸Á¶·¹ÀÎÁ®_³²","Å¸Á¶·¹ÀÎÁ®_³²","679","nome com apostrofo"
"'Å¸Á¶·¹ÀÎÁ®_³²","Å¸Á¶·¹ÀÎÁ®_³²","680","nome com apostrofo"
"'Å¸Á¶·¹ÀÎÁ®_³²","Å¸Á¶·¹ÀÎÁ®_³²","681","nome com apostrofo"
"'Å¸Á¶·¹ÀÎÁ®_³²","Å¸Á¶·¹ÀÎÁ®_³²","682","nome com apostrofo"
"'Å¸Á¶·¹ÀÎÁ®_³²","Å¸Á¶·¹ÀÎÁ®_³²","683","nome com apostrofo"
"'Å¸Á¶·¹ÀÎÁ®_³²","Å¸Á¶·¹ÀÎÁ®_³²","684","nome com apostrofo"
"'Å¸Á¶·¹ÀÎÁ®_³²","Å¸Á¶·¹ÀÎÁ®_³²","685","nome com apostrofo"
"'Å¸Á¶·¹ÀÎÁ®_³²","Å¸Á¶·¹ÀÎÁ®_³²","686","nome com apostrofo"
"'Å¸Á¶·¹ÀÎÁ®_³²","Å¸Á¶·¹ÀÎÁ®_³²","687","nome com apostrofo"
"'Å¸Á¶·¹ÀÎÁ®_³²","Å¸Á¶·¹ÀÎÁ®_³²","688","nome com apostrofo"
"'Å¸Á¶·¹ÀÎÁ®_³²","Å¸Á¶·¹ÀÎÁ®_³²","689","nome com apostrofo"
"'Å¸Á¶·¹ÀÎÁ®_³²","Å¸Á¶·¹ÀÎÁ®_³²","690","nome com apostrofo"
"'Å¸Á¶·¹ÀÎÁ®_³²","Å¸Á¶·¹ÀÎÁ®_³²","691","nome com apostrofo"
"'Å¸Á¶·¹ÀÎÁ®_³²","Å¸Á¶·¹ÀÎÁ®_³²","692","nome com apostrofo"
"'Å¸Á¶·¹ÀÎÁ®_³²","Å¸Á¶·¹ÀÎÁ®_³²","693","nome com apostrofo"
"'Å¸Á¶·¹ÀÎÁ®_³²","Å¸Á¶·¹ÀÎÁ®_³²","694","nome com apostrofo"
"'Å¸Á¶·¹ÀÎÁ®_³²","Å¸Á¶·¹ÀÎÁ®_³²","695","nome com apostrofo"
"'Å¸Á¶·¹ÀÎÁ®_³²","Å¸Á¶·¹ÀÎÁ®_³²","696","nome com apostrofo"
"'Å¸Á¶·¹ÀÎÁ®_³²","Å¸Á¶·¹ÀÎÁ®_³²","697","nome com apostrofo"
"'Å¸Á¶·¹ÀÎÁ®_³²","Å¸Á¶·¹ÀÎÁ®_³²","698","nome com apostrofo"
"'Å¸Á¶·¹ÀÎÁ®_³²","Å¸Á¶·¹ÀÎÁ®_³²","699","nome com apostrofo"
"'Å¸Á¶·¹ÀÎÁ®_¿©","Å¸Á¶·¹ÀÎÁ®_¿©","0","nome com apostrofo"
"'Å¸Á¶·¹ÀÎÁ®_¿©","Å¸Á¶·¹ÀÎÁ®_¿©","1","nome com apostrofo"
"'Å¸Á¶·¹ÀÎÁ®_¿©","Å¸Á¶·¹ÀÎÁ®_¿©","2","nome com apostrofo"
"'Å¸Á¶·¹ÀÎÁ®_¿©","Å¸Á¶·¹ÀÎÁ®_¿©","3","nome com apostrofo"
"'Å¸Á¶·¹ÀÎÁ®_¿©","Å¸Á¶·¹ÀÎÁ®_¿©","4","nome com apostrofo"
"'Å¸Á¶·¹ÀÎÁ®_¿©","Å¸Á¶·¹ÀÎÁ®_¿©","5","nome com apostrofo"
"'Å¸Á¶·¹ÀÎÁ®_¿©","Å¸Á¶·¹ÀÎÁ®_¿©","6","nome com apostrofo"
"'Å¸Á¶·¹ÀÎÁ®_¿©","Å¸Á¶·¹ÀÎÁ®_¿©","7","nome com apostrofo"
"'Å¸Á¶·¹ÀÎÁ®_¿©","Å¸Á¶·¹ÀÎÁ®_¿©","8","nome com apostrofo"
"'Å¸Á¶·¹ÀÎÁ®_¿©","Å¸Á¶·¹ÀÎÁ®_¿©","9","nome com apostrofo"
"'Å¸Á¶·¹ÀÎÁ®_¿©","Å¸Á¶·¹ÀÎÁ®_¿©","10","nome com apostrofo"
"'Å¸Á¶·¹ÀÎÁ®_¿©","Å¸Á¶·¹ÀÎÁ®_¿©","11","nome com apostrofo"
"'Å¸Á¶·¹ÀÎÁ®_¿©","Å¸Á¶·¹ÀÎÁ®_¿©","12","nome com apostrofo"
"'Å¸Á¶·¹ÀÎÁ®_¿©","Å¸Á¶·¹ÀÎÁ®_¿©","13","nome com apostrofo"
"'Å¸Á¶·¹ÀÎÁ®_¿©","Å¸Á¶·¹ÀÎÁ®_¿©","14","nome com apostrofo"
"'Å¸Á¶·¹ÀÎÁ®_¿©","Å¸Á¶·¹ÀÎÁ®_¿©","15","nome com apostrofo"
"'Å¸Á¶·¹ÀÎÁ®_¿©","Å¸Á¶·¹ÀÎÁ®_¿©","16","nome com apostrofo"
"'Å¸Á¶·¹ÀÎÁ®_¿©","Å¸Á¶·¹ÀÎÁ®_¿©","17","nome com apostrofo"
"'Å¸Á¶·¹ÀÎÁ®_¿©","Å¸Á¶·¹ÀÎÁ®_¿©","18","nome com apostrofo"
"'Å¸Á¶·¹ÀÎÁ®_¿©","Å¸Á¶·¹ÀÎÁ®_¿©","19","nome com apostrofo"
"'Å¸Á¶·¹ÀÎÁ®_¿©","Å¸Á¶·¹ÀÎÁ®_¿©","20","nome com apostrofo"
"'Å¸Á¶·¹ÀÎÁ®_¿©","Å¸Á¶·¹ÀÎÁ®_¿©","21","nome com apostrofo"
"'Å¸Á¶·¹ÀÎÁ®_¿©","Å¸Á¶·¹ÀÎÁ®_¿©","22","nome com apostrofo"
"'Å¸Á¶·¹ÀÎÁ®_¿©","Å¸Á¶·¹ÀÎÁ®_¿©","23","nome com apostrofo"
"'Å¸Á¶·¹ÀÎÁ®_¿©","Å¸Á¶·¹ÀÎÁ®_¿©","24","nome com apostrofo"
"'Å¸Á¶·¹ÀÎÁ®_¿©","Å¸Á¶·¹ÀÎÁ®_¿©","25","nome com apostrofo"
"'Å¸Á¶·¹ÀÎÁ®_¿©","Å¸Á¶·¹ÀÎÁ®_¿©","26","nome com apostrofo"
"'Å¸Á¶·¹ÀÎÁ®_¿©","Å¸Á¶·¹ÀÎÁ®_¿©","27","nome com apostrofo"
"'Å¸Á¶·¹ÀÎÁ®_¿©","Å¸Á¶·¹ÀÎÁ®_¿©","28","nome com apostrofo"
"'Å¸Á¶·¹ÀÎÁ®_¿©","Å¸Á¶·¹ÀÎÁ®_¿©","29","nome com apostrofo"
"'Å¸Á¶·¹ÀÎÁ®_¿©","Å¸Á¶·¹ÀÎÁ®_¿©","30","nome com apostrofo"
"'Å¸Á¶·¹ÀÎÁ®_¿©","Å¸Á¶·¹ÀÎÁ®_¿©","31","nome com apostrofo"
"'Å¸Á¶·¹ÀÎÁ®_¿©","Å¸Á¶·¹ÀÎÁ®_¿©","32","nome com apostrofo"
"'Å¸Á¶·¹ÀÎÁ®_¿©","Å¸Á¶·¹ÀÎÁ®_¿©","33","nome com apostrofo"
"'Å¸Á¶·¹ÀÎÁ®_¿©","Å¸Á¶·¹ÀÎÁ®_¿©","34","nome com apostrofo"
"'Å¸Á¶·¹ÀÎÁ®_¿©","Å¸Á¶·¹ÀÎÁ®_¿©","35","nome com apostrofo"
"'Å¸Á¶·¹ÀÎÁ®_¿©","Å¸Á¶·¹ÀÎÁ®_¿©","36","nome com apostrofo"
"'Å¸Á¶·¹ÀÎÁ®_¿©","Å¸Á¶·¹ÀÎÁ®_¿©","37","nome com apostrofo"
"'Å¸Á¶·¹ÀÎÁ®_¿©","Å¸Á¶·¹ÀÎÁ®_¿©","38","nome com apostrofo"
"'Å¸Á¶·¹ÀÎÁ®_¿©","Å¸Á¶·¹ÀÎÁ®_¿©","39","nome com apostrofo"
"'Å¸Á¶·¹ÀÎÁ®_¿©","Å¸Á¶·¹ÀÎÁ®_¿©","40","nome com apostrofo"
"'Å¸Á¶·¹ÀÎÁ®_¿©","Å¸Á¶·¹ÀÎÁ®_¿©","41","nome com apostrofo"
"'Å¸Á¶·¹ÀÎÁ®_¿©","Å¸Á¶·¹ÀÎÁ®_¿©","42","nome com apostrofo"
"'Å¸Á¶·¹ÀÎÁ®_¿©","Å¸Á¶·¹ÀÎÁ®_¿©","43","nome com apostrofo"
"'Å¸Á¶·¹ÀÎÁ®_¿©","Å¸Á¶·¹ÀÎÁ®_¿©","44","nome com apostrofo"
"'Å¸Á¶·¹ÀÎÁ®_¿©","Å¸Á¶·¹ÀÎÁ®_¿©","45","nome com apostrofo"
"'Å¸Á¶·¹ÀÎÁ®_¿©","Å¸Á¶·¹ÀÎÁ®_¿©","46","nome com apostrofo"
"'Å¸Á¶·¹ÀÎÁ®_¿©","Å¸Á¶·¹ÀÎÁ®_¿©","47","nome com apostrofo"
"'Å¸Á¶·¹ÀÎÁ®_¿©","Å¸Á¶·¹ÀÎÁ®_¿©","48","nome com apostrofo"
"'Å¸Á¶·¹ÀÎÁ®_¿©","Å¸Á¶·¹ÀÎÁ®_¿©","49","nome com apostrofo"
"'Å¸Á¶·¹ÀÎÁ®_¿©","Å¸Á¶·¹ÀÎÁ®_¿©","50","nome com apostrofo"
"'Å¸Á¶·¹ÀÎÁ®_¿©","Å¸Á¶·¹ÀÎÁ®_¿©","51","nome com apostrofo"
"'Å¸Á¶·¹ÀÎÁ®_¿©","Å¸Á¶·¹ÀÎÁ®_¿©","52","nome com apostrofo"
"'Å¸Á¶·¹ÀÎÁ®_¿©","Å¸Á¶·¹ÀÎÁ®_¿©","53","nome com apostrofo"
"'Å¸Á¶·¹ÀÎÁ®_¿©","Å¸Á¶·¹ÀÎÁ®_¿©","54","nome com apostrofo"
"'Å¸Á¶·¹ÀÎÁ®_¿©","Å¸Á¶·¹ÀÎÁ®_¿©","55","nome com apostrofo"
"'Å¸Á¶·¹ÀÎÁ®_¿©","Å¸Á¶·¹ÀÎÁ®_¿©","56","nome com apostrofo"
"'Å¸Á¶·¹ÀÎÁ®_¿©","Å¸Á¶·¹ÀÎÁ®_¿©","57","nome com apostrofo"
"'Å¸Á¶·¹ÀÎÁ®_¿©","Å¸Á¶·¹ÀÎÁ®_¿©","58","nome com apostrofo"
"'Å¸Á¶·¹ÀÎÁ®_¿©","Å¸Á¶·¹ÀÎÁ®_¿©","59","nome com apostrofo"
"'Å¸Á¶·¹ÀÎÁ®_¿©","Å¸Á¶·¹ÀÎÁ®_¿©","60","nome com apostrofo"
"'Å¸Á¶·¹ÀÎÁ®_¿©","Å¸Á¶·¹ÀÎÁ®_¿©","61","nome com apostrofo"
"'Å¸Á¶·¹ÀÎÁ®_¿©","Å¸Á¶·¹ÀÎÁ®_¿©","62","nome com apostrofo"
"'Å¸Á¶·¹ÀÎÁ®_¿©","Å¸Á¶·¹ÀÎÁ®_¿©","63","nome com apostrofo"
"'Å¸Á¶·¹ÀÎÁ®_¿©","Å¸Á¶·¹ÀÎÁ®_¿©","64","nome com apostrofo"
"'Å¸Á¶·¹ÀÎÁ®_¿©","Å¸Á¶·¹ÀÎÁ®_¿©","65","nome com apostrofo"
"'Å¸Á¶·¹ÀÎÁ®_¿©","Å¸Á¶·¹ÀÎÁ®_¿©","66","nome com apostrofo"
"'Å¸Á¶·¹ÀÎÁ®_¿©","Å¸Á¶·¹ÀÎÁ®_¿©","67","nome com apostrofo"
"'Å¸Á¶·¹ÀÎÁ®_¿©","Å¸Á¶·¹ÀÎÁ®_¿©","68","nome com apostrofo"
"'Å¸Á¶·¹ÀÎÁ®_¿©","Å¸Á¶·¹ÀÎÁ®_¿©","69","nome com apostrofo"
"'Å¸Á¶·¹ÀÎÁ®_¿©","Å¸Á¶·¹ÀÎÁ®_¿©","70","nome com apostrofo"
"'Å¸Á¶·¹ÀÎÁ®_¿©","Å¸Á¶·¹ÀÎÁ®_¿©","71","nome com apostrofo"
"'Å¸Á¶·¹ÀÎÁ®_¿©","Å¸Á¶·¹ÀÎÁ®_¿©","72","nome com apostrofo"
"'Å¸Á¶·¹ÀÎÁ®_¿©","Å¸Á¶·¹ÀÎÁ®_¿©","73","nome com apostrofo"
"'Å¸Á¶·¹ÀÎÁ®_¿©","Å¸Á¶·¹ÀÎÁ®_¿©","74","nome com apostrofo"
"'Å¸Á¶·¹ÀÎÁ®_¿©","Å¸Á¶·¹ÀÎÁ®_¿©","75","nome com apostrofo"
"'Å¸Á¶·¹ÀÎÁ®_¿©","Å¸Á¶·¹ÀÎÁ®_¿©","76","nome com apostrofo"
"'Å¸Á¶·¹ÀÎÁ®_¿©","Å¸Á¶·¹ÀÎÁ®_¿©","77","nome com apostrofo"
"'Å¸Á¶·¹ÀÎÁ®_¿©","Å¸Á¶·¹ÀÎÁ®_¿©","78","nome com apostrofo"
"'Å¸Á¶·¹ÀÎÁ®_¿©","Å¸Á¶·¹ÀÎÁ®_¿©","79","nome com apostrofo"
"'Å¸Á¶·¹ÀÎÁ®_¿©","Å¸Á¶·¹ÀÎÁ®_¿©","80","nome com apostrofo"
"'Å¸Á¶·¹ÀÎÁ®_¿©","Å¸Á¶·¹ÀÎÁ®_¿©","81","nome com apostrofo"
"'Å¸Á¶·¹ÀÎÁ®_¿©","Å¸Á¶·¹ÀÎÁ®_¿©","82","nome com apostrofo"
"'Å¸Á¶·¹ÀÎÁ®_¿©","Å¸Á¶·¹ÀÎÁ®_¿©","83","nome com apostrofo"
"'Å¸Á¶·¹ÀÎÁ®_¿©","Å¸Á¶·¹ÀÎÁ®_¿©","84","nome com apostrofo"
"'Å¸Á¶·¹ÀÎÁ®_¿©","Å¸Á¶·¹ÀÎÁ®_¿©","85","nome com apostrofo"
"'Å¸Á¶·¹ÀÎÁ®_¿©","Å¸Á¶·¹ÀÎÁ®_¿©","86","nome com apostrofo"
"'Å¸Á¶·¹ÀÎÁ®_¿©","Å¸Á¶·¹ÀÎÁ®_¿©","87","nome com apostrofo"
"'Å¸Á¶·¹ÀÎÁ®_¿©","Å¸Á¶·¹ÀÎÁ®_¿©","88","nome com apostrofo"
"'Å¸Á¶·¹ÀÎÁ®_¿©","Å¸Á¶·¹ÀÎÁ®_¿©","89","nome com apostrofo"
"'Å¸Á¶·¹ÀÎÁ®_¿©","Å¸Á¶·¹ÀÎÁ®_¿©","90","nome com apostrofo"
"'Å¸Á¶·¹ÀÎÁ®_¿©","Å¸Á¶·¹ÀÎÁ®_¿©","91","nome com apostrofo"
"'Å¸Á¶·¹ÀÎÁ®_¿©","Å¸Á¶·¹ÀÎÁ®_¿©","92","nome com apostrofo"
"'Å¸Á¶·¹ÀÎÁ®_¿©","Å¸Á¶·¹ÀÎÁ®_¿©","93","nome com apostrofo"
"'Å¸Á¶·¹ÀÎÁ®_¿©","Å¸Á¶·¹ÀÎÁ®_¿©","94","nome com apostrofo"
"'Å¸Á¶·¹ÀÎÁ®_¿©","Å¸Á¶·¹ÀÎÁ®_¿©","95","nome com apostrofo"
"'Å¸Á¶·¹ÀÎÁ®_¿©","Å¸Á¶·¹ÀÎÁ®_¿©","96","nome com apostrofo"
"'Å¸Á¶·¹ÀÎÁ®_¿©","Å¸Á¶·¹ÀÎÁ®_¿©","97","nome com apostrofo"
"'Å¸Á¶·¹ÀÎÁ®_¿©","Å¸Á¶·¹ÀÎÁ®_¿©","98","nome com apostrofo"
"'Å¸Á¶·¹ÀÎÁ®_¿©","Å¸Á¶·¹ÀÎÁ®_¿©","99","nome com apostrofo"
"'Å¸Á¶·¹ÀÎÁ®_¿©","Å¸Á¶·¹ÀÎÁ®_¿©","100","nome com apostrofo"
"'Å¸Á¶·¹ÀÎÁ®_¿©","Å¸Á¶·¹ÀÎÁ®_¿©","101","nome com apostrofo"
"'Å¸Á¶·¹ÀÎÁ®_¿©","Å¸Á¶·¹ÀÎÁ®_¿©","102","nome com apostrofo"
"'Å¸Á¶·¹ÀÎÁ®_¿©","Å¸Á¶·¹ÀÎÁ®_¿©","103","nome com apostrofo"
"'Å¸Á¶·¹ÀÎÁ®_¿©","Å¸Á¶·¹ÀÎÁ®_¿©","104","nome com apostrofo"
"'Å¸Á¶·¹ÀÎÁ®_¿©","Å¸Á¶·¹ÀÎÁ®_¿©","105","nome com apostrofo"
"'Å¸Á¶·¹ÀÎÁ®_¿©","Å¸Á¶·¹ÀÎÁ®_¿©","106","nome com apostrofo"
"'Å¸Á¶·¹ÀÎÁ®_¿©","Å¸Á¶·¹ÀÎÁ®_¿©","107","nome com apostrofo"
"'Å¸Á¶·¹ÀÎÁ®_¿©","Å¸Á¶·¹ÀÎÁ®_¿©","108","nome com apostrofo"
"'Å¸Á¶·¹ÀÎÁ®_¿©","Å¸Á¶·¹ÀÎÁ®_¿©","109","nome com apostrofo"
"'Å¸Á¶·¹ÀÎÁ®_¿©","Å¸Á¶·¹ÀÎÁ®_¿©","110","nome com apostrofo"
"'Å¸Á¶·¹ÀÎÁ®_¿©","Å¸Á¶·¹ÀÎÁ®_¿©","111","nome com apostrofo"
"'Å¸Á¶·¹ÀÎÁ®_¿©","Å¸Á¶·¹ÀÎÁ®_¿©","112","nome com apostrofo"
"'Å¸Á¶·¹ÀÎÁ®_¿©","Å¸Á¶·¹ÀÎÁ®_¿©","113","nome com apostrofo"
"'Å¸Á¶·¹ÀÎÁ®_¿©","Å¸Á¶·¹ÀÎÁ®_¿©","114","nome com apostrofo"
"'Å¸Á¶·¹ÀÎÁ®_¿©","Å¸Á¶·¹ÀÎÁ®_¿©","115","nome com apostrofo"
"'Å¸Á¶·¹ÀÎÁ®_¿©","Å¸Á¶·¹ÀÎÁ®_¿©","116","nome com apostrofo"
"'Å¸Á¶·¹ÀÎÁ®_¿©","Å¸Á¶·¹ÀÎÁ®_¿©","117","nome com apostrofo"
"'Å¸Á¶·¹ÀÎÁ®_¿©","Å¸Á¶·¹ÀÎÁ®_¿©","118","nome com apostrofo"
"'Å¸Á¶·¹ÀÎÁ®_¿©","Å¸Á¶·¹ÀÎÁ®_¿©","119","nome com apostrofo"
"'Å¸Á¶·¹ÀÎÁ®_¿©","Å¸Á¶·¹ÀÎÁ®_¿©","120","nome com apostrofo"
"'Å¸Á¶·¹ÀÎÁ®_¿©","Å¸Á¶·¹ÀÎÁ®_¿©","121","nome com apostrofo"
"'Å¸Á¶·¹ÀÎÁ®_¿©","Å¸Á¶·¹ÀÎÁ®_¿©","122","nome com apostrofo"
"'Å¸Á¶·¹ÀÎÁ®_¿©","Å¸Á¶·¹ÀÎÁ®_¿©","123","nome com apostrofo"
"'Å¸Á¶·¹ÀÎÁ®_¿©","Å¸Á¶·¹ÀÎÁ®_¿©","124","nome com apostrofo"
"'Å¸Á¶·¹ÀÎÁ®_¿©","Å¸Á¶·¹ÀÎÁ®_¿©","125","nome com apostrofo"
"'Å¸Á¶·¹ÀÎÁ®_¿©","Å¸Á¶·¹ÀÎÁ®_¿©","126","nome com apostrofo"
"'Å¸Á¶·¹ÀÎÁ®_¿©","Å¸Á¶·¹ÀÎÁ®_¿©","127","nome com apostrofo"
"'Å¸Á¶·¹ÀÎÁ®_¿©","Å¸Á¶·¹ÀÎÁ®_¿©","128","nome com apostrofo"
"'Å¸Á¶·¹ÀÎÁ®_¿©","Å¸Á¶·¹ÀÎÁ®_¿©","129","nome com apostrofo"
"'Å¸Á¶·¹ÀÎÁ®_¿©","Å¸Á¶·¹ÀÎÁ®_¿©","130","nome com apostrofo"
"'Å¸Á¶·¹ÀÎÁ®_¿©","Å¸Á¶·¹ÀÎÁ®_¿©","131","nome com apostrofo"
"'Å¸Á¶·¹ÀÎÁ®_¿©","Å¸Á¶·¹ÀÎÁ®_¿©","132","nome com apostrofo"
"'Å¸Á¶·¹ÀÎÁ®_¿©","Å¸Á¶·¹ÀÎÁ®_¿©","133","nome com apostrofo"
"'Å¸Á¶·¹ÀÎÁ®_¿©","Å¸Á¶·¹ÀÎÁ®_¿©","134","nome com apostrofo"
"'Å¸Á¶·¹ÀÎÁ®_¿©","Å¸Á¶·¹ÀÎÁ®_¿©","135","nome com apostrofo"
"'Å¸Á¶·¹ÀÎÁ®_¿©","Å¸Á¶·¹ÀÎÁ®_¿©","136","nome com apostrofo"
"'Å¸Á¶·¹ÀÎÁ®_¿©","Å¸Á¶·¹ÀÎÁ®_¿©","137","nome com apostrofo"
"'Å¸Á¶·¹ÀÎÁ®_¿©","Å¸Á¶·¹ÀÎÁ®_¿©","138","nome com apostrofo"
"'Å¸Á¶·¹ÀÎÁ®_¿©","Å¸Á¶·¹ÀÎÁ®_¿©","139","nome com apostrofo"
"'Å¸Á¶·¹ÀÎÁ®_¿©","Å¸Á¶·¹ÀÎÁ®_¿©","140","nome com apostrofo"
"'Å¸Á¶·¹ÀÎÁ®_¿©","Å¸Á¶·¹ÀÎÁ®_¿©","141","nome com apostrofo"
"'Å¸Á¶·¹ÀÎÁ®_¿©","Å¸Á¶·¹ÀÎÁ®_¿©","142","nome com apostrofo"
"'Å¸Á¶·¹ÀÎÁ®_¿©","Å¸Á¶·¹ÀÎÁ®_¿©","143","nome com apostrofo"
"'Å¸Á¶·¹ÀÎÁ®_¿©","Å¸Á¶·¹ÀÎÁ®_¿©","144","nome com apostrofo"
"'Å¸Á¶·¹ÀÎÁ®_¿©","Å¸Á¶·¹ÀÎÁ®_¿©","145","nome com apostrofo"
"'Å¸Á¶·¹ÀÎÁ®_¿©","Å¸Á¶·¹ÀÎÁ®_¿©","146","nome com apostrofo"
"'Å¸Á¶·¹ÀÎÁ®_¿©","Å¸Á¶·¹ÀÎÁ®_¿©","147","nome com apostrofo"
"'Å¸Á¶·¹ÀÎÁ®_¿©","Å¸Á¶·¹ÀÎÁ®_¿©","148","nome com apostrofo"
"'Å¸Á¶·¹ÀÎÁ®_¿©","Å¸Á¶·¹ÀÎÁ®_¿©","149","nome com apostrofo"
"'Å¸Á¶·¹ÀÎÁ®_¿©","Å¸Á¶·¹ÀÎÁ®_¿©","150","nome com apostrofo"
"'Å¸Á¶·¹ÀÎÁ®_¿©","Å¸Á¶·¹ÀÎÁ®_¿©","151","nome com apostrofo"
"'Å¸Á¶·¹ÀÎÁ®_¿©","Å¸Á¶·¹ÀÎÁ®_¿©","152","nome com apostrofo"
"'Å¸Á¶·¹ÀÎÁ®_¿©","Å¸Á¶·¹ÀÎÁ®_¿©","153","nome com apostrofo"
"'Å¸Á¶·¹ÀÎÁ®_¿©","Å¸Á¶·¹ÀÎÁ®_¿©","154","nome com apostrofo"
"'Å¸Á¶·¹ÀÎÁ®_¿©","Å¸Á¶·¹ÀÎÁ®_¿©","155","nome com apostrofo"
"'Å¸Á¶·¹ÀÎÁ®_¿©","Å¸Á¶·¹ÀÎÁ®_¿©","156","nome com apostrofo"
"'Å¸Á¶·¹ÀÎÁ®_¿©","Å¸Á¶·¹ÀÎÁ®_¿©","157","nome com apostrofo"
"'Å¸Á¶·¹ÀÎÁ®_¿©","Å¸Á¶·¹ÀÎÁ®_¿©","158","nome com apostrofo"
"'Å¸Á¶·¹ÀÎÁ®_¿©","Å¸Á¶·¹ÀÎÁ®_¿©","159","nome com apostrofo"
"'Å¸Á¶·¹ÀÎÁ®_¿©","Å¸Á¶·¹ÀÎÁ®_¿©","160","nome com apostrofo"
"'Å¸Á¶·¹ÀÎÁ®_¿©","Å¸Á¶·¹ÀÎÁ®_¿©","161","nome com apostrofo"
"'Å¸Á¶·¹ÀÎÁ®_¿©","Å¸Á¶·¹ÀÎÁ®_¿©","162","nome com apostrofo"
"'Å¸Á¶·¹ÀÎÁ®_¿©","Å¸Á¶·¹ÀÎÁ®_¿©","163","nome com apostrofo"
"'Å¸Á¶·¹ÀÎÁ®_¿©","Å¸Á¶·¹ÀÎÁ®_¿©","164","nome com apostrofo"
"'Å¸Á¶·¹ÀÎÁ®_¿©","Å¸Á¶·¹ÀÎÁ®_¿©","165","nome com apostrofo"
"'Å¸Á¶·¹ÀÎÁ®_¿©","Å¸Á¶·¹ÀÎÁ®_¿©","166","nome com apostrofo"
"'Å¸Á¶·¹ÀÎÁ®_¿©","Å¸Á¶·¹ÀÎÁ®_¿©","167","nome com apostrofo"
"'Å¸Á¶·¹ÀÎÁ®_¿©","Å¸Á¶·¹ÀÎÁ®_¿©","168","nome com apostrofo"
"'Å¸Á¶·¹ÀÎÁ®_¿©","Å¸Á¶·¹ÀÎÁ®_¿©","169","nome com apostrofo"
"'Å¸Á¶·¹ÀÎÁ®_¿©","Å¸Á¶·¹ÀÎÁ®_¿©","170","nome com apostrofo"
"'Å¸Á¶·¹ÀÎÁ®_¿©","Å¸Á¶·¹ÀÎÁ®_¿©","171","nome com apostrofo"
"'Å¸Á¶·¹ÀÎÁ®_¿©","Å¸Á¶·¹ÀÎÁ®_¿©","172","nome com apostrofo"
"'Å¸Á¶·¹ÀÎÁ®_¿©","Å¸Á¶·¹ÀÎÁ®_¿©","173","nome com apostrofo"
"'Å¸Á¶·¹ÀÎÁ®_¿©","Å¸Á¶·¹ÀÎÁ®_¿©","174","nome com apostrofo"
"'Å¸Á¶·¹ÀÎÁ®_¿©","Å¸Á¶·¹ÀÎÁ®_¿©","175","nome com apostrofo"
"'Å¸Á¶·¹ÀÎÁ®_¿©","Å¸Á¶·¹ÀÎÁ®_¿©","176","nome com apostrofo"
"'Å¸Á¶·¹ÀÎÁ®_¿©","Å¸Á¶·¹ÀÎÁ®_¿©","177","nome com apostrofo"
"'Å¸Á¶·¹ÀÎÁ®_¿©","Å¸Á¶·¹ÀÎÁ®_¿©","178","nome com apostrofo"
"'Å¸Á¶·¹ÀÎÁ®_¿©","Å¸Á¶·¹ÀÎÁ®_¿©","179","nome com apostrofo"
"'Å¸Á¶·¹ÀÎÁ®_¿©","Å¸Á¶·¹ÀÎÁ®_¿©","180","nome com apostrofo"
"'Å¸Á¶·¹ÀÎÁ®_¿©","Å¸Á¶·¹ÀÎÁ®_¿©","181","nome com apostrofo"
"'Å¸Á¶·¹ÀÎÁ®_¿©","Å¸Á¶·¹ÀÎÁ®_¿©","182","nome com apostrofo"
"'Å¸Á¶·¹ÀÎÁ®_¿©","Å¸Á¶·¹ÀÎÁ®_¿©","183","nome com apostrofo"
"'Å¸Á¶·¹ÀÎÁ®_¿©","Å¸Á¶·¹ÀÎÁ®_¿©","184","nome com apostrofo"
"'Å¸Á¶·¹ÀÎÁ®_¿©","Å¸Á¶·¹ÀÎÁ®_¿©","185","nome com apostrofo"
"'Å¸Á¶·¹ÀÎÁ®_¿©","Å¸Á¶·¹ÀÎÁ®_¿©","186","nome com apostrofo"
"'Å¸Á¶·¹ÀÎÁ®_¿©","Å¸Á¶·¹ÀÎÁ®_¿©","187","nome com apostrofo"
"'Å¸Á¶·¹ÀÎÁ®_¿©","Å¸Á¶·¹ÀÎÁ®_¿©","188","nome com apostrofo"
"'Å¸Á¶·¹ÀÎÁ®_¿©","Å¸Á¶·¹ÀÎÁ®_¿©","189","nome com apostrofo"
"'Å¸Á¶·¹ÀÎÁ®_¿©","Å¸Á¶·¹ÀÎÁ®_¿©","190","nome com apostrofo"
"'Å¸Á¶·¹ÀÎÁ®_¿©","Å¸Á¶·¹ÀÎÁ®_¿©","191","nome com apostrofo"
"'Å¸Á¶·¹ÀÎÁ®_¿©","Å¸Á¶·¹ÀÎÁ®_¿©","192","nome com apostrofo"
"'Å¸Á¶·¹ÀÎÁ®_¿©","Å¸Á¶·¹ÀÎÁ®_¿©","193","nome com apostrofo"
"'Å¸Á¶·¹ÀÎÁ®_¿©","Å¸Á¶·¹ÀÎÁ®_¿©","194","nome com apostrofo"
"'Å¸Á¶·¹ÀÎÁ®_¿©","Å¸Á¶·¹ÀÎÁ®_¿©","195","nome com apostrofo"
"'Å¸Á¶·¹ÀÎÁ®_¿©","Å¸Á¶·¹ÀÎÁ®_¿©","196","nome com apostrofo"
"'Å¸Á¶·¹ÀÎÁ®_¿©","Å¸Á¶·¹ÀÎÁ®_¿©","197","nome com apostrofo"
"'Å¸Á¶·¹ÀÎÁ®_¿©","Å¸Á¶·¹ÀÎÁ®_¿©","198","nome com apostrofo"
"'Å¸Á¶·¹ÀÎÁ®_¿©","Å¸Á¶·¹ÀÎÁ®_¿©","199","nome com apostrofo"
"'Å¸Á¶·¹ÀÎÁ®_¿©","Å¸Á¶·¹ÀÎÁ®_¿©","200","nome com apostrofo"
"'Å¸Á¶·¹ÀÎÁ®_¿©","Å¸Á¶·¹ÀÎÁ®_¿©","201","nome com apostrofo"
"'Å¸Á¶·¹ÀÎÁ®_¿©","Å¸Á¶·¹ÀÎÁ®_¿©","202","nome com apostrofo"
"'Å¸Á¶·¹ÀÎÁ®_¿©","Å¸Á¶·¹ÀÎÁ®_¿©","203","nome com apostrofo"
"'Å¸Á¶·¹ÀÎÁ®_¿©","Å¸Á¶·¹ÀÎÁ®_¿©","204","nome com apostrofo"
"'Å¸Á¶·¹ÀÎÁ®_¿©","Å¸Á¶·¹ÀÎÁ®_¿©","205","nome com apostrofo"
"'Å¸Á¶·¹ÀÎÁ®_¿©","Å¸Á¶·¹ÀÎÁ®_¿©","206","nome com apostrofo"
"'Å¸Á¶·¹ÀÎÁ®_¿©","Å¸Á¶·¹ÀÎÁ®_¿©","207","nome com apostrofo"
"'Å¸Á¶·¹ÀÎÁ®_¿©","Å¸Á¶·¹ÀÎÁ®_¿©","208","nome com apostrofo"
"'Å¸Á¶·¹ÀÎÁ®_¿©","Å¸Á¶·¹ÀÎÁ®_¿©","209","nome com apostrofo"
"'Å¸Á¶·¹ÀÎÁ®_¿©","Å¸Á¶·¹ÀÎÁ®_¿©","210","nome com apostrofo"
"'Å¸Á¶·¹ÀÎÁ®_¿©","Å¸Á¶·¹ÀÎÁ®_¿©","211","nome com apostrofo"
"'Å¸Á¶·¹ÀÎÁ®_¿©","Å¸Á¶·¹ÀÎÁ®_¿©","212","nome com apostrofo"
"'Å¸Á¶·¹ÀÎÁ®_¿©","Å¸Á¶·¹ÀÎÁ®_¿©","213","nome com apostrofo"
"'Å¸Á¶·¹ÀÎÁ®_¿©","Å¸Á¶·¹ÀÎÁ®_¿©","214","nome com apostrofo"
"'Å¸Á¶·¹ÀÎÁ®_¿©","Å¸Á¶·¹ÀÎÁ®_¿©","215","nome com apostrofo"
"'Å¸Á¶·¹ÀÎÁ®_¿©","Å¸Á¶·¹ÀÎÁ®_¿©","216","nome com apostrofo"
"'Å¸Á¶·¹ÀÎÁ®_¿©","Å¸Á¶·¹ÀÎÁ®_¿©","217","nome com apostrofo"
"'Å¸Á¶·¹ÀÎÁ®_¿©","Å¸Á¶·¹ÀÎÁ®_¿©","218","nome com apostrofo"
"'Å¸Á¶·¹ÀÎÁ®_¿©","Å¸Á¶·¹ÀÎÁ®_¿©","219","nome com apostrofo"
"'Å¸Á¶·¹ÀÎÁ®_¿©","Å¸Á¶·¹ÀÎÁ®_¿©","220","nome com apostrofo"
"'Å¸Á¶·¹ÀÎÁ®_¿©","Å¸Á¶·¹ÀÎÁ®_¿©","221","nome com apostrofo"
"'Å¸Á¶·¹ÀÎÁ®_¿©","Å¸Á¶·¹ÀÎÁ®_¿©","222","nome com apostrofo"
"'Å¸Á¶·¹ÀÎÁ®_¿©","Å¸Á¶·¹ÀÎÁ®_¿©","223","nome com apostrofo"
"'Å¸Á¶·¹ÀÎÁ®_¿©","Å¸Á¶·¹ÀÎÁ®_¿©","224","nome com apostrofo"
"'Å¸Á¶·¹ÀÎÁ®_¿©","Å¸Á¶·¹ÀÎÁ®_¿©","225","nome com apostrofo"
"'Å¸Á¶·¹ÀÎÁ®_¿©","Å¸Á¶·¹ÀÎÁ®_¿©","226","nome com apostrofo"
"'Å¸Á¶·¹ÀÎÁ®_¿©","Å¸Á¶·¹ÀÎÁ®_¿©","227","nome com apostrofo"
"'Å¸Á¶·¹ÀÎÁ®_¿©","Å¸Á¶·¹ÀÎÁ®_¿©","228","nome com apostrofo"
"'Å¸Á¶·¹ÀÎÁ®_¿©","Å¸Á¶·¹ÀÎÁ®_¿©","229","nome com apostrofo"
"'Å¸Á¶·¹ÀÎÁ®_¿©","Å¸Á¶·¹ÀÎÁ®_¿©","230","nome com apostrofo"
"'Å¸Á¶·¹ÀÎÁ®_¿©","Å¸Á¶·¹ÀÎÁ®_¿©","231","nome com apostrofo"
"'Å¸Á¶·¹ÀÎÁ®_¿©","Å¸Á¶·¹ÀÎÁ®_¿©","232","nome com apostrofo"
"'Å¸Á¶·¹ÀÎÁ®_¿©","Å¸Á¶·¹ÀÎÁ®_¿©","233","nome com apostrofo"
"'Å¸Á¶·¹ÀÎÁ®_¿©","Å¸Á¶·¹ÀÎÁ®_¿©","234","nome com apostrofo"
"'Å¸Á¶·¹ÀÎÁ®_¿©","Å¸Á¶·¹ÀÎÁ®_¿©","235","nome com apostrofo"
"'Å¸Á¶·¹ÀÎÁ®_¿©","Å¸Á¶·¹ÀÎÁ®_¿©","236","nome com apostrofo"
"'Å¸Á¶·¹ÀÎÁ®_¿©","Å¸Á¶·¹ÀÎÁ®_¿©","237","nome com apostrofo"
"'Å¸Á¶·¹ÀÎÁ®_¿©","Å¸Á¶·¹ÀÎÁ®_¿©","238","nome com apostrofo"
"'Å¸Á¶·¹ÀÎÁ®_¿©","Å¸Á¶·¹ÀÎÁ®_¿©","239","nome com apostrofo"
"'Å¸Á¶·¹ÀÎÁ®_¿©","Å¸Á¶·¹ÀÎÁ®_¿©","240","nome com apostrofo"
"'Å¸Á¶·¹ÀÎÁ®_¿©","Å¸Á¶·¹ÀÎÁ®_¿©","241","nome com apostrofo"
"'Å¸Á¶·¹ÀÎÁ®_¿©","Å¸Á¶·¹ÀÎÁ®_¿©","242","nome com apostrofo"
"'Å¸Á¶·¹ÀÎÁ®_¿©","Å¸Á¶·¹ÀÎÁ®_¿©","243","nome com apostrofo"
"'Å¸Á¶·¹ÀÎÁ®_¿©","Å¸Á¶·¹ÀÎÁ®_¿©","244","nome com apostrofo"
"'Å¸Á¶·¹ÀÎÁ®_¿©","Å¸Á¶·¹ÀÎÁ®_¿©","245","nome com apostrofo"
"'Å¸Á¶·¹ÀÎÁ®_¿©","Å¸Á¶·¹ÀÎÁ®_¿©","246","nome com apostrofo"
"'Å¸Á¶·¹ÀÎÁ®_¿©","Å¸Á¶·¹ÀÎÁ®_¿©","247","nome com apostrofo"
"'Å¸Á¶·¹ÀÎÁ®_¿©","Å¸Á¶·¹ÀÎÁ®_¿©","248","nome com apostrofo"
"'Å¸Á¶·¹ÀÎÁ®_¿©","Å¸Á¶·¹ÀÎÁ®_¿©","249","nome com apostrofo"
"'Å¸Á¶·¹ÀÎÁ®_¿©","Å¸Á¶·¹ÀÎÁ®_¿©","250","nome com apostrofo"
"'Å¸Á¶·¹ÀÎÁ®_¿©","Å¸Á¶·¹ÀÎÁ®_¿©","251","nome com apostrofo"
"'Å¸Á¶·¹ÀÎÁ®_¿©","Å¸Á¶·¹ÀÎÁ®_¿©","252","nome com apostrofo"
"'Å¸Á¶·¹ÀÎÁ®_¿©","Å¸Á¶·¹ÀÎÁ®_¿©","253","nome com apostrofo"
"'Å¸Á¶·¹ÀÎÁ®_¿©","Å¸Á¶·¹ÀÎÁ®_¿©","254","nome com apostrofo"
"'Å¸Á¶·¹ÀÎÁ®_¿©","Å¸Á¶·¹ÀÎÁ®_¿©","255","nome com apostrofo"
"'Å¸Á¶·¹ÀÎÁ®_¿©","Å¸Á¶·¹ÀÎÁ®_¿©","256","nome com apostrofo"
"'Å¸Á¶·¹ÀÎÁ®_¿©","Å¸Á¶·¹ÀÎÁ®_¿©","257","nome com apostrofo"
"'Å¸Á¶·¹ÀÎÁ®_¿©","Å¸Á¶·¹ÀÎÁ®_¿©","258","nome com apostrofo"
"'Å¸Á¶·¹ÀÎÁ®_¿©","Å¸Á¶·¹ÀÎÁ®_¿©","259","nome com apostrofo"
"'Å¸Á¶·¹ÀÎÁ®_¿©","Å¸Á¶·¹ÀÎÁ®_¿©","260","nome com apostrofo"
"'Å¸Á¶·¹ÀÎÁ®_¿©","Å¸Á¶·¹ÀÎÁ®_¿©","261","nome com apostrofo"
"'Å¸Á¶·¹ÀÎÁ®_¿©","Å¸Á¶·¹ÀÎÁ®_¿©","262","nome com apostrofo"
"'Å¸Á¶·¹ÀÎÁ®_¿©","Å¸Á¶·¹ÀÎÁ®_¿©","263","nome com apostrofo"
"'Å¸Á¶·¹ÀÎÁ®_¿©","Å¸Á¶·¹ÀÎÁ®_¿©","264","nome com apostrofo"
"'Å¸Á¶·¹ÀÎÁ®_¿©","Å¸Á¶·¹ÀÎÁ®_¿©","265","nome com apostrofo"
"'Å¸Á¶·¹ÀÎÁ®_¿©","Å¸Á¶·¹ÀÎÁ®_¿©","266","nome com apostrofo"
"'Å¸Á¶·¹ÀÎÁ®_¿©","Å¸Á¶·¹ÀÎÁ®_¿©","267","nome com apostrofo"
"'Å¸Á¶·¹ÀÎÁ®_¿©","Å¸Á¶·¹ÀÎÁ®_¿©","268","nome com apostrofo"
"'Å¸Á¶·¹ÀÎÁ®_¿©","Å¸Á¶·¹ÀÎÁ®_¿©","269","nome com apostrofo"
"'Å¸Á¶·¹ÀÎÁ®_¿©","Å¸Á¶·¹ÀÎÁ®_¿©","270","nome com apostrofo"
"'Å¸Á¶·¹ÀÎÁ®_¿©","Å¸Á¶·¹ÀÎÁ®_¿©","271","nome com apostrofo"
"'Å¸Á¶·¹ÀÎÁ®_¿©","Å¸Á¶·¹ÀÎÁ®_¿©","272","nome com apostrofo"
"'Å¸Á¶·¹ÀÎÁ®_¿©","Å¸Á¶·¹ÀÎÁ®_¿©","273","nome com apostrofo"
"'Å¸Á¶·¹ÀÎÁ®_¿©","Å¸Á¶·¹ÀÎÁ®_¿©","274","nome com apostrofo"
"'Å¸Á¶·¹ÀÎÁ®_¿©","Å¸Á¶·¹ÀÎÁ®_¿©","275","nome com apostrofo"
"'Å¸Á¶·¹ÀÎÁ®_¿©","Å¸Á¶·¹ÀÎÁ®_¿©","276","nome com apostrofo"
"'Å¸Á¶·¹ÀÎÁ®_¿©","Å¸Á¶·¹ÀÎÁ®_¿©","277","nome com apostrofo"
"'Å¸Á¶·¹ÀÎÁ®_¿©","Å¸Á¶·¹ÀÎÁ®_¿©","278","nome com apostrofo"
"'Å¸Á¶·¹ÀÎÁ®_¿©","Å¸Á¶·¹ÀÎÁ®_¿©","279","nome com apostrofo"
"'Å¸Á¶·¹ÀÎÁ®_¿©","Å¸Á¶·¹ÀÎÁ®_¿©","280","nome com apostrofo"
"'Å¸Á¶·¹ÀÎÁ®_¿©","Å¸Á¶·¹ÀÎÁ®_¿©","281","nome com apostrofo"
"'Å¸Á¶·¹ÀÎÁ®_¿©","Å¸Á¶·¹ÀÎÁ®_¿©","282","nome com apostrofo"
"'Å¸Á¶·¹ÀÎÁ®_¿©","Å¸Á¶·¹ÀÎÁ®_¿©","283","nome com apostrofo"
"'Å¸Á¶·¹ÀÎÁ®_¿©","Å¸Á¶·¹ÀÎÁ®_¿©","284","nome com apostrofo"
"'Å¸Á¶·¹ÀÎÁ®_¿©","Å¸Á¶·¹ÀÎÁ®_¿©","285","nome com apostrofo"
"'Å¸Á¶·¹ÀÎÁ®_¿©","Å¸Á¶·¹ÀÎÁ®_¿©","286","nome com apostrofo"
"'Å¸Á¶·¹ÀÎÁ®_¿©","Å¸Á¶·¹ÀÎÁ®_¿©","287","nome com apostrofo"
"'Å¸Á¶·¹ÀÎÁ®_¿©","Å¸Á¶·¹ÀÎÁ®_¿©","288","nome com apostrofo"
"'Å¸Á¶·¹ÀÎÁ®_¿©","Å¸Á¶·¹ÀÎÁ®_¿©","289","nome com apostrofo"
"'Å¸Á¶·¹ÀÎÁ®_¿©","Å¸Á¶·¹ÀÎÁ®_¿©","290","nome com apostrofo"
"'Å¸Á¶·¹ÀÎÁ®_¿©","Å¸Á¶·¹ÀÎÁ®_¿©","291","nome com apostrofo"
"'Å¸Á¶·¹ÀÎÁ®_¿©","Å¸Á¶·¹ÀÎÁ®_¿©","292","nome com apostrofo"
"'Å¸Á¶·¹ÀÎÁ®_¿©","Å¸Á¶·¹ÀÎÁ®_¿©","293","nome com apostrofo"
"'Å¸Á¶·¹ÀÎÁ®_¿©","Å¸Á¶·¹ÀÎÁ®_¿©","294","nome com apostrofo"
"'Å¸Á¶·¹ÀÎÁ®_¿©","Å¸Á¶·¹ÀÎÁ®_¿©","295","nome com apostrofo"
"'Å¸Á¶·¹ÀÎÁ®_¿©","Å¸Á¶·¹ÀÎÁ®_¿©","296","nome com apostrofo"
"'Å¸Á¶·¹ÀÎÁ®_¿©","Å¸Á¶·¹ÀÎÁ®_¿©","297","nome com apostrofo"
"'Å¸Á¶·¹ÀÎÁ®_¿©","Å¸Á¶·¹ÀÎÁ®_¿©","298","nome com apostrofo"
"'Å¸Á¶·¹ÀÎÁ®_¿©","Å¸Á¶·¹ÀÎÁ®_¿©","299","nome com apostrofo"
"'Å¸Á¶·¹ÀÎÁ®_¿©","Å¸Á¶·¹ÀÎÁ®_¿©","300","nome com apostrofo"
"'Å¸Á¶·¹ÀÎÁ®_¿©","Å¸Á¶·¹ÀÎÁ®_¿©","301","nome com apostrofo"
"'Å¸Á¶·¹ÀÎÁ®_¿©","Å¸Á¶·¹ÀÎÁ®_¿©","302","nome com apostrofo"
"'Å¸Á¶·¹ÀÎÁ®_¿©","Å¸Á¶·¹ÀÎÁ®_¿©","303","nome com apostrofo"
"'Å¸Á¶·¹ÀÎÁ®_¿©","Å¸Á¶·¹ÀÎÁ®_¿©","304","nome com apostrofo"
"'Å¸Á¶·¹ÀÎÁ®_¿©","Å¸Á¶·¹ÀÎÁ®_¿©","305","nome com apostrofo"
"'Å¸Á¶·¹ÀÎÁ®_¿©","Å¸Á¶·¹ÀÎÁ®_¿©","306","nome com apostrofo"
"'Å¸Á¶·¹ÀÎÁ®_¿©","Å¸Á¶·¹ÀÎÁ®_¿©","307","nome com apostrofo"
"'Å¸Á¶·¹ÀÎÁ®_¿©","Å¸Á¶·¹ÀÎÁ®_¿©","308","nome com apostrofo"
"'Å¸Á¶·¹ÀÎÁ®_¿©","Å¸Á¶·¹ÀÎÁ®_¿©","309","nome com apostrofo"
"'Å¸Á¶·¹ÀÎÁ®_¿©","Å¸Á¶·¹ÀÎÁ®_¿©","310","nome com apostrofo"
"'Å¸Á¶·¹ÀÎÁ®_¿©","Å¸Á¶·¹ÀÎÁ®_¿©","311","nome com apostrofo"
"'Å¸Á¶·¹ÀÎÁ®_¿©","Å¸Á¶·¹ÀÎÁ®_¿©","312","nome com apostrofo"
"'Å¸Á¶·¹ÀÎÁ®_¿©","Å¸Á¶·¹ÀÎÁ®_¿©","313","nome com apostrofo"
"'Å¸Á¶·¹ÀÎÁ®_¿©","Å¸Á¶·¹ÀÎÁ®_¿©","314","nome com apostrofo"
"'Å¸Á¶·¹ÀÎÁ®_¿©","Å¸Á¶·¹ÀÎÁ®_¿©","315","nome com apostrofo"
"'Å¸Á¶·¹ÀÎÁ®_¿©","Å¸Á¶·¹ÀÎÁ®_¿©","316","nome com apostrofo"
"'Å¸Á¶·¹ÀÎÁ®_¿©","Å¸Á¶·¹ÀÎÁ®_¿©","317","nome com apostrofo"
"'Å¸Á¶·¹ÀÎÁ®_¿©","Å¸Á¶·¹ÀÎÁ®_¿©","318","nome com apostrofo"
"'Å¸Á¶·¹ÀÎÁ®_¿©","Å¸Á¶·¹ÀÎÁ®_¿©","319","nome com apostrofo"
"'Å¸Á¶·¹ÀÎÁ®_¿©","Å¸Á¶·¹ÀÎÁ®_¿©","320","nome com apostrofo"
"'Å¸Á¶·¹ÀÎÁ®_¿©","Å¸Á¶·¹ÀÎÁ®_¿©","321","nome com apostrofo"
"'Å¸Á¶·¹ÀÎÁ®_¿©","Å¸Á¶·¹ÀÎÁ®_¿©","322","nome com apostrofo"
"'Å¸Á¶·¹ÀÎÁ®_¿©","Å¸Á¶·¹ÀÎÁ®_¿©","323","nome com apostrofo"
"'Å¸Á¶·¹ÀÎÁ®_¿©","Å¸Á¶·¹ÀÎÁ®_¿©","324","nome com apostrofo"
"'Å¸Á¶·¹ÀÎÁ®_¿©","Å¸Á¶·¹ÀÎÁ®_¿©","325","nome com apostrofo"
"'Å¸Á¶·¹ÀÎÁ®_¿©","Å¸Á¶·¹ÀÎÁ®_¿©","326","nome com apostrofo"
"'Å¸Á¶·¹ÀÎÁ®_¿©","Å¸Á¶·¹ÀÎÁ®_¿©","327","nome com apostrofo"
"'Å¸Á¶·¹ÀÎÁ®_¿©","Å¸Á¶·¹ÀÎÁ®_¿©","328","nome com apostrofo"
"'Å¸Á¶·¹ÀÎÁ®_¿©","Å¸Á¶·¹ÀÎÁ®_¿©","329","nome com apostrofo"
"'Å¸Á¶·¹ÀÎÁ®_¿©","Å¸Á¶·¹ÀÎÁ®_¿©","330","nome com apostrofo"
"'Å¸Á¶·¹ÀÎÁ®_¿©","Å¸Á¶·¹ÀÎÁ®_¿©","331","nome com apostrofo"
"'Å¸Á¶·¹ÀÎÁ®_¿©","Å¸Á¶·¹ÀÎÁ®_¿©","332","nome com apostrofo"
"'Å¸Á¶·¹ÀÎÁ®_¿©","Å¸Á¶·¹ÀÎÁ®_¿©","333","nome com apostrofo"
"'Å¸Á¶·¹ÀÎÁ®_¿©","Å¸Á¶·¹ÀÎÁ®_¿©","334","nome com apostrofo"
"'Å¸Á¶·¹ÀÎÁ®_¿©","Å¸Á¶·¹ÀÎÁ®_¿©","335","nome com apostrofo"
"'Å¸Á¶·¹ÀÎÁ®_¿©","Å¸Á¶·¹ÀÎÁ®_¿©","336","nome com apostrofo"
"'Å¸Á¶·¹ÀÎÁ®_¿©","Å¸Á¶·¹ÀÎÁ®_¿©","337","nome com apostrofo"
"'Å¸Á¶·¹ÀÎÁ®_¿©","Å¸Á¶·¹ÀÎÁ®_¿©","338","nome com apostrofo"
"'Å¸Á¶·¹ÀÎÁ®_¿©","Å¸Á¶·¹ÀÎÁ®_¿©","339","nome com apostrofo"
"'Å¸Á¶·¹ÀÎÁ®_¿©","Å¸Á¶·¹ÀÎÁ®_¿©","340","nome com apostrofo"
"'Å¸Á¶·¹ÀÎÁ®_¿©","Å¸Á¶·¹ÀÎÁ®_¿©","341","nome com apostrofo"
"'Å¸Á¶·¹ÀÎÁ®_¿©","Å¸Á¶·¹ÀÎÁ®_¿©","342","nome com apostrofo"
"'Å¸Á¶·¹ÀÎÁ®_¿©","Å¸Á¶·¹ÀÎÁ®_¿©","343","nome com apostrofo"
"'Å¸Á¶·¹ÀÎÁ®_¿©","Å¸Á¶·¹ÀÎÁ®_¿©","344","nome com apostrofo"
"'Å¸Á¶·¹ÀÎÁ®_¿©","Å¸Á¶·¹ÀÎÁ®_¿©","345","nome com apostrofo"
"'Å¸Á¶·¹ÀÎÁ®_¿©","Å¸Á¶·¹ÀÎÁ®_¿©","346","nome com apostrofo"
"'Å¸Á¶·¹ÀÎÁ®_¿©","Å¸Á¶·¹ÀÎÁ®_¿©","347","nome com apostrofo"
"'Å¸Á¶·¹ÀÎÁ®_¿©","Å¸Á¶·¹ÀÎÁ®_¿©","348","nome com apostrofo"
"'Å¸Á¶·¹ÀÎÁ®_¿©","Å¸Á¶·¹ÀÎÁ®_¿©","349","nome com apostrofo"
"'Å¸Á¶·¹ÀÎÁ®_¿©","Å¸Á¶·¹ÀÎÁ®_¿©","350","nome com apostrofo"
"'Å¸Á¶·¹ÀÎÁ®_¿©","Å¸Á¶·¹ÀÎÁ®_¿©","351","nome com apostrofo"
"'Å¸Á¶·¹ÀÎÁ®_¿©","Å¸Á¶·¹ÀÎÁ®_¿©","352","nome com apostrofo"
"'Å¸Á¶·¹ÀÎÁ®_¿©","Å¸Á¶·¹ÀÎÁ®_¿©","353","nome com apostrofo"
"'Å¸Á¶·¹ÀÎÁ®_¿©","Å¸Á¶·¹ÀÎÁ®_¿©","354","nome com apostrofo"
"'Å¸Á¶·¹ÀÎÁ®_¿©","Å¸Á¶·¹ÀÎÁ®_¿©","355","nome com apostrofo"
"'Å¸Á¶·¹ÀÎÁ®_¿©","Å¸Á¶·¹ÀÎÁ®_¿©","356","nome com apostrofo"
"'Å¸Á¶·¹ÀÎÁ®_¿©","Å¸Á¶·¹ÀÎÁ®_¿©","357","nome com apostrofo"
"'Å¸Á¶·¹ÀÎÁ®_¿©","Å¸Á¶·¹ÀÎÁ®_¿©","358","nome com apostrofo"
"'Å¸Á¶·¹ÀÎÁ®_¿©","Å¸Á¶·¹ÀÎÁ®_¿©","359","nome com apostrofo"
"'Å¸Á¶·¹ÀÎÁ®_¿©","Å¸Á¶·¹ÀÎÁ®_¿©","360","nome com apostrofo"
"'Å¸Á¶·¹ÀÎÁ®_¿©","Å¸Á¶·¹ÀÎÁ®_¿©","361","nome com apostrofo"
"'Å¸Á¶·¹ÀÎÁ®_¿©","Å¸Á¶·¹ÀÎÁ®_¿©","362","nome com apostrofo"
"'Å¸Á¶·¹ÀÎÁ®_¿©","Å¸Á¶·¹ÀÎÁ®_¿©","363","nome com apostrofo"
"'Å¸Á¶·¹ÀÎÁ®_¿©","Å¸Á¶·¹ÀÎÁ®_¿©","364","nome com apostrofo"
"'Å¸Á¶·¹ÀÎÁ®_¿©","Å¸Á¶·¹ÀÎÁ®_¿©","365","nome com apostrofo"
"'Å¸Á¶·¹ÀÎÁ®_¿©","Å¸Á¶·¹ÀÎÁ®_¿©","366","nome com apostrofo"
"'Å¸Á¶·¹ÀÎÁ®_¿©","Å¸Á¶·¹ÀÎÁ®_¿©","367","nome com apostrofo"
"'Å¸Á¶·¹ÀÎÁ®_¿©","Å¸Á¶·¹ÀÎÁ®_¿©","368","nome com apostrofo"
"'Å¸Á¶·¹ÀÎÁ®_¿©","Å¸Á¶·¹ÀÎÁ®_¿©","369","nome com apostrofo"
"'Å¸Á¶·¹ÀÎÁ®_¿©","Å¸Á¶·¹ÀÎÁ®_¿©","370","nome com apostrofo"
"'Å¸Á¶·¹ÀÎÁ®_¿©","Å¸Á¶·¹ÀÎÁ®_¿©","371","nome com apostrofo"
"'Å¸Á¶·¹ÀÎÁ®_¿©","Å¸Á¶·¹ÀÎÁ®_¿©","372","nome com apostrofo"
"'Å¸Á¶·¹ÀÎÁ®_¿©","Å¸Á¶·¹ÀÎÁ®_¿©","373","nome com apostrofo"
"'Å¸Á¶·¹ÀÎÁ®_¿©","Å¸Á¶·¹ÀÎÁ®_¿©","374","nome com apostrofo"
"'Å¸Á¶·¹ÀÎÁ®_¿©","Å¸Á¶·¹ÀÎÁ®_¿©","375","nome com apostrofo"
"'Å¸Á¶·¹ÀÎÁ®_¿©","Å¸Á¶·¹ÀÎÁ®_¿©","376","nome com apostrofo"
"'Å¸Á¶·¹ÀÎÁ®_¿©","Å¸Á¶·¹ÀÎÁ®_¿©","377","nome com apostrofo"
"'Å¸Á¶·¹ÀÎÁ®_¿©","Å¸Á¶·¹ÀÎÁ®_¿©","378","nome com apostrofo"
"'Å¸Á¶·¹ÀÎÁ®_¿©","Å¸Á¶·¹ÀÎÁ®_¿©","379","nome com apostrofo"
"'Å¸Á¶·¹ÀÎÁ®_¿©","Å¸Á¶·¹ÀÎÁ®_¿©","380","nome com apostrofo"
"'Å¸Á¶·¹ÀÎÁ®_¿©","Å¸Á¶·¹ÀÎÁ®_¿©","381","nome com apostrofo"
"'Å¸Á¶·¹ÀÎÁ®_¿©","Å¸Á¶·¹ÀÎÁ®_¿©","382","nome com apostrofo"
"'Å¸Á¶·¹ÀÎÁ®_¿©","Å¸Á¶·¹ÀÎÁ®_¿©","383","nome com apostrofo"
"'Å¸Á¶·¹ÀÎÁ®_¿©","Å¸Á¶·¹ÀÎÁ®_¿©","384","nome com apostrofo"
"'Å¸Á¶·¹ÀÎÁ®_¿©","Å¸Á¶·¹ÀÎÁ®_¿©","385","nome com apostrofo"
"'Å¸Á¶·¹ÀÎÁ®_¿©","Å¸Á¶·¹ÀÎÁ®_¿©","386","nome com apostrofo"
"'Å¸Á¶·¹ÀÎÁ®_¿©","Å¸Á¶·¹ÀÎÁ®_¿©","387","nome com apostrofo"
"'Å¸Á¶·¹ÀÎÁ®_¿©","Å¸Á¶·¹ÀÎÁ®_¿©","388","nome com apostrofo"
"'Å¸Á¶·¹ÀÎÁ®_¿©","Å¸Á¶·¹ÀÎÁ®_¿©","389","nome com apostrofo"
"'Å¸Á¶·¹ÀÎÁ®_¿©","Å¸Á¶·¹ÀÎÁ®_¿©","390","nome com apostrofo"
"'Å¸Á¶·¹ÀÎÁ®_¿©","Å¸Á¶·¹ÀÎÁ®_¿©","391","nome com apostrofo"
"'Å¸Á¶·¹ÀÎÁ®_¿©","Å¸Á¶·¹ÀÎÁ®_¿©","392","nome com apostrofo"
"'Å¸Á¶·¹ÀÎÁ®_¿©","Å¸Á¶·¹ÀÎÁ®_¿©","393","nome com apostrofo"
"'Å¸Á¶·¹ÀÎÁ®_¿©","Å¸Á¶·¹ÀÎÁ®_¿©","394","nome com apostrofo"
"'Å¸Á¶·¹ÀÎÁ®_¿©","Å¸Á¶·¹ÀÎÁ®_¿©","395","nome com apostrofo"
"'Å¸Á¶·¹ÀÎÁ®_¿©","Å¸Á¶·¹ÀÎÁ®_¿©","396","nome com apostrofo"
"'Å¸Á¶·¹ÀÎÁ®_¿©","Å¸Á¶·¹ÀÎÁ®_¿©","397","nome com apostrofo"
"'Å¸Á¶·¹ÀÎÁ®_¿©","Å¸Á¶·¹ÀÎÁ®_¿©","398","nome com apostrofo"
"'Å¸Á¶·¹ÀÎÁ®_¿©","Å¸Á¶·¹ÀÎÁ®_¿©","399","nome com apostrofo"
"'Å¸Á¶·¹ÀÎÁ®_¿©","Å¸Á¶·¹ÀÎÁ®_¿©","400","nome com apostrofo"
"'Å¸Á¶·¹ÀÎÁ®_¿©","Å¸Á¶·¹ÀÎÁ®_¿©","401","nome com apostrofo"
"'Å¸Á¶·¹ÀÎÁ®_¿©","Å¸Á¶·¹ÀÎÁ®_¿©","402","nome com apostrofo"
"'Å¸Á¶·¹ÀÎÁ®_¿©","Å¸Á¶·¹ÀÎÁ®_¿©","403","nome com apostrofo"
"'Å¸Á¶·¹ÀÎÁ®_¿©","Å¸Á¶·¹ÀÎÁ®_¿©","404","nome com apostrofo"
"'Å¸Á¶·¹ÀÎÁ®_¿©","Å¸Á¶·¹ÀÎÁ®_¿©","405","nome com apostrofo"
"'Å¸Á¶·¹ÀÎÁ®_¿©","Å¸Á¶·¹ÀÎÁ®_¿©","406","nome com apostrofo"
"'Å¸Á¶·¹ÀÎÁ®_¿©","Å¸Á¶·¹ÀÎÁ®_¿©","407","nome com apostrofo"
"'Å¸Á¶·¹ÀÎÁ®_¿©","Å¸Á¶·¹ÀÎÁ®_¿©","408","nome com apostrofo"
"'Å¸Á¶·¹ÀÎÁ®_¿©","Å¸Á¶·¹ÀÎÁ®_¿©","409","nome com apostrofo"
"'Å¸Á¶·¹ÀÎÁ®_¿©","Å¸Á¶·¹ÀÎÁ®_¿©","410","nome com apostrofo"
"'Å¸Á¶·¹ÀÎÁ®_¿©","Å¸Á¶·¹ÀÎÁ®_¿©","411","nome com apostrofo"
"'Å¸Á¶·¹ÀÎÁ®_¿©","Å¸Á¶·¹ÀÎÁ®_¿©","412","nome com apostrofo"
"'Å¸Á¶·¹ÀÎÁ®_¿©","Å¸Á¶·¹ÀÎÁ®_¿©","413","nome com apostrofo"
"'Å¸Á¶·¹ÀÎÁ®_¿©","Å¸Á¶·¹ÀÎÁ®_¿©","414","nome com apostrofo"
"'Å¸Á¶·¹ÀÎÁ®_¿©","Å¸Á¶·¹ÀÎÁ®_¿©","415","nome com apostrofo"
"'Å¸Á¶·¹ÀÎÁ®_¿©","Å¸Á¶·¹ÀÎÁ®_¿©","416","nome com apostrofo"
"'Å¸Á¶·¹ÀÎÁ®_¿©","Å¸Á¶·¹ÀÎÁ®_¿©","417","nome com apostrofo"
"'Å¸Á¶·¹ÀÎÁ®_¿©","Å¸Á¶·¹ÀÎÁ®_¿©","418","nome com apostrofo"
"'Å¸Á¶·¹ÀÎÁ®_¿©","Å¸Á¶·¹ÀÎÁ®_¿©","419","nome com apostrofo"
"'Å¸Á¶·¹ÀÎÁ®_¿©","Å¸Á¶·¹ÀÎÁ®_¿©","420","nome com apostrofo"
"'Å¸Á¶·¹ÀÎÁ®_¿©","Å¸Á¶·¹ÀÎÁ®_¿©","421","nome com apostrofo"
"'Å¸Á¶·¹ÀÎÁ®_¿©","Å¸Á¶·¹ÀÎÁ®_¿©","422","nome com apostrofo"
"'Å¸Á¶·¹ÀÎÁ®_¿©","Å¸Á¶·¹ÀÎÁ®_¿©","423","nome com apostrofo"
"'Å¸Á¶·¹ÀÎÁ®_¿©","Å¸Á¶·¹ÀÎÁ®_¿©","424","nome com apostrofo"
"'Å¸Á¶·¹ÀÎÁ®_¿©","Å¸Á¶·¹ÀÎÁ®_¿©","425","nome com apostrofo"
"'Å¸Á¶·¹ÀÎÁ®_¿©","Å¸Á¶·¹ÀÎÁ®_¿©","426","nome com apostrofo"
"'Å¸Á¶·¹ÀÎÁ®_¿©","Å¸Á¶·¹ÀÎÁ®_¿©","427","nome com apostrofo"
"'Å¸Á¶·¹ÀÎÁ®_¿©","Å¸Á¶·¹ÀÎÁ®_¿©","428","nome com apostrofo"
"'Å¸Á¶·¹ÀÎÁ®_¿©","Å¸Á¶·¹ÀÎÁ®_¿©","429","nome com apostrofo"
"'Å¸Á¶·¹ÀÎÁ®_¿©","Å¸Á¶·¹ÀÎÁ®_¿©","430","nome com apostrofo"
"'Å¸Á¶·¹ÀÎÁ®_¿©","Å¸Á¶·¹ÀÎÁ®_¿©","431","nome com apostrofo"
"'Å¸Á¶·¹ÀÎÁ®_¿©","Å¸Á¶·¹ÀÎÁ®_¿©","432","nome com apostrofo"
"'Å¸Á¶·¹ÀÎÁ®_¿©","Å¸Á¶·¹ÀÎÁ®_¿©","433","nome com apostrofo"
"'Å¸Á¶·¹ÀÎÁ®_¿©","Å¸Á¶·¹ÀÎÁ®_¿©","434","nome com apostrofo"
"'Å¸Á¶·¹ÀÎÁ®_¿©","Å¸Á¶·¹ÀÎÁ®_¿©","435","nome com apostrofo"
"'Å¸Á¶·¹ÀÎÁ®_¿©","Å¸Á¶·¹ÀÎÁ®_¿©","436","nome com apostrofo"
"'Å¸Á¶·¹ÀÎÁ®_¿©","Å¸Á¶·¹ÀÎÁ®_¿©","437","nome com apostrofo"
"'Å¸Á¶·¹ÀÎÁ®_¿©","Å¸Á¶·¹ÀÎÁ®_¿©","438","nome com apostrofo"
"'Å¸Á¶·¹ÀÎÁ®_¿©","Å¸Á¶·¹ÀÎÁ®_¿©","439","nome com apostrofo"
"'Å¸Á¶·¹ÀÎÁ®_¿©","Å¸Á¶·¹ÀÎÁ®_¿©","440","nome com apostrofo"
"'Å¸Á¶·¹ÀÎÁ®_¿©","Å¸Á¶·¹ÀÎÁ®_¿©","441","nome com apostrofo"
"'Å¸Á¶·¹ÀÎÁ®_¿©","Å¸Á¶·¹ÀÎÁ®_¿©","442","nome com apostrofo"
"'Å¸Á¶·¹ÀÎÁ®_¿©","Å¸Á¶·¹ÀÎÁ®_¿©","443","nome com apostrofo"
"'Å¸Á¶·¹ÀÎÁ®_¿©","Å¸Á¶·¹ÀÎÁ®_¿©","444","nome com apostrofo"
"'Å¸Á¶·¹ÀÎÁ®_¿©","Å¸Á¶·¹ÀÎÁ®_¿©","445","nome com apostrofo"
"'Å¸Á¶·¹ÀÎÁ®_¿©","Å¸Á¶·¹ÀÎÁ®_¿©","446","nome com apostrofo"
"'Å¸Á¶·¹ÀÎÁ®_¿©","Å¸Á¶·¹ÀÎÁ®_¿©","447","nome com apostrofo"
"'Å¸Á¶·¹ÀÎÁ®_¿©","Å¸Á¶·¹ÀÎÁ®_¿©","448","nome com apostrofo"
"'Å¸Á¶·¹ÀÎÁ®_¿©","Å¸Á¶·¹ÀÎÁ®_¿©","449","nome com apostrofo"
"'Å¸Á¶·¹ÀÎÁ®_¿©","Å¸Á¶·¹ÀÎÁ®_¿©","450","nome com apostrofo"
"'Å¸Á¶·¹ÀÎÁ®_¿©","Å¸Á¶·¹ÀÎÁ®_¿©","451","nome com apostrofo"
"'Å¸Á¶·¹ÀÎÁ®_¿©","Å¸Á¶·¹ÀÎÁ®_¿©","452","nome com apostrofo"
"'Å¸Á¶·¹ÀÎÁ®_¿©","Å¸Á¶·¹ÀÎÁ®_¿©","453","nome com apostrofo"
"'Å¸Á¶·¹ÀÎÁ®_¿©","Å¸Á¶·¹ÀÎÁ®_¿©","454","nome com apostrofo"
"'Å¸Á¶·¹ÀÎÁ®_¿©","Å¸Á¶·¹ÀÎÁ®_¿©","455","nome com apostrofo"
"'Å¸Á¶·¹ÀÎÁ®_¿©","Å¸Á¶·¹ÀÎÁ®_¿©","456","nome com apostrofo"
"'Å¸Á¶·¹ÀÎÁ®_¿©","Å¸Á¶·¹ÀÎÁ®_¿©","457","nome com apostrofo"
"'Å¸Á¶·¹ÀÎÁ®_¿©","Å¸Á¶·¹ÀÎÁ®_¿©","458","nome com apostrofo"
"'Å¸Á¶·¹ÀÎÁ®_¿©","Å¸Á¶·¹ÀÎÁ®_¿©","459","nome com apostrofo"
"'Å¸Á¶·¹ÀÎÁ®_¿©","Å¸Á¶·¹ÀÎÁ®_¿©","460","nome com apostrofo"
"'Å¸Á¶·¹ÀÎÁ®_¿©","Å¸Á¶·¹ÀÎÁ®_¿©","461","nome com apostrofo"
"'Å¸Á¶·¹ÀÎÁ®_¿©","Å¸Á¶·¹ÀÎÁ®_¿©","462","nome com apostrofo"
"'Å¸Á¶·¹ÀÎÁ®_¿©","Å¸Á¶·¹ÀÎÁ®_¿©","463","nome com apostrofo"
"'Å¸Á¶·¹ÀÎÁ®_¿©","Å¸Á¶·¹ÀÎÁ®_¿©","464","nome com apostrofo"
"'Å¸Á¶·¹ÀÎÁ®_¿©","Å¸Á¶·¹ÀÎÁ®_¿©","465","nome com apostrofo"
"'Å¸Á¶·¹ÀÎÁ®_¿©","Å¸Á¶·¹ÀÎÁ®_¿©","466","nome com apostrofo"
"'Å¸Á¶·¹ÀÎÁ®_¿©","Å¸Á¶·¹ÀÎÁ®_¿©","467","nome com apostrofo"
"'Å¸Á¶·¹ÀÎÁ®_¿©","Å¸Á¶·¹ÀÎÁ®_¿©","468","nome com apostrofo"
"'Å¸Á¶·¹ÀÎÁ®_¿©","Å¸Á¶·¹ÀÎÁ®_¿©","469","nome com apostrofo"
"'Å¸Á¶·¹ÀÎÁ®_¿©","Å¸Á¶·¹ÀÎÁ®_¿©","470","nome com apostrofo"
"'Å¸Á¶·¹ÀÎÁ®_¿©","Å¸Á¶·¹ÀÎÁ®_¿©","471","nome com apostrofo"
"'Å¸Á¶·¹ÀÎÁ®_¿©","Å¸Á¶·¹ÀÎÁ®_¿©","472","nome com apostrofo"
"'Å¸Á¶·¹ÀÎÁ®_¿©","Å¸Á¶·¹ÀÎÁ®_¿©","473","nome com apostrofo"
"'Å¸Á¶·¹ÀÎÁ®_¿©","Å¸Á¶·¹ÀÎÁ®_¿©","474","nome com apostrofo"
"'Å¸Á¶·¹ÀÎÁ®_¿©","Å¸Á¶·¹ÀÎÁ®_¿©","475","nome com apostrofo"
"'Å¸Á¶·¹ÀÎÁ®_¿©","Å¸Á¶·¹ÀÎÁ®_¿©","476","nome com apostrofo"
"'Å¸Á¶·¹ÀÎÁ®_¿©","Å¸Á¶·¹ÀÎÁ®_¿©","477","nome com apostrofo"
"'Å¸Á¶·¹ÀÎÁ®_¿©","Å¸Á¶·¹ÀÎÁ®_¿©","478","nome com apostrofo"
"'Å¸Á¶·¹ÀÎÁ®_¿©","Å¸Á¶·¹ÀÎÁ®_¿©","479","nome com apostrofo"
"'Å¸Á¶·¹ÀÎÁ®_¿©","Å¸Á¶·¹ÀÎÁ®_¿©","480","nome com apostrofo"
"'Å¸Á¶·¹ÀÎÁ®_¿©","Å¸Á¶·¹ÀÎÁ®_¿©","481","nome com apostrofo"
"'Å¸Á¶·¹ÀÎÁ®_¿©","Å¸Á¶·¹ÀÎÁ®_¿©","482","nome com apostrofo"
"'Å¸Á¶·¹ÀÎÁ®_¿©","Å¸Á¶·¹ÀÎÁ®_¿©","483","nome com apostrofo"
"'Å¸Á¶·¹ÀÎÁ®_¿©","Å¸Á¶·¹ÀÎÁ®_¿©","484","nome com apostrofo"
"'Å¸Á¶·¹ÀÎÁ®_¿©","Å¸Á¶·¹ÀÎÁ®_¿©","485","nome com apostrofo"
"'Å¸Á¶·¹ÀÎÁ®_¿©","Å¸Á¶·¹ÀÎÁ®_¿©","486","nome com apostrofo"
"'Å¸Á¶·¹ÀÎÁ®_¿©","Å¸Á¶·¹ÀÎÁ®_¿©","487","nome com apostrofo"
"'Å¸Á¶·¹ÀÎÁ®_¿©","Å¸Á¶·¹ÀÎÁ®_¿©","488","nome com apostrofo"
"'Å¸Á¶·¹ÀÎÁ®_¿©","Å¸Á¶·¹ÀÎÁ®_¿©","489","nome com apostrofo"
"'Å¸Á¶·¹ÀÎÁ®_¿©","Å¸Á¶·¹ÀÎÁ®_¿©","490","nome com apostrofo"
"'Å¸Á¶·¹ÀÎÁ®_¿©","Å¸Á¶·¹ÀÎÁ®_¿©","491","nome com apostrofo"
"'Å¸Á¶·¹ÀÎÁ®_¿©","Å¸Á¶·¹ÀÎÁ®_¿©","492","nome com apostrofo"
"'Å¸Á¶·¹ÀÎÁ®_¿©","Å¸Á¶·¹ÀÎÁ®_¿©","493","nome com apostrofo"
"'Å¸Á¶·¹ÀÎÁ®_¿©","Å¸Á¶·¹ÀÎÁ®_¿©","494","nome com apostrofo"
"'Å¸Á¶·¹ÀÎÁ®_¿©","Å¸Á¶·¹ÀÎÁ®_¿©","495","nome com apostrofo"
"'Å¸Á¶·¹ÀÎÁ®_¿©","Å¸Á¶·¹ÀÎÁ®_¿©","496","nome com apostrofo"
"'Å¸Á¶·¹ÀÎÁ®_¿©","Å¸Á¶·¹ÀÎÁ®_¿©","497","nome com apostrofo"
"'Å¸Á¶·¹ÀÎÁ®_¿©","Å¸Á¶·¹ÀÎÁ®_¿©","498","nome com apostrofo"
"'Å¸Á¶·¹ÀÎÁ®_¿©","Å¸Á¶·¹ÀÎÁ®_¿©","499","nome com apostrofo"
"'Å¸Á¶·¹ÀÎÁ®_¿©","Å¸Á¶·¹ÀÎÁ®_¿©","500","nome com apostrofo"
"'Å¸Á¶·¹ÀÎÁ®_¿©","Å¸Á¶·¹ÀÎÁ®_¿©","501","nome com apostrofo"
"'Å¸Á¶·¹ÀÎÁ®_¿©","Å¸Á¶·¹ÀÎÁ®_¿©","502","nome com apostrofo"
"'Å¸Á¶·¹ÀÎÁ®_¿©","Å¸Á¶·¹ÀÎÁ®_¿©","503","nome com apostrofo"
"'Å¸Á¶·¹ÀÎÁ®_¿©","Å¸Á¶·¹ÀÎÁ®_¿©","504","nome com apostrofo"
"'Å¸Á¶·¹ÀÎÁ®_¿©","Å¸Á¶·¹ÀÎÁ®_¿©","505","nome com apostrofo"
"'Å¸Á¶·¹ÀÎÁ®_¿©","Å¸Á¶·¹ÀÎÁ®_¿©","506","nome com apostrofo"
"'Å¸Á¶·¹ÀÎÁ®_¿©","Å¸Á¶·¹ÀÎÁ®_¿©","507","nome com apostrofo"
"'Å¸Á¶·¹ÀÎÁ®_¿©","Å¸Á¶·¹ÀÎÁ®_¿©","508","nome com apostrofo"
"'Å¸Á¶·¹ÀÎÁ®_¿©","Å¸Á¶·¹ÀÎÁ®_¿©","509","nome com apostrofo"
"'Å¸Á¶·¹ÀÎÁ®_¿©","Å¸Á¶·¹ÀÎÁ®_¿©","510","nome com apostrofo"
"'Å¸Á¶·¹ÀÎÁ®_¿©","Å¸Á¶·¹ÀÎÁ®_¿©","511","nome com apostrofo"
"'Å¸Á¶·¹ÀÎÁ®_¿©","Å¸Á¶·¹ÀÎÁ®_¿©","512","nome com apostrofo"
"'Å¸Á¶·¹ÀÎÁ®_¿©","Å¸Á¶·¹ÀÎÁ®_¿©","513","nome com apostrofo"
"'Å¸Á¶·¹ÀÎÁ®_¿©","Å¸Á¶·¹ÀÎÁ®_¿©","514","nome com apostrofo"
"'Å¸Á¶·¹ÀÎÁ®_¿©","Å¸Á¶·¹ÀÎÁ®_¿©","515","nome com apostrofo"
"'Å¸Á¶·¹ÀÎÁ®_¿©","Å¸Á¶·¹ÀÎÁ®_¿©","516","nome com apostrofo"
"'Å¸Á¶·¹ÀÎÁ®_¿©","Å¸Á¶·¹ÀÎÁ®_¿©","517","nome com apostrofo"
"'Å¸Á¶·¹ÀÎÁ®_¿©","Å¸Á¶·¹ÀÎÁ®_¿©","518","nome com apostrofo"
"'Å¸Á¶·¹ÀÎÁ®_¿©","Å¸Á¶·¹ÀÎÁ®_¿©","519","nome com apostrofo"
"'Å¸Á¶·¹ÀÎÁ®_¿©","Å¸Á¶·¹ÀÎÁ®_¿©","520","nome com apostrofo"
"'Å¸Á¶·¹ÀÎÁ®_¿©","Å¸Á¶·¹ÀÎÁ®_¿©","521","nome com apostrofo"
"'Å¸Á¶·¹ÀÎÁ®_¿©","Å¸Á¶·¹ÀÎÁ®_¿©","522","nome com apostrofo"
"'Å¸Á¶·¹ÀÎÁ®_¿©","Å¸Á¶·¹ÀÎÁ®_¿©","523","nome com apostrofo"
"'Å¸Á¶·¹ÀÎÁ®_¿©","Å¸Á¶·¹ÀÎÁ®_¿©","524","nome com apostrofo"
"'Å¸Á¶·¹ÀÎÁ®_¿©","Å¸Á¶·¹ÀÎÁ®_¿©","525","nome com apostrofo"
"'Å¸Á¶·¹ÀÎÁ®_¿©","Å¸Á¶·¹ÀÎÁ®_¿©","526","nome com apostrofo"
"'Å¸Á¶·¹ÀÎÁ®_¿©","Å¸Á¶·¹ÀÎÁ®_¿©","527","nome com apostrofo"
"'Å¸Á¶·¹ÀÎÁ®_¿©","Å¸Á¶·¹ÀÎÁ®_¿©","528","nome com apostrofo"
"'Å¸Á¶·¹ÀÎÁ®_¿©","Å¸Á¶·¹ÀÎÁ®_¿©","529","nome com apostrofo"
"'Å¸Á¶·¹ÀÎÁ®_¿©","Å¸Á¶·¹ÀÎÁ®_¿©","530","nome com apostrofo"
"'Å¸Á¶·¹ÀÎÁ®_¿©","Å¸Á¶·¹ÀÎÁ®_¿©","531","nome com apostrofo"
"'Å¸Á¶·¹ÀÎÁ®_¿©","Å¸Á¶·¹ÀÎÁ®_¿©","532","nome com apostrofo"
"'Å¸Á¶·¹ÀÎÁ®_¿©","Å¸Á¶·¹ÀÎÁ®_¿©","533","nome com apostrofo"
"'Å¸Á¶·¹ÀÎÁ®_¿©","Å¸Á¶·¹ÀÎÁ®_¿©","534","nome com apostrofo"
"'Å¸Á¶·¹ÀÎÁ®_¿©","Å¸Á¶·¹ÀÎÁ®_¿©","535","nome com apostrofo"
"'Å¸Á¶·¹ÀÎÁ®_¿©","Å¸Á¶·¹ÀÎÁ®_¿©","536","nome com apostrofo"
"'Å¸Á¶·¹ÀÎÁ®_¿©","Å¸Á¶·¹ÀÎÁ®_¿©","537","nome com apostrofo"
"'Å¸Á¶·¹ÀÎÁ®_¿©","Å¸Á¶·¹ÀÎÁ®_¿©","538","nome com apostrofo"
"'Å¸Á¶·¹ÀÎÁ®_¿©","Å¸Á¶·¹ÀÎÁ®_¿©","539","nome com apostrofo"
"'Å¸Á¶·¹ÀÎÁ®_¿©","Å¸Á¶·¹ÀÎÁ®_¿©","540","nome com apostrofo"
"'Å¸Á¶·¹ÀÎÁ®_¿©","Å¸Á¶·¹ÀÎÁ®_¿©","541","nome com apostrofo"
"'Å¸Á¶·¹ÀÎÁ®_¿©","Å¸Á¶·¹ÀÎÁ®_¿©","542","nome com apostrofo"
"'Å¸Á¶·¹ÀÎÁ®_¿©","Å¸Á¶·¹ÀÎÁ®_¿©","543","nome com apostrofo"
"'Å¸Á¶·¹ÀÎÁ®_¿©","Å¸Á¶·¹ÀÎÁ®_¿©","544","nome com apostrofo"
"'Å¸Á¶·¹ÀÎÁ®_¿©","Å¸Á¶·¹ÀÎÁ®_¿©","545","nome com apostrofo"
"'Å¸Á¶·¹ÀÎÁ®_¿©","Å¸Á¶·¹ÀÎÁ®_¿©","546","nome com apostrofo"
"'Å¸Á¶·¹ÀÎÁ®_¿©","Å¸Á¶·¹ÀÎÁ®_¿©","547","nome com apostrofo"
"'Å¸Á¶·¹ÀÎÁ®_¿©","Å¸Á¶·¹ÀÎÁ®_¿©","548","nome com apostrofo"
"'Å¸Á¶·¹ÀÎÁ®_¿©","Å¸Á¶·¹ÀÎÁ®_¿©","549","nome com apostrofo"
"'Å¸Á¶·¹ÀÎÁ®_¿©","Å¸Á¶·¹ÀÎÁ®_¿©","550","nome com apostrofo"
"'Å¸Á¶·¹ÀÎÁ®_¿©","Å¸Á¶·¹ÀÎÁ®_¿©","551","nome com apostrofo"
"'Å¸Á¶·¹ÀÎÁ®_¿©","Å¸Á¶·¹ÀÎÁ®_¿©","552","nome com apostrofo"
"'Å¸Á¶·¹ÀÎÁ®_¿©","Å¸Á¶·¹ÀÎÁ®_¿©","553","nome com apostrofo"
"'Å¸Á¶·¹ÀÎÁ®_¿©","Å¸Á¶·¹ÀÎÁ®_¿©","554","nome com apostrofo"
"'Å¸Á¶·¹ÀÎÁ®_¿©","Å¸Á¶·¹ÀÎÁ®_¿©","555","nome com apostrofo"
"'Å¸Á¶·¹ÀÎÁ®_¿©","Å¸Á¶·¹ÀÎÁ®_¿©","556","nome com apostrofo"
"'Å¸Á¶·¹ÀÎÁ®_¿©","Å¸Á¶·¹ÀÎÁ®_¿©","557","nome com apostrofo"
"'Å¸Á¶·¹ÀÎÁ®_¿©","Å¸Á¶·¹ÀÎÁ®_¿©","558","nome com apostrofo"
"'Å¸Á¶·¹ÀÎÁ®_¿©","Å¸Á¶·¹ÀÎÁ®_¿©","559","nome com apostrofo"
"'Å¸Á¶·¹ÀÎÁ®_¿©","Å¸Á¶·¹ÀÎÁ®_¿©","560","nome com apostrofo"
"'Å¸Á¶·¹ÀÎÁ®_¿©","Å¸Á¶·¹ÀÎÁ®_¿©","561","nome com apostrofo"
"'Å¸Á¶·¹ÀÎÁ®_¿©","Å¸Á¶·¹ÀÎÁ®_¿©","562","nome com apostrofo"
"'Å¸Á¶·¹ÀÎÁ®_¿©","Å¸Á¶·¹ÀÎÁ®_¿©","563","nome com apostrofo"
"'Å¸Á¶·¹ÀÎÁ®_¿©","Å¸Á¶·¹ÀÎÁ®_¿©","564","nome com apostrofo"
"'Å¸Á¶·¹ÀÎÁ®_¿©","Å¸Á¶·¹ÀÎÁ®_¿©","565","nome com apostrofo"
"'Å¸Á¶·¹ÀÎÁ®_¿©","Å¸Á¶·¹ÀÎÁ®_¿©","566","nome com apostrofo"
"'Å¸Á¶·¹ÀÎÁ®_¿©","Å¸Á¶·¹ÀÎÁ®_¿©","567","nome com apostrofo"
"'Å¸Á¶·¹ÀÎÁ®_¿©","Å¸Á¶·¹ÀÎÁ®_¿©","568","nome com apostrofo"
"'Å¸Á¶·¹ÀÎÁ®_¿©","Å¸Á¶·¹ÀÎÁ®_¿©","569","nome com apostrofo"
"'Å¸Á¶·¹ÀÎÁ®_¿©","Å¸Á¶·¹ÀÎÁ®_¿©","570","nome com apostrofo"
"'Å¸Á¶·¹ÀÎÁ®_¿©","Å¸Á¶·¹ÀÎÁ®_¿©","571","nome com apostrofo"
"'Å¸Á¶·¹ÀÎÁ®_¿©","Å¸Á¶·¹ÀÎÁ®_¿©","572","nome com apostrofo"
"'Å¸Á¶·¹ÀÎÁ®_¿©","Å¸Á¶·¹ÀÎÁ®_¿©","573","nome com apostrofo"
"'Å¸Á¶·¹ÀÎÁ®_¿©","Å¸Á¶·¹ÀÎÁ®_¿©","574","nome com apostrofo"
"'Å¸Á¶·¹ÀÎÁ®_¿©","Å¸Á¶·¹ÀÎÁ®_¿©","575","nome com apostrofo"
"'Å¸Á¶·¹ÀÎÁ®_¿©","Å¸Á¶·¹ÀÎÁ®_¿©","576","nome com apostrofo"
"'Å¸Á¶·¹ÀÎÁ®_¿©","Å¸Á¶·¹ÀÎÁ®_¿©","577","nome com apostrofo"
"'Å¸Á¶·¹ÀÎÁ®_¿©","Å¸Á¶·¹ÀÎÁ®_¿©","578","nome com apostrofo"
"'Å¸Á¶·¹ÀÎÁ®_¿©","Å¸Á¶·¹ÀÎÁ®_¿©","579","nome com apostrofo"
"'Å¸Á¶·¹ÀÎÁ®_¿©","Å¸Á¶·¹ÀÎÁ®_¿©","580","nome com apostrofo"
"'Å¸Á¶·¹ÀÎÁ®_¿©","Å¸Á¶·¹ÀÎÁ®_¿©","581","nome com apostrofo"
"'Å¸Á¶·¹ÀÎÁ®_¿©","Å¸Á¶·¹ÀÎÁ®_¿©","582","nome com apostrofo"
"'Å¸Á¶·¹ÀÎÁ®_¿©","Å¸Á¶·¹ÀÎÁ®_¿©","583","nome com apostrofo"
"'Å¸Á¶·¹ÀÎÁ®_¿©","Å¸Á¶·¹ÀÎÁ®_¿©","584","nome com apostrofo"
"'Å¸Á¶·¹ÀÎÁ®_¿©","Å¸Á¶·¹ÀÎÁ®_¿©","585","nome com apostrofo"
"'Å¸Á¶·¹ÀÎÁ®_¿©","Å¸Á¶·¹ÀÎÁ®_¿©","586","nome com apostrofo"
"'Å¸Á¶·¹ÀÎÁ®_¿©","Å¸Á¶·¹ÀÎÁ®_¿©","587","nome com apostrofo"
"'Å¸Á¶·¹ÀÎÁ®_¿©","Å¸Á¶·¹ÀÎÁ®_¿©","588","nome com apostrofo"
"'Å¸Á¶·¹ÀÎÁ®_¿©","Å¸Á¶·¹ÀÎÁ®_¿©","589","nome com apostrofo"
"'Å¸Á¶·¹ÀÎÁ®_¿©","Å¸Á¶·¹ÀÎÁ®_¿©","590","nome com apostrofo"
"'Å¸Á¶·¹ÀÎÁ®_¿©","Å¸Á¶·¹ÀÎÁ®_¿©","591","nome com apostrofo"
"'Å¸Á¶·¹ÀÎÁ®_¿©","Å¸Á¶·¹ÀÎÁ®_¿©","592","nome com apostrofo"
"'Å¸Á¶·¹ÀÎÁ®_¿©","Å¸Á¶·¹ÀÎÁ®_¿©","593","nome com apostrofo"
"'Å¸Á¶·¹ÀÎÁ®_¿©","Å¸Á¶·¹ÀÎÁ®_¿©","594","nome com apostrofo"
"'Å¸Á¶·¹ÀÎÁ®_¿©","Å¸Á¶·¹ÀÎÁ®_¿©","595","nome com apostrofo"
"'Å¸Á¶·¹ÀÎÁ®_¿©","Å¸Á¶·¹ÀÎÁ®_¿©","596","nome com apostrofo"
"'Å¸Á¶·¹ÀÎÁ®_¿©","Å¸Á¶·¹ÀÎÁ®_¿©","597","nome com apostrofo"
"'Å¸Á¶·¹ÀÎÁ®_¿©","Å¸Á¶·¹ÀÎÁ®_¿©","598","nome com apostrofo"
"'Å¸Á¶·¹ÀÎÁ®_¿©","Å¸Á¶·¹ÀÎÁ®_¿©","599","nome com apostrofo"
"'Å¸Á¶·¹ÀÎÁ®_¿©","Å¸Á¶·¹ÀÎÁ®_¿©","600","nome com apostrofo"
"'Å¸Á¶·¹ÀÎÁ®_¿©","Å¸Á¶·¹ÀÎÁ®_¿©","601","nome com apostrofo"
"'Å¸Á¶·¹ÀÎÁ®_¿©","Å¸Á¶·¹ÀÎÁ®_¿©","602","nome com apostrofo"
"'Å¸Á¶·¹ÀÎÁ®_¿©","Å¸Á¶·¹ÀÎÁ®_¿©","603","nome com apostrofo"
"'Å¸Á¶·¹ÀÎÁ®_¿©","Å¸Á¶·¹ÀÎÁ®_¿©","604","nome com apostrofo"
"'Å¸Á¶·¹ÀÎÁ®_¿©","Å¸Á¶·¹ÀÎÁ®_¿©","605","nome com apostrofo"
"'Å¸Á¶·¹ÀÎÁ®_¿©","Å¸Á¶·¹ÀÎÁ®_¿©","606","nome com apostrofo"
"'Å¸Á¶·¹ÀÎÁ®_¿©","Å¸Á¶·¹ÀÎÁ®_¿©","607","nome com apostrofo"
"'Å¸Á¶·¹ÀÎÁ®_¿©","Å¸Á¶·¹ÀÎÁ®_¿©","608","nome com apostrofo"
"'Å¸Á¶·¹ÀÎÁ®_¿©","Å¸Á¶·¹ÀÎÁ®_¿©","609","nome com apostrofo"
"'Å¸Á¶·¹ÀÎÁ®_¿©","Å¸Á¶·¹ÀÎÁ®_¿©","610","nome com apostrofo"
"'Å¸Á¶·¹ÀÎÁ®_¿©","Å¸Á¶·¹ÀÎÁ®_¿©","611","nome com apostrofo"
"'Å¸Á¶·¹ÀÎÁ®_¿©","Å¸Á¶·¹ÀÎÁ®_¿©","612","nome com apostrofo"
"'Å¸Á¶·¹ÀÎÁ®_¿©","Å¸Á¶·¹ÀÎÁ®_¿©","613","nome com apostrofo"
"'Å¸Á¶·¹ÀÎÁ®_¿©","Å¸Á¶·¹ÀÎÁ®_¿©","614","nome com apostrofo"
"'Å¸Á¶·¹ÀÎÁ®_¿©","Å¸Á¶·¹ÀÎÁ®_¿©","615","nome com apostrofo"
"'Å¸Á¶·¹ÀÎÁ®_¿©","Å¸Á¶·¹ÀÎÁ®_¿©","616","nome com apostrofo"
"'Å¸Á¶·¹ÀÎÁ®_¿©","Å¸Á¶·¹ÀÎÁ®_¿©","617","nome com apostrofo"
"'Å¸Á¶·¹ÀÎÁ®_¿©","Å¸Á¶·¹ÀÎÁ®_¿©","618","nome com apostrofo"
"'Å¸Á¶·¹ÀÎÁ®_¿©","Å¸Á¶·¹ÀÎÁ®_¿©","619","nome com apostrofo"
"'Å¸Á¶·¹ÀÎÁ®_¿©","Å¸Á¶·¹ÀÎÁ®_¿©","620","nome com apostrofo"
"'Å¸Á¶·¹ÀÎÁ®_¿©","Å¸Á¶·¹ÀÎÁ®_¿©","621","nome com apostrofo"
"'Å¸Á¶·¹ÀÎÁ®_¿©","Å¸Á¶·¹ÀÎÁ®_¿©","622","nome com apostrofo"
"'Å¸Á¶·¹ÀÎÁ®_¿©","Å¸Á¶·¹ÀÎÁ®_¿©","623","nome com apostrofo"
"'Å¸Á¶·¹ÀÎÁ®_¿©","Å¸Á¶·¹ÀÎÁ®_¿©","624","nome com apostrofo"
"'Å¸Á¶·¹ÀÎÁ®_¿©","Å¸Á¶·¹ÀÎÁ®_¿©","625","nome com apostrofo"
"'Å¸Á¶·¹ÀÎÁ®_¿©","Å¸Á¶·¹ÀÎÁ®_¿©","626","nome com apostrofo"
"'Å¸Á¶·¹ÀÎÁ®_¿©","Å¸Á¶·¹ÀÎÁ®_¿©","627","nome com apostrofo"
"'Å¸Á¶·¹ÀÎÁ®_¿©","Å¸Á¶·¹ÀÎÁ®_¿©","628","nome com apostrofo"
"'Å¸Á¶·¹ÀÎÁ®_¿©","Å¸Á¶·¹ÀÎÁ®_¿©","629","nome com apostrofo"
"'Å¸Á¶·¹ÀÎÁ®_¿©","Å¸Á¶·¹ÀÎÁ®_¿©","630","nome com apostrofo"
"'Å¸Á¶·¹ÀÎÁ®_¿©","Å¸Á¶·¹ÀÎÁ®_¿©","631","nome com apostrofo"
"'Å¸Á¶·¹ÀÎÁ®_¿©","Å¸Á¶·¹ÀÎÁ®_¿©","632","nome com apostrofo"
"'Å¸Á¶·¹ÀÎÁ®_¿©","Å¸Á¶·¹ÀÎÁ®_¿©","633","nome com apostrofo"
"'Å¸Á¶·¹ÀÎÁ®_¿©","Å¸Á¶·¹ÀÎÁ®_¿©","634","nome com apostrofo"
"'Å¸Á¶·¹ÀÎÁ®_¿©","Å¸Á¶·¹ÀÎÁ®_¿©","635","nome com apostrofo"
"'Å¸Á¶·¹ÀÎÁ®_¿©","Å¸Á¶·¹ÀÎÁ®_¿©","636","nome com apostrofo"
"'Å¸Á¶·¹ÀÎÁ®_¿©","Å¸Á¶·¹ÀÎÁ®_¿©","637","nome com apostrofo"
"'Å¸Á¶·¹ÀÎÁ®_¿©","Å¸Á¶·¹ÀÎÁ®_¿©","638","nome com apostrofo"
"'Å¸Á¶·¹ÀÎÁ®_¿©","Å¸Á¶·¹ÀÎÁ®_¿©","639","nome com apostrofo"
"'Å¸Á¶·¹ÀÎÁ®_¿©","Å¸Á¶·¹ÀÎÁ®_¿©","640","nome com apostrofo"
"'Å¸Á¶·¹ÀÎÁ®_¿©","Å¸Á¶·¹ÀÎÁ®_¿©","641","nome com apostrofo"
"'Å¸Á¶·¹ÀÎÁ®_¿©","Å¸Á¶·¹ÀÎÁ®_¿©","642","nome com apostrofo"
"'Å¸Á¶·¹ÀÎÁ®_¿©","Å¸Á¶·¹ÀÎÁ®_¿©","643","nome com apostrofo"
"'Å¸Á¶·¹ÀÎÁ®_¿©","Å¸Á¶·¹ÀÎÁ®_¿©","644","nome com apostrofo"
"'Å¸Á¶·¹ÀÎÁ®_¿©","Å¸Á¶·¹ÀÎÁ®_¿©","645","nome com apostrofo"
"'Å¸Á¶·¹ÀÎÁ®_¿©","Å¸Á¶·¹ÀÎÁ®_¿©","646","nome com apostrofo"
"'Å¸Á¶·¹ÀÎÁ®_¿©","Å¸Á¶·¹ÀÎÁ®_¿©","647","nome com apostrofo"
"'Å¸Á¶·¹ÀÎÁ®_¿©","Å¸Á¶·¹ÀÎÁ®_¿©","648","nome com apostrofo"
"'Å¸Á¶·¹ÀÎÁ®_¿©","Å¸Á¶·¹ÀÎÁ®_¿©","649","nome com apostrofo"
"'Å¸Á¶·¹ÀÎÁ®_¿©","Å¸Á¶·¹ÀÎÁ®_¿©","650","nome com apostrofo"
"'Å¸Á¶·¹ÀÎÁ®_¿©","Å¸Á¶·¹ÀÎÁ®_¿©","651","nome com apostrofo"
"'Å¸Á¶·¹ÀÎÁ®_¿©","Å¸Á¶·¹ÀÎÁ®_¿©","652","nome com apostrofo"
"'Å¸Á¶·¹ÀÎÁ®_¿©","Å¸Á¶·¹ÀÎÁ®_¿©","653","nome com apostrofo"
"'Å¸Á¶·¹ÀÎÁ®_¿©","Å¸Á¶·¹ÀÎÁ®_¿©","654","nome com apostrofo"
"'Å¸Á¶·¹ÀÎÁ®_¿©","Å¸Á¶·¹ÀÎÁ®_¿©","655","nome com apostrofo"
"'Å¸Á¶·¹ÀÎÁ®_¿©","Å¸Á¶·¹ÀÎÁ®_¿©","656","nome com apostrofo"
"'Å¸Á¶·¹ÀÎÁ®_¿©","Å¸Á¶·¹ÀÎÁ®_¿©","657","nome com apostrofo"
"'Å¸Á¶·¹ÀÎÁ®_¿©","Å¸Á¶·¹ÀÎÁ®_¿©","658","nome com apostrofo"
"'Å¸Á¶·¹ÀÎÁ®_¿©","Å¸Á¶·¹ÀÎÁ®_¿©","659","nome com apostrofo"
"'Å¸Á¶·¹ÀÎÁ®_¿©","Å¸Á¶·¹ÀÎÁ®_¿©","660","nome com apostrofo"
"'Å¸Á¶·¹ÀÎÁ®_¿©","Å¸Á¶·¹ÀÎÁ®_¿©","661","nome com apostrofo"
"'Å¸Á¶·¹ÀÎÁ®_¿©","Å¸Á¶·¹ÀÎÁ®_¿©","662","nome com apostrofo"
"'Å¸Á¶·¹ÀÎÁ®_¿©","Å¸Á¶·¹ÀÎÁ®_¿©","663","nome com apostrofo"
"'Å¸Á¶·¹ÀÎÁ®_¿©","Å¸Á¶·¹ÀÎÁ®_¿©","664","nome com apostrofo"
"'Å¸Á¶·¹ÀÎÁ®_¿©","Å¸Á¶·¹ÀÎÁ®_¿©","665","nome com apostrofo"
"'Å¸Á¶·¹ÀÎÁ®_¿©","Å¸Á¶·¹ÀÎÁ®_¿©","666","nome com apostrofo"
"'Å¸Á¶·¹ÀÎÁ®_¿©","Å¸Á¶·¹ÀÎÁ®_¿©","667","nome com apostrofo"
"'Å¸Á¶·¹ÀÎÁ®_¿©","Å¸Á¶·¹ÀÎÁ®_¿©","668","nome com apostrofo"
"'Å¸Á¶·¹ÀÎÁ®_¿©","Å¸Á¶·¹ÀÎÁ®_¿©","669","nome com apostrofo"
"'Å¸Á¶·¹ÀÎÁ®_¿©","Å¸Á¶·¹ÀÎÁ®_¿©","670","nome com apostrofo"
"'Å¸Á¶·¹ÀÎÁ®_¿©","Å¸Á¶·¹ÀÎÁ®_¿©","671","nome com apostrofo"
"'Å¸Á¶·¹ÀÎÁ®_¿©","Å¸Á¶·¹ÀÎÁ®_¿©","672","nome com apostrofo"
"'Å¸Á¶·¹ÀÎÁ®_¿©","Å¸Á¶·¹ÀÎÁ®_¿©","673","nome com apostrofo"
"'Å¸Á¶·¹ÀÎÁ®_¿©","Å¸Á¶·¹ÀÎÁ®_¿©","674","nome com apostrofo"
"'Å¸Á¶·¹ÀÎÁ®_¿©","Å¸Á¶·¹ÀÎÁ®_¿©","675","nome com apostrofo"
"'Å¸Á¶·¹ÀÎÁ®_¿©","Å¸Á¶·¹ÀÎÁ®_¿©","676","nome com apostrofo"
"'Å¸Á¶·¹ÀÎÁ®_¿©","Å¸Á¶·¹ÀÎÁ®_¿©","677","nome com apostrofo"
"'Å¸Á¶·¹ÀÎÁ®_¿©","Å¸Á¶·¹ÀÎÁ®_¿©","678","nome com apostrofo"
"'Å¸Á¶·¹ÀÎÁ®_¿©","Å¸Á¶·¹ÀÎÁ®_¿©","679","nome com apostrofo"
"'Å¸Á¶·¹ÀÎÁ®_¿©","Å¸Á¶·¹ÀÎÁ®_¿©","680","nome com apostrofo"
"'Å¸Á¶·¹ÀÎÁ®_¿©","Å¸Á¶·¹ÀÎÁ®_¿©","681","nome com apostrofo"
"'Å¸Á¶·¹ÀÎÁ®_¿©","Å¸Á¶·¹ÀÎÁ®_¿©","682","nome com apostrofo"
"'Å¸Á¶·¹ÀÎÁ®_¿©","Å¸Á¶·¹ÀÎÁ®_¿©","683","nome com apostrofo"
"'Å¸Á¶·¹ÀÎÁ®_¿©","Å¸Á¶·¹ÀÎÁ®_¿©","684","nome com apostrofo"
"'Å¸Á¶·¹ÀÎÁ®_¿©","Å¸Á¶·¹ÀÎÁ®_¿©","685","nome com apostrofo"
"'Å¸Á¶·¹ÀÎÁ®_¿©","Å¸Á¶·¹ÀÎÁ®_¿©","686","nome com apostrofo"
"'Å¸Á¶·¹ÀÎÁ®_¿©","Å¸Á¶·¹ÀÎÁ®_¿©","687","nome com apostrofo"
"'Å¸Á¶·¹ÀÎÁ®_¿©","Å¸Á¶·¹ÀÎÁ®_¿©","688","nome com apostrofo"
"'Å¸Á¶·¹ÀÎÁ®_¿©","Å¸Á¶·¹ÀÎÁ®_¿©","689","nome com apostrofo"
"'Å¸Á¶·¹ÀÎÁ®_¿©","Å¸Á¶·¹ÀÎÁ®_¿©","690","nome com apostrofo"
"'Å¸Á¶·¹ÀÎÁ®_¿©","Å¸Á¶·¹ÀÎÁ®_¿©","691","nome com apostrofo"
"'Å¸Á¶·¹ÀÎÁ®_¿©","Å¸Á¶·¹ÀÎÁ®_¿©","692","nome com apostrofo"
"'Å¸Á¶·¹ÀÎÁ®_¿©","Å¸Á¶·¹ÀÎÁ®_¿©","693","nome com apostrofo"
"'Å¸Á¶·¹ÀÎÁ®_¿©","Å¸Á¶·¹ÀÎÁ®_¿©","694","nome com apostrofo"
"'Å¸Á¶·¹ÀÎÁ®_¿©","Å¸Á¶·¹ÀÎÁ®_¿©","695","nome com apostrofo"
"'Å¸Á¶·¹ÀÎÁ®_¿©","Å¸Á¶·¹ÀÎÁ®_¿©","696","nome com apostrofo"
"'Å¸Á¶·¹ÀÎÁ®_¿©","Å¸Á¶·¹ÀÎÁ®_¿©","697","nome com apostrofo"
"'Å¸Á¶·¹ÀÎÁ®_¿©","Å¸Á¶·¹ÀÎÁ®_¿©","698","nome com apostrofo"
"'Å¸Á¶·¹ÀÎÁ®_¿©","Å¸Á¶·¹ÀÎÁ®_¿©","699","nome com apostrofo"
