"Base","Missing","SourceNumber","Source","Created"
"'Å¸Á¶·¹ÀÎÁ®_³²","4","3","C:\Users\wesley\Desktop\MeuRag\data\palette\¸ö\'Å¸Á¶·¹ÀÎÁ®_³²_3.pal","C:\Users\wesley\Desktop\MeuRag\data\palette\¸ö\'Å¸Á¶·¹ÀÎÁ®_³²_4.pal"
"'Å¸Á¶·¹ÀÎÁ®_³²","5","3","C:\Users\wesley\Desktop\MeuRag\data\palette\¸ö\'Å¸Á¶·¹ÀÎÁ®_³²_3.pal","C:\Users\wesley\Desktop\MeuRag\data\palette\¸ö\'Å¸Á¶·¹ÀÎÁ®_³²_5.pal"
"'Å¸Á¶·¹ÀÎÁ®_³²","6","3","C:\Users\wesley\Desktop\MeuRag\data\palette\¸ö\'Å¸Á¶·¹ÀÎÁ®_³²_3.pal","C:\Users\wesley\Desktop\MeuRag\data\palette\¸ö\'Å¸Á¶·¹ÀÎÁ®_³²_6.pal"
"'Å¸Á¶·¹ÀÎÁ®_³²","7","3","C:\Users\wesley\Desktop\MeuRag\data\palette\¸ö\'Å¸Á¶·¹ÀÎÁ®_³²_3.pal","C:\Users\wesley\Desktop\MeuRag\data\palette\¸ö\'Å¸Á¶·¹ÀÎÁ®_³²_7.pal"
"'Å¸Á¶·¹ÀÎÁ®_³²","8","3","C:\Users\wesley\Desktop\MeuRag\data\palette\¸ö\'Å¸Á¶·¹ÀÎÁ®_³²_3.pal","C:\Users\wesley\Desktop\MeuRag\data\palette\¸ö\'Å¸Á¶·¹ÀÎÁ®_³²_8.pal"
"'Å¸Á¶·¹ÀÎÁ®_³²","9","3","C:\Users\wesley\Desktop\MeuRag\data\palette\¸ö\'Å¸Á¶·¹ÀÎÁ®_³²_3.pal","C:\Users\wesley\Desktop\MeuRag\data\palette\¸ö\'Å¸Á¶·¹ÀÎÁ®_³²_9.pal"
"'Å¸Á¶·¹ÀÎÁ®_³²","10","3","C:\Users\wesley\Desktop\MeuRag\data\palette\¸ö\'Å¸Á¶·¹ÀÎÁ®_³²_3.pal","C:\Users\wesley\Desktop\MeuRag\data\palette\¸ö\'Å¸Á¶·¹ÀÎÁ®_³²_10.pal"
"'Å¸Á¶·¹ÀÎÁ®_³²","11","3","C:\Users\wesley\Desktop\MeuRag\data\palette\¸ö\'Å¸Á¶·¹ÀÎÁ®_³²_3.pal","C:\Users\wesley\Desktop\MeuRag\data\palette\¸ö\'Å¸Á¶·¹ÀÎÁ®_³²_11.pal"
"'Å¸Á¶·¹ÀÎÁ®_³²","12","3","C:\Users\wesley\Desktop\MeuRag\data\palette\¸ö\'Å¸Á¶·¹ÀÎÁ®_³²_3.pal","C:\Users\wesley\Desktop\MeuRag\data\palette\¸ö\'Å¸Á¶·¹ÀÎÁ®_³²_12.pal"
"'Å¸Á¶·¹ÀÎÁ®_³²","13","3","C:\Users\wesley\Desktop\MeuRag\data\palette\¸ö\'Å¸Á¶·¹ÀÎÁ®_³²_3.pal","C:\Users\wesley\Desktop\MeuRag\data\palette\¸ö\'Å¸Á¶·¹ÀÎÁ®_³²_13.pal"
"'Å¸Á¶·¹ÀÎÁ®_³²","14","3","C:\Users\wesley\Desktop\MeuRag\data\palette\¸ö\'Å¸Á¶·¹ÀÎÁ®_³²_3.pal","C:\Users\wesley\Desktop\MeuRag\data\palette\¸ö\'Å¸Á¶·¹ÀÎÁ®_³²_14.pal"
"'Å¸Á¶·¹ÀÎÁ®_³²","15","3","C:\Users\wesley\Desktop\MeuRag\data\palette\¸ö\'Å¸Á¶·¹ÀÎÁ®_³²_3.pal","C:\Users\wesley\Desktop\MeuRag\data\palette\¸ö\'Å¸Á¶·¹ÀÎÁ®_³²_15.pal"
"'Å¸Á¶·¹ÀÎÁ®_³²","16","3","C:\Users\wesley\Desktop\MeuRag\data\palette\¸ö\'Å¸Á¶·¹ÀÎÁ®_³²_3.pal","C:\Users\wesley\Desktop\MeuRag\data\palette\¸ö\'Å¸Á¶·¹ÀÎÁ®_³²_16.pal"
"'Å¸Á¶·¹ÀÎÁ®_³²","17","3","C:\Users\wesley\Desktop\MeuRag\data\palette\¸ö\'Å¸Á¶·¹ÀÎÁ®_³²_3.pal","C:\Users\wesley\Desktop\MeuRag\data\palette\¸ö\'Å¸Á¶·¹ÀÎÁ®_³²_17.pal"
"'Å¸Á¶·¹ÀÎÁ®_³²","18","3","C:\Users\wesley\Desktop\MeuRag\data\palette\¸ö\'Å¸Á¶·¹ÀÎÁ®_³²_3.pal","C:\Users\wesley\Desktop\MeuRag\data\palette\¸ö\'Å¸Á¶·¹ÀÎÁ®_³²_18.pal"
"'Å¸Á¶·¹ÀÎÁ®_³²","19","3","C:\Users\wesley\Desktop\MeuRag\data\palette\¸ö\'Å¸Á¶·¹ÀÎÁ®_³²_3.pal","C:\Users\wesley\Desktop\MeuRag\data\palette\¸ö\'Å¸Á¶·¹ÀÎÁ®_³²_19.pal"
"'Å¸Á¶·¹ÀÎÁ®_³²","20","3","C:\Users\wesley\Desktop\MeuRag\data\palette\¸ö\'Å¸Á¶·¹ÀÎÁ®_³²_3.pal","C:\Users\wesley\Desktop\MeuRag\data\palette\¸ö\'Å¸Á¶·¹ÀÎÁ®_³²_20.pal"
"'Å¸Á¶·¹ÀÎÁ®_³²","21","3","C:\Users\wesley\Desktop\MeuRag\data\palette\¸ö\'Å¸Á¶·¹ÀÎÁ®_³²_3.pal","C:\Users\wesley\Desktop\MeuRag\data\palette\¸ö\'Å¸Á¶·¹ÀÎÁ®_³²_21.pal"
"'Å¸Á¶·¹ÀÎÁ®_³²","22","3","C:\Users\wesley\Desktop\MeuRag\data\palette\¸ö\'Å¸Á¶·¹ÀÎÁ®_³²_3.pal","C:\Users\wesley\Desktop\MeuRag\data\palette\¸ö\'Å¸Á¶·¹ÀÎÁ®_³²_22.pal"
"'Å¸Á¶·¹ÀÎÁ®_³²","23","3","C:\Users\wesley\Desktop\MeuRag\data\palette\¸ö\'Å¸Á¶·¹ÀÎÁ®_³²_3.pal","C:\Users\wesley\Desktop\MeuRag\data\palette\¸ö\'Å¸Á¶·¹ÀÎÁ®_³²_23.pal"
"'Å¸Á¶·¹ÀÎÁ®_³²","24","3","C:\Users\wesley\Desktop\MeuRag\data\palette\¸ö\'Å¸Á¶·¹ÀÎÁ®_³²_3.pal","C:\Users\wesley\Desktop\MeuRag\data\palette\¸ö\'Å¸Á¶·¹ÀÎÁ®_³²_24.pal"
"'Å¸Á¶·¹ÀÎÁ®_³²","25","3","C:\Users\wesley\Desktop\MeuRag\data\palette\¸ö\'Å¸Á¶·¹ÀÎÁ®_³²_3.pal","C:\Users\wesley\Desktop\MeuRag\data\palette\¸ö\'Å¸Á¶·¹ÀÎÁ®_³²_25.pal"
"'Å¸Á¶·¹ÀÎÁ®_³²","26","3","C:\Users\wesley\Desktop\MeuRag\data\palette\¸ö\'Å¸Á¶·¹ÀÎÁ®_³²_3.pal","C:\Users\wesley\Desktop\MeuRag\data\palette\¸ö\'Å¸Á¶·¹ÀÎÁ®_³²_26.pal"
"'Å¸Á¶·¹ÀÎÁ®_³²","27","3","C:\Users\wesley\Desktop\MeuRag\data\palette\¸ö\'Å¸Á¶·¹ÀÎÁ®_³²_3.pal","C:\Users\wesley\Desktop\MeuRag\data\palette\¸ö\'Å¸Á¶·¹ÀÎÁ®_³²_27.pal"
"'Å¸Á¶·¹ÀÎÁ®_³²","28","3","C:\Users\wesley\Desktop\MeuRag\data\palette\¸ö\'Å¸Á¶·¹ÀÎÁ®_³²_3.pal","C:\Users\wesley\Desktop\MeuRag\data\palette\¸ö\'Å¸Á¶·¹ÀÎÁ®_³²_28.pal"
"'Å¸Á¶·¹ÀÎÁ®_³²","29","3","C:\Users\wesley\Desktop\MeuRag\data\palette\¸ö\'Å¸Á¶·¹ÀÎÁ®_³²_3.pal","C:\Users\wesley\Desktop\MeuRag\data\palette\¸ö\'Å¸Á¶·¹ÀÎÁ®_³²_29.pal"
"'Å¸Á¶·¹ÀÎÁ®_³²","30","3","C:\Users\wesley\Desktop\MeuRag\data\palette\¸ö\'Å¸Á¶·¹ÀÎÁ®_³²_3.pal","C:\Users\wesley\Desktop\MeuRag\data\palette\¸ö\'Å¸Á¶·¹ÀÎÁ®_³²_30.pal"
"'Å¸Á¶·¹ÀÎÁ®_³²","31","3","C:\Users\wesley\Desktop\MeuRag\data\palette\¸ö\'Å¸Á¶·¹ÀÎÁ®_³²_3.pal","C:\Users\wesley\Desktop\MeuRag\data\palette\¸ö\'Å¸Á¶·¹ÀÎÁ®_³²_31.pal"
"'Å¸Á¶·¹ÀÎÁ®_³²","32","3","C:\Users\wesley\Desktop\MeuRag\data\palette\¸ö\'Å¸Á¶·¹ÀÎÁ®_³²_3.pal","C:\Users\wesley\Desktop\MeuRag\data\palette\¸ö\'Å¸Á¶·¹ÀÎÁ®_³²_32.pal"
"'Å¸Á¶·¹ÀÎÁ®_³²","33","3","C:\Users\wesley\Desktop\MeuRag\data\palette\¸ö\'Å¸Á¶·¹ÀÎÁ®_³²_3.pal","C:\Users\wesley\Desktop\MeuRag\data\palette\¸ö\'Å¸Á¶·¹ÀÎÁ®_³²_33.pal"
"'Å¸Á¶·¹ÀÎÁ®_³²","34","3","C:\Users\wesley\Desktop\MeuRag\data\palette\¸ö\'Å¸Á¶·¹ÀÎÁ®_³²_3.pal","C:\Users\wesley\Desktop\MeuRag\data\palette\¸ö\'Å¸Á¶·¹ÀÎÁ®_³²_34.pal"
"'Å¸Á¶·¹ÀÎÁ®_³²","35","3","C:\Users\wesley\Desktop\MeuRag\data\palette\¸ö\'Å¸Á¶·¹ÀÎÁ®_³²_3.pal","C:\Users\wesley\Desktop\MeuRag\data\palette\¸ö\'Å¸Á¶·¹ÀÎÁ®_³²_35.pal"
"'Å¸Á¶·¹ÀÎÁ®_³²","36","3","C:\Users\wesley\Desktop\MeuRag\data\palette\¸ö\'Å¸Á¶·¹ÀÎÁ®_³²_3.pal","C:\Users\wesley\Desktop\MeuRag\data\palette\¸ö\'Å¸Á¶·¹ÀÎÁ®_³²_36.pal"
"'Å¸Á¶·¹ÀÎÁ®_³²","37","3","C:\Users\wesley\Desktop\MeuRag\data\palette\¸ö\'Å¸Á¶·¹ÀÎÁ®_³²_3.pal","C:\Users\wesley\Desktop\MeuRag\data\palette\¸ö\'Å¸Á¶·¹ÀÎÁ®_³²_37.pal"
"'Å¸Á¶·¹ÀÎÁ®_³²","38","3","C:\Users\wesley\Desktop\MeuRag\data\palette\¸ö\'Å¸Á¶·¹ÀÎÁ®_³²_3.pal","C:\Users\wesley\Desktop\MeuRag\data\palette\¸ö\'Å¸Á¶·¹ÀÎÁ®_³²_38.pal"
"'Å¸Á¶·¹ÀÎÁ®_³²","39","3","C:\Users\wesley\Desktop\MeuRag\data\palette\¸ö\'Å¸Á¶·¹ÀÎÁ®_³²_3.pal","C:\Users\wesley\Desktop\MeuRag\data\palette\¸ö\'Å¸Á¶·¹ÀÎÁ®_³²_39.pal"
"'Å¸Á¶·¹ÀÎÁ®_³²","40","3","C:\Users\wesley\Desktop\MeuRag\data\palette\¸ö\'Å¸Á¶·¹ÀÎÁ®_³²_3.pal","C:\Users\wesley\Desktop\MeuRag\data\palette\¸ö\'Å¸Á¶·¹ÀÎÁ®_³²_40.pal"
"'Å¸Á¶·¹ÀÎÁ®_³²","41","3","C:\Users\wesley\Desktop\MeuRag\data\palette\¸ö\'Å¸Á¶·¹ÀÎÁ®_³²_3.pal","C:\Users\wesley\Desktop\MeuRag\data\palette\¸ö\'Å¸Á¶·¹ÀÎÁ®_³²_41.pal"
"'Å¸Á¶·¹ÀÎÁ®_³²","42","3","C:\Users\wesley\Desktop\MeuRag\data\palette\¸ö\'Å¸Á¶·¹ÀÎÁ®_³²_3.pal","C:\Users\wesley\Desktop\MeuRag\data\palette\¸ö\'Å¸Á¶·¹ÀÎÁ®_³²_42.pal"
"'Å¸Á¶·¹ÀÎÁ®_³²","43","3","C:\Users\wesley\Desktop\MeuRag\data\palette\¸ö\'Å¸Á¶·¹ÀÎÁ®_³²_3.pal","C:\Users\wesley\Desktop\MeuRag\data\palette\¸ö\'Å¸Á¶·¹ÀÎÁ®_³²_43.pal"
"'Å¸Á¶·¹ÀÎÁ®_³²","44","3","C:\Users\wesley\Desktop\MeuRag\data\palette\¸ö\'Å¸Á¶·¹ÀÎÁ®_³²_3.pal","C:\Users\wesley\Desktop\MeuRag\data\palette\¸ö\'Å¸Á¶·¹ÀÎÁ®_³²_44.pal"
"'Å¸Á¶·¹ÀÎÁ®_³²","45","3","C:\Users\wesley\Desktop\MeuRag\data\palette\¸ö\'Å¸Á¶·¹ÀÎÁ®_³²_3.pal","C:\Users\wesley\Desktop\MeuRag\data\palette\¸ö\'Å¸Á¶·¹ÀÎÁ®_³²_45.pal"
"'Å¸Á¶·¹ÀÎÁ®_³²","46","3","C:\Users\wesley\Desktop\MeuRag\data\palette\¸ö\'Å¸Á¶·¹ÀÎÁ®_³²_3.pal","C:\Users\wesley\Desktop\MeuRag\data\palette\¸ö\'Å¸Á¶·¹ÀÎÁ®_³²_46.pal"
"'Å¸Á¶·¹ÀÎÁ®_³²","47","3","C:\Users\wesley\Desktop\MeuRag\data\palette\¸ö\'Å¸Á¶·¹ÀÎÁ®_³²_3.pal","C:\Users\wesley\Desktop\MeuRag\data\palette\¸ö\'Å¸Á¶·¹ÀÎÁ®_³²_47.pal"
"'Å¸Á¶·¹ÀÎÁ®_³²","48","3","C:\Users\wesley\Desktop\MeuRag\data\palette\¸ö\'Å¸Á¶·¹ÀÎÁ®_³²_3.pal","C:\Users\wesley\Desktop\MeuRag\data\palette\¸ö\'Å¸Á¶·¹ÀÎÁ®_³²_48.pal"
"'Å¸Á¶·¹ÀÎÁ®_³²","49","3","C:\Users\wesley\Desktop\MeuRag\data\palette\¸ö\'Å¸Á¶·¹ÀÎÁ®_³²_3.pal","C:\Users\wesley\Desktop\MeuRag\data\palette\¸ö\'Å¸Á¶·¹ÀÎÁ®_³²_49.pal"
"'Å¸Á¶·¹ÀÎÁ®_³²","50","3","C:\Users\wesley\Desktop\MeuRag\data\palette\¸ö\'Å¸Á¶·¹ÀÎÁ®_³²_3.pal","C:\Users\wesley\Desktop\MeuRag\data\palette\¸ö\'Å¸Á¶·¹ÀÎÁ®_³²_50.pal"
"'Å¸Á¶·¹ÀÎÁ®_³²","51","3","C:\Users\wesley\Desktop\MeuRag\data\palette\¸ö\'Å¸Á¶·¹ÀÎÁ®_³²_3.pal","C:\Users\wesley\Desktop\MeuRag\data\palette\¸ö\'Å¸Á¶·¹ÀÎÁ®_³²_51.pal"
"'Å¸Á¶·¹ÀÎÁ®_³²","52","3","C:\Users\wesley\Desktop\MeuRag\data\palette\¸ö\'Å¸Á¶·¹ÀÎÁ®_³²_3.pal","C:\Users\wesley\Desktop\MeuRag\data\palette\¸ö\'Å¸Á¶·¹ÀÎÁ®_³²_52.pal"
"'Å¸Á¶·¹ÀÎÁ®_³²","53","3","C:\Users\wesley\Desktop\MeuRag\data\palette\¸ö\'Å¸Á¶·¹ÀÎÁ®_³²_3.pal","C:\Users\wesley\Desktop\MeuRag\data\palette\¸ö\'Å¸Á¶·¹ÀÎÁ®_³²_53.pal"
"'Å¸Á¶·¹ÀÎÁ®_³²","54","3","C:\Users\wesley\Desktop\MeuRag\data\palette\¸ö\'Å¸Á¶·¹ÀÎÁ®_³²_3.pal","C:\Users\wesley\Desktop\MeuRag\data\palette\¸ö\'Å¸Á¶·¹ÀÎÁ®_³²_54.pal"
"'Å¸Á¶·¹ÀÎÁ®_³²","55","3","C:\Users\wesley\Desktop\MeuRag\data\palette\¸ö\'Å¸Á¶·¹ÀÎÁ®_³²_3.pal","C:\Users\wesley\Desktop\MeuRag\data\palette\¸ö\'Å¸Á¶·¹ÀÎÁ®_³²_55.pal"
"'Å¸Á¶·¹ÀÎÁ®_³²","56","3","C:\Users\wesley\Desktop\MeuRag\data\palette\¸ö\'Å¸Á¶·¹ÀÎÁ®_³²_3.pal","C:\Users\wesley\Desktop\MeuRag\data\palette\¸ö\'Å¸Á¶·¹ÀÎÁ®_³²_56.pal"
"'Å¸Á¶·¹ÀÎÁ®_³²","57","3","C:\Users\wesley\Desktop\MeuRag\data\palette\¸ö\'Å¸Á¶·¹ÀÎÁ®_³²_3.pal","C:\Users\wesley\Desktop\MeuRag\data\palette\¸ö\'Å¸Á¶·¹ÀÎÁ®_³²_57.pal"
"'Å¸Á¶·¹ÀÎÁ®_³²","58","3","C:\Users\wesley\Desktop\MeuRag\data\palette\¸ö\'Å¸Á¶·¹ÀÎÁ®_³²_3.pal","C:\Users\wesley\Desktop\MeuRag\data\palette\¸ö\'Å¸Á¶·¹ÀÎÁ®_³²_58.pal"
"'Å¸Á¶·¹ÀÎÁ®_³²","59","3","C:\Users\wesley\Desktop\MeuRag\data\palette\¸ö\'Å¸Á¶·¹ÀÎÁ®_³²_3.pal","C:\Users\wesley\Desktop\MeuRag\data\palette\¸ö\'Å¸Á¶·¹ÀÎÁ®_³²_59.pal"
"'Å¸Á¶·¹ÀÎÁ®_³²","60","3","C:\Users\wesley\Desktop\MeuRag\data\palette\¸ö\'Å¸Á¶·¹ÀÎÁ®_³²_3.pal","C:\Users\wesley\Desktop\MeuRag\data\palette\¸ö\'Å¸Á¶·¹ÀÎÁ®_³²_60.pal"
"'Å¸Á¶·¹ÀÎÁ®_³²","61","3","C:\Users\wesley\Desktop\MeuRag\data\palette\¸ö\'Å¸Á¶·¹ÀÎÁ®_³²_3.pal","C:\Users\wesley\Desktop\MeuRag\data\palette\¸ö\'Å¸Á¶·¹ÀÎÁ®_³²_61.pal"
"'Å¸Á¶·¹ÀÎÁ®_³²","62","3","C:\Users\wesley\Desktop\MeuRag\data\palette\¸ö\'Å¸Á¶·¹ÀÎÁ®_³²_3.pal","C:\Users\wesley\Desktop\MeuRag\data\palette\¸ö\'Å¸Á¶·¹ÀÎÁ®_³²_62.pal"
"'Å¸Á¶·¹ÀÎÁ®_³²","63","3","C:\Users\wesley\Desktop\MeuRag\data\palette\¸ö\'Å¸Á¶·¹ÀÎÁ®_³²_3.pal","C:\Users\wesley\Desktop\MeuRag\data\palette\¸ö\'Å¸Á¶·¹ÀÎÁ®_³²_63.pal"
"'Å¸Á¶·¹ÀÎÁ®_³²","64","3","C:\Users\wesley\Desktop\MeuRag\data\palette\¸ö\'Å¸Á¶·¹ÀÎÁ®_³²_3.pal","C:\Users\wesley\Desktop\MeuRag\data\palette\¸ö\'Å¸Á¶·¹ÀÎÁ®_³²_64.pal"
"'Å¸Á¶·¹ÀÎÁ®_³²","65","3","C:\Users\wesley\Desktop\MeuRag\data\palette\¸ö\'Å¸Á¶·¹ÀÎÁ®_³²_3.pal","C:\Users\wesley\Desktop\MeuRag\data\palette\¸ö\'Å¸Á¶·¹ÀÎÁ®_³²_65.pal"
"'Å¸Á¶·¹ÀÎÁ®_³²","66","3","C:\Users\wesley\Desktop\MeuRag\data\palette\¸ö\'Å¸Á¶·¹ÀÎÁ®_³²_3.pal","C:\Users\wesley\Desktop\MeuRag\data\palette\¸ö\'Å¸Á¶·¹ÀÎÁ®_³²_66.pal"
"'Å¸Á¶·¹ÀÎÁ®_³²","67","3","C:\Users\wesley\Desktop\MeuRag\data\palette\¸ö\'Å¸Á¶·¹ÀÎÁ®_³²_3.pal","C:\Users\wesley\Desktop\MeuRag\data\palette\¸ö\'Å¸Á¶·¹ÀÎÁ®_³²_67.pal"
"'Å¸Á¶·¹ÀÎÁ®_³²","68","3","C:\Users\wesley\Desktop\MeuRag\data\palette\¸ö\'Å¸Á¶·¹ÀÎÁ®_³²_3.pal","C:\Users\wesley\Desktop\MeuRag\data\palette\¸ö\'Å¸Á¶·¹ÀÎÁ®_³²_68.pal"
"'Å¸Á¶·¹ÀÎÁ®_³²","69","3","C:\Users\wesley\Desktop\MeuRag\data\palette\¸ö\'Å¸Á¶·¹ÀÎÁ®_³²_3.pal","C:\Users\wesley\Desktop\MeuRag\data\palette\¸ö\'Å¸Á¶·¹ÀÎÁ®_³²_69.pal"
"'Å¸Á¶·¹ÀÎÁ®_³²","70","3","C:\Users\wesley\Desktop\MeuRag\data\palette\¸ö\'Å¸Á¶·¹ÀÎÁ®_³²_3.pal","C:\Users\wesley\Desktop\MeuRag\data\palette\¸ö\'Å¸Á¶·¹ÀÎÁ®_³²_70.pal"
"'Å¸Á¶·¹ÀÎÁ®_³²","71","3","C:\Users\wesley\Desktop\MeuRag\data\palette\¸ö\'Å¸Á¶·¹ÀÎÁ®_³²_3.pal","C:\Users\wesley\Desktop\MeuRag\data\palette\¸ö\'Å¸Á¶·¹ÀÎÁ®_³²_71.pal"
"'Å¸Á¶·¹ÀÎÁ®_³²","72","3","C:\Users\wesley\Desktop\MeuRag\data\palette\¸ö\'Å¸Á¶·¹ÀÎÁ®_³²_3.pal","C:\Users\wesley\Desktop\MeuRag\data\palette\¸ö\'Å¸Á¶·¹ÀÎÁ®_³²_72.pal"
"'Å¸Á¶·¹ÀÎÁ®_³²","73","3","C:\Users\wesley\Desktop\MeuRag\data\palette\¸ö\'Å¸Á¶·¹ÀÎÁ®_³²_3.pal","C:\Users\wesley\Desktop\MeuRag\data\palette\¸ö\'Å¸Á¶·¹ÀÎÁ®_³²_73.pal"
"'Å¸Á¶·¹ÀÎÁ®_³²","74","3","C:\Users\wesley\Desktop\MeuRag\data\palette\¸ö\'Å¸Á¶·¹ÀÎÁ®_³²_3.pal","C:\Users\wesley\Desktop\MeuRag\data\palette\¸ö\'Å¸Á¶·¹ÀÎÁ®_³²_74.pal"
"'Å¸Á¶·¹ÀÎÁ®_³²","75","3","C:\Users\wesley\Desktop\MeuRag\data\palette\¸ö\'Å¸Á¶·¹ÀÎÁ®_³²_3.pal","C:\Users\wesley\Desktop\MeuRag\data\palette\¸ö\'Å¸Á¶·¹ÀÎÁ®_³²_75.pal"
"'Å¸Á¶·¹ÀÎÁ®_³²","76","3","C:\Users\wesley\Desktop\MeuRag\data\palette\¸ö\'Å¸Á¶·¹ÀÎÁ®_³²_3.pal","C:\Users\wesley\Desktop\MeuRag\data\palette\¸ö\'Å¸Á¶·¹ÀÎÁ®_³²_76.pal"
"'Å¸Á¶·¹ÀÎÁ®_³²","77","3","C:\Users\wesley\Desktop\MeuRag\data\palette\¸ö\'Å¸Á¶·¹ÀÎÁ®_³²_3.pal","C:\Users\wesley\Desktop\MeuRag\data\palette\¸ö\'Å¸Á¶·¹ÀÎÁ®_³²_77.pal"
"'Å¸Á¶·¹ÀÎÁ®_³²","78","3","C:\Users\wesley\Desktop\MeuRag\data\palette\¸ö\'Å¸Á¶·¹ÀÎÁ®_³²_3.pal","C:\Users\wesley\Desktop\MeuRag\data\palette\¸ö\'Å¸Á¶·¹ÀÎÁ®_³²_78.pal"
"'Å¸Á¶·¹ÀÎÁ®_³²","79","3","C:\Users\wesley\Desktop\MeuRag\data\palette\¸ö\'Å¸Á¶·¹ÀÎÁ®_³²_3.pal","C:\Users\wesley\Desktop\MeuRag\data\palette\¸ö\'Å¸Á¶·¹ÀÎÁ®_³²_79.pal"
"'Å¸Á¶·¹ÀÎÁ®_³²","80","3","C:\Users\wesley\Desktop\MeuRag\data\palette\¸ö\'Å¸Á¶·¹ÀÎÁ®_³²_3.pal","C:\Users\wesley\Desktop\MeuRag\data\palette\¸ö\'Å¸Á¶·¹ÀÎÁ®_³²_80.pal"
"'Å¸Á¶·¹ÀÎÁ®_³²","81","3","C:\Users\wesley\Desktop\MeuRag\data\palette\¸ö\'Å¸Á¶·¹ÀÎÁ®_³²_3.pal","C:\Users\wesley\Desktop\MeuRag\data\palette\¸ö\'Å¸Á¶·¹ÀÎÁ®_³²_81.pal"
"'Å¸Á¶·¹ÀÎÁ®_³²","82","3","C:\Users\wesley\Desktop\MeuRag\data\palette\¸ö\'Å¸Á¶·¹ÀÎÁ®_³²_3.pal","C:\Users\wesley\Desktop\MeuRag\data\palette\¸ö\'Å¸Á¶·¹ÀÎÁ®_³²_82.pal"
"'Å¸Á¶·¹ÀÎÁ®_³²","83","3","C:\Users\wesley\Desktop\MeuRag\data\palette\¸ö\'Å¸Á¶·¹ÀÎÁ®_³²_3.pal","C:\Users\wesley\Desktop\MeuRag\data\palette\¸ö\'Å¸Á¶·¹ÀÎÁ®_³²_83.pal"
"'Å¸Á¶·¹ÀÎÁ®_³²","84","3","C:\Users\wesley\Desktop\MeuRag\data\palette\¸ö\'Å¸Á¶·¹ÀÎÁ®_³²_3.pal","C:\Users\wesley\Desktop\MeuRag\data\palette\¸ö\'Å¸Á¶·¹ÀÎÁ®_³²_84.pal"
"'Å¸Á¶·¹ÀÎÁ®_³²","85","3","C:\Users\wesley\Desktop\MeuRag\data\palette\¸ö\'Å¸Á¶·¹ÀÎÁ®_³²_3.pal","C:\Users\wesley\Desktop\MeuRag\data\palette\¸ö\'Å¸Á¶·¹ÀÎÁ®_³²_85.pal"
"'Å¸Á¶·¹ÀÎÁ®_³²","86","3","C:\Users\wesley\Desktop\MeuRag\data\palette\¸ö\'Å¸Á¶·¹ÀÎÁ®_³²_3.pal","C:\Users\wesley\Desktop\MeuRag\data\palette\¸ö\'Å¸Á¶·¹ÀÎÁ®_³²_86.pal"
"'Å¸Á¶·¹ÀÎÁ®_³²","87","3","C:\Users\wesley\Desktop\MeuRag\data\palette\¸ö\'Å¸Á¶·¹ÀÎÁ®_³²_3.pal","C:\Users\wesley\Desktop\MeuRag\data\palette\¸ö\'Å¸Á¶·¹ÀÎÁ®_³²_87.pal"
"'Å¸Á¶·¹ÀÎÁ®_³²","88","3","C:\Users\wesley\Desktop\MeuRag\data\palette\¸ö\'Å¸Á¶·¹ÀÎÁ®_³²_3.pal","C:\Users\wesley\Desktop\MeuRag\data\palette\¸ö\'Å¸Á¶·¹ÀÎÁ®_³²_88.pal"
"'Å¸Á¶·¹ÀÎÁ®_³²","89","3","C:\Users\wesley\Desktop\MeuRag\data\palette\¸ö\'Å¸Á¶·¹ÀÎÁ®_³²_3.pal","C:\Users\wesley\Desktop\MeuRag\data\palette\¸ö\'Å¸Á¶·¹ÀÎÁ®_³²_89.pal"
"'Å¸Á¶·¹ÀÎÁ®_³²","90","3","C:\Users\wesley\Desktop\MeuRag\data\palette\¸ö\'Å¸Á¶·¹ÀÎÁ®_³²_3.pal","C:\Users\wesley\Desktop\MeuRag\data\palette\¸ö\'Å¸Á¶·¹ÀÎÁ®_³²_90.pal"
"'Å¸Á¶·¹ÀÎÁ®_³²","91","3","C:\Users\wesley\Desktop\MeuRag\data\palette\¸ö\'Å¸Á¶·¹ÀÎÁ®_³²_3.pal","C:\Users\wesley\Desktop\MeuRag\data\palette\¸ö\'Å¸Á¶·¹ÀÎÁ®_³²_91.pal"
"'Å¸Á¶·¹ÀÎÁ®_³²","92","3","C:\Users\wesley\Desktop\MeuRag\data\palette\¸ö\'Å¸Á¶·¹ÀÎÁ®_³²_3.pal","C:\Users\wesley\Desktop\MeuRag\data\palette\¸ö\'Å¸Á¶·¹ÀÎÁ®_³²_92.pal"
"'Å¸Á¶·¹ÀÎÁ®_³²","93","3","C:\Users\wesley\Desktop\MeuRag\data\palette\¸ö\'Å¸Á¶·¹ÀÎÁ®_³²_3.pal","C:\Users\wesley\Desktop\MeuRag\data\palette\¸ö\'Å¸Á¶·¹ÀÎÁ®_³²_93.pal"
"'Å¸Á¶·¹ÀÎÁ®_³²","94","3","C:\Users\wesley\Desktop\MeuRag\data\palette\¸ö\'Å¸Á¶·¹ÀÎÁ®_³²_3.pal","C:\Users\wesley\Desktop\MeuRag\data\palette\¸ö\'Å¸Á¶·¹ÀÎÁ®_³²_94.pal"
"'Å¸Á¶·¹ÀÎÁ®_³²","95","3","C:\Users\wesley\Desktop\MeuRag\data\palette\¸ö\'Å¸Á¶·¹ÀÎÁ®_³²_3.pal","C:\Users\wesley\Desktop\MeuRag\data\palette\¸ö\'Å¸Á¶·¹ÀÎÁ®_³²_95.pal"
"'Å¸Á¶·¹ÀÎÁ®_³²","96","3","C:\Users\wesley\Desktop\MeuRag\data\palette\¸ö\'Å¸Á¶·¹ÀÎÁ®_³²_3.pal","C:\Users\wesley\Desktop\MeuRag\data\palette\¸ö\'Å¸Á¶·¹ÀÎÁ®_³²_96.pal"
"'Å¸Á¶·¹ÀÎÁ®_³²","97","3","C:\Users\wesley\Desktop\MeuRag\data\palette\¸ö\'Å¸Á¶·¹ÀÎÁ®_³²_3.pal","C:\Users\wesley\Desktop\MeuRag\data\palette\¸ö\'Å¸Á¶·¹ÀÎÁ®_³²_97.pal"
"'Å¸Á¶·¹ÀÎÁ®_³²","98","3","C:\Users\wesley\Desktop\MeuRag\data\palette\¸ö\'Å¸Á¶·¹ÀÎÁ®_³²_3.pal","C:\Users\wesley\Desktop\MeuRag\data\palette\¸ö\'Å¸Á¶·¹ÀÎÁ®_³²_98.pal"
"'Å¸Á¶·¹ÀÎÁ®_³²","99","3","C:\Users\wesley\Desktop\MeuRag\data\palette\¸ö\'Å¸Á¶·¹ÀÎÁ®_³²_3.pal","C:\Users\wesley\Desktop\MeuRag\data\palette\¸ö\'Å¸Á¶·¹ÀÎÁ®_³²_99.pal"
"'Å¸Á¶·¹ÀÎÁ®_³²","100","3","C:\Users\wesley\Desktop\MeuRag\data\palette\¸ö\'Å¸Á¶·¹ÀÎÁ®_³²_3.pal","C:\Users\wesley\Desktop\MeuRag\data\palette\¸ö\'Å¸Á¶·¹ÀÎÁ®_³²_100.pal"
"'Å¸Á¶·¹ÀÎÁ®_³²","101","3","C:\Users\wesley\Desktop\MeuRag\data\palette\¸ö\'Å¸Á¶·¹ÀÎÁ®_³²_3.pal","C:\Users\wesley\Desktop\MeuRag\data\palette\¸ö\'Å¸Á¶·¹ÀÎÁ®_³²_101.pal"
"'Å¸Á¶·¹ÀÎÁ®_³²","102","3","C:\Users\wesley\Desktop\MeuRag\data\palette\¸ö\'Å¸Á¶·¹ÀÎÁ®_³²_3.pal","C:\Users\wesley\Desktop\MeuRag\data\palette\¸ö\'Å¸Á¶·¹ÀÎÁ®_³²_102.pal"
"'Å¸Á¶·¹ÀÎÁ®_³²","103","3","C:\Users\wesley\Desktop\MeuRag\data\palette\¸ö\'Å¸Á¶·¹ÀÎÁ®_³²_3.pal","C:\Users\wesley\Desktop\MeuRag\data\palette\¸ö\'Å¸Á¶·¹ÀÎÁ®_³²_103.pal"
"'Å¸Á¶·¹ÀÎÁ®_³²","104","3","C:\Users\wesley\Desktop\MeuRag\data\palette\¸ö\'Å¸Á¶·¹ÀÎÁ®_³²_3.pal","C:\Users\wesley\Desktop\MeuRag\data\palette\¸ö\'Å¸Á¶·¹ÀÎÁ®_³²_104.pal"
"'Å¸Á¶·¹ÀÎÁ®_³²","105","3","C:\Users\wesley\Desktop\MeuRag\data\palette\¸ö\'Å¸Á¶·¹ÀÎÁ®_³²_3.pal","C:\Users\wesley\Desktop\MeuRag\data\palette\¸ö\'Å¸Á¶·¹ÀÎÁ®_³²_105.pal"
"'Å¸Á¶·¹ÀÎÁ®_³²","106","3","C:\Users\wesley\Desktop\MeuRag\data\palette\¸ö\'Å¸Á¶·¹ÀÎÁ®_³²_3.pal","C:\Users\wesley\Desktop\MeuRag\data\palette\¸ö\'Å¸Á¶·¹ÀÎÁ®_³²_106.pal"
"'Å¸Á¶·¹ÀÎÁ®_³²","107","3","C:\Users\wesley\Desktop\MeuRag\data\palette\¸ö\'Å¸Á¶·¹ÀÎÁ®_³²_3.pal","C:\Users\wesley\Desktop\MeuRag\data\palette\¸ö\'Å¸Á¶·¹ÀÎÁ®_³²_107.pal"
"'Å¸Á¶·¹ÀÎÁ®_³²","108","3","C:\Users\wesley\Desktop\MeuRag\data\palette\¸ö\'Å¸Á¶·¹ÀÎÁ®_³²_3.pal","C:\Users\wesley\Desktop\MeuRag\data\palette\¸ö\'Å¸Á¶·¹ÀÎÁ®_³²_108.pal"
"'Å¸Á¶·¹ÀÎÁ®_³²","109","3","C:\Users\wesley\Desktop\MeuRag\data\palette\¸ö\'Å¸Á¶·¹ÀÎÁ®_³²_3.pal","C:\Users\wesley\Desktop\MeuRag\data\palette\¸ö\'Å¸Á¶·¹ÀÎÁ®_³²_109.pal"
"'Å¸Á¶·¹ÀÎÁ®_³²","110","3","C:\Users\wesley\Desktop\MeuRag\data\palette\¸ö\'Å¸Á¶·¹ÀÎÁ®_³²_3.pal","C:\Users\wesley\Desktop\MeuRag\data\palette\¸ö\'Å¸Á¶·¹ÀÎÁ®_³²_110.pal"
"'Å¸Á¶·¹ÀÎÁ®_³²","111","3","C:\Users\wesley\Desktop\MeuRag\data\palette\¸ö\'Å¸Á¶·¹ÀÎÁ®_³²_3.pal","C:\Users\wesley\Desktop\MeuRag\data\palette\¸ö\'Å¸Á¶·¹ÀÎÁ®_³²_111.pal"
"'Å¸Á¶·¹ÀÎÁ®_³²","112","3","C:\Users\wesley\Desktop\MeuRag\data\palette\¸ö\'Å¸Á¶·¹ÀÎÁ®_³²_3.pal","C:\Users\wesley\Desktop\MeuRag\data\palette\¸ö\'Å¸Á¶·¹ÀÎÁ®_³²_112.pal"
"'Å¸Á¶·¹ÀÎÁ®_³²","113","3","C:\Users\wesley\Desktop\MeuRag\data\palette\¸ö\'Å¸Á¶·¹ÀÎÁ®_³²_3.pal","C:\Users\wesley\Desktop\MeuRag\data\palette\¸ö\'Å¸Á¶·¹ÀÎÁ®_³²_113.pal"
"'Å¸Á¶·¹ÀÎÁ®_³²","114","3","C:\Users\wesley\Desktop\MeuRag\data\palette\¸ö\'Å¸Á¶·¹ÀÎÁ®_³²_3.pal","C:\Users\wesley\Desktop\MeuRag\data\palette\¸ö\'Å¸Á¶·¹ÀÎÁ®_³²_114.pal"
"'Å¸Á¶·¹ÀÎÁ®_³²","115","3","C:\Users\wesley\Desktop\MeuRag\data\palette\¸ö\'Å¸Á¶·¹ÀÎÁ®_³²_3.pal","C:\Users\wesley\Desktop\MeuRag\data\palette\¸ö\'Å¸Á¶·¹ÀÎÁ®_³²_115.pal"
"'Å¸Á¶·¹ÀÎÁ®_³²","116","3","C:\Users\wesley\Desktop\MeuRag\data\palette\¸ö\'Å¸Á¶·¹ÀÎÁ®_³²_3.pal","C:\Users\wesley\Desktop\MeuRag\data\palette\¸ö\'Å¸Á¶·¹ÀÎÁ®_³²_116.pal"
"'Å¸Á¶·¹ÀÎÁ®_³²","117","3","C:\Users\wesley\Desktop\MeuRag\data\palette\¸ö\'Å¸Á¶·¹ÀÎÁ®_³²_3.pal","C:\Users\wesley\Desktop\MeuRag\data\palette\¸ö\'Å¸Á¶·¹ÀÎÁ®_³²_117.pal"
"'Å¸Á¶·¹ÀÎÁ®_³²","118","3","C:\Users\wesley\Desktop\MeuRag\data\palette\¸ö\'Å¸Á¶·¹ÀÎÁ®_³²_3.pal","C:\Users\wesley\Desktop\MeuRag\data\palette\¸ö\'Å¸Á¶·¹ÀÎÁ®_³²_118.pal"
"'Å¸Á¶·¹ÀÎÁ®_³²","119","3","C:\Users\wesley\Desktop\MeuRag\data\palette\¸ö\'Å¸Á¶·¹ÀÎÁ®_³²_3.pal","C:\Users\wesley\Desktop\MeuRag\data\palette\¸ö\'Å¸Á¶·¹ÀÎÁ®_³²_119.pal"
"'Å¸Á¶·¹ÀÎÁ®_³²","120","3","C:\Users\wesley\Desktop\MeuRag\data\palette\¸ö\'Å¸Á¶·¹ÀÎÁ®_³²_3.pal","C:\Users\wesley\Desktop\MeuRag\data\palette\¸ö\'Å¸Á¶·¹ÀÎÁ®_³²_120.pal"
"'Å¸Á¶·¹ÀÎÁ®_³²","121","3","C:\Users\wesley\Desktop\MeuRag\data\palette\¸ö\'Å¸Á¶·¹ÀÎÁ®_³²_3.pal","C:\Users\wesley\Desktop\MeuRag\data\palette\¸ö\'Å¸Á¶·¹ÀÎÁ®_³²_121.pal"
"'Å¸Á¶·¹ÀÎÁ®_³²","122","3","C:\Users\wesley\Desktop\MeuRag\data\palette\¸ö\'Å¸Á¶·¹ÀÎÁ®_³²_3.pal","C:\Users\wesley\Desktop\MeuRag\data\palette\¸ö\'Å¸Á¶·¹ÀÎÁ®_³²_122.pal"
"'Å¸Á¶·¹ÀÎÁ®_³²","123","3","C:\Users\wesley\Desktop\MeuRag\data\palette\¸ö\'Å¸Á¶·¹ÀÎÁ®_³²_3.pal","C:\Users\wesley\Desktop\MeuRag\data\palette\¸ö\'Å¸Á¶·¹ÀÎÁ®_³²_123.pal"
"'Å¸Á¶·¹ÀÎÁ®_³²","124","3","C:\Users\wesley\Desktop\MeuRag\data\palette\¸ö\'Å¸Á¶·¹ÀÎÁ®_³²_3.pal","C:\Users\wesley\Desktop\MeuRag\data\palette\¸ö\'Å¸Á¶·¹ÀÎÁ®_³²_124.pal"
"'Å¸Á¶·¹ÀÎÁ®_³²","125","3","C:\Users\wesley\Desktop\MeuRag\data\palette\¸ö\'Å¸Á¶·¹ÀÎÁ®_³²_3.pal","C:\Users\wesley\Desktop\MeuRag\data\palette\¸ö\'Å¸Á¶·¹ÀÎÁ®_³²_125.pal"
"'Å¸Á¶·¹ÀÎÁ®_³²","126","3","C:\Users\wesley\Desktop\MeuRag\data\palette\¸ö\'Å¸Á¶·¹ÀÎÁ®_³²_3.pal","C:\Users\wesley\Desktop\MeuRag\data\palette\¸ö\'Å¸Á¶·¹ÀÎÁ®_³²_126.pal"
"'Å¸Á¶·¹ÀÎÁ®_³²","127","3","C:\Users\wesley\Desktop\MeuRag\data\palette\¸ö\'Å¸Á¶·¹ÀÎÁ®_³²_3.pal","C:\Users\wesley\Desktop\MeuRag\data\palette\¸ö\'Å¸Á¶·¹ÀÎÁ®_³²_127.pal"
"'Å¸Á¶·¹ÀÎÁ®_³²","128","3","C:\Users\wesley\Desktop\MeuRag\data\palette\¸ö\'Å¸Á¶·¹ÀÎÁ®_³²_3.pal","C:\Users\wesley\Desktop\MeuRag\data\palette\¸ö\'Å¸Á¶·¹ÀÎÁ®_³²_128.pal"
"'Å¸Á¶·¹ÀÎÁ®_³²","129","3","C:\Users\wesley\Desktop\MeuRag\data\palette\¸ö\'Å¸Á¶·¹ÀÎÁ®_³²_3.pal","C:\Users\wesley\Desktop\MeuRag\data\palette\¸ö\'Å¸Á¶·¹ÀÎÁ®_³²_129.pal"
"'Å¸Á¶·¹ÀÎÁ®_³²","130","3","C:\Users\wesley\Desktop\MeuRag\data\palette\¸ö\'Å¸Á¶·¹ÀÎÁ®_³²_3.pal","C:\Users\wesley\Desktop\MeuRag\data\palette\¸ö\'Å¸Á¶·¹ÀÎÁ®_³²_130.pal"
"'Å¸Á¶·¹ÀÎÁ®_³²","131","3","C:\Users\wesley\Desktop\MeuRag\data\palette\¸ö\'Å¸Á¶·¹ÀÎÁ®_³²_3.pal","C:\Users\wesley\Desktop\MeuRag\data\palette\¸ö\'Å¸Á¶·¹ÀÎÁ®_³²_131.pal"
"'Å¸Á¶·¹ÀÎÁ®_³²","132","3","C:\Users\wesley\Desktop\MeuRag\data\palette\¸ö\'Å¸Á¶·¹ÀÎÁ®_³²_3.pal","C:\Users\wesley\Desktop\MeuRag\data\palette\¸ö\'Å¸Á¶·¹ÀÎÁ®_³²_132.pal"
"'Å¸Á¶·¹ÀÎÁ®_³²","133","3","C:\Users\wesley\Desktop\MeuRag\data\palette\¸ö\'Å¸Á¶·¹ÀÎÁ®_³²_3.pal","C:\Users\wesley\Desktop\MeuRag\data\palette\¸ö\'Å¸Á¶·¹ÀÎÁ®_³²_133.pal"
"'Å¸Á¶·¹ÀÎÁ®_³²","134","3","C:\Users\wesley\Desktop\MeuRag\data\palette\¸ö\'Å¸Á¶·¹ÀÎÁ®_³²_3.pal","C:\Users\wesley\Desktop\MeuRag\data\palette\¸ö\'Å¸Á¶·¹ÀÎÁ®_³²_134.pal"
"'Å¸Á¶·¹ÀÎÁ®_³²","135","3","C:\Users\wesley\Desktop\MeuRag\data\palette\¸ö\'Å¸Á¶·¹ÀÎÁ®_³²_3.pal","C:\Users\wesley\Desktop\MeuRag\data\palette\¸ö\'Å¸Á¶·¹ÀÎÁ®_³²_135.pal"
"'Å¸Á¶·¹ÀÎÁ®_³²","136","3","C:\Users\wesley\Desktop\MeuRag\data\palette\¸ö\'Å¸Á¶·¹ÀÎÁ®_³²_3.pal","C:\Users\wesley\Desktop\MeuRag\data\palette\¸ö\'Å¸Á¶·¹ÀÎÁ®_³²_136.pal"
"'Å¸Á¶·¹ÀÎÁ®_³²","137","3","C:\Users\wesley\Desktop\MeuRag\data\palette\¸ö\'Å¸Á¶·¹ÀÎÁ®_³²_3.pal","C:\Users\wesley\Desktop\MeuRag\data\palette\¸ö\'Å¸Á¶·¹ÀÎÁ®_³²_137.pal"
"'Å¸Á¶·¹ÀÎÁ®_³²","138","3","C:\Users\wesley\Desktop\MeuRag\data\palette\¸ö\'Å¸Á¶·¹ÀÎÁ®_³²_3.pal","C:\Users\wesley\Desktop\MeuRag\data\palette\¸ö\'Å¸Á¶·¹ÀÎÁ®_³²_138.pal"
"'Å¸Á¶·¹ÀÎÁ®_³²","139","3","C:\Users\wesley\Desktop\MeuRag\data\palette\¸ö\'Å¸Á¶·¹ÀÎÁ®_³²_3.pal","C:\Users\wesley\Desktop\MeuRag\data\palette\¸ö\'Å¸Á¶·¹ÀÎÁ®_³²_139.pal"
"'Å¸Á¶·¹ÀÎÁ®_³²","140","3","C:\Users\wesley\Desktop\MeuRag\data\palette\¸ö\'Å¸Á¶·¹ÀÎÁ®_³²_3.pal","C:\Users\wesley\Desktop\MeuRag\data\palette\¸ö\'Å¸Á¶·¹ÀÎÁ®_³²_140.pal"
"'Å¸Á¶·¹ÀÎÁ®_³²","141","3","C:\Users\wesley\Desktop\MeuRag\data\palette\¸ö\'Å¸Á¶·¹ÀÎÁ®_³²_3.pal","C:\Users\wesley\Desktop\MeuRag\data\palette\¸ö\'Å¸Á¶·¹ÀÎÁ®_³²_141.pal"
"'Å¸Á¶·¹ÀÎÁ®_³²","142","3","C:\Users\wesley\Desktop\MeuRag\data\palette\¸ö\'Å¸Á¶·¹ÀÎÁ®_³²_3.pal","C:\Users\wesley\Desktop\MeuRag\data\palette\¸ö\'Å¸Á¶·¹ÀÎÁ®_³²_142.pal"
"'Å¸Á¶·¹ÀÎÁ®_³²","143","3","C:\Users\wesley\Desktop\MeuRag\data\palette\¸ö\'Å¸Á¶·¹ÀÎÁ®_³²_3.pal","C:\Users\wesley\Desktop\MeuRag\data\palette\¸ö\'Å¸Á¶·¹ÀÎÁ®_³²_143.pal"
"'Å¸Á¶·¹ÀÎÁ®_³²","144","3","C:\Users\wesley\Desktop\MeuRag\data\palette\¸ö\'Å¸Á¶·¹ÀÎÁ®_³²_3.pal","C:\Users\wesley\Desktop\MeuRag\data\palette\¸ö\'Å¸Á¶·¹ÀÎÁ®_³²_144.pal"
"'Å¸Á¶·¹ÀÎÁ®_³²","145","3","C:\Users\wesley\Desktop\MeuRag\data\palette\¸ö\'Å¸Á¶·¹ÀÎÁ®_³²_3.pal","C:\Users\wesley\Desktop\MeuRag\data\palette\¸ö\'Å¸Á¶·¹ÀÎÁ®_³²_145.pal"
"'Å¸Á¶·¹ÀÎÁ®_³²","146","3","C:\Users\wesley\Desktop\MeuRag\data\palette\¸ö\'Å¸Á¶·¹ÀÎÁ®_³²_3.pal","C:\Users\wesley\Desktop\MeuRag\data\palette\¸ö\'Å¸Á¶·¹ÀÎÁ®_³²_146.pal"
"'Å¸Á¶·¹ÀÎÁ®_³²","147","3","C:\Users\wesley\Desktop\MeuRag\data\palette\¸ö\'Å¸Á¶·¹ÀÎÁ®_³²_3.pal","C:\Users\wesley\Desktop\MeuRag\data\palette\¸ö\'Å¸Á¶·¹ÀÎÁ®_³²_147.pal"
"'Å¸Á¶·¹ÀÎÁ®_³²","148","3","C:\Users\wesley\Desktop\MeuRag\data\palette\¸ö\'Å¸Á¶·¹ÀÎÁ®_³²_3.pal","C:\Users\wesley\Desktop\MeuRag\data\palette\¸ö\'Å¸Á¶·¹ÀÎÁ®_³²_148.pal"
"'Å¸Á¶·¹ÀÎÁ®_³²","149","3","C:\Users\wesley\Desktop\MeuRag\data\palette\¸ö\'Å¸Á¶·¹ÀÎÁ®_³²_3.pal","C:\Users\wesley\Desktop\MeuRag\data\palette\¸ö\'Å¸Á¶·¹ÀÎÁ®_³²_149.pal"
"'Å¸Á¶·¹ÀÎÁ®_³²","150","3","C:\Users\wesley\Desktop\MeuRag\data\palette\¸ö\'Å¸Á¶·¹ÀÎÁ®_³²_3.pal","C:\Users\wesley\Desktop\MeuRag\data\palette\¸ö\'Å¸Á¶·¹ÀÎÁ®_³²_150.pal"
"'Å¸Á¶·¹ÀÎÁ®_³²","151","3","C:\Users\wesley\Desktop\MeuRag\data\palette\¸ö\'Å¸Á¶·¹ÀÎÁ®_³²_3.pal","C:\Users\wesley\Desktop\MeuRag\data\palette\¸ö\'Å¸Á¶·¹ÀÎÁ®_³²_151.pal"
"'Å¸Á¶·¹ÀÎÁ®_³²","152","3","C:\Users\wesley\Desktop\MeuRag\data\palette\¸ö\'Å¸Á¶·¹ÀÎÁ®_³²_3.pal","C:\Users\wesley\Desktop\MeuRag\data\palette\¸ö\'Å¸Á¶·¹ÀÎÁ®_³²_152.pal"
"'Å¸Á¶·¹ÀÎÁ®_³²","153","3","C:\Users\wesley\Desktop\MeuRag\data\palette\¸ö\'Å¸Á¶·¹ÀÎÁ®_³²_3.pal","C:\Users\wesley\Desktop\MeuRag\data\palette\¸ö\'Å¸Á¶·¹ÀÎÁ®_³²_153.pal"
"'Å¸Á¶·¹ÀÎÁ®_³²","154","3","C:\Users\wesley\Desktop\MeuRag\data\palette\¸ö\'Å¸Á¶·¹ÀÎÁ®_³²_3.pal","C:\Users\wesley\Desktop\MeuRag\data\palette\¸ö\'Å¸Á¶·¹ÀÎÁ®_³²_154.pal"
"'Å¸Á¶·¹ÀÎÁ®_³²","155","3","C:\Users\wesley\Desktop\MeuRag\data\palette\¸ö\'Å¸Á¶·¹ÀÎÁ®_³²_3.pal","C:\Users\wesley\Desktop\MeuRag\data\palette\¸ö\'Å¸Á¶·¹ÀÎÁ®_³²_155.pal"
"'Å¸Á¶·¹ÀÎÁ®_³²","156","3","C:\Users\wesley\Desktop\MeuRag\data\palette\¸ö\'Å¸Á¶·¹ÀÎÁ®_³²_3.pal","C:\Users\wesley\Desktop\MeuRag\data\palette\¸ö\'Å¸Á¶·¹ÀÎÁ®_³²_156.pal"
"'Å¸Á¶·¹ÀÎÁ®_³²","157","3","C:\Users\wesley\Desktop\MeuRag\data\palette\¸ö\'Å¸Á¶·¹ÀÎÁ®_³²_3.pal","C:\Users\wesley\Desktop\MeuRag\data\palette\¸ö\'Å¸Á¶·¹ÀÎÁ®_³²_157.pal"
"'Å¸Á¶·¹ÀÎÁ®_³²","158","3","C:\Users\wesley\Desktop\MeuRag\data\palette\¸ö\'Å¸Á¶·¹ÀÎÁ®_³²_3.pal","C:\Users\wesley\Desktop\MeuRag\data\palette\¸ö\'Å¸Á¶·¹ÀÎÁ®_³²_158.pal"
"'Å¸Á¶·¹ÀÎÁ®_³²","159","3","C:\Users\wesley\Desktop\MeuRag\data\palette\¸ö\'Å¸Á¶·¹ÀÎÁ®_³²_3.pal","C:\Users\wesley\Desktop\MeuRag\data\palette\¸ö\'Å¸Á¶·¹ÀÎÁ®_³²_159.pal"
"'Å¸Á¶·¹ÀÎÁ®_³²","160","3","C:\Users\wesley\Desktop\MeuRag\data\palette\¸ö\'Å¸Á¶·¹ÀÎÁ®_³²_3.pal","C:\Users\wesley\Desktop\MeuRag\data\palette\¸ö\'Å¸Á¶·¹ÀÎÁ®_³²_160.pal"
"'Å¸Á¶·¹ÀÎÁ®_³²","161","3","C:\Users\wesley\Desktop\MeuRag\data\palette\¸ö\'Å¸Á¶·¹ÀÎÁ®_³²_3.pal","C:\Users\wesley\Desktop\MeuRag\data\palette\¸ö\'Å¸Á¶·¹ÀÎÁ®_³²_161.pal"
"'Å¸Á¶·¹ÀÎÁ®_³²","162","3","C:\Users\wesley\Desktop\MeuRag\data\palette\¸ö\'Å¸Á¶·¹ÀÎÁ®_³²_3.pal","C:\Users\wesley\Desktop\MeuRag\data\palette\¸ö\'Å¸Á¶·¹ÀÎÁ®_³²_162.pal"
"'Å¸Á¶·¹ÀÎÁ®_³²","163","3","C:\Users\wesley\Desktop\MeuRag\data\palette\¸ö\'Å¸Á¶·¹ÀÎÁ®_³²_3.pal","C:\Users\wesley\Desktop\MeuRag\data\palette\¸ö\'Å¸Á¶·¹ÀÎÁ®_³²_163.pal"
"'Å¸Á¶·¹ÀÎÁ®_³²","164","3","C:\Users\wesley\Desktop\MeuRag\data\palette\¸ö\'Å¸Á¶·¹ÀÎÁ®_³²_3.pal","C:\Users\wesley\Desktop\MeuRag\data\palette\¸ö\'Å¸Á¶·¹ÀÎÁ®_³²_164.pal"
"'Å¸Á¶·¹ÀÎÁ®_³²","165","3","C:\Users\wesley\Desktop\MeuRag\data\palette\¸ö\'Å¸Á¶·¹ÀÎÁ®_³²_3.pal","C:\Users\wesley\Desktop\MeuRag\data\palette\¸ö\'Å¸Á¶·¹ÀÎÁ®_³²_165.pal"
"'Å¸Á¶·¹ÀÎÁ®_³²","166","3","C:\Users\wesley\Desktop\MeuRag\data\palette\¸ö\'Å¸Á¶·¹ÀÎÁ®_³²_3.pal","C:\Users\wesley\Desktop\MeuRag\data\palette\¸ö\'Å¸Á¶·¹ÀÎÁ®_³²_166.pal"
"'Å¸Á¶·¹ÀÎÁ®_³²","167","3","C:\Users\wesley\Desktop\MeuRag\data\palette\¸ö\'Å¸Á¶·¹ÀÎÁ®_³²_3.pal","C:\Users\wesley\Desktop\MeuRag\data\palette\¸ö\'Å¸Á¶·¹ÀÎÁ®_³²_167.pal"
"'Å¸Á¶·¹ÀÎÁ®_³²","168","3","C:\Users\wesley\Desktop\MeuRag\data\palette\¸ö\'Å¸Á¶·¹ÀÎÁ®_³²_3.pal","C:\Users\wesley\Desktop\MeuRag\data\palette\¸ö\'Å¸Á¶·¹ÀÎÁ®_³²_168.pal"
"'Å¸Á¶·¹ÀÎÁ®_³²","169","3","C:\Users\wesley\Desktop\MeuRag\data\palette\¸ö\'Å¸Á¶·¹ÀÎÁ®_³²_3.pal","C:\Users\wesley\Desktop\MeuRag\data\palette\¸ö\'Å¸Á¶·¹ÀÎÁ®_³²_169.pal"
"'Å¸Á¶·¹ÀÎÁ®_³²","170","3","C:\Users\wesley\Desktop\MeuRag\data\palette\¸ö\'Å¸Á¶·¹ÀÎÁ®_³²_3.pal","C:\Users\wesley\Desktop\MeuRag\data\palette\¸ö\'Å¸Á¶·¹ÀÎÁ®_³²_170.pal"
"'Å¸Á¶·¹ÀÎÁ®_³²","171","3","C:\Users\wesley\Desktop\MeuRag\data\palette\¸ö\'Å¸Á¶·¹ÀÎÁ®_³²_3.pal","C:\Users\wesley\Desktop\MeuRag\data\palette\¸ö\'Å¸Á¶·¹ÀÎÁ®_³²_171.pal"
"'Å¸Á¶·¹ÀÎÁ®_³²","172","3","C:\Users\wesley\Desktop\MeuRag\data\palette\¸ö\'Å¸Á¶·¹ÀÎÁ®_³²_3.pal","C:\Users\wesley\Desktop\MeuRag\data\palette\¸ö\'Å¸Á¶·¹ÀÎÁ®_³²_172.pal"
"'Å¸Á¶·¹ÀÎÁ®_³²","173","3","C:\Users\wesley\Desktop\MeuRag\data\palette\¸ö\'Å¸Á¶·¹ÀÎÁ®_³²_3.pal","C:\Users\wesley\Desktop\MeuRag\data\palette\¸ö\'Å¸Á¶·¹ÀÎÁ®_³²_173.pal"
"'Å¸Á¶·¹ÀÎÁ®_³²","174","3","C:\Users\wesley\Desktop\MeuRag\data\palette\¸ö\'Å¸Á¶·¹ÀÎÁ®_³²_3.pal","C:\Users\wesley\Desktop\MeuRag\data\palette\¸ö\'Å¸Á¶·¹ÀÎÁ®_³²_174.pal"
"'Å¸Á¶·¹ÀÎÁ®_³²","175","3","C:\Users\wesley\Desktop\MeuRag\data\palette\¸ö\'Å¸Á¶·¹ÀÎÁ®_³²_3.pal","C:\Users\wesley\Desktop\MeuRag\data\palette\¸ö\'Å¸Á¶·¹ÀÎÁ®_³²_175.pal"
"'Å¸Á¶·¹ÀÎÁ®_³²","176","3","C:\Users\wesley\Desktop\MeuRag\data\palette\¸ö\'Å¸Á¶·¹ÀÎÁ®_³²_3.pal","C:\Users\wesley\Desktop\MeuRag\data\palette\¸ö\'Å¸Á¶·¹ÀÎÁ®_³²_176.pal"
"'Å¸Á¶·¹ÀÎÁ®_³²","177","3","C:\Users\wesley\Desktop\MeuRag\data\palette\¸ö\'Å¸Á¶·¹ÀÎÁ®_³²_3.pal","C:\Users\wesley\Desktop\MeuRag\data\palette\¸ö\'Å¸Á¶·¹ÀÎÁ®_³²_177.pal"
"'Å¸Á¶·¹ÀÎÁ®_³²","178","3","C:\Users\wesley\Desktop\MeuRag\data\palette\¸ö\'Å¸Á¶·¹ÀÎÁ®_³²_3.pal","C:\Users\wesley\Desktop\MeuRag\data\palette\¸ö\'Å¸Á¶·¹ÀÎÁ®_³²_178.pal"
"'Å¸Á¶·¹ÀÎÁ®_³²","179","3","C:\Users\wesley\Desktop\MeuRag\data\palette\¸ö\'Å¸Á¶·¹ÀÎÁ®_³²_3.pal","C:\Users\wesley\Desktop\MeuRag\data\palette\¸ö\'Å¸Á¶·¹ÀÎÁ®_³²_179.pal"
"'Å¸Á¶·¹ÀÎÁ®_³²","180","3","C:\Users\wesley\Desktop\MeuRag\data\palette\¸ö\'Å¸Á¶·¹ÀÎÁ®_³²_3.pal","C:\Users\wesley\Desktop\MeuRag\data\palette\¸ö\'Å¸Á¶·¹ÀÎÁ®_³²_180.pal"
"'Å¸Á¶·¹ÀÎÁ®_³²","181","3","C:\Users\wesley\Desktop\MeuRag\data\palette\¸ö\'Å¸Á¶·¹ÀÎÁ®_³²_3.pal","C:\Users\wesley\Desktop\MeuRag\data\palette\¸ö\'Å¸Á¶·¹ÀÎÁ®_³²_181.pal"
"'Å¸Á¶·¹ÀÎÁ®_³²","182","3","C:\Users\wesley\Desktop\MeuRag\data\palette\¸ö\'Å¸Á¶·¹ÀÎÁ®_³²_3.pal","C:\Users\wesley\Desktop\MeuRag\data\palette\¸ö\'Å¸Á¶·¹ÀÎÁ®_³²_182.pal"
"'Å¸Á¶·¹ÀÎÁ®_³²","183","3","C:\Users\wesley\Desktop\MeuRag\data\palette\¸ö\'Å¸Á¶·¹ÀÎÁ®_³²_3.pal","C:\Users\wesley\Desktop\MeuRag\data\palette\¸ö\'Å¸Á¶·¹ÀÎÁ®_³²_183.pal"
"'Å¸Á¶·¹ÀÎÁ®_³²","184","3","C:\Users\wesley\Desktop\MeuRag\data\palette\¸ö\'Å¸Á¶·¹ÀÎÁ®_³²_3.pal","C:\Users\wesley\Desktop\MeuRag\data\palette\¸ö\'Å¸Á¶·¹ÀÎÁ®_³²_184.pal"
"'Å¸Á¶·¹ÀÎÁ®_³²","185","3","C:\Users\wesley\Desktop\MeuRag\data\palette\¸ö\'Å¸Á¶·¹ÀÎÁ®_³²_3.pal","C:\Users\wesley\Desktop\MeuRag\data\palette\¸ö\'Å¸Á¶·¹ÀÎÁ®_³²_185.pal"
"'Å¸Á¶·¹ÀÎÁ®_³²","186","3","C:\Users\wesley\Desktop\MeuRag\data\palette\¸ö\'Å¸Á¶·¹ÀÎÁ®_³²_3.pal","C:\Users\wesley\Desktop\MeuRag\data\palette\¸ö\'Å¸Á¶·¹ÀÎÁ®_³²_186.pal"
"'Å¸Á¶·¹ÀÎÁ®_³²","187","3","C:\Users\wesley\Desktop\MeuRag\data\palette\¸ö\'Å¸Á¶·¹ÀÎÁ®_³²_3.pal","C:\Users\wesley\Desktop\MeuRag\data\palette\¸ö\'Å¸Á¶·¹ÀÎÁ®_³²_187.pal"
"'Å¸Á¶·¹ÀÎÁ®_³²","188","3","C:\Users\wesley\Desktop\MeuRag\data\palette\¸ö\'Å¸Á¶·¹ÀÎÁ®_³²_3.pal","C:\Users\wesley\Desktop\MeuRag\data\palette\¸ö\'Å¸Á¶·¹ÀÎÁ®_³²_188.pal"
"'Å¸Á¶·¹ÀÎÁ®_³²","189","3","C:\Users\wesley\Desktop\MeuRag\data\palette\¸ö\'Å¸Á¶·¹ÀÎÁ®_³²_3.pal","C:\Users\wesley\Desktop\MeuRag\data\palette\¸ö\'Å¸Á¶·¹ÀÎÁ®_³²_189.pal"
"'Å¸Á¶·¹ÀÎÁ®_³²","190","3","C:\Users\wesley\Desktop\MeuRag\data\palette\¸ö\'Å¸Á¶·¹ÀÎÁ®_³²_3.pal","C:\Users\wesley\Desktop\MeuRag\data\palette\¸ö\'Å¸Á¶·¹ÀÎÁ®_³²_190.pal"
"'Å¸Á¶·¹ÀÎÁ®_³²","191","3","C:\Users\wesley\Desktop\MeuRag\data\palette\¸ö\'Å¸Á¶·¹ÀÎÁ®_³²_3.pal","C:\Users\wesley\Desktop\MeuRag\data\palette\¸ö\'Å¸Á¶·¹ÀÎÁ®_³²_191.pal"
"'Å¸Á¶·¹ÀÎÁ®_³²","192","3","C:\Users\wesley\Desktop\MeuRag\data\palette\¸ö\'Å¸Á¶·¹ÀÎÁ®_³²_3.pal","C:\Users\wesley\Desktop\MeuRag\data\palette\¸ö\'Å¸Á¶·¹ÀÎÁ®_³²_192.pal"
"'Å¸Á¶·¹ÀÎÁ®_³²","193","3","C:\Users\wesley\Desktop\MeuRag\data\palette\¸ö\'Å¸Á¶·¹ÀÎÁ®_³²_3.pal","C:\Users\wesley\Desktop\MeuRag\data\palette\¸ö\'Å¸Á¶·¹ÀÎÁ®_³²_193.pal"
"'Å¸Á¶·¹ÀÎÁ®_³²","194","3","C:\Users\wesley\Desktop\MeuRag\data\palette\¸ö\'Å¸Á¶·¹ÀÎÁ®_³²_3.pal","C:\Users\wesley\Desktop\MeuRag\data\palette\¸ö\'Å¸Á¶·¹ÀÎÁ®_³²_194.pal"
"'Å¸Á¶·¹ÀÎÁ®_³²","195","3","C:\Users\wesley\Desktop\MeuRag\data\palette\¸ö\'Å¸Á¶·¹ÀÎÁ®_³²_3.pal","C:\Users\wesley\Desktop\MeuRag\data\palette\¸ö\'Å¸Á¶·¹ÀÎÁ®_³²_195.pal"
"'Å¸Á¶·¹ÀÎÁ®_³²","196","3","C:\Users\wesley\Desktop\MeuRag\data\palette\¸ö\'Å¸Á¶·¹ÀÎÁ®_³²_3.pal","C:\Users\wesley\Desktop\MeuRag\data\palette\¸ö\'Å¸Á¶·¹ÀÎÁ®_³²_196.pal"
"'Å¸Á¶·¹ÀÎÁ®_³²","197","3","C:\Users\wesley\Desktop\MeuRag\data\palette\¸ö\'Å¸Á¶·¹ÀÎÁ®_³²_3.pal","C:\Users\wesley\Desktop\MeuRag\data\palette\¸ö\'Å¸Á¶·¹ÀÎÁ®_³²_197.pal"
"'Å¸Á¶·¹ÀÎÁ®_³²","198","3","C:\Users\wesley\Desktop\MeuRag\data\palette\¸ö\'Å¸Á¶·¹ÀÎÁ®_³²_3.pal","C:\Users\wesley\Desktop\MeuRag\data\palette\¸ö\'Å¸Á¶·¹ÀÎÁ®_³²_198.pal"
"'Å¸Á¶·¹ÀÎÁ®_³²","199","3","C:\Users\wesley\Desktop\MeuRag\data\palette\¸ö\'Å¸Á¶·¹ÀÎÁ®_³²_3.pal","C:\Users\wesley\Desktop\MeuRag\data\palette\¸ö\'Å¸Á¶·¹ÀÎÁ®_³²_199.pal"
"'Å¸Á¶·¹ÀÎÁ®_³²","200","3","C:\Users\wesley\Desktop\MeuRag\data\palette\¸ö\'Å¸Á¶·¹ÀÎÁ®_³²_3.pal","C:\Users\wesley\Desktop\MeuRag\data\palette\¸ö\'Å¸Á¶·¹ÀÎÁ®_³²_200.pal"
"'Å¸Á¶·¹ÀÎÁ®_³²","201","3","C:\Users\wesley\Desktop\MeuRag\data\palette\¸ö\'Å¸Á¶·¹ÀÎÁ®_³²_3.pal","C:\Users\wesley\Desktop\MeuRag\data\palette\¸ö\'Å¸Á¶·¹ÀÎÁ®_³²_201.pal"
"'Å¸Á¶·¹ÀÎÁ®_³²","202","3","C:\Users\wesley\Desktop\MeuRag\data\palette\¸ö\'Å¸Á¶·¹ÀÎÁ®_³²_3.pal","C:\Users\wesley\Desktop\MeuRag\data\palette\¸ö\'Å¸Á¶·¹ÀÎÁ®_³²_202.pal"
"'Å¸Á¶·¹ÀÎÁ®_³²","203","3","C:\Users\wesley\Desktop\MeuRag\data\palette\¸ö\'Å¸Á¶·¹ÀÎÁ®_³²_3.pal","C:\Users\wesley\Desktop\MeuRag\data\palette\¸ö\'Å¸Á¶·¹ÀÎÁ®_³²_203.pal"
"'Å¸Á¶·¹ÀÎÁ®_³²","204","3","C:\Users\wesley\Desktop\MeuRag\data\palette\¸ö\'Å¸Á¶·¹ÀÎÁ®_³²_3.pal","C:\Users\wesley\Desktop\MeuRag\data\palette\¸ö\'Å¸Á¶·¹ÀÎÁ®_³²_204.pal"
"'Å¸Á¶·¹ÀÎÁ®_³²","205","3","C:\Users\wesley\Desktop\MeuRag\data\palette\¸ö\'Å¸Á¶·¹ÀÎÁ®_³²_3.pal","C:\Users\wesley\Desktop\MeuRag\data\palette\¸ö\'Å¸Á¶·¹ÀÎÁ®_³²_205.pal"
"'Å¸Á¶·¹ÀÎÁ®_³²","206","3","C:\Users\wesley\Desktop\MeuRag\data\palette\¸ö\'Å¸Á¶·¹ÀÎÁ®_³²_3.pal","C:\Users\wesley\Desktop\MeuRag\data\palette\¸ö\'Å¸Á¶·¹ÀÎÁ®_³²_206.pal"
"'Å¸Á¶·¹ÀÎÁ®_³²","207","3","C:\Users\wesley\Desktop\MeuRag\data\palette\¸ö\'Å¸Á¶·¹ÀÎÁ®_³²_3.pal","C:\Users\wesley\Desktop\MeuRag\data\palette\¸ö\'Å¸Á¶·¹ÀÎÁ®_³²_207.pal"
"'Å¸Á¶·¹ÀÎÁ®_³²","208","3","C:\Users\wesley\Desktop\MeuRag\data\palette\¸ö\'Å¸Á¶·¹ÀÎÁ®_³²_3.pal","C:\Users\wesley\Desktop\MeuRag\data\palette\¸ö\'Å¸Á¶·¹ÀÎÁ®_³²_208.pal"
"'Å¸Á¶·¹ÀÎÁ®_³²","209","3","C:\Users\wesley\Desktop\MeuRag\data\palette\¸ö\'Å¸Á¶·¹ÀÎÁ®_³²_3.pal","C:\Users\wesley\Desktop\MeuRag\data\palette\¸ö\'Å¸Á¶·¹ÀÎÁ®_³²_209.pal"
"'Å¸Á¶·¹ÀÎÁ®_³²","210","3","C:\Users\wesley\Desktop\MeuRag\data\palette\¸ö\'Å¸Á¶·¹ÀÎÁ®_³²_3.pal","C:\Users\wesley\Desktop\MeuRag\data\palette\¸ö\'Å¸Á¶·¹ÀÎÁ®_³²_210.pal"
"'Å¸Á¶·¹ÀÎÁ®_³²","211","3","C:\Users\wesley\Desktop\MeuRag\data\palette\¸ö\'Å¸Á¶·¹ÀÎÁ®_³²_3.pal","C:\Users\wesley\Desktop\MeuRag\data\palette\¸ö\'Å¸Á¶·¹ÀÎÁ®_³²_211.pal"
"'Å¸Á¶·¹ÀÎÁ®_³²","212","3","C:\Users\wesley\Desktop\MeuRag\data\palette\¸ö\'Å¸Á¶·¹ÀÎÁ®_³²_3.pal","C:\Users\wesley\Desktop\MeuRag\data\palette\¸ö\'Å¸Á¶·¹ÀÎÁ®_³²_212.pal"
"'Å¸Á¶·¹ÀÎÁ®_³²","213","3","C:\Users\wesley\Desktop\MeuRag\data\palette\¸ö\'Å¸Á¶·¹ÀÎÁ®_³²_3.pal","C:\Users\wesley\Desktop\MeuRag\data\palette\¸ö\'Å¸Á¶·¹ÀÎÁ®_³²_213.pal"
"'Å¸Á¶·¹ÀÎÁ®_³²","214","3","C:\Users\wesley\Desktop\MeuRag\data\palette\¸ö\'Å¸Á¶·¹ÀÎÁ®_³²_3.pal","C:\Users\wesley\Desktop\MeuRag\data\palette\¸ö\'Å¸Á¶·¹ÀÎÁ®_³²_214.pal"
"'Å¸Á¶·¹ÀÎÁ®_³²","215","3","C:\Users\wesley\Desktop\MeuRag\data\palette\¸ö\'Å¸Á¶·¹ÀÎÁ®_³²_3.pal","C:\Users\wesley\Desktop\MeuRag\data\palette\¸ö\'Å¸Á¶·¹ÀÎÁ®_³²_215.pal"
"'Å¸Á¶·¹ÀÎÁ®_³²","216","3","C:\Users\wesley\Desktop\MeuRag\data\palette\¸ö\'Å¸Á¶·¹ÀÎÁ®_³²_3.pal","C:\Users\wesley\Desktop\MeuRag\data\palette\¸ö\'Å¸Á¶·¹ÀÎÁ®_³²_216.pal"
"'Å¸Á¶·¹ÀÎÁ®_³²","217","3","C:\Users\wesley\Desktop\MeuRag\data\palette\¸ö\'Å¸Á¶·¹ÀÎÁ®_³²_3.pal","C:\Users\wesley\Desktop\MeuRag\data\palette\¸ö\'Å¸Á¶·¹ÀÎÁ®_³²_217.pal"
"'Å¸Á¶·¹ÀÎÁ®_³²","218","3","C:\Users\wesley\Desktop\MeuRag\data\palette\¸ö\'Å¸Á¶·¹ÀÎÁ®_³²_3.pal","C:\Users\wesley\Desktop\MeuRag\data\palette\¸ö\'Å¸Á¶·¹ÀÎÁ®_³²_218.pal"
"'Å¸Á¶·¹ÀÎÁ®_³²","219","3","C:\Users\wesley\Desktop\MeuRag\data\palette\¸ö\'Å¸Á¶·¹ÀÎÁ®_³²_3.pal","C:\Users\wesley\Desktop\MeuRag\data\palette\¸ö\'Å¸Á¶·¹ÀÎÁ®_³²_219.pal"
"'Å¸Á¶·¹ÀÎÁ®_³²","220","3","C:\Users\wesley\Desktop\MeuRag\data\palette\¸ö\'Å¸Á¶·¹ÀÎÁ®_³²_3.pal","C:\Users\wesley\Desktop\MeuRag\data\palette\¸ö\'Å¸Á¶·¹ÀÎÁ®_³²_220.pal"
"'Å¸Á¶·¹ÀÎÁ®_³²","221","3","C:\Users\wesley\Desktop\MeuRag\data\palette\¸ö\'Å¸Á¶·¹ÀÎÁ®_³²_3.pal","C:\Users\wesley\Desktop\MeuRag\data\palette\¸ö\'Å¸Á¶·¹ÀÎÁ®_³²_221.pal"
"'Å¸Á¶·¹ÀÎÁ®_³²","222","3","C:\Users\wesley\Desktop\MeuRag\data\palette\¸ö\'Å¸Á¶·¹ÀÎÁ®_³²_3.pal","C:\Users\wesley\Desktop\MeuRag\data\palette\¸ö\'Å¸Á¶·¹ÀÎÁ®_³²_222.pal"
"'Å¸Á¶·¹ÀÎÁ®_³²","223","3","C:\Users\wesley\Desktop\MeuRag\data\palette\¸ö\'Å¸Á¶·¹ÀÎÁ®_³²_3.pal","C:\Users\wesley\Desktop\MeuRag\data\palette\¸ö\'Å¸Á¶·¹ÀÎÁ®_³²_223.pal"
"'Å¸Á¶·¹ÀÎÁ®_³²","224","3","C:\Users\wesley\Desktop\MeuRag\data\palette\¸ö\'Å¸Á¶·¹ÀÎÁ®_³²_3.pal","C:\Users\wesley\Desktop\MeuRag\data\palette\¸ö\'Å¸Á¶·¹ÀÎÁ®_³²_224.pal"
"'Å¸Á¶·¹ÀÎÁ®_³²","225","3","C:\Users\wesley\Desktop\MeuRag\data\palette\¸ö\'Å¸Á¶·¹ÀÎÁ®_³²_3.pal","C:\Users\wesley\Desktop\MeuRag\data\palette\¸ö\'Å¸Á¶·¹ÀÎÁ®_³²_225.pal"
"'Å¸Á¶·¹ÀÎÁ®_³²","226","3","C:\Users\wesley\Desktop\MeuRag\data\palette\¸ö\'Å¸Á¶·¹ÀÎÁ®_³²_3.pal","C:\Users\wesley\Desktop\MeuRag\data\palette\¸ö\'Å¸Á¶·¹ÀÎÁ®_³²_226.pal"
"'Å¸Á¶·¹ÀÎÁ®_³²","227","3","C:\Users\wesley\Desktop\MeuRag\data\palette\¸ö\'Å¸Á¶·¹ÀÎÁ®_³²_3.pal","C:\Users\wesley\Desktop\MeuRag\data\palette\¸ö\'Å¸Á¶·¹ÀÎÁ®_³²_227.pal"
"'Å¸Á¶·¹ÀÎÁ®_³²","228","3","C:\Users\wesley\Desktop\MeuRag\data\palette\¸ö\'Å¸Á¶·¹ÀÎÁ®_³²_3.pal","C:\Users\wesley\Desktop\MeuRag\data\palette\¸ö\'Å¸Á¶·¹ÀÎÁ®_³²_228.pal"
"'Å¸Á¶·¹ÀÎÁ®_³²","229","3","C:\Users\wesley\Desktop\MeuRag\data\palette\¸ö\'Å¸Á¶·¹ÀÎÁ®_³²_3.pal","C:\Users\wesley\Desktop\MeuRag\data\palette\¸ö\'Å¸Á¶·¹ÀÎÁ®_³²_229.pal"
"'Å¸Á¶·¹ÀÎÁ®_³²","230","3","C:\Users\wesley\Desktop\MeuRag\data\palette\¸ö\'Å¸Á¶·¹ÀÎÁ®_³²_3.pal","C:\Users\wesley\Desktop\MeuRag\data\palette\¸ö\'Å¸Á¶·¹ÀÎÁ®_³²_230.pal"
"'Å¸Á¶·¹ÀÎÁ®_³²","231","3","C:\Users\wesley\Desktop\MeuRag\data\palette\¸ö\'Å¸Á¶·¹ÀÎÁ®_³²_3.pal","C:\Users\wesley\Desktop\MeuRag\data\palette\¸ö\'Å¸Á¶·¹ÀÎÁ®_³²_231.pal"
"'Å¸Á¶·¹ÀÎÁ®_³²","232","3","C:\Users\wesley\Desktop\MeuRag\data\palette\¸ö\'Å¸Á¶·¹ÀÎÁ®_³²_3.pal","C:\Users\wesley\Desktop\MeuRag\data\palette\¸ö\'Å¸Á¶·¹ÀÎÁ®_³²_232.pal"
"'Å¸Á¶·¹ÀÎÁ®_³²","233","3","C:\Users\wesley\Desktop\MeuRag\data\palette\¸ö\'Å¸Á¶·¹ÀÎÁ®_³²_3.pal","C:\Users\wesley\Desktop\MeuRag\data\palette\¸ö\'Å¸Á¶·¹ÀÎÁ®_³²_233.pal"
"'Å¸Á¶·¹ÀÎÁ®_³²","234","3","C:\Users\wesley\Desktop\MeuRag\data\palette\¸ö\'Å¸Á¶·¹ÀÎÁ®_³²_3.pal","C:\Users\wesley\Desktop\MeuRag\data\palette\¸ö\'Å¸Á¶·¹ÀÎÁ®_³²_234.pal"
"'Å¸Á¶·¹ÀÎÁ®_³²","235","3","C:\Users\wesley\Desktop\MeuRag\data\palette\¸ö\'Å¸Á¶·¹ÀÎÁ®_³²_3.pal","C:\Users\wesley\Desktop\MeuRag\data\palette\¸ö\'Å¸Á¶·¹ÀÎÁ®_³²_235.pal"
"'Å¸Á¶·¹ÀÎÁ®_³²","236","3","C:\Users\wesley\Desktop\MeuRag\data\palette\¸ö\'Å¸Á¶·¹ÀÎÁ®_³²_3.pal","C:\Users\wesley\Desktop\MeuRag\data\palette\¸ö\'Å¸Á¶·¹ÀÎÁ®_³²_236.pal"
"'Å¸Á¶·¹ÀÎÁ®_³²","237","3","C:\Users\wesley\Desktop\MeuRag\data\palette\¸ö\'Å¸Á¶·¹ÀÎÁ®_³²_3.pal","C:\Users\wesley\Desktop\MeuRag\data\palette\¸ö\'Å¸Á¶·¹ÀÎÁ®_³²_237.pal"
"'Å¸Á¶·¹ÀÎÁ®_³²","238","3","C:\Users\wesley\Desktop\MeuRag\data\palette\¸ö\'Å¸Á¶·¹ÀÎÁ®_³²_3.pal","C:\Users\wesley\Desktop\MeuRag\data\palette\¸ö\'Å¸Á¶·¹ÀÎÁ®_³²_238.pal"
"'Å¸Á¶·¹ÀÎÁ®_³²","239","3","C:\Users\wesley\Desktop\MeuRag\data\palette\¸ö\'Å¸Á¶·¹ÀÎÁ®_³²_3.pal","C:\Users\wesley\Desktop\MeuRag\data\palette\¸ö\'Å¸Á¶·¹ÀÎÁ®_³²_239.pal"
"'Å¸Á¶·¹ÀÎÁ®_³²","240","3","C:\Users\wesley\Desktop\MeuRag\data\palette\¸ö\'Å¸Á¶·¹ÀÎÁ®_³²_3.pal","C:\Users\wesley\Desktop\MeuRag\data\palette\¸ö\'Å¸Á¶·¹ÀÎÁ®_³²_240.pal"
"'Å¸Á¶·¹ÀÎÁ®_³²","241","3","C:\Users\wesley\Desktop\MeuRag\data\palette\¸ö\'Å¸Á¶·¹ÀÎÁ®_³²_3.pal","C:\Users\wesley\Desktop\MeuRag\data\palette\¸ö\'Å¸Á¶·¹ÀÎÁ®_³²_241.pal"
"'Å¸Á¶·¹ÀÎÁ®_³²","242","3","C:\Users\wesley\Desktop\MeuRag\data\palette\¸ö\'Å¸Á¶·¹ÀÎÁ®_³²_3.pal","C:\Users\wesley\Desktop\MeuRag\data\palette\¸ö\'Å¸Á¶·¹ÀÎÁ®_³²_242.pal"
"'Å¸Á¶·¹ÀÎÁ®_³²","243","3","C:\Users\wesley\Desktop\MeuRag\data\palette\¸ö\'Å¸Á¶·¹ÀÎÁ®_³²_3.pal","C:\Users\wesley\Desktop\MeuRag\data\palette\¸ö\'Å¸Á¶·¹ÀÎÁ®_³²_243.pal"
"'Å¸Á¶·¹ÀÎÁ®_³²","244","3","C:\Users\wesley\Desktop\MeuRag\data\palette\¸ö\'Å¸Á¶·¹ÀÎÁ®_³²_3.pal","C:\Users\wesley\Desktop\MeuRag\data\palette\¸ö\'Å¸Á¶·¹ÀÎÁ®_³²_244.pal"
"'Å¸Á¶·¹ÀÎÁ®_³²","245","3","C:\Users\wesley\Desktop\MeuRag\data\palette\¸ö\'Å¸Á¶·¹ÀÎÁ®_³²_3.pal","C:\Users\wesley\Desktop\MeuRag\data\palette\¸ö\'Å¸Á¶·¹ÀÎÁ®_³²_245.pal"
"'Å¸Á¶·¹ÀÎÁ®_³²","246","3","C:\Users\wesley\Desktop\MeuRag\data\palette\¸ö\'Å¸Á¶·¹ÀÎÁ®_³²_3.pal","C:\Users\wesley\Desktop\MeuRag\data\palette\¸ö\'Å¸Á¶·¹ÀÎÁ®_³²_246.pal"
"'Å¸Á¶·¹ÀÎÁ®_³²","247","3","C:\Users\wesley\Desktop\MeuRag\data\palette\¸ö\'Å¸Á¶·¹ÀÎÁ®_³²_3.pal","C:\Users\wesley\Desktop\MeuRag\data\palette\¸ö\'Å¸Á¶·¹ÀÎÁ®_³²_247.pal"
"'Å¸Á¶·¹ÀÎÁ®_³²","248","3","C:\Users\wesley\Desktop\MeuRag\data\palette\¸ö\'Å¸Á¶·¹ÀÎÁ®_³²_3.pal","C:\Users\wesley\Desktop\MeuRag\data\palette\¸ö\'Å¸Á¶·¹ÀÎÁ®_³²_248.pal"
"'Å¸Á¶·¹ÀÎÁ®_³²","249","3","C:\Users\wesley\Desktop\MeuRag\data\palette\¸ö\'Å¸Á¶·¹ÀÎÁ®_³²_3.pal","C:\Users\wesley\Desktop\MeuRag\data\palette\¸ö\'Å¸Á¶·¹ÀÎÁ®_³²_249.pal"
"'Å¸Á¶·¹ÀÎÁ®_³²","250","3","C:\Users\wesley\Desktop\MeuRag\data\palette\¸ö\'Å¸Á¶·¹ÀÎÁ®_³²_3.pal","C:\Users\wesley\Desktop\MeuRag\data\palette\¸ö\'Å¸Á¶·¹ÀÎÁ®_³²_250.pal"
"'Å¸Á¶·¹ÀÎÁ®_³²","251","3","C:\Users\wesley\Desktop\MeuRag\data\palette\¸ö\'Å¸Á¶·¹ÀÎÁ®_³²_3.pal","C:\Users\wesley\Desktop\MeuRag\data\palette\¸ö\'Å¸Á¶·¹ÀÎÁ®_³²_251.pal"
"'Å¸Á¶·¹ÀÎÁ®_³²","252","3","C:\Users\wesley\Desktop\MeuRag\data\palette\¸ö\'Å¸Á¶·¹ÀÎÁ®_³²_3.pal","C:\Users\wesley\Desktop\MeuRag\data\palette\¸ö\'Å¸Á¶·¹ÀÎÁ®_³²_252.pal"
"'Å¸Á¶·¹ÀÎÁ®_³²","253","3","C:\Users\wesley\Desktop\MeuRag\data\palette\¸ö\'Å¸Á¶·¹ÀÎÁ®_³²_3.pal","C:\Users\wesley\Desktop\MeuRag\data\palette\¸ö\'Å¸Á¶·¹ÀÎÁ®_³²_253.pal"
"'Å¸Á¶·¹ÀÎÁ®_³²","254","3","C:\Users\wesley\Desktop\MeuRag\data\palette\¸ö\'Å¸Á¶·¹ÀÎÁ®_³²_3.pal","C:\Users\wesley\Desktop\MeuRag\data\palette\¸ö\'Å¸Á¶·¹ÀÎÁ®_³²_254.pal"
"'Å¸Á¶·¹ÀÎÁ®_³²","255","3","C:\Users\wesley\Desktop\MeuRag\data\palette\¸ö\'Å¸Á¶·¹ÀÎÁ®_³²_3.pal","C:\Users\wesley\Desktop\MeuRag\data\palette\¸ö\'Å¸Á¶·¹ÀÎÁ®_³²_255.pal"
"'Å¸Á¶·¹ÀÎÁ®_³²","256","3","C:\Users\wesley\Desktop\MeuRag\data\palette\¸ö\'Å¸Á¶·¹ÀÎÁ®_³²_3.pal","C:\Users\wesley\Desktop\MeuRag\data\palette\¸ö\'Å¸Á¶·¹ÀÎÁ®_³²_256.pal"
"'Å¸Á¶·¹ÀÎÁ®_³²","257","3","C:\Users\wesley\Desktop\MeuRag\data\palette\¸ö\'Å¸Á¶·¹ÀÎÁ®_³²_3.pal","C:\Users\wesley\Desktop\MeuRag\data\palette\¸ö\'Å¸Á¶·¹ÀÎÁ®_³²_257.pal"
"'Å¸Á¶·¹ÀÎÁ®_³²","258","3","C:\Users\wesley\Desktop\MeuRag\data\palette\¸ö\'Å¸Á¶·¹ÀÎÁ®_³²_3.pal","C:\Users\wesley\Desktop\MeuRag\data\palette\¸ö\'Å¸Á¶·¹ÀÎÁ®_³²_258.pal"
"'Å¸Á¶·¹ÀÎÁ®_³²","259","3","C:\Users\wesley\Desktop\MeuRag\data\palette\¸ö\'Å¸Á¶·¹ÀÎÁ®_³²_3.pal","C:\Users\wesley\Desktop\MeuRag\data\palette\¸ö\'Å¸Á¶·¹ÀÎÁ®_³²_259.pal"
"'Å¸Á¶·¹ÀÎÁ®_³²","260","3","C:\Users\wesley\Desktop\MeuRag\data\palette\¸ö\'Å¸Á¶·¹ÀÎÁ®_³²_3.pal","C:\Users\wesley\Desktop\MeuRag\data\palette\¸ö\'Å¸Á¶·¹ÀÎÁ®_³²_260.pal"
"'Å¸Á¶·¹ÀÎÁ®_³²","261","3","C:\Users\wesley\Desktop\MeuRag\data\palette\¸ö\'Å¸Á¶·¹ÀÎÁ®_³²_3.pal","C:\Users\wesley\Desktop\MeuRag\data\palette\¸ö\'Å¸Á¶·¹ÀÎÁ®_³²_261.pal"
"'Å¸Á¶·¹ÀÎÁ®_³²","262","3","C:\Users\wesley\Desktop\MeuRag\data\palette\¸ö\'Å¸Á¶·¹ÀÎÁ®_³²_3.pal","C:\Users\wesley\Desktop\MeuRag\data\palette\¸ö\'Å¸Á¶·¹ÀÎÁ®_³²_262.pal"
"'Å¸Á¶·¹ÀÎÁ®_³²","263","3","C:\Users\wesley\Desktop\MeuRag\data\palette\¸ö\'Å¸Á¶·¹ÀÎÁ®_³²_3.pal","C:\Users\wesley\Desktop\MeuRag\data\palette\¸ö\'Å¸Á¶·¹ÀÎÁ®_³²_263.pal"
"'Å¸Á¶·¹ÀÎÁ®_³²","264","3","C:\Users\wesley\Desktop\MeuRag\data\palette\¸ö\'Å¸Á¶·¹ÀÎÁ®_³²_3.pal","C:\Users\wesley\Desktop\MeuRag\data\palette\¸ö\'Å¸Á¶·¹ÀÎÁ®_³²_264.pal"
"'Å¸Á¶·¹ÀÎÁ®_³²","265","3","C:\Users\wesley\Desktop\MeuRag\data\palette\¸ö\'Å¸Á¶·¹ÀÎÁ®_³²_3.pal","C:\Users\wesley\Desktop\MeuRag\data\palette\¸ö\'Å¸Á¶·¹ÀÎÁ®_³²_265.pal"
"'Å¸Á¶·¹ÀÎÁ®_³²","266","3","C:\Users\wesley\Desktop\MeuRag\data\palette\¸ö\'Å¸Á¶·¹ÀÎÁ®_³²_3.pal","C:\Users\wesley\Desktop\MeuRag\data\palette\¸ö\'Å¸Á¶·¹ÀÎÁ®_³²_266.pal"
"'Å¸Á¶·¹ÀÎÁ®_³²","267","3","C:\Users\wesley\Desktop\MeuRag\data\palette\¸ö\'Å¸Á¶·¹ÀÎÁ®_³²_3.pal","C:\Users\wesley\Desktop\MeuRag\data\palette\¸ö\'Å¸Á¶·¹ÀÎÁ®_³²_267.pal"
"'Å¸Á¶·¹ÀÎÁ®_³²","268","3","C:\Users\wesley\Desktop\MeuRag\data\palette\¸ö\'Å¸Á¶·¹ÀÎÁ®_³²_3.pal","C:\Users\wesley\Desktop\MeuRag\data\palette\¸ö\'Å¸Á¶·¹ÀÎÁ®_³²_268.pal"
"'Å¸Á¶·¹ÀÎÁ®_³²","269","3","C:\Users\wesley\Desktop\MeuRag\data\palette\¸ö\'Å¸Á¶·¹ÀÎÁ®_³²_3.pal","C:\Users\wesley\Desktop\MeuRag\data\palette\¸ö\'Å¸Á¶·¹ÀÎÁ®_³²_269.pal"
"'Å¸Á¶·¹ÀÎÁ®_³²","270","3","C:\Users\wesley\Desktop\MeuRag\data\palette\¸ö\'Å¸Á¶·¹ÀÎÁ®_³²_3.pal","C:\Users\wesley\Desktop\MeuRag\data\palette\¸ö\'Å¸Á¶·¹ÀÎÁ®_³²_270.pal"
"'Å¸Á¶·¹ÀÎÁ®_³²","271","3","C:\Users\wesley\Desktop\MeuRag\data\palette\¸ö\'Å¸Á¶·¹ÀÎÁ®_³²_3.pal","C:\Users\wesley\Desktop\MeuRag\data\palette\¸ö\'Å¸Á¶·¹ÀÎÁ®_³²_271.pal"
"'Å¸Á¶·¹ÀÎÁ®_³²","272","3","C:\Users\wesley\Desktop\MeuRag\data\palette\¸ö\'Å¸Á¶·¹ÀÎÁ®_³²_3.pal","C:\Users\wesley\Desktop\MeuRag\data\palette\¸ö\'Å¸Á¶·¹ÀÎÁ®_³²_272.pal"
"'Å¸Á¶·¹ÀÎÁ®_³²","273","3","C:\Users\wesley\Desktop\MeuRag\data\palette\¸ö\'Å¸Á¶·¹ÀÎÁ®_³²_3.pal","C:\Users\wesley\Desktop\MeuRag\data\palette\¸ö\'Å¸Á¶·¹ÀÎÁ®_³²_273.pal"
"'Å¸Á¶·¹ÀÎÁ®_³²","274","3","C:\Users\wesley\Desktop\MeuRag\data\palette\¸ö\'Å¸Á¶·¹ÀÎÁ®_³²_3.pal","C:\Users\wesley\Desktop\MeuRag\data\palette\¸ö\'Å¸Á¶·¹ÀÎÁ®_³²_274.pal"
"'Å¸Á¶·¹ÀÎÁ®_³²","275","3","C:\Users\wesley\Desktop\MeuRag\data\palette\¸ö\'Å¸Á¶·¹ÀÎÁ®_³²_3.pal","C:\Users\wesley\Desktop\MeuRag\data\palette\¸ö\'Å¸Á¶·¹ÀÎÁ®_³²_275.pal"
"'Å¸Á¶·¹ÀÎÁ®_³²","276","3","C:\Users\wesley\Desktop\MeuRag\data\palette\¸ö\'Å¸Á¶·¹ÀÎÁ®_³²_3.pal","C:\Users\wesley\Desktop\MeuRag\data\palette\¸ö\'Å¸Á¶·¹ÀÎÁ®_³²_276.pal"
"'Å¸Á¶·¹ÀÎÁ®_³²","277","3","C:\Users\wesley\Desktop\MeuRag\data\palette\¸ö\'Å¸Á¶·¹ÀÎÁ®_³²_3.pal","C:\Users\wesley\Desktop\MeuRag\data\palette\¸ö\'Å¸Á¶·¹ÀÎÁ®_³²_277.pal"
"'Å¸Á¶·¹ÀÎÁ®_³²","278","3","C:\Users\wesley\Desktop\MeuRag\data\palette\¸ö\'Å¸Á¶·¹ÀÎÁ®_³²_3.pal","C:\Users\wesley\Desktop\MeuRag\data\palette\¸ö\'Å¸Á¶·¹ÀÎÁ®_³²_278.pal"
"'Å¸Á¶·¹ÀÎÁ®_³²","279","3","C:\Users\wesley\Desktop\MeuRag\data\palette\¸ö\'Å¸Á¶·¹ÀÎÁ®_³²_3.pal","C:\Users\wesley\Desktop\MeuRag\data\palette\¸ö\'Å¸Á¶·¹ÀÎÁ®_³²_279.pal"
"'Å¸Á¶·¹ÀÎÁ®_³²","280","3","C:\Users\wesley\Desktop\MeuRag\data\palette\¸ö\'Å¸Á¶·¹ÀÎÁ®_³²_3.pal","C:\Users\wesley\Desktop\MeuRag\data\palette\¸ö\'Å¸Á¶·¹ÀÎÁ®_³²_280.pal"
"'Å¸Á¶·¹ÀÎÁ®_³²","281","3","C:\Users\wesley\Desktop\MeuRag\data\palette\¸ö\'Å¸Á¶·¹ÀÎÁ®_³²_3.pal","C:\Users\wesley\Desktop\MeuRag\data\palette\¸ö\'Å¸Á¶·¹ÀÎÁ®_³²_281.pal"
"'Å¸Á¶·¹ÀÎÁ®_³²","282","3","C:\Users\wesley\Desktop\MeuRag\data\palette\¸ö\'Å¸Á¶·¹ÀÎÁ®_³²_3.pal","C:\Users\wesley\Desktop\MeuRag\data\palette\¸ö\'Å¸Á¶·¹ÀÎÁ®_³²_282.pal"
"'Å¸Á¶·¹ÀÎÁ®_³²","283","3","C:\Users\wesley\Desktop\MeuRag\data\palette\¸ö\'Å¸Á¶·¹ÀÎÁ®_³²_3.pal","C:\Users\wesley\Desktop\MeuRag\data\palette\¸ö\'Å¸Á¶·¹ÀÎÁ®_³²_283.pal"
"'Å¸Á¶·¹ÀÎÁ®_³²","284","3","C:\Users\wesley\Desktop\MeuRag\data\palette\¸ö\'Å¸Á¶·¹ÀÎÁ®_³²_3.pal","C:\Users\wesley\Desktop\MeuRag\data\palette\¸ö\'Å¸Á¶·¹ÀÎÁ®_³²_284.pal"
"'Å¸Á¶·¹ÀÎÁ®_³²","285","3","C:\Users\wesley\Desktop\MeuRag\data\palette\¸ö\'Å¸Á¶·¹ÀÎÁ®_³²_3.pal","C:\Users\wesley\Desktop\MeuRag\data\palette\¸ö\'Å¸Á¶·¹ÀÎÁ®_³²_285.pal"
"'Å¸Á¶·¹ÀÎÁ®_³²","286","3","C:\Users\wesley\Desktop\MeuRag\data\palette\¸ö\'Å¸Á¶·¹ÀÎÁ®_³²_3.pal","C:\Users\wesley\Desktop\MeuRag\data\palette\¸ö\'Å¸Á¶·¹ÀÎÁ®_³²_286.pal"
"'Å¸Á¶·¹ÀÎÁ®_³²","287","3","C:\Users\wesley\Desktop\MeuRag\data\palette\¸ö\'Å¸Á¶·¹ÀÎÁ®_³²_3.pal","C:\Users\wesley\Desktop\MeuRag\data\palette\¸ö\'Å¸Á¶·¹ÀÎÁ®_³²_287.pal"
"'Å¸Á¶·¹ÀÎÁ®_³²","288","3","C:\Users\wesley\Desktop\MeuRag\data\palette\¸ö\'Å¸Á¶·¹ÀÎÁ®_³²_3.pal","C:\Users\wesley\Desktop\MeuRag\data\palette\¸ö\'Å¸Á¶·¹ÀÎÁ®_³²_288.pal"
"'Å¸Á¶·¹ÀÎÁ®_³²","289","3","C:\Users\wesley\Desktop\MeuRag\data\palette\¸ö\'Å¸Á¶·¹ÀÎÁ®_³²_3.pal","C:\Users\wesley\Desktop\MeuRag\data\palette\¸ö\'Å¸Á¶·¹ÀÎÁ®_³²_289.pal"
"'Å¸Á¶·¹ÀÎÁ®_³²","290","3","C:\Users\wesley\Desktop\MeuRag\data\palette\¸ö\'Å¸Á¶·¹ÀÎÁ®_³²_3.pal","C:\Users\wesley\Desktop\MeuRag\data\palette\¸ö\'Å¸Á¶·¹ÀÎÁ®_³²_290.pal"
"'Å¸Á¶·¹ÀÎÁ®_³²","291","3","C:\Users\wesley\Desktop\MeuRag\data\palette\¸ö\'Å¸Á¶·¹ÀÎÁ®_³²_3.pal","C:\Users\wesley\Desktop\MeuRag\data\palette\¸ö\'Å¸Á¶·¹ÀÎÁ®_³²_291.pal"
"'Å¸Á¶·¹ÀÎÁ®_³²","292","3","C:\Users\wesley\Desktop\MeuRag\data\palette\¸ö\'Å¸Á¶·¹ÀÎÁ®_³²_3.pal","C:\Users\wesley\Desktop\MeuRag\data\palette\¸ö\'Å¸Á¶·¹ÀÎÁ®_³²_292.pal"
"'Å¸Á¶·¹ÀÎÁ®_³²","293","3","C:\Users\wesley\Desktop\MeuRag\data\palette\¸ö\'Å¸Á¶·¹ÀÎÁ®_³²_3.pal","C:\Users\wesley\Desktop\MeuRag\data\palette\¸ö\'Å¸Á¶·¹ÀÎÁ®_³²_293.pal"
"'Å¸Á¶·¹ÀÎÁ®_³²","294","3","C:\Users\wesley\Desktop\MeuRag\data\palette\¸ö\'Å¸Á¶·¹ÀÎÁ®_³²_3.pal","C:\Users\wesley\Desktop\MeuRag\data\palette\¸ö\'Å¸Á¶·¹ÀÎÁ®_³²_294.pal"
"'Å¸Á¶·¹ÀÎÁ®_³²","295","3","C:\Users\wesley\Desktop\MeuRag\data\palette\¸ö\'Å¸Á¶·¹ÀÎÁ®_³²_3.pal","C:\Users\wesley\Desktop\MeuRag\data\palette\¸ö\'Å¸Á¶·¹ÀÎÁ®_³²_295.pal"
"'Å¸Á¶·¹ÀÎÁ®_³²","296","3","C:\Users\wesley\Desktop\MeuRag\data\palette\¸ö\'Å¸Á¶·¹ÀÎÁ®_³²_3.pal","C:\Users\wesley\Desktop\MeuRag\data\palette\¸ö\'Å¸Á¶·¹ÀÎÁ®_³²_296.pal"
"'Å¸Á¶·¹ÀÎÁ®_³²","297","3","C:\Users\wesley\Desktop\MeuRag\data\palette\¸ö\'Å¸Á¶·¹ÀÎÁ®_³²_3.pal","C:\Users\wesley\Desktop\MeuRag\data\palette\¸ö\'Å¸Á¶·¹ÀÎÁ®_³²_297.pal"
"'Å¸Á¶·¹ÀÎÁ®_³²","298","3","C:\Users\wesley\Desktop\MeuRag\data\palette\¸ö\'Å¸Á¶·¹ÀÎÁ®_³²_3.pal","C:\Users\wesley\Desktop\MeuRag\data\palette\¸ö\'Å¸Á¶·¹ÀÎÁ®_³²_298.pal"
"'Å¸Á¶·¹ÀÎÁ®_³²","299","3","C:\Users\wesley\Desktop\MeuRag\data\palette\¸ö\'Å¸Á¶·¹ÀÎÁ®_³²_3.pal","C:\Users\wesley\Desktop\MeuRag\data\palette\¸ö\'Å¸Á¶·¹ÀÎÁ®_³²_299.pal"
"'Å¸Á¶·¹ÀÎÁ®_³²","300","3","C:\Users\wesley\Desktop\MeuRag\data\palette\¸ö\'Å¸Á¶·¹ÀÎÁ®_³²_3.pal","C:\Users\wesley\Desktop\MeuRag\data\palette\¸ö\'Å¸Á¶·¹ÀÎÁ®_³²_300.pal"
"'Å¸Á¶·¹ÀÎÁ®_³²","301","3","C:\Users\wesley\Desktop\MeuRag\data\palette\¸ö\'Å¸Á¶·¹ÀÎÁ®_³²_3.pal","C:\Users\wesley\Desktop\MeuRag\data\palette\¸ö\'Å¸Á¶·¹ÀÎÁ®_³²_301.pal"
"'Å¸Á¶·¹ÀÎÁ®_³²","302","3","C:\Users\wesley\Desktop\MeuRag\data\palette\¸ö\'Å¸Á¶·¹ÀÎÁ®_³²_3.pal","C:\Users\wesley\Desktop\MeuRag\data\palette\¸ö\'Å¸Á¶·¹ÀÎÁ®_³²_302.pal"
"'Å¸Á¶·¹ÀÎÁ®_³²","303","3","C:\Users\wesley\Desktop\MeuRag\data\palette\¸ö\'Å¸Á¶·¹ÀÎÁ®_³²_3.pal","C:\Users\wesley\Desktop\MeuRag\data\palette\¸ö\'Å¸Á¶·¹ÀÎÁ®_³²_303.pal"
"'Å¸Á¶·¹ÀÎÁ®_³²","304","3","C:\Users\wesley\Desktop\MeuRag\data\palette\¸ö\'Å¸Á¶·¹ÀÎÁ®_³²_3.pal","C:\Users\wesley\Desktop\MeuRag\data\palette\¸ö\'Å¸Á¶·¹ÀÎÁ®_³²_304.pal"
"'Å¸Á¶·¹ÀÎÁ®_³²","305","3","C:\Users\wesley\Desktop\MeuRag\data\palette\¸ö\'Å¸Á¶·¹ÀÎÁ®_³²_3.pal","C:\Users\wesley\Desktop\MeuRag\data\palette\¸ö\'Å¸Á¶·¹ÀÎÁ®_³²_305.pal"
"'Å¸Á¶·¹ÀÎÁ®_³²","306","3","C:\Users\wesley\Desktop\MeuRag\data\palette\¸ö\'Å¸Á¶·¹ÀÎÁ®_³²_3.pal","C:\Users\wesley\Desktop\MeuRag\data\palette\¸ö\'Å¸Á¶·¹ÀÎÁ®_³²_306.pal"
"'Å¸Á¶·¹ÀÎÁ®_³²","307","3","C:\Users\wesley\Desktop\MeuRag\data\palette\¸ö\'Å¸Á¶·¹ÀÎÁ®_³²_3.pal","C:\Users\wesley\Desktop\MeuRag\data\palette\¸ö\'Å¸Á¶·¹ÀÎÁ®_³²_307.pal"
"'Å¸Á¶·¹ÀÎÁ®_³²","308","3","C:\Users\wesley\Desktop\MeuRag\data\palette\¸ö\'Å¸Á¶·¹ÀÎÁ®_³²_3.pal","C:\Users\wesley\Desktop\MeuRag\data\palette\¸ö\'Å¸Á¶·¹ÀÎÁ®_³²_308.pal"
"'Å¸Á¶·¹ÀÎÁ®_³²","309","3","C:\Users\wesley\Desktop\MeuRag\data\palette\¸ö\'Å¸Á¶·¹ÀÎÁ®_³²_3.pal","C:\Users\wesley\Desktop\MeuRag\data\palette\¸ö\'Å¸Á¶·¹ÀÎÁ®_³²_309.pal"
"'Å¸Á¶·¹ÀÎÁ®_³²","310","3","C:\Users\wesley\Desktop\MeuRag\data\palette\¸ö\'Å¸Á¶·¹ÀÎÁ®_³²_3.pal","C:\Users\wesley\Desktop\MeuRag\data\palette\¸ö\'Å¸Á¶·¹ÀÎÁ®_³²_310.pal"
"'Å¸Á¶·¹ÀÎÁ®_³²","311","3","C:\Users\wesley\Desktop\MeuRag\data\palette\¸ö\'Å¸Á¶·¹ÀÎÁ®_³²_3.pal","C:\Users\wesley\Desktop\MeuRag\data\palette\¸ö\'Å¸Á¶·¹ÀÎÁ®_³²_311.pal"
"'Å¸Á¶·¹ÀÎÁ®_³²","312","3","C:\Users\wesley\Desktop\MeuRag\data\palette\¸ö\'Å¸Á¶·¹ÀÎÁ®_³²_3.pal","C:\Users\wesley\Desktop\MeuRag\data\palette\¸ö\'Å¸Á¶·¹ÀÎÁ®_³²_312.pal"
"'Å¸Á¶·¹ÀÎÁ®_³²","313","3","C:\Users\wesley\Desktop\MeuRag\data\palette\¸ö\'Å¸Á¶·¹ÀÎÁ®_³²_3.pal","C:\Users\wesley\Desktop\MeuRag\data\palette\¸ö\'Å¸Á¶·¹ÀÎÁ®_³²_313.pal"
"'Å¸Á¶·¹ÀÎÁ®_³²","314","3","C:\Users\wesley\Desktop\MeuRag\data\palette\¸ö\'Å¸Á¶·¹ÀÎÁ®_³²_3.pal","C:\Users\wesley\Desktop\MeuRag\data\palette\¸ö\'Å¸Á¶·¹ÀÎÁ®_³²_314.pal"
"'Å¸Á¶·¹ÀÎÁ®_³²","315","3","C:\Users\wesley\Desktop\MeuRag\data\palette\¸ö\'Å¸Á¶·¹ÀÎÁ®_³²_3.pal","C:\Users\wesley\Desktop\MeuRag\data\palette\¸ö\'Å¸Á¶·¹ÀÎÁ®_³²_315.pal"
"'Å¸Á¶·¹ÀÎÁ®_³²","316","3","C:\Users\wesley\Desktop\MeuRag\data\palette\¸ö\'Å¸Á¶·¹ÀÎÁ®_³²_3.pal","C:\Users\wesley\Desktop\MeuRag\data\palette\¸ö\'Å¸Á¶·¹ÀÎÁ®_³²_316.pal"
"'Å¸Á¶·¹ÀÎÁ®_³²","317","3","C:\Users\wesley\Desktop\MeuRag\data\palette\¸ö\'Å¸Á¶·¹ÀÎÁ®_³²_3.pal","C:\Users\wesley\Desktop\MeuRag\data\palette\¸ö\'Å¸Á¶·¹ÀÎÁ®_³²_317.pal"
"'Å¸Á¶·¹ÀÎÁ®_³²","318","3","C:\Users\wesley\Desktop\MeuRag\data\palette\¸ö\'Å¸Á¶·¹ÀÎÁ®_³²_3.pal","C:\Users\wesley\Desktop\MeuRag\data\palette\¸ö\'Å¸Á¶·¹ÀÎÁ®_³²_318.pal"
"'Å¸Á¶·¹ÀÎÁ®_³²","319","3","C:\Users\wesley\Desktop\MeuRag\data\palette\¸ö\'Å¸Á¶·¹ÀÎÁ®_³²_3.pal","C:\Users\wesley\Desktop\MeuRag\data\palette\¸ö\'Å¸Á¶·¹ÀÎÁ®_³²_319.pal"
"'Å¸Á¶·¹ÀÎÁ®_³²","320","3","C:\Users\wesley\Desktop\MeuRag\data\palette\¸ö\'Å¸Á¶·¹ÀÎÁ®_³²_3.pal","C:\Users\wesley\Desktop\MeuRag\data\palette\¸ö\'Å¸Á¶·¹ÀÎÁ®_³²_320.pal"
"'Å¸Á¶·¹ÀÎÁ®_³²","321","3","C:\Users\wesley\Desktop\MeuRag\data\palette\¸ö\'Å¸Á¶·¹ÀÎÁ®_³²_3.pal","C:\Users\wesley\Desktop\MeuRag\data\palette\¸ö\'Å¸Á¶·¹ÀÎÁ®_³²_321.pal"
"'Å¸Á¶·¹ÀÎÁ®_³²","322","3","C:\Users\wesley\Desktop\MeuRag\data\palette\¸ö\'Å¸Á¶·¹ÀÎÁ®_³²_3.pal","C:\Users\wesley\Desktop\MeuRag\data\palette\¸ö\'Å¸Á¶·¹ÀÎÁ®_³²_322.pal"
"'Å¸Á¶·¹ÀÎÁ®_³²","323","3","C:\Users\wesley\Desktop\MeuRag\data\palette\¸ö\'Å¸Á¶·¹ÀÎÁ®_³²_3.pal","C:\Users\wesley\Desktop\MeuRag\data\palette\¸ö\'Å¸Á¶·¹ÀÎÁ®_³²_323.pal"
"'Å¸Á¶·¹ÀÎÁ®_³²","324","3","C:\Users\wesley\Desktop\MeuRag\data\palette\¸ö\'Å¸Á¶·¹ÀÎÁ®_³²_3.pal","C:\Users\wesley\Desktop\MeuRag\data\palette\¸ö\'Å¸Á¶·¹ÀÎÁ®_³²_324.pal"
"'Å¸Á¶·¹ÀÎÁ®_³²","325","3","C:\Users\wesley\Desktop\MeuRag\data\palette\¸ö\'Å¸Á¶·¹ÀÎÁ®_³²_3.pal","C:\Users\wesley\Desktop\MeuRag\data\palette\¸ö\'Å¸Á¶·¹ÀÎÁ®_³²_325.pal"
"'Å¸Á¶·¹ÀÎÁ®_³²","326","3","C:\Users\wesley\Desktop\MeuRag\data\palette\¸ö\'Å¸Á¶·¹ÀÎÁ®_³²_3.pal","C:\Users\wesley\Desktop\MeuRag\data\palette\¸ö\'Å¸Á¶·¹ÀÎÁ®_³²_326.pal"
"'Å¸Á¶·¹ÀÎÁ®_³²","327","3","C:\Users\wesley\Desktop\MeuRag\data\palette\¸ö\'Å¸Á¶·¹ÀÎÁ®_³²_3.pal","C:\Users\wesley\Desktop\MeuRag\data\palette\¸ö\'Å¸Á¶·¹ÀÎÁ®_³²_327.pal"
"'Å¸Á¶·¹ÀÎÁ®_³²","328","3","C:\Users\wesley\Desktop\MeuRag\data\palette\¸ö\'Å¸Á¶·¹ÀÎÁ®_³²_3.pal","C:\Users\wesley\Desktop\MeuRag\data\palette\¸ö\'Å¸Á¶·¹ÀÎÁ®_³²_328.pal"
"'Å¸Á¶·¹ÀÎÁ®_³²","329","3","C:\Users\wesley\Desktop\MeuRag\data\palette\¸ö\'Å¸Á¶·¹ÀÎÁ®_³²_3.pal","C:\Users\wesley\Desktop\MeuRag\data\palette\¸ö\'Å¸Á¶·¹ÀÎÁ®_³²_329.pal"
"'Å¸Á¶·¹ÀÎÁ®_³²","330","3","C:\Users\wesley\Desktop\MeuRag\data\palette\¸ö\'Å¸Á¶·¹ÀÎÁ®_³²_3.pal","C:\Users\wesley\Desktop\MeuRag\data\palette\¸ö\'Å¸Á¶·¹ÀÎÁ®_³²_330.pal"
"'Å¸Á¶·¹ÀÎÁ®_³²","331","3","C:\Users\wesley\Desktop\MeuRag\data\palette\¸ö\'Å¸Á¶·¹ÀÎÁ®_³²_3.pal","C:\Users\wesley\Desktop\MeuRag\data\palette\¸ö\'Å¸Á¶·¹ÀÎÁ®_³²_331.pal"
"'Å¸Á¶·¹ÀÎÁ®_³²","332","3","C:\Users\wesley\Desktop\MeuRag\data\palette\¸ö\'Å¸Á¶·¹ÀÎÁ®_³²_3.pal","C:\Users\wesley\Desktop\MeuRag\data\palette\¸ö\'Å¸Á¶·¹ÀÎÁ®_³²_332.pal"
"'Å¸Á¶·¹ÀÎÁ®_³²","333","3","C:\Users\wesley\Desktop\MeuRag\data\palette\¸ö\'Å¸Á¶·¹ÀÎÁ®_³²_3.pal","C:\Users\wesley\Desktop\MeuRag\data\palette\¸ö\'Å¸Á¶·¹ÀÎÁ®_³²_333.pal"
"'Å¸Á¶·¹ÀÎÁ®_³²","334","3","C:\Users\wesley\Desktop\MeuRag\data\palette\¸ö\'Å¸Á¶·¹ÀÎÁ®_³²_3.pal","C:\Users\wesley\Desktop\MeuRag\data\palette\¸ö\'Å¸Á¶·¹ÀÎÁ®_³²_334.pal"
"'Å¸Á¶·¹ÀÎÁ®_³²","335","3","C:\Users\wesley\Desktop\MeuRag\data\palette\¸ö\'Å¸Á¶·¹ÀÎÁ®_³²_3.pal","C:\Users\wesley\Desktop\MeuRag\data\palette\¸ö\'Å¸Á¶·¹ÀÎÁ®_³²_335.pal"
"'Å¸Á¶·¹ÀÎÁ®_³²","336","3","C:\Users\wesley\Desktop\MeuRag\data\palette\¸ö\'Å¸Á¶·¹ÀÎÁ®_³²_3.pal","C:\Users\wesley\Desktop\MeuRag\data\palette\¸ö\'Å¸Á¶·¹ÀÎÁ®_³²_336.pal"
"'Å¸Á¶·¹ÀÎÁ®_³²","337","3","C:\Users\wesley\Desktop\MeuRag\data\palette\¸ö\'Å¸Á¶·¹ÀÎÁ®_³²_3.pal","C:\Users\wesley\Desktop\MeuRag\data\palette\¸ö\'Å¸Á¶·¹ÀÎÁ®_³²_337.pal"
"'Å¸Á¶·¹ÀÎÁ®_³²","338","3","C:\Users\wesley\Desktop\MeuRag\data\palette\¸ö\'Å¸Á¶·¹ÀÎÁ®_³²_3.pal","C:\Users\wesley\Desktop\MeuRag\data\palette\¸ö\'Å¸Á¶·¹ÀÎÁ®_³²_338.pal"
"'Å¸Á¶·¹ÀÎÁ®_³²","339","3","C:\Users\wesley\Desktop\MeuRag\data\palette\¸ö\'Å¸Á¶·¹ÀÎÁ®_³²_3.pal","C:\Users\wesley\Desktop\MeuRag\data\palette\¸ö\'Å¸Á¶·¹ÀÎÁ®_³²_339.pal"
"'Å¸Á¶·¹ÀÎÁ®_³²","340","3","C:\Users\wesley\Desktop\MeuRag\data\palette\¸ö\'Å¸Á¶·¹ÀÎÁ®_³²_3.pal","C:\Users\wesley\Desktop\MeuRag\data\palette\¸ö\'Å¸Á¶·¹ÀÎÁ®_³²_340.pal"
"'Å¸Á¶·¹ÀÎÁ®_³²","341","3","C:\Users\wesley\Desktop\MeuRag\data\palette\¸ö\'Å¸Á¶·¹ÀÎÁ®_³²_3.pal","C:\Users\wesley\Desktop\MeuRag\data\palette\¸ö\'Å¸Á¶·¹ÀÎÁ®_³²_341.pal"
"'Å¸Á¶·¹ÀÎÁ®_³²","342","3","C:\Users\wesley\Desktop\MeuRag\data\palette\¸ö\'Å¸Á¶·¹ÀÎÁ®_³²_3.pal","C:\Users\wesley\Desktop\MeuRag\data\palette\¸ö\'Å¸Á¶·¹ÀÎÁ®_³²_342.pal"
"'Å¸Á¶·¹ÀÎÁ®_³²","343","3","C:\Users\wesley\Desktop\MeuRag\data\palette\¸ö\'Å¸Á¶·¹ÀÎÁ®_³²_3.pal","C:\Users\wesley\Desktop\MeuRag\data\palette\¸ö\'Å¸Á¶·¹ÀÎÁ®_³²_343.pal"
"'Å¸Á¶·¹ÀÎÁ®_³²","344","3","C:\Users\wesley\Desktop\MeuRag\data\palette\¸ö\'Å¸Á¶·¹ÀÎÁ®_³²_3.pal","C:\Users\wesley\Desktop\MeuRag\data\palette\¸ö\'Å¸Á¶·¹ÀÎÁ®_³²_344.pal"
"'Å¸Á¶·¹ÀÎÁ®_³²","345","3","C:\Users\wesley\Desktop\MeuRag\data\palette\¸ö\'Å¸Á¶·¹ÀÎÁ®_³²_3.pal","C:\Users\wesley\Desktop\MeuRag\data\palette\¸ö\'Å¸Á¶·¹ÀÎÁ®_³²_345.pal"
"'Å¸Á¶·¹ÀÎÁ®_³²","346","3","C:\Users\wesley\Desktop\MeuRag\data\palette\¸ö\'Å¸Á¶·¹ÀÎÁ®_³²_3.pal","C:\Users\wesley\Desktop\MeuRag\data\palette\¸ö\'Å¸Á¶·¹ÀÎÁ®_³²_346.pal"
"'Å¸Á¶·¹ÀÎÁ®_³²","347","3","C:\Users\wesley\Desktop\MeuRag\data\palette\¸ö\'Å¸Á¶·¹ÀÎÁ®_³²_3.pal","C:\Users\wesley\Desktop\MeuRag\data\palette\¸ö\'Å¸Á¶·¹ÀÎÁ®_³²_347.pal"
"'Å¸Á¶·¹ÀÎÁ®_³²","348","3","C:\Users\wesley\Desktop\MeuRag\data\palette\¸ö\'Å¸Á¶·¹ÀÎÁ®_³²_3.pal","C:\Users\wesley\Desktop\MeuRag\data\palette\¸ö\'Å¸Á¶·¹ÀÎÁ®_³²_348.pal"
"'Å¸Á¶·¹ÀÎÁ®_³²","349","3","C:\Users\wesley\Desktop\MeuRag\data\palette\¸ö\'Å¸Á¶·¹ÀÎÁ®_³²_3.pal","C:\Users\wesley\Desktop\MeuRag\data\palette\¸ö\'Å¸Á¶·¹ÀÎÁ®_³²_349.pal"
"'Å¸Á¶·¹ÀÎÁ®_³²","350","3","C:\Users\wesley\Desktop\MeuRag\data\palette\¸ö\'Å¸Á¶·¹ÀÎÁ®_³²_3.pal","C:\Users\wesley\Desktop\MeuRag\data\palette\¸ö\'Å¸Á¶·¹ÀÎÁ®_³²_350.pal"
"'Å¸Á¶·¹ÀÎÁ®_³²","351","3","C:\Users\wesley\Desktop\MeuRag\data\palette\¸ö\'Å¸Á¶·¹ÀÎÁ®_³²_3.pal","C:\Users\wesley\Desktop\MeuRag\data\palette\¸ö\'Å¸Á¶·¹ÀÎÁ®_³²_351.pal"
"'Å¸Á¶·¹ÀÎÁ®_³²","352","3","C:\Users\wesley\Desktop\MeuRag\data\palette\¸ö\'Å¸Á¶·¹ÀÎÁ®_³²_3.pal","C:\Users\wesley\Desktop\MeuRag\data\palette\¸ö\'Å¸Á¶·¹ÀÎÁ®_³²_352.pal"
"'Å¸Á¶·¹ÀÎÁ®_³²","353","3","C:\Users\wesley\Desktop\MeuRag\data\palette\¸ö\'Å¸Á¶·¹ÀÎÁ®_³²_3.pal","C:\Users\wesley\Desktop\MeuRag\data\palette\¸ö\'Å¸Á¶·¹ÀÎÁ®_³²_353.pal"
"'Å¸Á¶·¹ÀÎÁ®_³²","354","3","C:\Users\wesley\Desktop\MeuRag\data\palette\¸ö\'Å¸Á¶·¹ÀÎÁ®_³²_3.pal","C:\Users\wesley\Desktop\MeuRag\data\palette\¸ö\'Å¸Á¶·¹ÀÎÁ®_³²_354.pal"
"'Å¸Á¶·¹ÀÎÁ®_³²","355","3","C:\Users\wesley\Desktop\MeuRag\data\palette\¸ö\'Å¸Á¶·¹ÀÎÁ®_³²_3.pal","C:\Users\wesley\Desktop\MeuRag\data\palette\¸ö\'Å¸Á¶·¹ÀÎÁ®_³²_355.pal"
"'Å¸Á¶·¹ÀÎÁ®_³²","356","3","C:\Users\wesley\Desktop\MeuRag\data\palette\¸ö\'Å¸Á¶·¹ÀÎÁ®_³²_3.pal","C:\Users\wesley\Desktop\MeuRag\data\palette\¸ö\'Å¸Á¶·¹ÀÎÁ®_³²_356.pal"
"'Å¸Á¶·¹ÀÎÁ®_³²","357","3","C:\Users\wesley\Desktop\MeuRag\data\palette\¸ö\'Å¸Á¶·¹ÀÎÁ®_³²_3.pal","C:\Users\wesley\Desktop\MeuRag\data\palette\¸ö\'Å¸Á¶·¹ÀÎÁ®_³²_357.pal"
"'Å¸Á¶·¹ÀÎÁ®_³²","358","3","C:\Users\wesley\Desktop\MeuRag\data\palette\¸ö\'Å¸Á¶·¹ÀÎÁ®_³²_3.pal","C:\Users\wesley\Desktop\MeuRag\data\palette\¸ö\'Å¸Á¶·¹ÀÎÁ®_³²_358.pal"
"'Å¸Á¶·¹ÀÎÁ®_³²","359","3","C:\Users\wesley\Desktop\MeuRag\data\palette\¸ö\'Å¸Á¶·¹ÀÎÁ®_³²_3.pal","C:\Users\wesley\Desktop\MeuRag\data\palette\¸ö\'Å¸Á¶·¹ÀÎÁ®_³²_359.pal"
"'Å¸Á¶·¹ÀÎÁ®_³²","360","3","C:\Users\wesley\Desktop\MeuRag\data\palette\¸ö\'Å¸Á¶·¹ÀÎÁ®_³²_3.pal","C:\Users\wesley\Desktop\MeuRag\data\palette\¸ö\'Å¸Á¶·¹ÀÎÁ®_³²_360.pal"
"'Å¸Á¶·¹ÀÎÁ®_³²","361","3","C:\Users\wesley\Desktop\MeuRag\data\palette\¸ö\'Å¸Á¶·¹ÀÎÁ®_³²_3.pal","C:\Users\wesley\Desktop\MeuRag\data\palette\¸ö\'Å¸Á¶·¹ÀÎÁ®_³²_361.pal"
"'Å¸Á¶·¹ÀÎÁ®_³²","362","3","C:\Users\wesley\Desktop\MeuRag\data\palette\¸ö\'Å¸Á¶·¹ÀÎÁ®_³²_3.pal","C:\Users\wesley\Desktop\MeuRag\data\palette\¸ö\'Å¸Á¶·¹ÀÎÁ®_³²_362.pal"
"'Å¸Á¶·¹ÀÎÁ®_³²","363","3","C:\Users\wesley\Desktop\MeuRag\data\palette\¸ö\'Å¸Á¶·¹ÀÎÁ®_³²_3.pal","C:\Users\wesley\Desktop\MeuRag\data\palette\¸ö\'Å¸Á¶·¹ÀÎÁ®_³²_363.pal"
"'Å¸Á¶·¹ÀÎÁ®_³²","364","3","C:\Users\wesley\Desktop\MeuRag\data\palette\¸ö\'Å¸Á¶·¹ÀÎÁ®_³²_3.pal","C:\Users\wesley\Desktop\MeuRag\data\palette\¸ö\'Å¸Á¶·¹ÀÎÁ®_³²_364.pal"
"'Å¸Á¶·¹ÀÎÁ®_³²","365","3","C:\Users\wesley\Desktop\MeuRag\data\palette\¸ö\'Å¸Á¶·¹ÀÎÁ®_³²_3.pal","C:\Users\wesley\Desktop\MeuRag\data\palette\¸ö\'Å¸Á¶·¹ÀÎÁ®_³²_365.pal"
"'Å¸Á¶·¹ÀÎÁ®_³²","366","3","C:\Users\wesley\Desktop\MeuRag\data\palette\¸ö\'Å¸Á¶·¹ÀÎÁ®_³²_3.pal","C:\Users\wesley\Desktop\MeuRag\data\palette\¸ö\'Å¸Á¶·¹ÀÎÁ®_³²_366.pal"
"'Å¸Á¶·¹ÀÎÁ®_³²","367","3","C:\Users\wesley\Desktop\MeuRag\data\palette\¸ö\'Å¸Á¶·¹ÀÎÁ®_³²_3.pal","C:\Users\wesley\Desktop\MeuRag\data\palette\¸ö\'Å¸Á¶·¹ÀÎÁ®_³²_367.pal"
"'Å¸Á¶·¹ÀÎÁ®_³²","368","3","C:\Users\wesley\Desktop\MeuRag\data\palette\¸ö\'Å¸Á¶·¹ÀÎÁ®_³²_3.pal","C:\Users\wesley\Desktop\MeuRag\data\palette\¸ö\'Å¸Á¶·¹ÀÎÁ®_³²_368.pal"
"'Å¸Á¶·¹ÀÎÁ®_³²","369","3","C:\Users\wesley\Desktop\MeuRag\data\palette\¸ö\'Å¸Á¶·¹ÀÎÁ®_³²_3.pal","C:\Users\wesley\Desktop\MeuRag\data\palette\¸ö\'Å¸Á¶·¹ÀÎÁ®_³²_369.pal"
"'Å¸Á¶·¹ÀÎÁ®_³²","370","3","C:\Users\wesley\Desktop\MeuRag\data\palette\¸ö\'Å¸Á¶·¹ÀÎÁ®_³²_3.pal","C:\Users\wesley\Desktop\MeuRag\data\palette\¸ö\'Å¸Á¶·¹ÀÎÁ®_³²_370.pal"
"'Å¸Á¶·¹ÀÎÁ®_³²","371","3","C:\Users\wesley\Desktop\MeuRag\data\palette\¸ö\'Å¸Á¶·¹ÀÎÁ®_³²_3.pal","C:\Users\wesley\Desktop\MeuRag\data\palette\¸ö\'Å¸Á¶·¹ÀÎÁ®_³²_371.pal"
"'Å¸Á¶·¹ÀÎÁ®_³²","372","3","C:\Users\wesley\Desktop\MeuRag\data\palette\¸ö\'Å¸Á¶·¹ÀÎÁ®_³²_3.pal","C:\Users\wesley\Desktop\MeuRag\data\palette\¸ö\'Å¸Á¶·¹ÀÎÁ®_³²_372.pal"
"'Å¸Á¶·¹ÀÎÁ®_³²","373","3","C:\Users\wesley\Desktop\MeuRag\data\palette\¸ö\'Å¸Á¶·¹ÀÎÁ®_³²_3.pal","C:\Users\wesley\Desktop\MeuRag\data\palette\¸ö\'Å¸Á¶·¹ÀÎÁ®_³²_373.pal"
"'Å¸Á¶·¹ÀÎÁ®_³²","374","3","C:\Users\wesley\Desktop\MeuRag\data\palette\¸ö\'Å¸Á¶·¹ÀÎÁ®_³²_3.pal","C:\Users\wesley\Desktop\MeuRag\data\palette\¸ö\'Å¸Á¶·¹ÀÎÁ®_³²_374.pal"
"'Å¸Á¶·¹ÀÎÁ®_³²","375","3","C:\Users\wesley\Desktop\MeuRag\data\palette\¸ö\'Å¸Á¶·¹ÀÎÁ®_³²_3.pal","C:\Users\wesley\Desktop\MeuRag\data\palette\¸ö\'Å¸Á¶·¹ÀÎÁ®_³²_375.pal"
"'Å¸Á¶·¹ÀÎÁ®_³²","376","3","C:\Users\wesley\Desktop\MeuRag\data\palette\¸ö\'Å¸Á¶·¹ÀÎÁ®_³²_3.pal","C:\Users\wesley\Desktop\MeuRag\data\palette\¸ö\'Å¸Á¶·¹ÀÎÁ®_³²_376.pal"
"'Å¸Á¶·¹ÀÎÁ®_³²","377","3","C:\Users\wesley\Desktop\MeuRag\data\palette\¸ö\'Å¸Á¶·¹ÀÎÁ®_³²_3.pal","C:\Users\wesley\Desktop\MeuRag\data\palette\¸ö\'Å¸Á¶·¹ÀÎÁ®_³²_377.pal"
"'Å¸Á¶·¹ÀÎÁ®_³²","378","3","C:\Users\wesley\Desktop\MeuRag\data\palette\¸ö\'Å¸Á¶·¹ÀÎÁ®_³²_3.pal","C:\Users\wesley\Desktop\MeuRag\data\palette\¸ö\'Å¸Á¶·¹ÀÎÁ®_³²_378.pal"
"'Å¸Á¶·¹ÀÎÁ®_³²","379","3","C:\Users\wesley\Desktop\MeuRag\data\palette\¸ö\'Å¸Á¶·¹ÀÎÁ®_³²_3.pal","C:\Users\wesley\Desktop\MeuRag\data\palette\¸ö\'Å¸Á¶·¹ÀÎÁ®_³²_379.pal"
"'Å¸Á¶·¹ÀÎÁ®_³²","380","3","C:\Users\wesley\Desktop\MeuRag\data\palette\¸ö\'Å¸Á¶·¹ÀÎÁ®_³²_3.pal","C:\Users\wesley\Desktop\MeuRag\data\palette\¸ö\'Å¸Á¶·¹ÀÎÁ®_³²_380.pal"
"'Å¸Á¶·¹ÀÎÁ®_³²","381","3","C:\Users\wesley\Desktop\MeuRag\data\palette\¸ö\'Å¸Á¶·¹ÀÎÁ®_³²_3.pal","C:\Users\wesley\Desktop\MeuRag\data\palette\¸ö\'Å¸Á¶·¹ÀÎÁ®_³²_381.pal"
"'Å¸Á¶·¹ÀÎÁ®_³²","382","3","C:\Users\wesley\Desktop\MeuRag\data\palette\¸ö\'Å¸Á¶·¹ÀÎÁ®_³²_3.pal","C:\Users\wesley\Desktop\MeuRag\data\palette\¸ö\'Å¸Á¶·¹ÀÎÁ®_³²_382.pal"
"'Å¸Á¶·¹ÀÎÁ®_³²","383","3","C:\Users\wesley\Desktop\MeuRag\data\palette\¸ö\'Å¸Á¶·¹ÀÎÁ®_³²_3.pal","C:\Users\wesley\Desktop\MeuRag\data\palette\¸ö\'Å¸Á¶·¹ÀÎÁ®_³²_383.pal"
"'Å¸Á¶·¹ÀÎÁ®_³²","384","3","C:\Users\wesley\Desktop\MeuRag\data\palette\¸ö\'Å¸Á¶·¹ÀÎÁ®_³²_3.pal","C:\Users\wesley\Desktop\MeuRag\data\palette\¸ö\'Å¸Á¶·¹ÀÎÁ®_³²_384.pal"
"'Å¸Á¶·¹ÀÎÁ®_³²","385","3","C:\Users\wesley\Desktop\MeuRag\data\palette\¸ö\'Å¸Á¶·¹ÀÎÁ®_³²_3.pal","C:\Users\wesley\Desktop\MeuRag\data\palette\¸ö\'Å¸Á¶·¹ÀÎÁ®_³²_385.pal"
"'Å¸Á¶·¹ÀÎÁ®_³²","386","3","C:\Users\wesley\Desktop\MeuRag\data\palette\¸ö\'Å¸Á¶·¹ÀÎÁ®_³²_3.pal","C:\Users\wesley\Desktop\MeuRag\data\palette\¸ö\'Å¸Á¶·¹ÀÎÁ®_³²_386.pal"
"'Å¸Á¶·¹ÀÎÁ®_³²","387","3","C:\Users\wesley\Desktop\MeuRag\data\palette\¸ö\'Å¸Á¶·¹ÀÎÁ®_³²_3.pal","C:\Users\wesley\Desktop\MeuRag\data\palette\¸ö\'Å¸Á¶·¹ÀÎÁ®_³²_387.pal"
"'Å¸Á¶·¹ÀÎÁ®_³²","388","3","C:\Users\wesley\Desktop\MeuRag\data\palette\¸ö\'Å¸Á¶·¹ÀÎÁ®_³²_3.pal","C:\Users\wesley\Desktop\MeuRag\data\palette\¸ö\'Å¸Á¶·¹ÀÎÁ®_³²_388.pal"
"'Å¸Á¶·¹ÀÎÁ®_³²","389","3","C:\Users\wesley\Desktop\MeuRag\data\palette\¸ö\'Å¸Á¶·¹ÀÎÁ®_³²_3.pal","C:\Users\wesley\Desktop\MeuRag\data\palette\¸ö\'Å¸Á¶·¹ÀÎÁ®_³²_389.pal"
"'Å¸Á¶·¹ÀÎÁ®_³²","390","3","C:\Users\wesley\Desktop\MeuRag\data\palette\¸ö\'Å¸Á¶·¹ÀÎÁ®_³²_3.pal","C:\Users\wesley\Desktop\MeuRag\data\palette\¸ö\'Å¸Á¶·¹ÀÎÁ®_³²_390.pal"
"'Å¸Á¶·¹ÀÎÁ®_³²","391","3","C:\Users\wesley\Desktop\MeuRag\data\palette\¸ö\'Å¸Á¶·¹ÀÎÁ®_³²_3.pal","C:\Users\wesley\Desktop\MeuRag\data\palette\¸ö\'Å¸Á¶·¹ÀÎÁ®_³²_391.pal"
"'Å¸Á¶·¹ÀÎÁ®_³²","392","3","C:\Users\wesley\Desktop\MeuRag\data\palette\¸ö\'Å¸Á¶·¹ÀÎÁ®_³²_3.pal","C:\Users\wesley\Desktop\MeuRag\data\palette\¸ö\'Å¸Á¶·¹ÀÎÁ®_³²_392.pal"
"'Å¸Á¶·¹ÀÎÁ®_³²","393","3","C:\Users\wesley\Desktop\MeuRag\data\palette\¸ö\'Å¸Á¶·¹ÀÎÁ®_³²_3.pal","C:\Users\wesley\Desktop\MeuRag\data\palette\¸ö\'Å¸Á¶·¹ÀÎÁ®_³²_393.pal"
"'Å¸Á¶·¹ÀÎÁ®_³²","394","3","C:\Users\wesley\Desktop\MeuRag\data\palette\¸ö\'Å¸Á¶·¹ÀÎÁ®_³²_3.pal","C:\Users\wesley\Desktop\MeuRag\data\palette\¸ö\'Å¸Á¶·¹ÀÎÁ®_³²_394.pal"
"'Å¸Á¶·¹ÀÎÁ®_³²","395","3","C:\Users\wesley\Desktop\MeuRag\data\palette\¸ö\'Å¸Á¶·¹ÀÎÁ®_³²_3.pal","C:\Users\wesley\Desktop\MeuRag\data\palette\¸ö\'Å¸Á¶·¹ÀÎÁ®_³²_395.pal"
"'Å¸Á¶·¹ÀÎÁ®_³²","396","3","C:\Users\wesley\Desktop\MeuRag\data\palette\¸ö\'Å¸Á¶·¹ÀÎÁ®_³²_3.pal","C:\Users\wesley\Desktop\MeuRag\data\palette\¸ö\'Å¸Á¶·¹ÀÎÁ®_³²_396.pal"
"'Å¸Á¶·¹ÀÎÁ®_³²","397","3","C:\Users\wesley\Desktop\MeuRag\data\palette\¸ö\'Å¸Á¶·¹ÀÎÁ®_³²_3.pal","C:\Users\wesley\Desktop\MeuRag\data\palette\¸ö\'Å¸Á¶·¹ÀÎÁ®_³²_397.pal"
"'Å¸Á¶·¹ÀÎÁ®_³²","398","3","C:\Users\wesley\Desktop\MeuRag\data\palette\¸ö\'Å¸Á¶·¹ÀÎÁ®_³²_3.pal","C:\Users\wesley\Desktop\MeuRag\data\palette\¸ö\'Å¸Á¶·¹ÀÎÁ®_³²_398.pal"
"'Å¸Á¶·¹ÀÎÁ®_³²","399","3","C:\Users\wesley\Desktop\MeuRag\data\palette\¸ö\'Å¸Á¶·¹ÀÎÁ®_³²_3.pal","C:\Users\wesley\Desktop\MeuRag\data\palette\¸ö\'Å¸Á¶·¹ÀÎÁ®_³²_399.pal"
"'Å¸Á¶·¹ÀÎÁ®_³²","400","3","C:\Users\wesley\Desktop\MeuRag\data\palette\¸ö\'Å¸Á¶·¹ÀÎÁ®_³²_3.pal","C:\Users\wesley\Desktop\MeuRag\data\palette\¸ö\'Å¸Á¶·¹ÀÎÁ®_³²_400.pal"
"'Å¸Á¶·¹ÀÎÁ®_³²","401","3","C:\Users\wesley\Desktop\MeuRag\data\palette\¸ö\'Å¸Á¶·¹ÀÎÁ®_³²_3.pal","C:\Users\wesley\Desktop\MeuRag\data\palette\¸ö\'Å¸Á¶·¹ÀÎÁ®_³²_401.pal"
"'Å¸Á¶·¹ÀÎÁ®_³²","402","3","C:\Users\wesley\Desktop\MeuRag\data\palette\¸ö\'Å¸Á¶·¹ÀÎÁ®_³²_3.pal","C:\Users\wesley\Desktop\MeuRag\data\palette\¸ö\'Å¸Á¶·¹ÀÎÁ®_³²_402.pal"
"'Å¸Á¶·¹ÀÎÁ®_³²","403","3","C:\Users\wesley\Desktop\MeuRag\data\palette\¸ö\'Å¸Á¶·¹ÀÎÁ®_³²_3.pal","C:\Users\wesley\Desktop\MeuRag\data\palette\¸ö\'Å¸Á¶·¹ÀÎÁ®_³²_403.pal"
"'Å¸Á¶·¹ÀÎÁ®_³²","404","3","C:\Users\wesley\Desktop\MeuRag\data\palette\¸ö\'Å¸Á¶·¹ÀÎÁ®_³²_3.pal","C:\Users\wesley\Desktop\MeuRag\data\palette\¸ö\'Å¸Á¶·¹ÀÎÁ®_³²_404.pal"
"'Å¸Á¶·¹ÀÎÁ®_³²","405","3","C:\Users\wesley\Desktop\MeuRag\data\palette\¸ö\'Å¸Á¶·¹ÀÎÁ®_³²_3.pal","C:\Users\wesley\Desktop\MeuRag\data\palette\¸ö\'Å¸Á¶·¹ÀÎÁ®_³²_405.pal"
"'Å¸Á¶·¹ÀÎÁ®_³²","406","3","C:\Users\wesley\Desktop\MeuRag\data\palette\¸ö\'Å¸Á¶·¹ÀÎÁ®_³²_3.pal","C:\Users\wesley\Desktop\MeuRag\data\palette\¸ö\'Å¸Á¶·¹ÀÎÁ®_³²_406.pal"
"'Å¸Á¶·¹ÀÎÁ®_³²","407","3","C:\Users\wesley\Desktop\MeuRag\data\palette\¸ö\'Å¸Á¶·¹ÀÎÁ®_³²_3.pal","C:\Users\wesley\Desktop\MeuRag\data\palette\¸ö\'Å¸Á¶·¹ÀÎÁ®_³²_407.pal"
"'Å¸Á¶·¹ÀÎÁ®_³²","408","3","C:\Users\wesley\Desktop\MeuRag\data\palette\¸ö\'Å¸Á¶·¹ÀÎÁ®_³²_3.pal","C:\Users\wesley\Desktop\MeuRag\data\palette\¸ö\'Å¸Á¶·¹ÀÎÁ®_³²_408.pal"
"'Å¸Á¶·¹ÀÎÁ®_³²","409","3","C:\Users\wesley\Desktop\MeuRag\data\palette\¸ö\'Å¸Á¶·¹ÀÎÁ®_³²_3.pal","C:\Users\wesley\Desktop\MeuRag\data\palette\¸ö\'Å¸Á¶·¹ÀÎÁ®_³²_409.pal"
"'Å¸Á¶·¹ÀÎÁ®_³²","410","3","C:\Users\wesley\Desktop\MeuRag\data\palette\¸ö\'Å¸Á¶·¹ÀÎÁ®_³²_3.pal","C:\Users\wesley\Desktop\MeuRag\data\palette\¸ö\'Å¸Á¶·¹ÀÎÁ®_³²_410.pal"
"'Å¸Á¶·¹ÀÎÁ®_³²","411","3","C:\Users\wesley\Desktop\MeuRag\data\palette\¸ö\'Å¸Á¶·¹ÀÎÁ®_³²_3.pal","C:\Users\wesley\Desktop\MeuRag\data\palette\¸ö\'Å¸Á¶·¹ÀÎÁ®_³²_411.pal"
"'Å¸Á¶·¹ÀÎÁ®_³²","412","3","C:\Users\wesley\Desktop\MeuRag\data\palette\¸ö\'Å¸Á¶·¹ÀÎÁ®_³²_3.pal","C:\Users\wesley\Desktop\MeuRag\data\palette\¸ö\'Å¸Á¶·¹ÀÎÁ®_³²_412.pal"
"'Å¸Á¶·¹ÀÎÁ®_³²","413","3","C:\Users\wesley\Desktop\MeuRag\data\palette\¸ö\'Å¸Á¶·¹ÀÎÁ®_³²_3.pal","C:\Users\wesley\Desktop\MeuRag\data\palette\¸ö\'Å¸Á¶·¹ÀÎÁ®_³²_413.pal"
"'Å¸Á¶·¹ÀÎÁ®_³²","414","3","C:\Users\wesley\Desktop\MeuRag\data\palette\¸ö\'Å¸Á¶·¹ÀÎÁ®_³²_3.pal","C:\Users\wesley\Desktop\MeuRag\data\palette\¸ö\'Å¸Á¶·¹ÀÎÁ®_³²_414.pal"
"'Å¸Á¶·¹ÀÎÁ®_³²","415","3","C:\Users\wesley\Desktop\MeuRag\data\palette\¸ö\'Å¸Á¶·¹ÀÎÁ®_³²_3.pal","C:\Users\wesley\Desktop\MeuRag\data\palette\¸ö\'Å¸Á¶·¹ÀÎÁ®_³²_415.pal"
"'Å¸Á¶·¹ÀÎÁ®_³²","416","3","C:\Users\wesley\Desktop\MeuRag\data\palette\¸ö\'Å¸Á¶·¹ÀÎÁ®_³²_3.pal","C:\Users\wesley\Desktop\MeuRag\data\palette\¸ö\'Å¸Á¶·¹ÀÎÁ®_³²_416.pal"
"'Å¸Á¶·¹ÀÎÁ®_³²","417","3","C:\Users\wesley\Desktop\MeuRag\data\palette\¸ö\'Å¸Á¶·¹ÀÎÁ®_³²_3.pal","C:\Users\wesley\Desktop\MeuRag\data\palette\¸ö\'Å¸Á¶·¹ÀÎÁ®_³²_417.pal"
"'Å¸Á¶·¹ÀÎÁ®_³²","418","3","C:\Users\wesley\Desktop\MeuRag\data\palette\¸ö\'Å¸Á¶·¹ÀÎÁ®_³²_3.pal","C:\Users\wesley\Desktop\MeuRag\data\palette\¸ö\'Å¸Á¶·¹ÀÎÁ®_³²_418.pal"
"'Å¸Á¶·¹ÀÎÁ®_³²","419","3","C:\Users\wesley\Desktop\MeuRag\data\palette\¸ö\'Å¸Á¶·¹ÀÎÁ®_³²_3.pal","C:\Users\wesley\Desktop\MeuRag\data\palette\¸ö\'Å¸Á¶·¹ÀÎÁ®_³²_419.pal"
"'Å¸Á¶·¹ÀÎÁ®_³²","420","3","C:\Users\wesley\Desktop\MeuRag\data\palette\¸ö\'Å¸Á¶·¹ÀÎÁ®_³²_3.pal","C:\Users\wesley\Desktop\MeuRag\data\palette\¸ö\'Å¸Á¶·¹ÀÎÁ®_³²_420.pal"
"'Å¸Á¶·¹ÀÎÁ®_³²","421","3","C:\Users\wesley\Desktop\MeuRag\data\palette\¸ö\'Å¸Á¶·¹ÀÎÁ®_³²_3.pal","C:\Users\wesley\Desktop\MeuRag\data\palette\¸ö\'Å¸Á¶·¹ÀÎÁ®_³²_421.pal"
"'Å¸Á¶·¹ÀÎÁ®_³²","422","3","C:\Users\wesley\Desktop\MeuRag\data\palette\¸ö\'Å¸Á¶·¹ÀÎÁ®_³²_3.pal","C:\Users\wesley\Desktop\MeuRag\data\palette\¸ö\'Å¸Á¶·¹ÀÎÁ®_³²_422.pal"
"'Å¸Á¶·¹ÀÎÁ®_³²","423","3","C:\Users\wesley\Desktop\MeuRag\data\palette\¸ö\'Å¸Á¶·¹ÀÎÁ®_³²_3.pal","C:\Users\wesley\Desktop\MeuRag\data\palette\¸ö\'Å¸Á¶·¹ÀÎÁ®_³²_423.pal"
"'Å¸Á¶·¹ÀÎÁ®_³²","424","3","C:\Users\wesley\Desktop\MeuRag\data\palette\¸ö\'Å¸Á¶·¹ÀÎÁ®_³²_3.pal","C:\Users\wesley\Desktop\MeuRag\data\palette\¸ö\'Å¸Á¶·¹ÀÎÁ®_³²_424.pal"
"'Å¸Á¶·¹ÀÎÁ®_³²","425","3","C:\Users\wesley\Desktop\MeuRag\data\palette\¸ö\'Å¸Á¶·¹ÀÎÁ®_³²_3.pal","C:\Users\wesley\Desktop\MeuRag\data\palette\¸ö\'Å¸Á¶·¹ÀÎÁ®_³²_425.pal"
"'Å¸Á¶·¹ÀÎÁ®_³²","426","3","C:\Users\wesley\Desktop\MeuRag\data\palette\¸ö\'Å¸Á¶·¹ÀÎÁ®_³²_3.pal","C:\Users\wesley\Desktop\MeuRag\data\palette\¸ö\'Å¸Á¶·¹ÀÎÁ®_³²_426.pal"
"'Å¸Á¶·¹ÀÎÁ®_³²","427","3","C:\Users\wesley\Desktop\MeuRag\data\palette\¸ö\'Å¸Á¶·¹ÀÎÁ®_³²_3.pal","C:\Users\wesley\Desktop\MeuRag\data\palette\¸ö\'Å¸Á¶·¹ÀÎÁ®_³²_427.pal"
"'Å¸Á¶·¹ÀÎÁ®_³²","428","3","C:\Users\wesley\Desktop\MeuRag\data\palette\¸ö\'Å¸Á¶·¹ÀÎÁ®_³²_3.pal","C:\Users\wesley\Desktop\MeuRag\data\palette\¸ö\'Å¸Á¶·¹ÀÎÁ®_³²_428.pal"
"'Å¸Á¶·¹ÀÎÁ®_³²","429","3","C:\Users\wesley\Desktop\MeuRag\data\palette\¸ö\'Å¸Á¶·¹ÀÎÁ®_³²_3.pal","C:\Users\wesley\Desktop\MeuRag\data\palette\¸ö\'Å¸Á¶·¹ÀÎÁ®_³²_429.pal"
"'Å¸Á¶·¹ÀÎÁ®_³²","430","3","C:\Users\wesley\Desktop\MeuRag\data\palette\¸ö\'Å¸Á¶·¹ÀÎÁ®_³²_3.pal","C:\Users\wesley\Desktop\MeuRag\data\palette\¸ö\'Å¸Á¶·¹ÀÎÁ®_³²_430.pal"
"'Å¸Á¶·¹ÀÎÁ®_³²","431","3","C:\Users\wesley\Desktop\MeuRag\data\palette\¸ö\'Å¸Á¶·¹ÀÎÁ®_³²_3.pal","C:\Users\wesley\Desktop\MeuRag\data\palette\¸ö\'Å¸Á¶·¹ÀÎÁ®_³²_431.pal"
"'Å¸Á¶·¹ÀÎÁ®_³²","432","3","C:\Users\wesley\Desktop\MeuRag\data\palette\¸ö\'Å¸Á¶·¹ÀÎÁ®_³²_3.pal","C:\Users\wesley\Desktop\MeuRag\data\palette\¸ö\'Å¸Á¶·¹ÀÎÁ®_³²_432.pal"
"'Å¸Á¶·¹ÀÎÁ®_³²","433","3","C:\Users\wesley\Desktop\MeuRag\data\palette\¸ö\'Å¸Á¶·¹ÀÎÁ®_³²_3.pal","C:\Users\wesley\Desktop\MeuRag\data\palette\¸ö\'Å¸Á¶·¹ÀÎÁ®_³²_433.pal"
"'Å¸Á¶·¹ÀÎÁ®_³²","434","3","C:\Users\wesley\Desktop\MeuRag\data\palette\¸ö\'Å¸Á¶·¹ÀÎÁ®_³²_3.pal","C:\Users\wesley\Desktop\MeuRag\data\palette\¸ö\'Å¸Á¶·¹ÀÎÁ®_³²_434.pal"
"'Å¸Á¶·¹ÀÎÁ®_³²","435","3","C:\Users\wesley\Desktop\MeuRag\data\palette\¸ö\'Å¸Á¶·¹ÀÎÁ®_³²_3.pal","C:\Users\wesley\Desktop\MeuRag\data\palette\¸ö\'Å¸Á¶·¹ÀÎÁ®_³²_435.pal"
"'Å¸Á¶·¹ÀÎÁ®_³²","436","3","C:\Users\wesley\Desktop\MeuRag\data\palette\¸ö\'Å¸Á¶·¹ÀÎÁ®_³²_3.pal","C:\Users\wesley\Desktop\MeuRag\data\palette\¸ö\'Å¸Á¶·¹ÀÎÁ®_³²_436.pal"
"'Å¸Á¶·¹ÀÎÁ®_³²","437","3","C:\Users\wesley\Desktop\MeuRag\data\palette\¸ö\'Å¸Á¶·¹ÀÎÁ®_³²_3.pal","C:\Users\wesley\Desktop\MeuRag\data\palette\¸ö\'Å¸Á¶·¹ÀÎÁ®_³²_437.pal"
"'Å¸Á¶·¹ÀÎÁ®_³²","438","3","C:\Users\wesley\Desktop\MeuRag\data\palette\¸ö\'Å¸Á¶·¹ÀÎÁ®_³²_3.pal","C:\Users\wesley\Desktop\MeuRag\data\palette\¸ö\'Å¸Á¶·¹ÀÎÁ®_³²_438.pal"
"'Å¸Á¶·¹ÀÎÁ®_³²","439","3","C:\Users\wesley\Desktop\MeuRag\data\palette\¸ö\'Å¸Á¶·¹ÀÎÁ®_³²_3.pal","C:\Users\wesley\Desktop\MeuRag\data\palette\¸ö\'Å¸Á¶·¹ÀÎÁ®_³²_439.pal"
"'Å¸Á¶·¹ÀÎÁ®_³²","440","3","C:\Users\wesley\Desktop\MeuRag\data\palette\¸ö\'Å¸Á¶·¹ÀÎÁ®_³²_3.pal","C:\Users\wesley\Desktop\MeuRag\data\palette\¸ö\'Å¸Á¶·¹ÀÎÁ®_³²_440.pal"
"'Å¸Á¶·¹ÀÎÁ®_³²","441","3","C:\Users\wesley\Desktop\MeuRag\data\palette\¸ö\'Å¸Á¶·¹ÀÎÁ®_³²_3.pal","C:\Users\wesley\Desktop\MeuRag\data\palette\¸ö\'Å¸Á¶·¹ÀÎÁ®_³²_441.pal"
"'Å¸Á¶·¹ÀÎÁ®_³²","442","3","C:\Users\wesley\Desktop\MeuRag\data\palette\¸ö\'Å¸Á¶·¹ÀÎÁ®_³²_3.pal","C:\Users\wesley\Desktop\MeuRag\data\palette\¸ö\'Å¸Á¶·¹ÀÎÁ®_³²_442.pal"
"'Å¸Á¶·¹ÀÎÁ®_³²","443","3","C:\Users\wesley\Desktop\MeuRag\data\palette\¸ö\'Å¸Á¶·¹ÀÎÁ®_³²_3.pal","C:\Users\wesley\Desktop\MeuRag\data\palette\¸ö\'Å¸Á¶·¹ÀÎÁ®_³²_443.pal"
"'Å¸Á¶·¹ÀÎÁ®_³²","444","3","C:\Users\wesley\Desktop\MeuRag\data\palette\¸ö\'Å¸Á¶·¹ÀÎÁ®_³²_3.pal","C:\Users\wesley\Desktop\MeuRag\data\palette\¸ö\'Å¸Á¶·¹ÀÎÁ®_³²_444.pal"
"'Å¸Á¶·¹ÀÎÁ®_³²","445","3","C:\Users\wesley\Desktop\MeuRag\data\palette\¸ö\'Å¸Á¶·¹ÀÎÁ®_³²_3.pal","C:\Users\wesley\Desktop\MeuRag\data\palette\¸ö\'Å¸Á¶·¹ÀÎÁ®_³²_445.pal"
"'Å¸Á¶·¹ÀÎÁ®_³²","446","3","C:\Users\wesley\Desktop\MeuRag\data\palette\¸ö\'Å¸Á¶·¹ÀÎÁ®_³²_3.pal","C:\Users\wesley\Desktop\MeuRag\data\palette\¸ö\'Å¸Á¶·¹ÀÎÁ®_³²_446.pal"
"'Å¸Á¶·¹ÀÎÁ®_³²","447","3","C:\Users\wesley\Desktop\MeuRag\data\palette\¸ö\'Å¸Á¶·¹ÀÎÁ®_³²_3.pal","C:\Users\wesley\Desktop\MeuRag\data\palette\¸ö\'Å¸Á¶·¹ÀÎÁ®_³²_447.pal"
"'Å¸Á¶·¹ÀÎÁ®_³²","448","3","C:\Users\wesley\Desktop\MeuRag\data\palette\¸ö\'Å¸Á¶·¹ÀÎÁ®_³²_3.pal","C:\Users\wesley\Desktop\MeuRag\data\palette\¸ö\'Å¸Á¶·¹ÀÎÁ®_³²_448.pal"
"'Å¸Á¶·¹ÀÎÁ®_³²","449","3","C:\Users\wesley\Desktop\MeuRag\data\palette\¸ö\'Å¸Á¶·¹ÀÎÁ®_³²_3.pal","C:\Users\wesley\Desktop\MeuRag\data\palette\¸ö\'Å¸Á¶·¹ÀÎÁ®_³²_449.pal"
"'Å¸Á¶·¹ÀÎÁ®_³²","450","3","C:\Users\wesley\Desktop\MeuRag\data\palette\¸ö\'Å¸Á¶·¹ÀÎÁ®_³²_3.pal","C:\Users\wesley\Desktop\MeuRag\data\palette\¸ö\'Å¸Á¶·¹ÀÎÁ®_³²_450.pal"
"'Å¸Á¶·¹ÀÎÁ®_³²","451","3","C:\Users\wesley\Desktop\MeuRag\data\palette\¸ö\'Å¸Á¶·¹ÀÎÁ®_³²_3.pal","C:\Users\wesley\Desktop\MeuRag\data\palette\¸ö\'Å¸Á¶·¹ÀÎÁ®_³²_451.pal"
"'Å¸Á¶·¹ÀÎÁ®_³²","452","3","C:\Users\wesley\Desktop\MeuRag\data\palette\¸ö\'Å¸Á¶·¹ÀÎÁ®_³²_3.pal","C:\Users\wesley\Desktop\MeuRag\data\palette\¸ö\'Å¸Á¶·¹ÀÎÁ®_³²_452.pal"
"'Å¸Á¶·¹ÀÎÁ®_³²","453","3","C:\Users\wesley\Desktop\MeuRag\data\palette\¸ö\'Å¸Á¶·¹ÀÎÁ®_³²_3.pal","C:\Users\wesley\Desktop\MeuRag\data\palette\¸ö\'Å¸Á¶·¹ÀÎÁ®_³²_453.pal"
"'Å¸Á¶·¹ÀÎÁ®_³²","454","3","C:\Users\wesley\Desktop\MeuRag\data\palette\¸ö\'Å¸Á¶·¹ÀÎÁ®_³²_3.pal","C:\Users\wesley\Desktop\MeuRag\data\palette\¸ö\'Å¸Á¶·¹ÀÎÁ®_³²_454.pal"
"'Å¸Á¶·¹ÀÎÁ®_³²","455","3","C:\Users\wesley\Desktop\MeuRag\data\palette\¸ö\'Å¸Á¶·¹ÀÎÁ®_³²_3.pal","C:\Users\wesley\Desktop\MeuRag\data\palette\¸ö\'Å¸Á¶·¹ÀÎÁ®_³²_455.pal"
"'Å¸Á¶·¹ÀÎÁ®_³²","456","3","C:\Users\wesley\Desktop\MeuRag\data\palette\¸ö\'Å¸Á¶·¹ÀÎÁ®_³²_3.pal","C:\Users\wesley\Desktop\MeuRag\data\palette\¸ö\'Å¸Á¶·¹ÀÎÁ®_³²_456.pal"
"'Å¸Á¶·¹ÀÎÁ®_³²","457","3","C:\Users\wesley\Desktop\MeuRag\data\palette\¸ö\'Å¸Á¶·¹ÀÎÁ®_³²_3.pal","C:\Users\wesley\Desktop\MeuRag\data\palette\¸ö\'Å¸Á¶·¹ÀÎÁ®_³²_457.pal"
"'Å¸Á¶·¹ÀÎÁ®_³²","458","3","C:\Users\wesley\Desktop\MeuRag\data\palette\¸ö\'Å¸Á¶·¹ÀÎÁ®_³²_3.pal","C:\Users\wesley\Desktop\MeuRag\data\palette\¸ö\'Å¸Á¶·¹ÀÎÁ®_³²_458.pal"
"'Å¸Á¶·¹ÀÎÁ®_³²","459","3","C:\Users\wesley\Desktop\MeuRag\data\palette\¸ö\'Å¸Á¶·¹ÀÎÁ®_³²_3.pal","C:\Users\wesley\Desktop\MeuRag\data\palette\¸ö\'Å¸Á¶·¹ÀÎÁ®_³²_459.pal"
"'Å¸Á¶·¹ÀÎÁ®_³²","460","3","C:\Users\wesley\Desktop\MeuRag\data\palette\¸ö\'Å¸Á¶·¹ÀÎÁ®_³²_3.pal","C:\Users\wesley\Desktop\MeuRag\data\palette\¸ö\'Å¸Á¶·¹ÀÎÁ®_³²_460.pal"
"'Å¸Á¶·¹ÀÎÁ®_³²","461","3","C:\Users\wesley\Desktop\MeuRag\data\palette\¸ö\'Å¸Á¶·¹ÀÎÁ®_³²_3.pal","C:\Users\wesley\Desktop\MeuRag\data\palette\¸ö\'Å¸Á¶·¹ÀÎÁ®_³²_461.pal"
"'Å¸Á¶·¹ÀÎÁ®_³²","462","3","C:\Users\wesley\Desktop\MeuRag\data\palette\¸ö\'Å¸Á¶·¹ÀÎÁ®_³²_3.pal","C:\Users\wesley\Desktop\MeuRag\data\palette\¸ö\'Å¸Á¶·¹ÀÎÁ®_³²_462.pal"
"'Å¸Á¶·¹ÀÎÁ®_³²","463","3","C:\Users\wesley\Desktop\MeuRag\data\palette\¸ö\'Å¸Á¶·¹ÀÎÁ®_³²_3.pal","C:\Users\wesley\Desktop\MeuRag\data\palette\¸ö\'Å¸Á¶·¹ÀÎÁ®_³²_463.pal"
"'Å¸Á¶·¹ÀÎÁ®_³²","464","3","C:\Users\wesley\Desktop\MeuRag\data\palette\¸ö\'Å¸Á¶·¹ÀÎÁ®_³²_3.pal","C:\Users\wesley\Desktop\MeuRag\data\palette\¸ö\'Å¸Á¶·¹ÀÎÁ®_³²_464.pal"
"'Å¸Á¶·¹ÀÎÁ®_³²","465","3","C:\Users\wesley\Desktop\MeuRag\data\palette\¸ö\'Å¸Á¶·¹ÀÎÁ®_³²_3.pal","C:\Users\wesley\Desktop\MeuRag\data\palette\¸ö\'Å¸Á¶·¹ÀÎÁ®_³²_465.pal"
"'Å¸Á¶·¹ÀÎÁ®_³²","466","3","C:\Users\wesley\Desktop\MeuRag\data\palette\¸ö\'Å¸Á¶·¹ÀÎÁ®_³²_3.pal","C:\Users\wesley\Desktop\MeuRag\data\palette\¸ö\'Å¸Á¶·¹ÀÎÁ®_³²_466.pal"
"'Å¸Á¶·¹ÀÎÁ®_³²","467","3","C:\Users\wesley\Desktop\MeuRag\data\palette\¸ö\'Å¸Á¶·¹ÀÎÁ®_³²_3.pal","C:\Users\wesley\Desktop\MeuRag\data\palette\¸ö\'Å¸Á¶·¹ÀÎÁ®_³²_467.pal"
"'Å¸Á¶·¹ÀÎÁ®_³²","468","3","C:\Users\wesley\Desktop\MeuRag\data\palette\¸ö\'Å¸Á¶·¹ÀÎÁ®_³²_3.pal","C:\Users\wesley\Desktop\MeuRag\data\palette\¸ö\'Å¸Á¶·¹ÀÎÁ®_³²_468.pal"
"'Å¸Á¶·¹ÀÎÁ®_³²","469","3","C:\Users\wesley\Desktop\MeuRag\data\palette\¸ö\'Å¸Á¶·¹ÀÎÁ®_³²_3.pal","C:\Users\wesley\Desktop\MeuRag\data\palette\¸ö\'Å¸Á¶·¹ÀÎÁ®_³²_469.pal"
"'Å¸Á¶·¹ÀÎÁ®_³²","470","3","C:\Users\wesley\Desktop\MeuRag\data\palette\¸ö\'Å¸Á¶·¹ÀÎÁ®_³²_3.pal","C:\Users\wesley\Desktop\MeuRag\data\palette\¸ö\'Å¸Á¶·¹ÀÎÁ®_³²_470.pal"
"'Å¸Á¶·¹ÀÎÁ®_³²","471","3","C:\Users\wesley\Desktop\MeuRag\data\palette\¸ö\'Å¸Á¶·¹ÀÎÁ®_³²_3.pal","C:\Users\wesley\Desktop\MeuRag\data\palette\¸ö\'Å¸Á¶·¹ÀÎÁ®_³²_471.pal"
"'Å¸Á¶·¹ÀÎÁ®_³²","472","3","C:\Users\wesley\Desktop\MeuRag\data\palette\¸ö\'Å¸Á¶·¹ÀÎÁ®_³²_3.pal","C:\Users\wesley\Desktop\MeuRag\data\palette\¸ö\'Å¸Á¶·¹ÀÎÁ®_³²_472.pal"
"'Å¸Á¶·¹ÀÎÁ®_³²","473","3","C:\Users\wesley\Desktop\MeuRag\data\palette\¸ö\'Å¸Á¶·¹ÀÎÁ®_³²_3.pal","C:\Users\wesley\Desktop\MeuRag\data\palette\¸ö\'Å¸Á¶·¹ÀÎÁ®_³²_473.pal"
"'Å¸Á¶·¹ÀÎÁ®_³²","474","3","C:\Users\wesley\Desktop\MeuRag\data\palette\¸ö\'Å¸Á¶·¹ÀÎÁ®_³²_3.pal","C:\Users\wesley\Desktop\MeuRag\data\palette\¸ö\'Å¸Á¶·¹ÀÎÁ®_³²_474.pal"
"'Å¸Á¶·¹ÀÎÁ®_³²","475","3","C:\Users\wesley\Desktop\MeuRag\data\palette\¸ö\'Å¸Á¶·¹ÀÎÁ®_³²_3.pal","C:\Users\wesley\Desktop\MeuRag\data\palette\¸ö\'Å¸Á¶·¹ÀÎÁ®_³²_475.pal"
"'Å¸Á¶·¹ÀÎÁ®_³²","476","3","C:\Users\wesley\Desktop\MeuRag\data\palette\¸ö\'Å¸Á¶·¹ÀÎÁ®_³²_3.pal","C:\Users\wesley\Desktop\MeuRag\data\palette\¸ö\'Å¸Á¶·¹ÀÎÁ®_³²_476.pal"
"'Å¸Á¶·¹ÀÎÁ®_³²","477","3","C:\Users\wesley\Desktop\MeuRag\data\palette\¸ö\'Å¸Á¶·¹ÀÎÁ®_³²_3.pal","C:\Users\wesley\Desktop\MeuRag\data\palette\¸ö\'Å¸Á¶·¹ÀÎÁ®_³²_477.pal"
"'Å¸Á¶·¹ÀÎÁ®_³²","478","3","C:\Users\wesley\Desktop\MeuRag\data\palette\¸ö\'Å¸Á¶·¹ÀÎÁ®_³²_3.pal","C:\Users\wesley\Desktop\MeuRag\data\palette\¸ö\'Å¸Á¶·¹ÀÎÁ®_³²_478.pal"
"'Å¸Á¶·¹ÀÎÁ®_³²","479","3","C:\Users\wesley\Desktop\MeuRag\data\palette\¸ö\'Å¸Á¶·¹ÀÎÁ®_³²_3.pal","C:\Users\wesley\Desktop\MeuRag\data\palette\¸ö\'Å¸Á¶·¹ÀÎÁ®_³²_479.pal"
"'Å¸Á¶·¹ÀÎÁ®_³²","480","3","C:\Users\wesley\Desktop\MeuRag\data\palette\¸ö\'Å¸Á¶·¹ÀÎÁ®_³²_3.pal","C:\Users\wesley\Desktop\MeuRag\data\palette\¸ö\'Å¸Á¶·¹ÀÎÁ®_³²_480.pal"
"'Å¸Á¶·¹ÀÎÁ®_³²","481","3","C:\Users\wesley\Desktop\MeuRag\data\palette\¸ö\'Å¸Á¶·¹ÀÎÁ®_³²_3.pal","C:\Users\wesley\Desktop\MeuRag\data\palette\¸ö\'Å¸Á¶·¹ÀÎÁ®_³²_481.pal"
"'Å¸Á¶·¹ÀÎÁ®_³²","482","3","C:\Users\wesley\Desktop\MeuRag\data\palette\¸ö\'Å¸Á¶·¹ÀÎÁ®_³²_3.pal","C:\Users\wesley\Desktop\MeuRag\data\palette\¸ö\'Å¸Á¶·¹ÀÎÁ®_³²_482.pal"
"'Å¸Á¶·¹ÀÎÁ®_³²","483","3","C:\Users\wesley\Desktop\MeuRag\data\palette\¸ö\'Å¸Á¶·¹ÀÎÁ®_³²_3.pal","C:\Users\wesley\Desktop\MeuRag\data\palette\¸ö\'Å¸Á¶·¹ÀÎÁ®_³²_483.pal"
"'Å¸Á¶·¹ÀÎÁ®_³²","484","3","C:\Users\wesley\Desktop\MeuRag\data\palette\¸ö\'Å¸Á¶·¹ÀÎÁ®_³²_3.pal","C:\Users\wesley\Desktop\MeuRag\data\palette\¸ö\'Å¸Á¶·¹ÀÎÁ®_³²_484.pal"
"'Å¸Á¶·¹ÀÎÁ®_³²","485","3","C:\Users\wesley\Desktop\MeuRag\data\palette\¸ö\'Å¸Á¶·¹ÀÎÁ®_³²_3.pal","C:\Users\wesley\Desktop\MeuRag\data\palette\¸ö\'Å¸Á¶·¹ÀÎÁ®_³²_485.pal"
"'Å¸Á¶·¹ÀÎÁ®_³²","486","3","C:\Users\wesley\Desktop\MeuRag\data\palette\¸ö\'Å¸Á¶·¹ÀÎÁ®_³²_3.pal","C:\Users\wesley\Desktop\MeuRag\data\palette\¸ö\'Å¸Á¶·¹ÀÎÁ®_³²_486.pal"
"'Å¸Á¶·¹ÀÎÁ®_³²","487","3","C:\Users\wesley\Desktop\MeuRag\data\palette\¸ö\'Å¸Á¶·¹ÀÎÁ®_³²_3.pal","C:\Users\wesley\Desktop\MeuRag\data\palette\¸ö\'Å¸Á¶·¹ÀÎÁ®_³²_487.pal"
"'Å¸Á¶·¹ÀÎÁ®_³²","488","3","C:\Users\wesley\Desktop\MeuRag\data\palette\¸ö\'Å¸Á¶·¹ÀÎÁ®_³²_3.pal","C:\Users\wesley\Desktop\MeuRag\data\palette\¸ö\'Å¸Á¶·¹ÀÎÁ®_³²_488.pal"
"'Å¸Á¶·¹ÀÎÁ®_³²","489","3","C:\Users\wesley\Desktop\MeuRag\data\palette\¸ö\'Å¸Á¶·¹ÀÎÁ®_³²_3.pal","C:\Users\wesley\Desktop\MeuRag\data\palette\¸ö\'Å¸Á¶·¹ÀÎÁ®_³²_489.pal"
"'Å¸Á¶·¹ÀÎÁ®_³²","490","3","C:\Users\wesley\Desktop\MeuRag\data\palette\¸ö\'Å¸Á¶·¹ÀÎÁ®_³²_3.pal","C:\Users\wesley\Desktop\MeuRag\data\palette\¸ö\'Å¸Á¶·¹ÀÎÁ®_³²_490.pal"
"'Å¸Á¶·¹ÀÎÁ®_³²","491","3","C:\Users\wesley\Desktop\MeuRag\data\palette\¸ö\'Å¸Á¶·¹ÀÎÁ®_³²_3.pal","C:\Users\wesley\Desktop\MeuRag\data\palette\¸ö\'Å¸Á¶·¹ÀÎÁ®_³²_491.pal"
"'Å¸Á¶·¹ÀÎÁ®_³²","492","3","C:\Users\wesley\Desktop\MeuRag\data\palette\¸ö\'Å¸Á¶·¹ÀÎÁ®_³²_3.pal","C:\Users\wesley\Desktop\MeuRag\data\palette\¸ö\'Å¸Á¶·¹ÀÎÁ®_³²_492.pal"
"'Å¸Á¶·¹ÀÎÁ®_³²","493","3","C:\Users\wesley\Desktop\MeuRag\data\palette\¸ö\'Å¸Á¶·¹ÀÎÁ®_³²_3.pal","C:\Users\wesley\Desktop\MeuRag\data\palette\¸ö\'Å¸Á¶·¹ÀÎÁ®_³²_493.pal"
"'Å¸Á¶·¹ÀÎÁ®_³²","494","3","C:\Users\wesley\Desktop\MeuRag\data\palette\¸ö\'Å¸Á¶·¹ÀÎÁ®_³²_3.pal","C:\Users\wesley\Desktop\MeuRag\data\palette\¸ö\'Å¸Á¶·¹ÀÎÁ®_³²_494.pal"
"'Å¸Á¶·¹ÀÎÁ®_³²","495","3","C:\Users\wesley\Desktop\MeuRag\data\palette\¸ö\'Å¸Á¶·¹ÀÎÁ®_³²_3.pal","C:\Users\wesley\Desktop\MeuRag\data\palette\¸ö\'Å¸Á¶·¹ÀÎÁ®_³²_495.pal"
"'Å¸Á¶·¹ÀÎÁ®_³²","496","3","C:\Users\wesley\Desktop\MeuRag\data\palette\¸ö\'Å¸Á¶·¹ÀÎÁ®_³²_3.pal","C:\Users\wesley\Desktop\MeuRag\data\palette\¸ö\'Å¸Á¶·¹ÀÎÁ®_³²_496.pal"
"'Å¸Á¶·¹ÀÎÁ®_³²","497","3","C:\Users\wesley\Desktop\MeuRag\data\palette\¸ö\'Å¸Á¶·¹ÀÎÁ®_³²_3.pal","C:\Users\wesley\Desktop\MeuRag\data\palette\¸ö\'Å¸Á¶·¹ÀÎÁ®_³²_497.pal"
"'Å¸Á¶·¹ÀÎÁ®_³²","498","3","C:\Users\wesley\Desktop\MeuRag\data\palette\¸ö\'Å¸Á¶·¹ÀÎÁ®_³²_3.pal","C:\Users\wesley\Desktop\MeuRag\data\palette\¸ö\'Å¸Á¶·¹ÀÎÁ®_³²_498.pal"
"'Å¸Á¶·¹ÀÎÁ®_³²","499","3","C:\Users\wesley\Desktop\MeuRag\data\palette\¸ö\'Å¸Á¶·¹ÀÎÁ®_³²_3.pal","C:\Users\wesley\Desktop\MeuRag\data\palette\¸ö\'Å¸Á¶·¹ÀÎÁ®_³²_499.pal"
"'Å¸Á¶·¹ÀÎÁ®_³²","500","3","C:\Users\wesley\Desktop\MeuRag\data\palette\¸ö\'Å¸Á¶·¹ÀÎÁ®_³²_3.pal","C:\Users\wesley\Desktop\MeuRag\data\palette\¸ö\'Å¸Á¶·¹ÀÎÁ®_³²_500.pal"
"'Å¸Á¶·¹ÀÎÁ®_³²","501","3","C:\Users\wesley\Desktop\MeuRag\data\palette\¸ö\'Å¸Á¶·¹ÀÎÁ®_³²_3.pal","C:\Users\wesley\Desktop\MeuRag\data\palette\¸ö\'Å¸Á¶·¹ÀÎÁ®_³²_501.pal"
"'Å¸Á¶·¹ÀÎÁ®_³²","502","3","C:\Users\wesley\Desktop\MeuRag\data\palette\¸ö\'Å¸Á¶·¹ÀÎÁ®_³²_3.pal","C:\Users\wesley\Desktop\MeuRag\data\palette\¸ö\'Å¸Á¶·¹ÀÎÁ®_³²_502.pal"
"'Å¸Á¶·¹ÀÎÁ®_³²","503","3","C:\Users\wesley\Desktop\MeuRag\data\palette\¸ö\'Å¸Á¶·¹ÀÎÁ®_³²_3.pal","C:\Users\wesley\Desktop\MeuRag\data\palette\¸ö\'Å¸Á¶·¹ÀÎÁ®_³²_503.pal"
"'Å¸Á¶·¹ÀÎÁ®_³²","504","3","C:\Users\wesley\Desktop\MeuRag\data\palette\¸ö\'Å¸Á¶·¹ÀÎÁ®_³²_3.pal","C:\Users\wesley\Desktop\MeuRag\data\palette\¸ö\'Å¸Á¶·¹ÀÎÁ®_³²_504.pal"
"'Å¸Á¶·¹ÀÎÁ®_³²","505","3","C:\Users\wesley\Desktop\MeuRag\data\palette\¸ö\'Å¸Á¶·¹ÀÎÁ®_³²_3.pal","C:\Users\wesley\Desktop\MeuRag\data\palette\¸ö\'Å¸Á¶·¹ÀÎÁ®_³²_505.pal"
"'Å¸Á¶·¹ÀÎÁ®_³²","506","3","C:\Users\wesley\Desktop\MeuRag\data\palette\¸ö\'Å¸Á¶·¹ÀÎÁ®_³²_3.pal","C:\Users\wesley\Desktop\MeuRag\data\palette\¸ö\'Å¸Á¶·¹ÀÎÁ®_³²_506.pal"
"'Å¸Á¶·¹ÀÎÁ®_³²","507","3","C:\Users\wesley\Desktop\MeuRag\data\palette\¸ö\'Å¸Á¶·¹ÀÎÁ®_³²_3.pal","C:\Users\wesley\Desktop\MeuRag\data\palette\¸ö\'Å¸Á¶·¹ÀÎÁ®_³²_507.pal"
"'Å¸Á¶·¹ÀÎÁ®_³²","508","3","C:\Users\wesley\Desktop\MeuRag\data\palette\¸ö\'Å¸Á¶·¹ÀÎÁ®_³²_3.pal","C:\Users\wesley\Desktop\MeuRag\data\palette\¸ö\'Å¸Á¶·¹ÀÎÁ®_³²_508.pal"
"'Å¸Á¶·¹ÀÎÁ®_³²","509","3","C:\Users\wesley\Desktop\MeuRag\data\palette\¸ö\'Å¸Á¶·¹ÀÎÁ®_³²_3.pal","C:\Users\wesley\Desktop\MeuRag\data\palette\¸ö\'Å¸Á¶·¹ÀÎÁ®_³²_509.pal"
"'Å¸Á¶·¹ÀÎÁ®_³²","510","3","C:\Users\wesley\Desktop\MeuRag\data\palette\¸ö\'Å¸Á¶·¹ÀÎÁ®_³²_3.pal","C:\Users\wesley\Desktop\MeuRag\data\palette\¸ö\'Å¸Á¶·¹ÀÎÁ®_³²_510.pal"
"'Å¸Á¶·¹ÀÎÁ®_³²","511","3","C:\Users\wesley\Desktop\MeuRag\data\palette\¸ö\'Å¸Á¶·¹ÀÎÁ®_³²_3.pal","C:\Users\wesley\Desktop\MeuRag\data\palette\¸ö\'Å¸Á¶·¹ÀÎÁ®_³²_511.pal"
"'Å¸Á¶·¹ÀÎÁ®_³²","512","3","C:\Users\wesley\Desktop\MeuRag\data\palette\¸ö\'Å¸Á¶·¹ÀÎÁ®_³²_3.pal","C:\Users\wesley\Desktop\MeuRag\data\palette\¸ö\'Å¸Á¶·¹ÀÎÁ®_³²_512.pal"
"'Å¸Á¶·¹ÀÎÁ®_³²","513","3","C:\Users\wesley\Desktop\MeuRag\data\palette\¸ö\'Å¸Á¶·¹ÀÎÁ®_³²_3.pal","C:\Users\wesley\Desktop\MeuRag\data\palette\¸ö\'Å¸Á¶·¹ÀÎÁ®_³²_513.pal"
"'Å¸Á¶·¹ÀÎÁ®_³²","514","3","C:\Users\wesley\Desktop\MeuRag\data\palette\¸ö\'Å¸Á¶·¹ÀÎÁ®_³²_3.pal","C:\Users\wesley\Desktop\MeuRag\data\palette\¸ö\'Å¸Á¶·¹ÀÎÁ®_³²_514.pal"
"'Å¸Á¶·¹ÀÎÁ®_³²","515","3","C:\Users\wesley\Desktop\MeuRag\data\palette\¸ö\'Å¸Á¶·¹ÀÎÁ®_³²_3.pal","C:\Users\wesley\Desktop\MeuRag\data\palette\¸ö\'Å¸Á¶·¹ÀÎÁ®_³²_515.pal"
"'Å¸Á¶·¹ÀÎÁ®_³²","516","3","C:\Users\wesley\Desktop\MeuRag\data\palette\¸ö\'Å¸Á¶·¹ÀÎÁ®_³²_3.pal","C:\Users\wesley\Desktop\MeuRag\data\palette\¸ö\'Å¸Á¶·¹ÀÎÁ®_³²_516.pal"
"'Å¸Á¶·¹ÀÎÁ®_³²","517","3","C:\Users\wesley\Desktop\MeuRag\data\palette\¸ö\'Å¸Á¶·¹ÀÎÁ®_³²_3.pal","C:\Users\wesley\Desktop\MeuRag\data\palette\¸ö\'Å¸Á¶·¹ÀÎÁ®_³²_517.pal"
"'Å¸Á¶·¹ÀÎÁ®_³²","518","3","C:\Users\wesley\Desktop\MeuRag\data\palette\¸ö\'Å¸Á¶·¹ÀÎÁ®_³²_3.pal","C:\Users\wesley\Desktop\MeuRag\data\palette\¸ö\'Å¸Á¶·¹ÀÎÁ®_³²_518.pal"
"'Å¸Á¶·¹ÀÎÁ®_³²","519","3","C:\Users\wesley\Desktop\MeuRag\data\palette\¸ö\'Å¸Á¶·¹ÀÎÁ®_³²_3.pal","C:\Users\wesley\Desktop\MeuRag\data\palette\¸ö\'Å¸Á¶·¹ÀÎÁ®_³²_519.pal"
"'Å¸Á¶·¹ÀÎÁ®_³²","520","3","C:\Users\wesley\Desktop\MeuRag\data\palette\¸ö\'Å¸Á¶·¹ÀÎÁ®_³²_3.pal","C:\Users\wesley\Desktop\MeuRag\data\palette\¸ö\'Å¸Á¶·¹ÀÎÁ®_³²_520.pal"
"'Å¸Á¶·¹ÀÎÁ®_³²","521","3","C:\Users\wesley\Desktop\MeuRag\data\palette\¸ö\'Å¸Á¶·¹ÀÎÁ®_³²_3.pal","C:\Users\wesley\Desktop\MeuRag\data\palette\¸ö\'Å¸Á¶·¹ÀÎÁ®_³²_521.pal"
"'Å¸Á¶·¹ÀÎÁ®_³²","522","3","C:\Users\wesley\Desktop\MeuRag\data\palette\¸ö\'Å¸Á¶·¹ÀÎÁ®_³²_3.pal","C:\Users\wesley\Desktop\MeuRag\data\palette\¸ö\'Å¸Á¶·¹ÀÎÁ®_³²_522.pal"
"'Å¸Á¶·¹ÀÎÁ®_³²","523","3","C:\Users\wesley\Desktop\MeuRag\data\palette\¸ö\'Å¸Á¶·¹ÀÎÁ®_³²_3.pal","C:\Users\wesley\Desktop\MeuRag\data\palette\¸ö\'Å¸Á¶·¹ÀÎÁ®_³²_523.pal"
"'Å¸Á¶·¹ÀÎÁ®_³²","524","3","C:\Users\wesley\Desktop\MeuRag\data\palette\¸ö\'Å¸Á¶·¹ÀÎÁ®_³²_3.pal","C:\Users\wesley\Desktop\MeuRag\data\palette\¸ö\'Å¸Á¶·¹ÀÎÁ®_³²_524.pal"
"'Å¸Á¶·¹ÀÎÁ®_³²","525","3","C:\Users\wesley\Desktop\MeuRag\data\palette\¸ö\'Å¸Á¶·¹ÀÎÁ®_³²_3.pal","C:\Users\wesley\Desktop\MeuRag\data\palette\¸ö\'Å¸Á¶·¹ÀÎÁ®_³²_525.pal"
"'Å¸Á¶·¹ÀÎÁ®_³²","526","3","C:\Users\wesley\Desktop\MeuRag\data\palette\¸ö\'Å¸Á¶·¹ÀÎÁ®_³²_3.pal","C:\Users\wesley\Desktop\MeuRag\data\palette\¸ö\'Å¸Á¶·¹ÀÎÁ®_³²_526.pal"
"'Å¸Á¶·¹ÀÎÁ®_³²","527","3","C:\Users\wesley\Desktop\MeuRag\data\palette\¸ö\'Å¸Á¶·¹ÀÎÁ®_³²_3.pal","C:\Users\wesley\Desktop\MeuRag\data\palette\¸ö\'Å¸Á¶·¹ÀÎÁ®_³²_527.pal"
"'Å¸Á¶·¹ÀÎÁ®_³²","528","3","C:\Users\wesley\Desktop\MeuRag\data\palette\¸ö\'Å¸Á¶·¹ÀÎÁ®_³²_3.pal","C:\Users\wesley\Desktop\MeuRag\data\palette\¸ö\'Å¸Á¶·¹ÀÎÁ®_³²_528.pal"
"'Å¸Á¶·¹ÀÎÁ®_³²","529","3","C:\Users\wesley\Desktop\MeuRag\data\palette\¸ö\'Å¸Á¶·¹ÀÎÁ®_³²_3.pal","C:\Users\wesley\Desktop\MeuRag\data\palette\¸ö\'Å¸Á¶·¹ÀÎÁ®_³²_529.pal"
"'Å¸Á¶·¹ÀÎÁ®_³²","530","3","C:\Users\wesley\Desktop\MeuRag\data\palette\¸ö\'Å¸Á¶·¹ÀÎÁ®_³²_3.pal","C:\Users\wesley\Desktop\MeuRag\data\palette\¸ö\'Å¸Á¶·¹ÀÎÁ®_³²_530.pal"
"'Å¸Á¶·¹ÀÎÁ®_³²","531","3","C:\Users\wesley\Desktop\MeuRag\data\palette\¸ö\'Å¸Á¶·¹ÀÎÁ®_³²_3.pal","C:\Users\wesley\Desktop\MeuRag\data\palette\¸ö\'Å¸Á¶·¹ÀÎÁ®_³²_531.pal"
"'Å¸Á¶·¹ÀÎÁ®_³²","532","3","C:\Users\wesley\Desktop\MeuRag\data\palette\¸ö\'Å¸Á¶·¹ÀÎÁ®_³²_3.pal","C:\Users\wesley\Desktop\MeuRag\data\palette\¸ö\'Å¸Á¶·¹ÀÎÁ®_³²_532.pal"
"'Å¸Á¶·¹ÀÎÁ®_³²","533","3","C:\Users\wesley\Desktop\MeuRag\data\palette\¸ö\'Å¸Á¶·¹ÀÎÁ®_³²_3.pal","C:\Users\wesley\Desktop\MeuRag\data\palette\¸ö\'Å¸Á¶·¹ÀÎÁ®_³²_533.pal"
"'Å¸Á¶·¹ÀÎÁ®_³²","534","3","C:\Users\wesley\Desktop\MeuRag\data\palette\¸ö\'Å¸Á¶·¹ÀÎÁ®_³²_3.pal","C:\Users\wesley\Desktop\MeuRag\data\palette\¸ö\'Å¸Á¶·¹ÀÎÁ®_³²_534.pal"
"'Å¸Á¶·¹ÀÎÁ®_³²","535","3","C:\Users\wesley\Desktop\MeuRag\data\palette\¸ö\'Å¸Á¶·¹ÀÎÁ®_³²_3.pal","C:\Users\wesley\Desktop\MeuRag\data\palette\¸ö\'Å¸Á¶·¹ÀÎÁ®_³²_535.pal"
"'Å¸Á¶·¹ÀÎÁ®_³²","536","3","C:\Users\wesley\Desktop\MeuRag\data\palette\¸ö\'Å¸Á¶·¹ÀÎÁ®_³²_3.pal","C:\Users\wesley\Desktop\MeuRag\data\palette\¸ö\'Å¸Á¶·¹ÀÎÁ®_³²_536.pal"
"'Å¸Á¶·¹ÀÎÁ®_³²","537","3","C:\Users\wesley\Desktop\MeuRag\data\palette\¸ö\'Å¸Á¶·¹ÀÎÁ®_³²_3.pal","C:\Users\wesley\Desktop\MeuRag\data\palette\¸ö\'Å¸Á¶·¹ÀÎÁ®_³²_537.pal"
"'Å¸Á¶·¹ÀÎÁ®_³²","538","3","C:\Users\wesley\Desktop\MeuRag\data\palette\¸ö\'Å¸Á¶·¹ÀÎÁ®_³²_3.pal","C:\Users\wesley\Desktop\MeuRag\data\palette\¸ö\'Å¸Á¶·¹ÀÎÁ®_³²_538.pal"
"'Å¸Á¶·¹ÀÎÁ®_³²","539","3","C:\Users\wesley\Desktop\MeuRag\data\palette\¸ö\'Å¸Á¶·¹ÀÎÁ®_³²_3.pal","C:\Users\wesley\Desktop\MeuRag\data\palette\¸ö\'Å¸Á¶·¹ÀÎÁ®_³²_539.pal"
"'Å¸Á¶·¹ÀÎÁ®_³²","540","3","C:\Users\wesley\Desktop\MeuRag\data\palette\¸ö\'Å¸Á¶·¹ÀÎÁ®_³²_3.pal","C:\Users\wesley\Desktop\MeuRag\data\palette\¸ö\'Å¸Á¶·¹ÀÎÁ®_³²_540.pal"
"'Å¸Á¶·¹ÀÎÁ®_³²","541","3","C:\Users\wesley\Desktop\MeuRag\data\palette\¸ö\'Å¸Á¶·¹ÀÎÁ®_³²_3.pal","C:\Users\wesley\Desktop\MeuRag\data\palette\¸ö\'Å¸Á¶·¹ÀÎÁ®_³²_541.pal"
"'Å¸Á¶·¹ÀÎÁ®_³²","542","3","C:\Users\wesley\Desktop\MeuRag\data\palette\¸ö\'Å¸Á¶·¹ÀÎÁ®_³²_3.pal","C:\Users\wesley\Desktop\MeuRag\data\palette\¸ö\'Å¸Á¶·¹ÀÎÁ®_³²_542.pal"
"'Å¸Á¶·¹ÀÎÁ®_³²","543","3","C:\Users\wesley\Desktop\MeuRag\data\palette\¸ö\'Å¸Á¶·¹ÀÎÁ®_³²_3.pal","C:\Users\wesley\Desktop\MeuRag\data\palette\¸ö\'Å¸Á¶·¹ÀÎÁ®_³²_543.pal"
"'Å¸Á¶·¹ÀÎÁ®_³²","544","3","C:\Users\wesley\Desktop\MeuRag\data\palette\¸ö\'Å¸Á¶·¹ÀÎÁ®_³²_3.pal","C:\Users\wesley\Desktop\MeuRag\data\palette\¸ö\'Å¸Á¶·¹ÀÎÁ®_³²_544.pal"
"'Å¸Á¶·¹ÀÎÁ®_³²","545","3","C:\Users\wesley\Desktop\MeuRag\data\palette\¸ö\'Å¸Á¶·¹ÀÎÁ®_³²_3.pal","C:\Users\wesley\Desktop\MeuRag\data\palette\¸ö\'Å¸Á¶·¹ÀÎÁ®_³²_545.pal"
"'Å¸Á¶·¹ÀÎÁ®_³²","546","3","C:\Users\wesley\Desktop\MeuRag\data\palette\¸ö\'Å¸Á¶·¹ÀÎÁ®_³²_3.pal","C:\Users\wesley\Desktop\MeuRag\data\palette\¸ö\'Å¸Á¶·¹ÀÎÁ®_³²_546.pal"
"'Å¸Á¶·¹ÀÎÁ®_³²","547","3","C:\Users\wesley\Desktop\MeuRag\data\palette\¸ö\'Å¸Á¶·¹ÀÎÁ®_³²_3.pal","C:\Users\wesley\Desktop\MeuRag\data\palette\¸ö\'Å¸Á¶·¹ÀÎÁ®_³²_547.pal"
"'Å¸Á¶·¹ÀÎÁ®_³²","548","3","C:\Users\wesley\Desktop\MeuRag\data\palette\¸ö\'Å¸Á¶·¹ÀÎÁ®_³²_3.pal","C:\Users\wesley\Desktop\MeuRag\data\palette\¸ö\'Å¸Á¶·¹ÀÎÁ®_³²_548.pal"
"'Å¸Á¶·¹ÀÎÁ®_³²","549","3","C:\Users\wesley\Desktop\MeuRag\data\palette\¸ö\'Å¸Á¶·¹ÀÎÁ®_³²_3.pal","C:\Users\wesley\Desktop\MeuRag\data\palette\¸ö\'Å¸Á¶·¹ÀÎÁ®_³²_549.pal"
"'Å¸Á¶·¹ÀÎÁ®_³²","550","3","C:\Users\wesley\Desktop\MeuRag\data\palette\¸ö\'Å¸Á¶·¹ÀÎÁ®_³²_3.pal","C:\Users\wesley\Desktop\MeuRag\data\palette\¸ö\'Å¸Á¶·¹ÀÎÁ®_³²_550.pal"
"'Å¸Á¶·¹ÀÎÁ®_³²","551","3","C:\Users\wesley\Desktop\MeuRag\data\palette\¸ö\'Å¸Á¶·¹ÀÎÁ®_³²_3.pal","C:\Users\wesley\Desktop\MeuRag\data\palette\¸ö\'Å¸Á¶·¹ÀÎÁ®_³²_551.pal"
"'Å¸Á¶·¹ÀÎÁ®_³²","552","3","C:\Users\wesley\Desktop\MeuRag\data\palette\¸ö\'Å¸Á¶·¹ÀÎÁ®_³²_3.pal","C:\Users\wesley\Desktop\MeuRag\data\palette\¸ö\'Å¸Á¶·¹ÀÎÁ®_³²_552.pal"
"'Å¸Á¶·¹ÀÎÁ®_³²","553","3","C:\Users\wesley\Desktop\MeuRag\data\palette\¸ö\'Å¸Á¶·¹ÀÎÁ®_³²_3.pal","C:\Users\wesley\Desktop\MeuRag\data\palette\¸ö\'Å¸Á¶·¹ÀÎÁ®_³²_553.pal"
"'Å¸Á¶·¹ÀÎÁ®_³²","554","3","C:\Users\wesley\Desktop\MeuRag\data\palette\¸ö\'Å¸Á¶·¹ÀÎÁ®_³²_3.pal","C:\Users\wesley\Desktop\MeuRag\data\palette\¸ö\'Å¸Á¶·¹ÀÎÁ®_³²_554.pal"
"'Å¸Á¶·¹ÀÎÁ®_³²","555","3","C:\Users\wesley\Desktop\MeuRag\data\palette\¸ö\'Å¸Á¶·¹ÀÎÁ®_³²_3.pal","C:\Users\wesley\Desktop\MeuRag\data\palette\¸ö\'Å¸Á¶·¹ÀÎÁ®_³²_555.pal"
"'Å¸Á¶·¹ÀÎÁ®_³²","556","3","C:\Users\wesley\Desktop\MeuRag\data\palette\¸ö\'Å¸Á¶·¹ÀÎÁ®_³²_3.pal","C:\Users\wesley\Desktop\MeuRag\data\palette\¸ö\'Å¸Á¶·¹ÀÎÁ®_³²_556.pal"
"'Å¸Á¶·¹ÀÎÁ®_³²","557","3","C:\Users\wesley\Desktop\MeuRag\data\palette\¸ö\'Å¸Á¶·¹ÀÎÁ®_³²_3.pal","C:\Users\wesley\Desktop\MeuRag\data\palette\¸ö\'Å¸Á¶·¹ÀÎÁ®_³²_557.pal"
"'Å¸Á¶·¹ÀÎÁ®_³²","558","3","C:\Users\wesley\Desktop\MeuRag\data\palette\¸ö\'Å¸Á¶·¹ÀÎÁ®_³²_3.pal","C:\Users\wesley\Desktop\MeuRag\data\palette\¸ö\'Å¸Á¶·¹ÀÎÁ®_³²_558.pal"
"'Å¸Á¶·¹ÀÎÁ®_³²","559","3","C:\Users\wesley\Desktop\MeuRag\data\palette\¸ö\'Å¸Á¶·¹ÀÎÁ®_³²_3.pal","C:\Users\wesley\Desktop\MeuRag\data\palette\¸ö\'Å¸Á¶·¹ÀÎÁ®_³²_559.pal"
"'Å¸Á¶·¹ÀÎÁ®_³²","560","3","C:\Users\wesley\Desktop\MeuRag\data\palette\¸ö\'Å¸Á¶·¹ÀÎÁ®_³²_3.pal","C:\Users\wesley\Desktop\MeuRag\data\palette\¸ö\'Å¸Á¶·¹ÀÎÁ®_³²_560.pal"
"'Å¸Á¶·¹ÀÎÁ®_³²","561","3","C:\Users\wesley\Desktop\MeuRag\data\palette\¸ö\'Å¸Á¶·¹ÀÎÁ®_³²_3.pal","C:\Users\wesley\Desktop\MeuRag\data\palette\¸ö\'Å¸Á¶·¹ÀÎÁ®_³²_561.pal"
"'Å¸Á¶·¹ÀÎÁ®_³²","562","3","C:\Users\wesley\Desktop\MeuRag\data\palette\¸ö\'Å¸Á¶·¹ÀÎÁ®_³²_3.pal","C:\Users\wesley\Desktop\MeuRag\data\palette\¸ö\'Å¸Á¶·¹ÀÎÁ®_³²_562.pal"
"'Å¸Á¶·¹ÀÎÁ®_³²","563","3","C:\Users\wesley\Desktop\MeuRag\data\palette\¸ö\'Å¸Á¶·¹ÀÎÁ®_³²_3.pal","C:\Users\wesley\Desktop\MeuRag\data\palette\¸ö\'Å¸Á¶·¹ÀÎÁ®_³²_563.pal"
"'Å¸Á¶·¹ÀÎÁ®_³²","564","3","C:\Users\wesley\Desktop\MeuRag\data\palette\¸ö\'Å¸Á¶·¹ÀÎÁ®_³²_3.pal","C:\Users\wesley\Desktop\MeuRag\data\palette\¸ö\'Å¸Á¶·¹ÀÎÁ®_³²_564.pal"
"'Å¸Á¶·¹ÀÎÁ®_³²","565","3","C:\Users\wesley\Desktop\MeuRag\data\palette\¸ö\'Å¸Á¶·¹ÀÎÁ®_³²_3.pal","C:\Users\wesley\Desktop\MeuRag\data\palette\¸ö\'Å¸Á¶·¹ÀÎÁ®_³²_565.pal"
"'Å¸Á¶·¹ÀÎÁ®_³²","566","3","C:\Users\wesley\Desktop\MeuRag\data\palette\¸ö\'Å¸Á¶·¹ÀÎÁ®_³²_3.pal","C:\Users\wesley\Desktop\MeuRag\data\palette\¸ö\'Å¸Á¶·¹ÀÎÁ®_³²_566.pal"
"'Å¸Á¶·¹ÀÎÁ®_³²","567","3","C:\Users\wesley\Desktop\MeuRag\data\palette\¸ö\'Å¸Á¶·¹ÀÎÁ®_³²_3.pal","C:\Users\wesley\Desktop\MeuRag\data\palette\¸ö\'Å¸Á¶·¹ÀÎÁ®_³²_567.pal"
"'Å¸Á¶·¹ÀÎÁ®_³²","568","3","C:\Users\wesley\Desktop\MeuRag\data\palette\¸ö\'Å¸Á¶·¹ÀÎÁ®_³²_3.pal","C:\Users\wesley\Desktop\MeuRag\data\palette\¸ö\'Å¸Á¶·¹ÀÎÁ®_³²_568.pal"
"'Å¸Á¶·¹ÀÎÁ®_³²","569","3","C:\Users\wesley\Desktop\MeuRag\data\palette\¸ö\'Å¸Á¶·¹ÀÎÁ®_³²_3.pal","C:\Users\wesley\Desktop\MeuRag\data\palette\¸ö\'Å¸Á¶·¹ÀÎÁ®_³²_569.pal"
"'Å¸Á¶·¹ÀÎÁ®_³²","570","3","C:\Users\wesley\Desktop\MeuRag\data\palette\¸ö\'Å¸Á¶·¹ÀÎÁ®_³²_3.pal","C:\Users\wesley\Desktop\MeuRag\data\palette\¸ö\'Å¸Á¶·¹ÀÎÁ®_³²_570.pal"
"'Å¸Á¶·¹ÀÎÁ®_³²","571","3","C:\Users\wesley\Desktop\MeuRag\data\palette\¸ö\'Å¸Á¶·¹ÀÎÁ®_³²_3.pal","C:\Users\wesley\Desktop\MeuRag\data\palette\¸ö\'Å¸Á¶·¹ÀÎÁ®_³²_571.pal"
"'Å¸Á¶·¹ÀÎÁ®_³²","572","3","C:\Users\wesley\Desktop\MeuRag\data\palette\¸ö\'Å¸Á¶·¹ÀÎÁ®_³²_3.pal","C:\Users\wesley\Desktop\MeuRag\data\palette\¸ö\'Å¸Á¶·¹ÀÎÁ®_³²_572.pal"
"'Å¸Á¶·¹ÀÎÁ®_³²","573","3","C:\Users\wesley\Desktop\MeuRag\data\palette\¸ö\'Å¸Á¶·¹ÀÎÁ®_³²_3.pal","C:\Users\wesley\Desktop\MeuRag\data\palette\¸ö\'Å¸Á¶·¹ÀÎÁ®_³²_573.pal"
"'Å¸Á¶·¹ÀÎÁ®_³²","574","3","C:\Users\wesley\Desktop\MeuRag\data\palette\¸ö\'Å¸Á¶·¹ÀÎÁ®_³²_3.pal","C:\Users\wesley\Desktop\MeuRag\data\palette\¸ö\'Å¸Á¶·¹ÀÎÁ®_³²_574.pal"
"'Å¸Á¶·¹ÀÎÁ®_³²","575","3","C:\Users\wesley\Desktop\MeuRag\data\palette\¸ö\'Å¸Á¶·¹ÀÎÁ®_³²_3.pal","C:\Users\wesley\Desktop\MeuRag\data\palette\¸ö\'Å¸Á¶·¹ÀÎÁ®_³²_575.pal"
"'Å¸Á¶·¹ÀÎÁ®_³²","576","3","C:\Users\wesley\Desktop\MeuRag\data\palette\¸ö\'Å¸Á¶·¹ÀÎÁ®_³²_3.pal","C:\Users\wesley\Desktop\MeuRag\data\palette\¸ö\'Å¸Á¶·¹ÀÎÁ®_³²_576.pal"
"'Å¸Á¶·¹ÀÎÁ®_³²","577","3","C:\Users\wesley\Desktop\MeuRag\data\palette\¸ö\'Å¸Á¶·¹ÀÎÁ®_³²_3.pal","C:\Users\wesley\Desktop\MeuRag\data\palette\¸ö\'Å¸Á¶·¹ÀÎÁ®_³²_577.pal"
"'Å¸Á¶·¹ÀÎÁ®_³²","578","3","C:\Users\wesley\Desktop\MeuRag\data\palette\¸ö\'Å¸Á¶·¹ÀÎÁ®_³²_3.pal","C:\Users\wesley\Desktop\MeuRag\data\palette\¸ö\'Å¸Á¶·¹ÀÎÁ®_³²_578.pal"
"'Å¸Á¶·¹ÀÎÁ®_³²","579","3","C:\Users\wesley\Desktop\MeuRag\data\palette\¸ö\'Å¸Á¶·¹ÀÎÁ®_³²_3.pal","C:\Users\wesley\Desktop\MeuRag\data\palette\¸ö\'Å¸Á¶·¹ÀÎÁ®_³²_579.pal"
"'Å¸Á¶·¹ÀÎÁ®_³²","580","3","C:\Users\wesley\Desktop\MeuRag\data\palette\¸ö\'Å¸Á¶·¹ÀÎÁ®_³²_3.pal","C:\Users\wesley\Desktop\MeuRag\data\palette\¸ö\'Å¸Á¶·¹ÀÎÁ®_³²_580.pal"
"'Å¸Á¶·¹ÀÎÁ®_³²","581","3","C:\Users\wesley\Desktop\MeuRag\data\palette\¸ö\'Å¸Á¶·¹ÀÎÁ®_³²_3.pal","C:\Users\wesley\Desktop\MeuRag\data\palette\¸ö\'Å¸Á¶·¹ÀÎÁ®_³²_581.pal"
"'Å¸Á¶·¹ÀÎÁ®_³²","582","3","C:\Users\wesley\Desktop\MeuRag\data\palette\¸ö\'Å¸Á¶·¹ÀÎÁ®_³²_3.pal","C:\Users\wesley\Desktop\MeuRag\data\palette\¸ö\'Å¸Á¶·¹ÀÎÁ®_³²_582.pal"
"'Å¸Á¶·¹ÀÎÁ®_³²","583","3","C:\Users\wesley\Desktop\MeuRag\data\palette\¸ö\'Å¸Á¶·¹ÀÎÁ®_³²_3.pal","C:\Users\wesley\Desktop\MeuRag\data\palette\¸ö\'Å¸Á¶·¹ÀÎÁ®_³²_583.pal"
"'Å¸Á¶·¹ÀÎÁ®_³²","584","3","C:\Users\wesley\Desktop\MeuRag\data\palette\¸ö\'Å¸Á¶·¹ÀÎÁ®_³²_3.pal","C:\Users\wesley\Desktop\MeuRag\data\palette\¸ö\'Å¸Á¶·¹ÀÎÁ®_³²_584.pal"
"'Å¸Á¶·¹ÀÎÁ®_³²","585","3","C:\Users\wesley\Desktop\MeuRag\data\palette\¸ö\'Å¸Á¶·¹ÀÎÁ®_³²_3.pal","C:\Users\wesley\Desktop\MeuRag\data\palette\¸ö\'Å¸Á¶·¹ÀÎÁ®_³²_585.pal"
"'Å¸Á¶·¹ÀÎÁ®_³²","586","3","C:\Users\wesley\Desktop\MeuRag\data\palette\¸ö\'Å¸Á¶·¹ÀÎÁ®_³²_3.pal","C:\Users\wesley\Desktop\MeuRag\data\palette\¸ö\'Å¸Á¶·¹ÀÎÁ®_³²_586.pal"
"'Å¸Á¶·¹ÀÎÁ®_³²","587","3","C:\Users\wesley\Desktop\MeuRag\data\palette\¸ö\'Å¸Á¶·¹ÀÎÁ®_³²_3.pal","C:\Users\wesley\Desktop\MeuRag\data\palette\¸ö\'Å¸Á¶·¹ÀÎÁ®_³²_587.pal"
"'Å¸Á¶·¹ÀÎÁ®_³²","588","3","C:\Users\wesley\Desktop\MeuRag\data\palette\¸ö\'Å¸Á¶·¹ÀÎÁ®_³²_3.pal","C:\Users\wesley\Desktop\MeuRag\data\palette\¸ö\'Å¸Á¶·¹ÀÎÁ®_³²_588.pal"
"'Å¸Á¶·¹ÀÎÁ®_³²","589","3","C:\Users\wesley\Desktop\MeuRag\data\palette\¸ö\'Å¸Á¶·¹ÀÎÁ®_³²_3.pal","C:\Users\wesley\Desktop\MeuRag\data\palette\¸ö\'Å¸Á¶·¹ÀÎÁ®_³²_589.pal"
"'Å¸Á¶·¹ÀÎÁ®_³²","590","3","C:\Users\wesley\Desktop\MeuRag\data\palette\¸ö\'Å¸Á¶·¹ÀÎÁ®_³²_3.pal","C:\Users\wesley\Desktop\MeuRag\data\palette\¸ö\'Å¸Á¶·¹ÀÎÁ®_³²_590.pal"
"'Å¸Á¶·¹ÀÎÁ®_³²","591","3","C:\Users\wesley\Desktop\MeuRag\data\palette\¸ö\'Å¸Á¶·¹ÀÎÁ®_³²_3.pal","C:\Users\wesley\Desktop\MeuRag\data\palette\¸ö\'Å¸Á¶·¹ÀÎÁ®_³²_591.pal"
"'Å¸Á¶·¹ÀÎÁ®_³²","592","3","C:\Users\wesley\Desktop\MeuRag\data\palette\¸ö\'Å¸Á¶·¹ÀÎÁ®_³²_3.pal","C:\Users\wesley\Desktop\MeuRag\data\palette\¸ö\'Å¸Á¶·¹ÀÎÁ®_³²_592.pal"
"'Å¸Á¶·¹ÀÎÁ®_³²","593","3","C:\Users\wesley\Desktop\MeuRag\data\palette\¸ö\'Å¸Á¶·¹ÀÎÁ®_³²_3.pal","C:\Users\wesley\Desktop\MeuRag\data\palette\¸ö\'Å¸Á¶·¹ÀÎÁ®_³²_593.pal"
"'Å¸Á¶·¹ÀÎÁ®_³²","594","3","C:\Users\wesley\Desktop\MeuRag\data\palette\¸ö\'Å¸Á¶·¹ÀÎÁ®_³²_3.pal","C:\Users\wesley\Desktop\MeuRag\data\palette\¸ö\'Å¸Á¶·¹ÀÎÁ®_³²_594.pal"
"'Å¸Á¶·¹ÀÎÁ®_³²","595","3","C:\Users\wesley\Desktop\MeuRag\data\palette\¸ö\'Å¸Á¶·¹ÀÎÁ®_³²_3.pal","C:\Users\wesley\Desktop\MeuRag\data\palette\¸ö\'Å¸Á¶·¹ÀÎÁ®_³²_595.pal"
"'Å¸Á¶·¹ÀÎÁ®_³²","596","3","C:\Users\wesley\Desktop\MeuRag\data\palette\¸ö\'Å¸Á¶·¹ÀÎÁ®_³²_3.pal","C:\Users\wesley\Desktop\MeuRag\data\palette\¸ö\'Å¸Á¶·¹ÀÎÁ®_³²_596.pal"
"'Å¸Á¶·¹ÀÎÁ®_³²","597","3","C:\Users\wesley\Desktop\MeuRag\data\palette\¸ö\'Å¸Á¶·¹ÀÎÁ®_³²_3.pal","C:\Users\wesley\Desktop\MeuRag\data\palette\¸ö\'Å¸Á¶·¹ÀÎÁ®_³²_597.pal"
"'Å¸Á¶·¹ÀÎÁ®_³²","598","3","C:\Users\wesley\Desktop\MeuRag\data\palette\¸ö\'Å¸Á¶·¹ÀÎÁ®_³²_3.pal","C:\Users\wesley\Desktop\MeuRag\data\palette\¸ö\'Å¸Á¶·¹ÀÎÁ®_³²_598.pal"
"'Å¸Á¶·¹ÀÎÁ®_³²","599","3","C:\Users\wesley\Desktop\MeuRag\data\palette\¸ö\'Å¸Á¶·¹ÀÎÁ®_³²_3.pal","C:\Users\wesley\Desktop\MeuRag\data\palette\¸ö\'Å¸Á¶·¹ÀÎÁ®_³²_599.pal"
"'Å¸Á¶·¹ÀÎÁ®_³²","600","3","C:\Users\wesley\Desktop\MeuRag\data\palette\¸ö\'Å¸Á¶·¹ÀÎÁ®_³²_3.pal","C:\Users\wesley\Desktop\MeuRag\data\palette\¸ö\'Å¸Á¶·¹ÀÎÁ®_³²_600.pal"
"'Å¸Á¶·¹ÀÎÁ®_³²","601","3","C:\Users\wesley\Desktop\MeuRag\data\palette\¸ö\'Å¸Á¶·¹ÀÎÁ®_³²_3.pal","C:\Users\wesley\Desktop\MeuRag\data\palette\¸ö\'Å¸Á¶·¹ÀÎÁ®_³²_601.pal"
"'Å¸Á¶·¹ÀÎÁ®_³²","602","3","C:\Users\wesley\Desktop\MeuRag\data\palette\¸ö\'Å¸Á¶·¹ÀÎÁ®_³²_3.pal","C:\Users\wesley\Desktop\MeuRag\data\palette\¸ö\'Å¸Á¶·¹ÀÎÁ®_³²_602.pal"
"'Å¸Á¶·¹ÀÎÁ®_³²","603","3","C:\Users\wesley\Desktop\MeuRag\data\palette\¸ö\'Å¸Á¶·¹ÀÎÁ®_³²_3.pal","C:\Users\wesley\Desktop\MeuRag\data\palette\¸ö\'Å¸Á¶·¹ÀÎÁ®_³²_603.pal"
"'Å¸Á¶·¹ÀÎÁ®_³²","604","3","C:\Users\wesley\Desktop\MeuRag\data\palette\¸ö\'Å¸Á¶·¹ÀÎÁ®_³²_3.pal","C:\Users\wesley\Desktop\MeuRag\data\palette\¸ö\'Å¸Á¶·¹ÀÎÁ®_³²_604.pal"
"'Å¸Á¶·¹ÀÎÁ®_³²","605","3","C:\Users\wesley\Desktop\MeuRag\data\palette\¸ö\'Å¸Á¶·¹ÀÎÁ®_³²_3.pal","C:\Users\wesley\Desktop\MeuRag\data\palette\¸ö\'Å¸Á¶·¹ÀÎÁ®_³²_605.pal"
"'Å¸Á¶·¹ÀÎÁ®_³²","606","3","C:\Users\wesley\Desktop\MeuRag\data\palette\¸ö\'Å¸Á¶·¹ÀÎÁ®_³²_3.pal","C:\Users\wesley\Desktop\MeuRag\data\palette\¸ö\'Å¸Á¶·¹ÀÎÁ®_³²_606.pal"
"'Å¸Á¶·¹ÀÎÁ®_³²","607","3","C:\Users\wesley\Desktop\MeuRag\data\palette\¸ö\'Å¸Á¶·¹ÀÎÁ®_³²_3.pal","C:\Users\wesley\Desktop\MeuRag\data\palette\¸ö\'Å¸Á¶·¹ÀÎÁ®_³²_607.pal"
"'Å¸Á¶·¹ÀÎÁ®_³²","608","3","C:\Users\wesley\Desktop\MeuRag\data\palette\¸ö\'Å¸Á¶·¹ÀÎÁ®_³²_3.pal","C:\Users\wesley\Desktop\MeuRag\data\palette\¸ö\'Å¸Á¶·¹ÀÎÁ®_³²_608.pal"
"'Å¸Á¶·¹ÀÎÁ®_³²","609","3","C:\Users\wesley\Desktop\MeuRag\data\palette\¸ö\'Å¸Á¶·¹ÀÎÁ®_³²_3.pal","C:\Users\wesley\Desktop\MeuRag\data\palette\¸ö\'Å¸Á¶·¹ÀÎÁ®_³²_609.pal"
"'Å¸Á¶·¹ÀÎÁ®_³²","610","3","C:\Users\wesley\Desktop\MeuRag\data\palette\¸ö\'Å¸Á¶·¹ÀÎÁ®_³²_3.pal","C:\Users\wesley\Desktop\MeuRag\data\palette\¸ö\'Å¸Á¶·¹ÀÎÁ®_³²_610.pal"
"'Å¸Á¶·¹ÀÎÁ®_³²","611","3","C:\Users\wesley\Desktop\MeuRag\data\palette\¸ö\'Å¸Á¶·¹ÀÎÁ®_³²_3.pal","C:\Users\wesley\Desktop\MeuRag\data\palette\¸ö\'Å¸Á¶·¹ÀÎÁ®_³²_611.pal"
"'Å¸Á¶·¹ÀÎÁ®_³²","612","3","C:\Users\wesley\Desktop\MeuRag\data\palette\¸ö\'Å¸Á¶·¹ÀÎÁ®_³²_3.pal","C:\Users\wesley\Desktop\MeuRag\data\palette\¸ö\'Å¸Á¶·¹ÀÎÁ®_³²_612.pal"
"'Å¸Á¶·¹ÀÎÁ®_³²","613","3","C:\Users\wesley\Desktop\MeuRag\data\palette\¸ö\'Å¸Á¶·¹ÀÎÁ®_³²_3.pal","C:\Users\wesley\Desktop\MeuRag\data\palette\¸ö\'Å¸Á¶·¹ÀÎÁ®_³²_613.pal"
"'Å¸Á¶·¹ÀÎÁ®_³²","614","3","C:\Users\wesley\Desktop\MeuRag\data\palette\¸ö\'Å¸Á¶·¹ÀÎÁ®_³²_3.pal","C:\Users\wesley\Desktop\MeuRag\data\palette\¸ö\'Å¸Á¶·¹ÀÎÁ®_³²_614.pal"
"'Å¸Á¶·¹ÀÎÁ®_³²","615","3","C:\Users\wesley\Desktop\MeuRag\data\palette\¸ö\'Å¸Á¶·¹ÀÎÁ®_³²_3.pal","C:\Users\wesley\Desktop\MeuRag\data\palette\¸ö\'Å¸Á¶·¹ÀÎÁ®_³²_615.pal"
"'Å¸Á¶·¹ÀÎÁ®_³²","616","3","C:\Users\wesley\Desktop\MeuRag\data\palette\¸ö\'Å¸Á¶·¹ÀÎÁ®_³²_3.pal","C:\Users\wesley\Desktop\MeuRag\data\palette\¸ö\'Å¸Á¶·¹ÀÎÁ®_³²_616.pal"
"'Å¸Á¶·¹ÀÎÁ®_³²","617","3","C:\Users\wesley\Desktop\MeuRag\data\palette\¸ö\'Å¸Á¶·¹ÀÎÁ®_³²_3.pal","C:\Users\wesley\Desktop\MeuRag\data\palette\¸ö\'Å¸Á¶·¹ÀÎÁ®_³²_617.pal"
"'Å¸Á¶·¹ÀÎÁ®_³²","618","3","C:\Users\wesley\Desktop\MeuRag\data\palette\¸ö\'Å¸Á¶·¹ÀÎÁ®_³²_3.pal","C:\Users\wesley\Desktop\MeuRag\data\palette\¸ö\'Å¸Á¶·¹ÀÎÁ®_³²_618.pal"
"'Å¸Á¶·¹ÀÎÁ®_³²","619","3","C:\Users\wesley\Desktop\MeuRag\data\palette\¸ö\'Å¸Á¶·¹ÀÎÁ®_³²_3.pal","C:\Users\wesley\Desktop\MeuRag\data\palette\¸ö\'Å¸Á¶·¹ÀÎÁ®_³²_619.pal"
"'Å¸Á¶·¹ÀÎÁ®_³²","620","3","C:\Users\wesley\Desktop\MeuRag\data\palette\¸ö\'Å¸Á¶·¹ÀÎÁ®_³²_3.pal","C:\Users\wesley\Desktop\MeuRag\data\palette\¸ö\'Å¸Á¶·¹ÀÎÁ®_³²_620.pal"
"'Å¸Á¶·¹ÀÎÁ®_³²","621","3","C:\Users\wesley\Desktop\MeuRag\data\palette\¸ö\'Å¸Á¶·¹ÀÎÁ®_³²_3.pal","C:\Users\wesley\Desktop\MeuRag\data\palette\¸ö\'Å¸Á¶·¹ÀÎÁ®_³²_621.pal"
"'Å¸Á¶·¹ÀÎÁ®_³²","622","3","C:\Users\wesley\Desktop\MeuRag\data\palette\¸ö\'Å¸Á¶·¹ÀÎÁ®_³²_3.pal","C:\Users\wesley\Desktop\MeuRag\data\palette\¸ö\'Å¸Á¶·¹ÀÎÁ®_³²_622.pal"
"'Å¸Á¶·¹ÀÎÁ®_³²","623","3","C:\Users\wesley\Desktop\MeuRag\data\palette\¸ö\'Å¸Á¶·¹ÀÎÁ®_³²_3.pal","C:\Users\wesley\Desktop\MeuRag\data\palette\¸ö\'Å¸Á¶·¹ÀÎÁ®_³²_623.pal"
"'Å¸Á¶·¹ÀÎÁ®_³²","624","3","C:\Users\wesley\Desktop\MeuRag\data\palette\¸ö\'Å¸Á¶·¹ÀÎÁ®_³²_3.pal","C:\Users\wesley\Desktop\MeuRag\data\palette\¸ö\'Å¸Á¶·¹ÀÎÁ®_³²_624.pal"
"'Å¸Á¶·¹ÀÎÁ®_³²","625","3","C:\Users\wesley\Desktop\MeuRag\data\palette\¸ö\'Å¸Á¶·¹ÀÎÁ®_³²_3.pal","C:\Users\wesley\Desktop\MeuRag\data\palette\¸ö\'Å¸Á¶·¹ÀÎÁ®_³²_625.pal"
"'Å¸Á¶·¹ÀÎÁ®_³²","626","3","C:\Users\wesley\Desktop\MeuRag\data\palette\¸ö\'Å¸Á¶·¹ÀÎÁ®_³²_3.pal","C:\Users\wesley\Desktop\MeuRag\data\palette\¸ö\'Å¸Á¶·¹ÀÎÁ®_³²_626.pal"
"'Å¸Á¶·¹ÀÎÁ®_³²","627","3","C:\Users\wesley\Desktop\MeuRag\data\palette\¸ö\'Å¸Á¶·¹ÀÎÁ®_³²_3.pal","C:\Users\wesley\Desktop\MeuRag\data\palette\¸ö\'Å¸Á¶·¹ÀÎÁ®_³²_627.pal"
"'Å¸Á¶·¹ÀÎÁ®_³²","628","3","C:\Users\wesley\Desktop\MeuRag\data\palette\¸ö\'Å¸Á¶·¹ÀÎÁ®_³²_3.pal","C:\Users\wesley\Desktop\MeuRag\data\palette\¸ö\'Å¸Á¶·¹ÀÎÁ®_³²_628.pal"
"'Å¸Á¶·¹ÀÎÁ®_³²","629","3","C:\Users\wesley\Desktop\MeuRag\data\palette\¸ö\'Å¸Á¶·¹ÀÎÁ®_³²_3.pal","C:\Users\wesley\Desktop\MeuRag\data\palette\¸ö\'Å¸Á¶·¹ÀÎÁ®_³²_629.pal"
"'Å¸Á¶·¹ÀÎÁ®_³²","630","3","C:\Users\wesley\Desktop\MeuRag\data\palette\¸ö\'Å¸Á¶·¹ÀÎÁ®_³²_3.pal","C:\Users\wesley\Desktop\MeuRag\data\palette\¸ö\'Å¸Á¶·¹ÀÎÁ®_³²_630.pal"
"'Å¸Á¶·¹ÀÎÁ®_³²","631","3","C:\Users\wesley\Desktop\MeuRag\data\palette\¸ö\'Å¸Á¶·¹ÀÎÁ®_³²_3.pal","C:\Users\wesley\Desktop\MeuRag\data\palette\¸ö\'Å¸Á¶·¹ÀÎÁ®_³²_631.pal"
"'Å¸Á¶·¹ÀÎÁ®_³²","632","3","C:\Users\wesley\Desktop\MeuRag\data\palette\¸ö\'Å¸Á¶·¹ÀÎÁ®_³²_3.pal","C:\Users\wesley\Desktop\MeuRag\data\palette\¸ö\'Å¸Á¶·¹ÀÎÁ®_³²_632.pal"
"'Å¸Á¶·¹ÀÎÁ®_³²","633","3","C:\Users\wesley\Desktop\MeuRag\data\palette\¸ö\'Å¸Á¶·¹ÀÎÁ®_³²_3.pal","C:\Users\wesley\Desktop\MeuRag\data\palette\¸ö\'Å¸Á¶·¹ÀÎÁ®_³²_633.pal"
"'Å¸Á¶·¹ÀÎÁ®_³²","634","3","C:\Users\wesley\Desktop\MeuRag\data\palette\¸ö\'Å¸Á¶·¹ÀÎÁ®_³²_3.pal","C:\Users\wesley\Desktop\MeuRag\data\palette\¸ö\'Å¸Á¶·¹ÀÎÁ®_³²_634.pal"
"'Å¸Á¶·¹ÀÎÁ®_³²","635","3","C:\Users\wesley\Desktop\MeuRag\data\palette\¸ö\'Å¸Á¶·¹ÀÎÁ®_³²_3.pal","C:\Users\wesley\Desktop\MeuRag\data\palette\¸ö\'Å¸Á¶·¹ÀÎÁ®_³²_635.pal"
"'Å¸Á¶·¹ÀÎÁ®_³²","636","3","C:\Users\wesley\Desktop\MeuRag\data\palette\¸ö\'Å¸Á¶·¹ÀÎÁ®_³²_3.pal","C:\Users\wesley\Desktop\MeuRag\data\palette\¸ö\'Å¸Á¶·¹ÀÎÁ®_³²_636.pal"
"'Å¸Á¶·¹ÀÎÁ®_³²","637","3","C:\Users\wesley\Desktop\MeuRag\data\palette\¸ö\'Å¸Á¶·¹ÀÎÁ®_³²_3.pal","C:\Users\wesley\Desktop\MeuRag\data\palette\¸ö\'Å¸Á¶·¹ÀÎÁ®_³²_637.pal"
"'Å¸Á¶·¹ÀÎÁ®_³²","638","3","C:\Users\wesley\Desktop\MeuRag\data\palette\¸ö\'Å¸Á¶·¹ÀÎÁ®_³²_3.pal","C:\Users\wesley\Desktop\MeuRag\data\palette\¸ö\'Å¸Á¶·¹ÀÎÁ®_³²_638.pal"
"'Å¸Á¶·¹ÀÎÁ®_³²","639","3","C:\Users\wesley\Desktop\MeuRag\data\palette\¸ö\'Å¸Á¶·¹ÀÎÁ®_³²_3.pal","C:\Users\wesley\Desktop\MeuRag\data\palette\¸ö\'Å¸Á¶·¹ÀÎÁ®_³²_639.pal"
"'Å¸Á¶·¹ÀÎÁ®_³²","640","3","C:\Users\wesley\Desktop\MeuRag\data\palette\¸ö\'Å¸Á¶·¹ÀÎÁ®_³²_3.pal","C:\Users\wesley\Desktop\MeuRag\data\palette\¸ö\'Å¸Á¶·¹ÀÎÁ®_³²_640.pal"
"'Å¸Á¶·¹ÀÎÁ®_³²","641","3","C:\Users\wesley\Desktop\MeuRag\data\palette\¸ö\'Å¸Á¶·¹ÀÎÁ®_³²_3.pal","C:\Users\wesley\Desktop\MeuRag\data\palette\¸ö\'Å¸Á¶·¹ÀÎÁ®_³²_641.pal"
"'Å¸Á¶·¹ÀÎÁ®_³²","642","3","C:\Users\wesley\Desktop\MeuRag\data\palette\¸ö\'Å¸Á¶·¹ÀÎÁ®_³²_3.pal","C:\Users\wesley\Desktop\MeuRag\data\palette\¸ö\'Å¸Á¶·¹ÀÎÁ®_³²_642.pal"
"'Å¸Á¶·¹ÀÎÁ®_³²","643","3","C:\Users\wesley\Desktop\MeuRag\data\palette\¸ö\'Å¸Á¶·¹ÀÎÁ®_³²_3.pal","C:\Users\wesley\Desktop\MeuRag\data\palette\¸ö\'Å¸Á¶·¹ÀÎÁ®_³²_643.pal"
"'Å¸Á¶·¹ÀÎÁ®_³²","644","3","C:\Users\wesley\Desktop\MeuRag\data\palette\¸ö\'Å¸Á¶·¹ÀÎÁ®_³²_3.pal","C:\Users\wesley\Desktop\MeuRag\data\palette\¸ö\'Å¸Á¶·¹ÀÎÁ®_³²_644.pal"
"'Å¸Á¶·¹ÀÎÁ®_³²","645","3","C:\Users\wesley\Desktop\MeuRag\data\palette\¸ö\'Å¸Á¶·¹ÀÎÁ®_³²_3.pal","C:\Users\wesley\Desktop\MeuRag\data\palette\¸ö\'Å¸Á¶·¹ÀÎÁ®_³²_645.pal"
"'Å¸Á¶·¹ÀÎÁ®_³²","646","3","C:\Users\wesley\Desktop\MeuRag\data\palette\¸ö\'Å¸Á¶·¹ÀÎÁ®_³²_3.pal","C:\Users\wesley\Desktop\MeuRag\data\palette\¸ö\'Å¸Á¶·¹ÀÎÁ®_³²_646.pal"
"'Å¸Á¶·¹ÀÎÁ®_³²","647","3","C:\Users\wesley\Desktop\MeuRag\data\palette\¸ö\'Å¸Á¶·¹ÀÎÁ®_³²_3.pal","C:\Users\wesley\Desktop\MeuRag\data\palette\¸ö\'Å¸Á¶·¹ÀÎÁ®_³²_647.pal"
"'Å¸Á¶·¹ÀÎÁ®_³²","648","3","C:\Users\wesley\Desktop\MeuRag\data\palette\¸ö\'Å¸Á¶·¹ÀÎÁ®_³²_3.pal","C:\Users\wesley\Desktop\MeuRag\data\palette\¸ö\'Å¸Á¶·¹ÀÎÁ®_³²_648.pal"
"'Å¸Á¶·¹ÀÎÁ®_³²","649","3","C:\Users\wesley\Desktop\MeuRag\data\palette\¸ö\'Å¸Á¶·¹ÀÎÁ®_³²_3.pal","C:\Users\wesley\Desktop\MeuRag\data\palette\¸ö\'Å¸Á¶·¹ÀÎÁ®_³²_649.pal"
"'Å¸Á¶·¹ÀÎÁ®_³²","650","3","C:\Users\wesley\Desktop\MeuRag\data\palette\¸ö\'Å¸Á¶·¹ÀÎÁ®_³²_3.pal","C:\Users\wesley\Desktop\MeuRag\data\palette\¸ö\'Å¸Á¶·¹ÀÎÁ®_³²_650.pal"
"'Å¸Á¶·¹ÀÎÁ®_³²","651","3","C:\Users\wesley\Desktop\MeuRag\data\palette\¸ö\'Å¸Á¶·¹ÀÎÁ®_³²_3.pal","C:\Users\wesley\Desktop\MeuRag\data\palette\¸ö\'Å¸Á¶·¹ÀÎÁ®_³²_651.pal"
"'Å¸Á¶·¹ÀÎÁ®_³²","652","3","C:\Users\wesley\Desktop\MeuRag\data\palette\¸ö\'Å¸Á¶·¹ÀÎÁ®_³²_3.pal","C:\Users\wesley\Desktop\MeuRag\data\palette\¸ö\'Å¸Á¶·¹ÀÎÁ®_³²_652.pal"
"'Å¸Á¶·¹ÀÎÁ®_³²","653","3","C:\Users\wesley\Desktop\MeuRag\data\palette\¸ö\'Å¸Á¶·¹ÀÎÁ®_³²_3.pal","C:\Users\wesley\Desktop\MeuRag\data\palette\¸ö\'Å¸Á¶·¹ÀÎÁ®_³²_653.pal"
"'Å¸Á¶·¹ÀÎÁ®_³²","654","3","C:\Users\wesley\Desktop\MeuRag\data\palette\¸ö\'Å¸Á¶·¹ÀÎÁ®_³²_3.pal","C:\Users\wesley\Desktop\MeuRag\data\palette\¸ö\'Å¸Á¶·¹ÀÎÁ®_³²_654.pal"
"'Å¸Á¶·¹ÀÎÁ®_³²","655","3","C:\Users\wesley\Desktop\MeuRag\data\palette\¸ö\'Å¸Á¶·¹ÀÎÁ®_³²_3.pal","C:\Users\wesley\Desktop\MeuRag\data\palette\¸ö\'Å¸Á¶·¹ÀÎÁ®_³²_655.pal"
"'Å¸Á¶·¹ÀÎÁ®_³²","656","3","C:\Users\wesley\Desktop\MeuRag\data\palette\¸ö\'Å¸Á¶·¹ÀÎÁ®_³²_3.pal","C:\Users\wesley\Desktop\MeuRag\data\palette\¸ö\'Å¸Á¶·¹ÀÎÁ®_³²_656.pal"
"'Å¸Á¶·¹ÀÎÁ®_³²","657","3","C:\Users\wesley\Desktop\MeuRag\data\palette\¸ö\'Å¸Á¶·¹ÀÎÁ®_³²_3.pal","C:\Users\wesley\Desktop\MeuRag\data\palette\¸ö\'Å¸Á¶·¹ÀÎÁ®_³²_657.pal"
"'Å¸Á¶·¹ÀÎÁ®_³²","658","3","C:\Users\wesley\Desktop\MeuRag\data\palette\¸ö\'Å¸Á¶·¹ÀÎÁ®_³²_3.pal","C:\Users\wesley\Desktop\MeuRag\data\palette\¸ö\'Å¸Á¶·¹ÀÎÁ®_³²_658.pal"
"'Å¸Á¶·¹ÀÎÁ®_³²","659","3","C:\Users\wesley\Desktop\MeuRag\data\palette\¸ö\'Å¸Á¶·¹ÀÎÁ®_³²_3.pal","C:\Users\wesley\Desktop\MeuRag\data\palette\¸ö\'Å¸Á¶·¹ÀÎÁ®_³²_659.pal"
"'Å¸Á¶·¹ÀÎÁ®_³²","660","3","C:\Users\wesley\Desktop\MeuRag\data\palette\¸ö\'Å¸Á¶·¹ÀÎÁ®_³²_3.pal","C:\Users\wesley\Desktop\MeuRag\data\palette\¸ö\'Å¸Á¶·¹ÀÎÁ®_³²_660.pal"
"'Å¸Á¶·¹ÀÎÁ®_³²","661","3","C:\Users\wesley\Desktop\MeuRag\data\palette\¸ö\'Å¸Á¶·¹ÀÎÁ®_³²_3.pal","C:\Users\wesley\Desktop\MeuRag\data\palette\¸ö\'Å¸Á¶·¹ÀÎÁ®_³²_661.pal"
"'Å¸Á¶·¹ÀÎÁ®_³²","662","3","C:\Users\wesley\Desktop\MeuRag\data\palette\¸ö\'Å¸Á¶·¹ÀÎÁ®_³²_3.pal","C:\Users\wesley\Desktop\MeuRag\data\palette\¸ö\'Å¸Á¶·¹ÀÎÁ®_³²_662.pal"
"'Å¸Á¶·¹ÀÎÁ®_³²","663","3","C:\Users\wesley\Desktop\MeuRag\data\palette\¸ö\'Å¸Á¶·¹ÀÎÁ®_³²_3.pal","C:\Users\wesley\Desktop\MeuRag\data\palette\¸ö\'Å¸Á¶·¹ÀÎÁ®_³²_663.pal"
"'Å¸Á¶·¹ÀÎÁ®_³²","664","3","C:\Users\wesley\Desktop\MeuRag\data\palette\¸ö\'Å¸Á¶·¹ÀÎÁ®_³²_3.pal","C:\Users\wesley\Desktop\MeuRag\data\palette\¸ö\'Å¸Á¶·¹ÀÎÁ®_³²_664.pal"
"'Å¸Á¶·¹ÀÎÁ®_³²","665","3","C:\Users\wesley\Desktop\MeuRag\data\palette\¸ö\'Å¸Á¶·¹ÀÎÁ®_³²_3.pal","C:\Users\wesley\Desktop\MeuRag\data\palette\¸ö\'Å¸Á¶·¹ÀÎÁ®_³²_665.pal"
"'Å¸Á¶·¹ÀÎÁ®_³²","666","3","C:\Users\wesley\Desktop\MeuRag\data\palette\¸ö\'Å¸Á¶·¹ÀÎÁ®_³²_3.pal","C:\Users\wesley\Desktop\MeuRag\data\palette\¸ö\'Å¸Á¶·¹ÀÎÁ®_³²_666.pal"
"'Å¸Á¶·¹ÀÎÁ®_³²","667","3","C:\Users\wesley\Desktop\MeuRag\data\palette\¸ö\'Å¸Á¶·¹ÀÎÁ®_³²_3.pal","C:\Users\wesley\Desktop\MeuRag\data\palette\¸ö\'Å¸Á¶·¹ÀÎÁ®_³²_667.pal"
"'Å¸Á¶·¹ÀÎÁ®_³²","668","3","C:\Users\wesley\Desktop\MeuRag\data\palette\¸ö\'Å¸Á¶·¹ÀÎÁ®_³²_3.pal","C:\Users\wesley\Desktop\MeuRag\data\palette\¸ö\'Å¸Á¶·¹ÀÎÁ®_³²_668.pal"
"'Å¸Á¶·¹ÀÎÁ®_³²","669","3","C:\Users\wesley\Desktop\MeuRag\data\palette\¸ö\'Å¸Á¶·¹ÀÎÁ®_³²_3.pal","C:\Users\wesley\Desktop\MeuRag\data\palette\¸ö\'Å¸Á¶·¹ÀÎÁ®_³²_669.pal"
"'Å¸Á¶·¹ÀÎÁ®_³²","670","3","C:\Users\wesley\Desktop\MeuRag\data\palette\¸ö\'Å¸Á¶·¹ÀÎÁ®_³²_3.pal","C:\Users\wesley\Desktop\MeuRag\data\palette\¸ö\'Å¸Á¶·¹ÀÎÁ®_³²_670.pal"
"'Å¸Á¶·¹ÀÎÁ®_³²","671","3","C:\Users\wesley\Desktop\MeuRag\data\palette\¸ö\'Å¸Á¶·¹ÀÎÁ®_³²_3.pal","C:\Users\wesley\Desktop\MeuRag\data\palette\¸ö\'Å¸Á¶·¹ÀÎÁ®_³²_671.pal"
"'Å¸Á¶·¹ÀÎÁ®_³²","672","3","C:\Users\wesley\Desktop\MeuRag\data\palette\¸ö\'Å¸Á¶·¹ÀÎÁ®_³²_3.pal","C:\Users\wesley\Desktop\MeuRag\data\palette\¸ö\'Å¸Á¶·¹ÀÎÁ®_³²_672.pal"
"'Å¸Á¶·¹ÀÎÁ®_³²","673","3","C:\Users\wesley\Desktop\MeuRag\data\palette\¸ö\'Å¸Á¶·¹ÀÎÁ®_³²_3.pal","C:\Users\wesley\Desktop\MeuRag\data\palette\¸ö\'Å¸Á¶·¹ÀÎÁ®_³²_673.pal"
"'Å¸Á¶·¹ÀÎÁ®_³²","674","3","C:\Users\wesley\Desktop\MeuRag\data\palette\¸ö\'Å¸Á¶·¹ÀÎÁ®_³²_3.pal","C:\Users\wesley\Desktop\MeuRag\data\palette\¸ö\'Å¸Á¶·¹ÀÎÁ®_³²_674.pal"
"'Å¸Á¶·¹ÀÎÁ®_³²","675","3","C:\Users\wesley\Desktop\MeuRag\data\palette\¸ö\'Å¸Á¶·¹ÀÎÁ®_³²_3.pal","C:\Users\wesley\Desktop\MeuRag\data\palette\¸ö\'Å¸Á¶·¹ÀÎÁ®_³²_675.pal"
"'Å¸Á¶·¹ÀÎÁ®_³²","676","3","C:\Users\wesley\Desktop\MeuRag\data\palette\¸ö\'Å¸Á¶·¹ÀÎÁ®_³²_3.pal","C:\Users\wesley\Desktop\MeuRag\data\palette\¸ö\'Å¸Á¶·¹ÀÎÁ®_³²_676.pal"
"'Å¸Á¶·¹ÀÎÁ®_³²","677","3","C:\Users\wesley\Desktop\MeuRag\data\palette\¸ö\'Å¸Á¶·¹ÀÎÁ®_³²_3.pal","C:\Users\wesley\Desktop\MeuRag\data\palette\¸ö\'Å¸Á¶·¹ÀÎÁ®_³²_677.pal"
"'Å¸Á¶·¹ÀÎÁ®_³²","678","3","C:\Users\wesley\Desktop\MeuRag\data\palette\¸ö\'Å¸Á¶·¹ÀÎÁ®_³²_3.pal","C:\Users\wesley\Desktop\MeuRag\data\palette\¸ö\'Å¸Á¶·¹ÀÎÁ®_³²_678.pal"
"'Å¸Á¶·¹ÀÎÁ®_³²","679","3","C:\Users\wesley\Desktop\MeuRag\data\palette\¸ö\'Å¸Á¶·¹ÀÎÁ®_³²_3.pal","C:\Users\wesley\Desktop\MeuRag\data\palette\¸ö\'Å¸Á¶·¹ÀÎÁ®_³²_679.pal"
"'Å¸Á¶·¹ÀÎÁ®_³²","680","3","C:\Users\wesley\Desktop\MeuRag\data\palette\¸ö\'Å¸Á¶·¹ÀÎÁ®_³²_3.pal","C:\Users\wesley\Desktop\MeuRag\data\palette\¸ö\'Å¸Á¶·¹ÀÎÁ®_³²_680.pal"
"'Å¸Á¶·¹ÀÎÁ®_³²","681","3","C:\Users\wesley\Desktop\MeuRag\data\palette\¸ö\'Å¸Á¶·¹ÀÎÁ®_³²_3.pal","C:\Users\wesley\Desktop\MeuRag\data\palette\¸ö\'Å¸Á¶·¹ÀÎÁ®_³²_681.pal"
"'Å¸Á¶·¹ÀÎÁ®_³²","682","3","C:\Users\wesley\Desktop\MeuRag\data\palette\¸ö\'Å¸Á¶·¹ÀÎÁ®_³²_3.pal","C:\Users\wesley\Desktop\MeuRag\data\palette\¸ö\'Å¸Á¶·¹ÀÎÁ®_³²_682.pal"
"'Å¸Á¶·¹ÀÎÁ®_³²","683","3","C:\Users\wesley\Desktop\MeuRag\data\palette\¸ö\'Å¸Á¶·¹ÀÎÁ®_³²_3.pal","C:\Users\wesley\Desktop\MeuRag\data\palette\¸ö\'Å¸Á¶·¹ÀÎÁ®_³²_683.pal"
"'Å¸Á¶·¹ÀÎÁ®_³²","684","3","C:\Users\wesley\Desktop\MeuRag\data\palette\¸ö\'Å¸Á¶·¹ÀÎÁ®_³²_3.pal","C:\Users\wesley\Desktop\MeuRag\data\palette\¸ö\'Å¸Á¶·¹ÀÎÁ®_³²_684.pal"
"'Å¸Á¶·¹ÀÎÁ®_³²","685","3","C:\Users\wesley\Desktop\MeuRag\data\palette\¸ö\'Å¸Á¶·¹ÀÎÁ®_³²_3.pal","C:\Users\wesley\Desktop\MeuRag\data\palette\¸ö\'Å¸Á¶·¹ÀÎÁ®_³²_685.pal"
"'Å¸Á¶·¹ÀÎÁ®_³²","686","3","C:\Users\wesley\Desktop\MeuRag\data\palette\¸ö\'Å¸Á¶·¹ÀÎÁ®_³²_3.pal","C:\Users\wesley\Desktop\MeuRag\data\palette\¸ö\'Å¸Á¶·¹ÀÎÁ®_³²_686.pal"
"'Å¸Á¶·¹ÀÎÁ®_³²","687","3","C:\Users\wesley\Desktop\MeuRag\data\palette\¸ö\'Å¸Á¶·¹ÀÎÁ®_³²_3.pal","C:\Users\wesley\Desktop\MeuRag\data\palette\¸ö\'Å¸Á¶·¹ÀÎÁ®_³²_687.pal"
"'Å¸Á¶·¹ÀÎÁ®_³²","688","3","C:\Users\wesley\Desktop\MeuRag\data\palette\¸ö\'Å¸Á¶·¹ÀÎÁ®_³²_3.pal","C:\Users\wesley\Desktop\MeuRag\data\palette\¸ö\'Å¸Á¶·¹ÀÎÁ®_³²_688.pal"
"'Å¸Á¶·¹ÀÎÁ®_³²","689","3","C:\Users\wesley\Desktop\MeuRag\data\palette\¸ö\'Å¸Á¶·¹ÀÎÁ®_³²_3.pal","C:\Users\wesley\Desktop\MeuRag\data\palette\¸ö\'Å¸Á¶·¹ÀÎÁ®_³²_689.pal"
"'Å¸Á¶·¹ÀÎÁ®_³²","690","3","C:\Users\wesley\Desktop\MeuRag\data\palette\¸ö\'Å¸Á¶·¹ÀÎÁ®_³²_3.pal","C:\Users\wesley\Desktop\MeuRag\data\palette\¸ö\'Å¸Á¶·¹ÀÎÁ®_³²_690.pal"
"'Å¸Á¶·¹ÀÎÁ®_³²","691","3","C:\Users\wesley\Desktop\MeuRag\data\palette\¸ö\'Å¸Á¶·¹ÀÎÁ®_³²_3.pal","C:\Users\wesley\Desktop\MeuRag\data\palette\¸ö\'Å¸Á¶·¹ÀÎÁ®_³²_691.pal"
"'Å¸Á¶·¹ÀÎÁ®_³²","692","3","C:\Users\wesley\Desktop\MeuRag\data\palette\¸ö\'Å¸Á¶·¹ÀÎÁ®_³²_3.pal","C:\Users\wesley\Desktop\MeuRag\data\palette\¸ö\'Å¸Á¶·¹ÀÎÁ®_³²_692.pal"
"'Å¸Á¶·¹ÀÎÁ®_³²","693","3","C:\Users\wesley\Desktop\MeuRag\data\palette\¸ö\'Å¸Á¶·¹ÀÎÁ®_³²_3.pal","C:\Users\wesley\Desktop\MeuRag\data\palette\¸ö\'Å¸Á¶·¹ÀÎÁ®_³²_693.pal"
"'Å¸Á¶·¹ÀÎÁ®_³²","694","3","C:\Users\wesley\Desktop\MeuRag\data\palette\¸ö\'Å¸Á¶·¹ÀÎÁ®_³²_3.pal","C:\Users\wesley\Desktop\MeuRag\data\palette\¸ö\'Å¸Á¶·¹ÀÎÁ®_³²_694.pal"
"'Å¸Á¶·¹ÀÎÁ®_³²","695","3","C:\Users\wesley\Desktop\MeuRag\data\palette\¸ö\'Å¸Á¶·¹ÀÎÁ®_³²_3.pal","C:\Users\wesley\Desktop\MeuRag\data\palette\¸ö\'Å¸Á¶·¹ÀÎÁ®_³²_695.pal"
"'Å¸Á¶·¹ÀÎÁ®_³²","696","3","C:\Users\wesley\Desktop\MeuRag\data\palette\¸ö\'Å¸Á¶·¹ÀÎÁ®_³²_3.pal","C:\Users\wesley\Desktop\MeuRag\data\palette\¸ö\'Å¸Á¶·¹ÀÎÁ®_³²_696.pal"
"'Å¸Á¶·¹ÀÎÁ®_³²","697","3","C:\Users\wesley\Desktop\MeuRag\data\palette\¸ö\'Å¸Á¶·¹ÀÎÁ®_³²_3.pal","C:\Users\wesley\Desktop\MeuRag\data\palette\¸ö\'Å¸Á¶·¹ÀÎÁ®_³²_697.pal"
"'Å¸Á¶·¹ÀÎÁ®_³²","698","3","C:\Users\wesley\Desktop\MeuRag\data\palette\¸ö\'Å¸Á¶·¹ÀÎÁ®_³²_3.pal","C:\Users\wesley\Desktop\MeuRag\data\palette\¸ö\'Å¸Á¶·¹ÀÎÁ®_³²_698.pal"
"'Å¸Á¶·¹ÀÎÁ®_³²","699","3","C:\Users\wesley\Desktop\MeuRag\data\palette\¸ö\'Å¸Á¶·¹ÀÎÁ®_³²_3.pal","C:\Users\wesley\Desktop\MeuRag\data\palette\¸ö\'Å¸Á¶·¹ÀÎÁ®_³²_699.pal"
"'Å¸Á¶·¹ÀÎÁ®_¿©","4","3","C:\Users\wesley\Desktop\MeuRag\data\palette\¸ö\'Å¸Á¶·¹ÀÎÁ®_¿©_3.pal","C:\Users\wesley\Desktop\MeuRag\data\palette\¸ö\'Å¸Á¶·¹ÀÎÁ®_¿©_4.pal"
"'Å¸Á¶·¹ÀÎÁ®_¿©","5","3","C:\Users\wesley\Desktop\MeuRag\data\palette\¸ö\'Å¸Á¶·¹ÀÎÁ®_¿©_3.pal","C:\Users\wesley\Desktop\MeuRag\data\palette\¸ö\'Å¸Á¶·¹ÀÎÁ®_¿©_5.pal"
"'Å¸Á¶·¹ÀÎÁ®_¿©","6","3","C:\Users\wesley\Desktop\MeuRag\data\palette\¸ö\'Å¸Á¶·¹ÀÎÁ®_¿©_3.pal","C:\Users\wesley\Desktop\MeuRag\data\palette\¸ö\'Å¸Á¶·¹ÀÎÁ®_¿©_6.pal"
"'Å¸Á¶·¹ÀÎÁ®_¿©","7","3","C:\Users\wesley\Desktop\MeuRag\data\palette\¸ö\'Å¸Á¶·¹ÀÎÁ®_¿©_3.pal","C:\Users\wesley\Desktop\MeuRag\data\palette\¸ö\'Å¸Á¶·¹ÀÎÁ®_¿©_7.pal"
"'Å¸Á¶·¹ÀÎÁ®_¿©","8","3","C:\Users\wesley\Desktop\MeuRag\data\palette\¸ö\'Å¸Á¶·¹ÀÎÁ®_¿©_3.pal","C:\Users\wesley\Desktop\MeuRag\data\palette\¸ö\'Å¸Á¶·¹ÀÎÁ®_¿©_8.pal"
"'Å¸Á¶·¹ÀÎÁ®_¿©","9","3","C:\Users\wesley\Desktop\MeuRag\data\palette\¸ö\'Å¸Á¶·¹ÀÎÁ®_¿©_3.pal","C:\Users\wesley\Desktop\MeuRag\data\palette\¸ö\'Å¸Á¶·¹ÀÎÁ®_¿©_9.pal"
"'Å¸Á¶·¹ÀÎÁ®_¿©","10","3","C:\Users\wesley\Desktop\MeuRag\data\palette\¸ö\'Å¸Á¶·¹ÀÎÁ®_¿©_3.pal","C:\Users\wesley\Desktop\MeuRag\data\palette\¸ö\'Å¸Á¶·¹ÀÎÁ®_¿©_10.pal"
"'Å¸Á¶·¹ÀÎÁ®_¿©","11","3","C:\Users\wesley\Desktop\MeuRag\data\palette\¸ö\'Å¸Á¶·¹ÀÎÁ®_¿©_3.pal","C:\Users\wesley\Desktop\MeuRag\data\palette\¸ö\'Å¸Á¶·¹ÀÎÁ®_¿©_11.pal"
"'Å¸Á¶·¹ÀÎÁ®_¿©","12","3","C:\Users\wesley\Desktop\MeuRag\data\palette\¸ö\'Å¸Á¶·¹ÀÎÁ®_¿©_3.pal","C:\Users\wesley\Desktop\MeuRag\data\palette\¸ö\'Å¸Á¶·¹ÀÎÁ®_¿©_12.pal"
"'Å¸Á¶·¹ÀÎÁ®_¿©","13","3","C:\Users\wesley\Desktop\MeuRag\data\palette\¸ö\'Å¸Á¶·¹ÀÎÁ®_¿©_3.pal","C:\Users\wesley\Desktop\MeuRag\data\palette\¸ö\'Å¸Á¶·¹ÀÎÁ®_¿©_13.pal"
"'Å¸Á¶·¹ÀÎÁ®_¿©","14","3","C:\Users\wesley\Desktop\MeuRag\data\palette\¸ö\'Å¸Á¶·¹ÀÎÁ®_¿©_3.pal","C:\Users\wesley\Desktop\MeuRag\data\palette\¸ö\'Å¸Á¶·¹ÀÎÁ®_¿©_14.pal"
"'Å¸Á¶·¹ÀÎÁ®_¿©","15","3","C:\Users\wesley\Desktop\MeuRag\data\palette\¸ö\'Å¸Á¶·¹ÀÎÁ®_¿©_3.pal","C:\Users\wesley\Desktop\MeuRag\data\palette\¸ö\'Å¸Á¶·¹ÀÎÁ®_¿©_15.pal"
"'Å¸Á¶·¹ÀÎÁ®_¿©","16","3","C:\Users\wesley\Desktop\MeuRag\data\palette\¸ö\'Å¸Á¶·¹ÀÎÁ®_¿©_3.pal","C:\Users\wesley\Desktop\MeuRag\data\palette\¸ö\'Å¸Á¶·¹ÀÎÁ®_¿©_16.pal"
"'Å¸Á¶·¹ÀÎÁ®_¿©","17","3","C:\Users\wesley\Desktop\MeuRag\data\palette\¸ö\'Å¸Á¶·¹ÀÎÁ®_¿©_3.pal","C:\Users\wesley\Desktop\MeuRag\data\palette\¸ö\'Å¸Á¶·¹ÀÎÁ®_¿©_17.pal"
"'Å¸Á¶·¹ÀÎÁ®_¿©","18","3","C:\Users\wesley\Desktop\MeuRag\data\palette\¸ö\'Å¸Á¶·¹ÀÎÁ®_¿©_3.pal","C:\Users\wesley\Desktop\MeuRag\data\palette\¸ö\'Å¸Á¶·¹ÀÎÁ®_¿©_18.pal"
"'Å¸Á¶·¹ÀÎÁ®_¿©","19","3","C:\Users\wesley\Desktop\MeuRag\data\palette\¸ö\'Å¸Á¶·¹ÀÎÁ®_¿©_3.pal","C:\Users\wesley\Desktop\MeuRag\data\palette\¸ö\'Å¸Á¶·¹ÀÎÁ®_¿©_19.pal"
"'Å¸Á¶·¹ÀÎÁ®_¿©","20","3","C:\Users\wesley\Desktop\MeuRag\data\palette\¸ö\'Å¸Á¶·¹ÀÎÁ®_¿©_3.pal","C:\Users\wesley\Desktop\MeuRag\data\palette\¸ö\'Å¸Á¶·¹ÀÎÁ®_¿©_20.pal"
"'Å¸Á¶·¹ÀÎÁ®_¿©","21","3","C:\Users\wesley\Desktop\MeuRag\data\palette\¸ö\'Å¸Á¶·¹ÀÎÁ®_¿©_3.pal","C:\Users\wesley\Desktop\MeuRag\data\palette\¸ö\'Å¸Á¶·¹ÀÎÁ®_¿©_21.pal"
"'Å¸Á¶·¹ÀÎÁ®_¿©","22","3","C:\Users\wesley\Desktop\MeuRag\data\palette\¸ö\'Å¸Á¶·¹ÀÎÁ®_¿©_3.pal","C:\Users\wesley\Desktop\MeuRag\data\palette\¸ö\'Å¸Á¶·¹ÀÎÁ®_¿©_22.pal"
"'Å¸Á¶·¹ÀÎÁ®_¿©","23","3","C:\Users\wesley\Desktop\MeuRag\data\palette\¸ö\'Å¸Á¶·¹ÀÎÁ®_¿©_3.pal","C:\Users\wesley\Desktop\MeuRag\data\palette\¸ö\'Å¸Á¶·¹ÀÎÁ®_¿©_23.pal"
"'Å¸Á¶·¹ÀÎÁ®_¿©","24","3","C:\Users\wesley\Desktop\MeuRag\data\palette\¸ö\'Å¸Á¶·¹ÀÎÁ®_¿©_3.pal","C:\Users\wesley\Desktop\MeuRag\data\palette\¸ö\'Å¸Á¶·¹ÀÎÁ®_¿©_24.pal"
"'Å¸Á¶·¹ÀÎÁ®_¿©","25","3","C:\Users\wesley\Desktop\MeuRag\data\palette\¸ö\'Å¸Á¶·¹ÀÎÁ®_¿©_3.pal","C:\Users\wesley\Desktop\MeuRag\data\palette\¸ö\'Å¸Á¶·¹ÀÎÁ®_¿©_25.pal"
"'Å¸Á¶·¹ÀÎÁ®_¿©","26","3","C:\Users\wesley\Desktop\MeuRag\data\palette\¸ö\'Å¸Á¶·¹ÀÎÁ®_¿©_3.pal","C:\Users\wesley\Desktop\MeuRag\data\palette\¸ö\'Å¸Á¶·¹ÀÎÁ®_¿©_26.pal"
"'Å¸Á¶·¹ÀÎÁ®_¿©","27","3","C:\Users\wesley\Desktop\MeuRag\data\palette\¸ö\'Å¸Á¶·¹ÀÎÁ®_¿©_3.pal","C:\Users\wesley\Desktop\MeuRag\data\palette\¸ö\'Å¸Á¶·¹ÀÎÁ®_¿©_27.pal"
"'Å¸Á¶·¹ÀÎÁ®_¿©","28","3","C:\Users\wesley\Desktop\MeuRag\data\palette\¸ö\'Å¸Á¶·¹ÀÎÁ®_¿©_3.pal","C:\Users\wesley\Desktop\MeuRag\data\palette\¸ö\'Å¸Á¶·¹ÀÎÁ®_¿©_28.pal"
"'Å¸Á¶·¹ÀÎÁ®_¿©","29","3","C:\Users\wesley\Desktop\MeuRag\data\palette\¸ö\'Å¸Á¶·¹ÀÎÁ®_¿©_3.pal","C:\Users\wesley\Desktop\MeuRag\data\palette\¸ö\'Å¸Á¶·¹ÀÎÁ®_¿©_29.pal"
"'Å¸Á¶·¹ÀÎÁ®_¿©","30","3","C:\Users\wesley\Desktop\MeuRag\data\palette\¸ö\'Å¸Á¶·¹ÀÎÁ®_¿©_3.pal","C:\Users\wesley\Desktop\MeuRag\data\palette\¸ö\'Å¸Á¶·¹ÀÎÁ®_¿©_30.pal"
"'Å¸Á¶·¹ÀÎÁ®_¿©","31","3","C:\Users\wesley\Desktop\MeuRag\data\palette\¸ö\'Å¸Á¶·¹ÀÎÁ®_¿©_3.pal","C:\Users\wesley\Desktop\MeuRag\data\palette\¸ö\'Å¸Á¶·¹ÀÎÁ®_¿©_31.pal"
"'Å¸Á¶·¹ÀÎÁ®_¿©","32","3","C:\Users\wesley\Desktop\MeuRag\data\palette\¸ö\'Å¸Á¶·¹ÀÎÁ®_¿©_3.pal","C:\Users\wesley\Desktop\MeuRag\data\palette\¸ö\'Å¸Á¶·¹ÀÎÁ®_¿©_32.pal"
"'Å¸Á¶·¹ÀÎÁ®_¿©","33","3","C:\Users\wesley\Desktop\MeuRag\data\palette\¸ö\'Å¸Á¶·¹ÀÎÁ®_¿©_3.pal","C:\Users\wesley\Desktop\MeuRag\data\palette\¸ö\'Å¸Á¶·¹ÀÎÁ®_¿©_33.pal"
"'Å¸Á¶·¹ÀÎÁ®_¿©","34","3","C:\Users\wesley\Desktop\MeuRag\data\palette\¸ö\'Å¸Á¶·¹ÀÎÁ®_¿©_3.pal","C:\Users\wesley\Desktop\MeuRag\data\palette\¸ö\'Å¸Á¶·¹ÀÎÁ®_¿©_34.pal"
"'Å¸Á¶·¹ÀÎÁ®_¿©","35","3","C:\Users\wesley\Desktop\MeuRag\data\palette\¸ö\'Å¸Á¶·¹ÀÎÁ®_¿©_3.pal","C:\Users\wesley\Desktop\MeuRag\data\palette\¸ö\'Å¸Á¶·¹ÀÎÁ®_¿©_35.pal"
"'Å¸Á¶·¹ÀÎÁ®_¿©","36","3","C:\Users\wesley\Desktop\MeuRag\data\palette\¸ö\'Å¸Á¶·¹ÀÎÁ®_¿©_3.pal","C:\Users\wesley\Desktop\MeuRag\data\palette\¸ö\'Å¸Á¶·¹ÀÎÁ®_¿©_36.pal"
"'Å¸Á¶·¹ÀÎÁ®_¿©","37","3","C:\Users\wesley\Desktop\MeuRag\data\palette\¸ö\'Å¸Á¶·¹ÀÎÁ®_¿©_3.pal","C:\Users\wesley\Desktop\MeuRag\data\palette\¸ö\'Å¸Á¶·¹ÀÎÁ®_¿©_37.pal"
"'Å¸Á¶·¹ÀÎÁ®_¿©","38","3","C:\Users\wesley\Desktop\MeuRag\data\palette\¸ö\'Å¸Á¶·¹ÀÎÁ®_¿©_3.pal","C:\Users\wesley\Desktop\MeuRag\data\palette\¸ö\'Å¸Á¶·¹ÀÎÁ®_¿©_38.pal"
"'Å¸Á¶·¹ÀÎÁ®_¿©","39","3","C:\Users\wesley\Desktop\MeuRag\data\palette\¸ö\'Å¸Á¶·¹ÀÎÁ®_¿©_3.pal","C:\Users\wesley\Desktop\MeuRag\data\palette\¸ö\'Å¸Á¶·¹ÀÎÁ®_¿©_39.pal"
"'Å¸Á¶·¹ÀÎÁ®_¿©","40","3","C:\Users\wesley\Desktop\MeuRag\data\palette\¸ö\'Å¸Á¶·¹ÀÎÁ®_¿©_3.pal","C:\Users\wesley\Desktop\MeuRag\data\palette\¸ö\'Å¸Á¶·¹ÀÎÁ®_¿©_40.pal"
"'Å¸Á¶·¹ÀÎÁ®_¿©","41","3","C:\Users\wesley\Desktop\MeuRag\data\palette\¸ö\'Å¸Á¶·¹ÀÎÁ®_¿©_3.pal","C:\Users\wesley\Desktop\MeuRag\data\palette\¸ö\'Å¸Á¶·¹ÀÎÁ®_¿©_41.pal"
"'Å¸Á¶·¹ÀÎÁ®_¿©","42","3","C:\Users\wesley\Desktop\MeuRag\data\palette\¸ö\'Å¸Á¶·¹ÀÎÁ®_¿©_3.pal","C:\Users\wesley\Desktop\MeuRag\data\palette\¸ö\'Å¸Á¶·¹ÀÎÁ®_¿©_42.pal"
"'Å¸Á¶·¹ÀÎÁ®_¿©","43","3","C:\Users\wesley\Desktop\MeuRag\data\palette\¸ö\'Å¸Á¶·¹ÀÎÁ®_¿©_3.pal","C:\Users\wesley\Desktop\MeuRag\data\palette\¸ö\'Å¸Á¶·¹ÀÎÁ®_¿©_43.pal"
"'Å¸Á¶·¹ÀÎÁ®_¿©","44","3","C:\Users\wesley\Desktop\MeuRag\data\palette\¸ö\'Å¸Á¶·¹ÀÎÁ®_¿©_3.pal","C:\Users\wesley\Desktop\MeuRag\data\palette\¸ö\'Å¸Á¶·¹ÀÎÁ®_¿©_44.pal"
"'Å¸Á¶·¹ÀÎÁ®_¿©","45","3","C:\Users\wesley\Desktop\MeuRag\data\palette\¸ö\'Å¸Á¶·¹ÀÎÁ®_¿©_3.pal","C:\Users\wesley\Desktop\MeuRag\data\palette\¸ö\'Å¸Á¶·¹ÀÎÁ®_¿©_45.pal"
"'Å¸Á¶·¹ÀÎÁ®_¿©","46","3","C:\Users\wesley\Desktop\MeuRag\data\palette\¸ö\'Å¸Á¶·¹ÀÎÁ®_¿©_3.pal","C:\Users\wesley\Desktop\MeuRag\data\palette\¸ö\'Å¸Á¶·¹ÀÎÁ®_¿©_46.pal"
"'Å¸Á¶·¹ÀÎÁ®_¿©","47","3","C:\Users\wesley\Desktop\MeuRag\data\palette\¸ö\'Å¸Á¶·¹ÀÎÁ®_¿©_3.pal","C:\Users\wesley\Desktop\MeuRag\data\palette\¸ö\'Å¸Á¶·¹ÀÎÁ®_¿©_47.pal"
"'Å¸Á¶·¹ÀÎÁ®_¿©","48","3","C:\Users\wesley\Desktop\MeuRag\data\palette\¸ö\'Å¸Á¶·¹ÀÎÁ®_¿©_3.pal","C:\Users\wesley\Desktop\MeuRag\data\palette\¸ö\'Å¸Á¶·¹ÀÎÁ®_¿©_48.pal"
"'Å¸Á¶·¹ÀÎÁ®_¿©","49","3","C:\Users\wesley\Desktop\MeuRag\data\palette\¸ö\'Å¸Á¶·¹ÀÎÁ®_¿©_3.pal","C:\Users\wesley\Desktop\MeuRag\data\palette\¸ö\'Å¸Á¶·¹ÀÎÁ®_¿©_49.pal"
"'Å¸Á¶·¹ÀÎÁ®_¿©","50","3","C:\Users\wesley\Desktop\MeuRag\data\palette\¸ö\'Å¸Á¶·¹ÀÎÁ®_¿©_3.pal","C:\Users\wesley\Desktop\MeuRag\data\palette\¸ö\'Å¸Á¶·¹ÀÎÁ®_¿©_50.pal"
"'Å¸Á¶·¹ÀÎÁ®_¿©","51","3","C:\Users\wesley\Desktop\MeuRag\data\palette\¸ö\'Å¸Á¶·¹ÀÎÁ®_¿©_3.pal","C:\Users\wesley\Desktop\MeuRag\data\palette\¸ö\'Å¸Á¶·¹ÀÎÁ®_¿©_51.pal"
"'Å¸Á¶·¹ÀÎÁ®_¿©","52","3","C:\Users\wesley\Desktop\MeuRag\data\palette\¸ö\'Å¸Á¶·¹ÀÎÁ®_¿©_3.pal","C:\Users\wesley\Desktop\MeuRag\data\palette\¸ö\'Å¸Á¶·¹ÀÎÁ®_¿©_52.pal"
"'Å¸Á¶·¹ÀÎÁ®_¿©","53","3","C:\Users\wesley\Desktop\MeuRag\data\palette\¸ö\'Å¸Á¶·¹ÀÎÁ®_¿©_3.pal","C:\Users\wesley\Desktop\MeuRag\data\palette\¸ö\'Å¸Á¶·¹ÀÎÁ®_¿©_53.pal"
"'Å¸Á¶·¹ÀÎÁ®_¿©","54","3","C:\Users\wesley\Desktop\MeuRag\data\palette\¸ö\'Å¸Á¶·¹ÀÎÁ®_¿©_3.pal","C:\Users\wesley\Desktop\MeuRag\data\palette\¸ö\'Å¸Á¶·¹ÀÎÁ®_¿©_54.pal"
"'Å¸Á¶·¹ÀÎÁ®_¿©","55","3","C:\Users\wesley\Desktop\MeuRag\data\palette\¸ö\'Å¸Á¶·¹ÀÎÁ®_¿©_3.pal","C:\Users\wesley\Desktop\MeuRag\data\palette\¸ö\'Å¸Á¶·¹ÀÎÁ®_¿©_55.pal"
"'Å¸Á¶·¹ÀÎÁ®_¿©","56","3","C:\Users\wesley\Desktop\MeuRag\data\palette\¸ö\'Å¸Á¶·¹ÀÎÁ®_¿©_3.pal","C:\Users\wesley\Desktop\MeuRag\data\palette\¸ö\'Å¸Á¶·¹ÀÎÁ®_¿©_56.pal"
"'Å¸Á¶·¹ÀÎÁ®_¿©","57","3","C:\Users\wesley\Desktop\MeuRag\data\palette\¸ö\'Å¸Á¶·¹ÀÎÁ®_¿©_3.pal","C:\Users\wesley\Desktop\MeuRag\data\palette\¸ö\'Å¸Á¶·¹ÀÎÁ®_¿©_57.pal"
"'Å¸Á¶·¹ÀÎÁ®_¿©","58","3","C:\Users\wesley\Desktop\MeuRag\data\palette\¸ö\'Å¸Á¶·¹ÀÎÁ®_¿©_3.pal","C:\Users\wesley\Desktop\MeuRag\data\palette\¸ö\'Å¸Á¶·¹ÀÎÁ®_¿©_58.pal"
"'Å¸Á¶·¹ÀÎÁ®_¿©","59","3","C:\Users\wesley\Desktop\MeuRag\data\palette\¸ö\'Å¸Á¶·¹ÀÎÁ®_¿©_3.pal","C:\Users\wesley\Desktop\MeuRag\data\palette\¸ö\'Å¸Á¶·¹ÀÎÁ®_¿©_59.pal"
"'Å¸Á¶·¹ÀÎÁ®_¿©","60","3","C:\Users\wesley\Desktop\MeuRag\data\palette\¸ö\'Å¸Á¶·¹ÀÎÁ®_¿©_3.pal","C:\Users\wesley\Desktop\MeuRag\data\palette\¸ö\'Å¸Á¶·¹ÀÎÁ®_¿©_60.pal"
"'Å¸Á¶·¹ÀÎÁ®_¿©","61","3","C:\Users\wesley\Desktop\MeuRag\data\palette\¸ö\'Å¸Á¶·¹ÀÎÁ®_¿©_3.pal","C:\Users\wesley\Desktop\MeuRag\data\palette\¸ö\'Å¸Á¶·¹ÀÎÁ®_¿©_61.pal"
"'Å¸Á¶·¹ÀÎÁ®_¿©","62","3","C:\Users\wesley\Desktop\MeuRag\data\palette\¸ö\'Å¸Á¶·¹ÀÎÁ®_¿©_3.pal","C:\Users\wesley\Desktop\MeuRag\data\palette\¸ö\'Å¸Á¶·¹ÀÎÁ®_¿©_62.pal"
"'Å¸Á¶·¹ÀÎÁ®_¿©","63","3","C:\Users\wesley\Desktop\MeuRag\data\palette\¸ö\'Å¸Á¶·¹ÀÎÁ®_¿©_3.pal","C:\Users\wesley\Desktop\MeuRag\data\palette\¸ö\'Å¸Á¶·¹ÀÎÁ®_¿©_63.pal"
"'Å¸Á¶·¹ÀÎÁ®_¿©","64","3","C:\Users\wesley\Desktop\MeuRag\data\palette\¸ö\'Å¸Á¶·¹ÀÎÁ®_¿©_3.pal","C:\Users\wesley\Desktop\MeuRag\data\palette\¸ö\'Å¸Á¶·¹ÀÎÁ®_¿©_64.pal"
"'Å¸Á¶·¹ÀÎÁ®_¿©","65","3","C:\Users\wesley\Desktop\MeuRag\data\palette\¸ö\'Å¸Á¶·¹ÀÎÁ®_¿©_3.pal","C:\Users\wesley\Desktop\MeuRag\data\palette\¸ö\'Å¸Á¶·¹ÀÎÁ®_¿©_65.pal"
"'Å¸Á¶·¹ÀÎÁ®_¿©","66","3","C:\Users\wesley\Desktop\MeuRag\data\palette\¸ö\'Å¸Á¶·¹ÀÎÁ®_¿©_3.pal","C:\Users\wesley\Desktop\MeuRag\data\palette\¸ö\'Å¸Á¶·¹ÀÎÁ®_¿©_66.pal"
"'Å¸Á¶·¹ÀÎÁ®_¿©","67","3","C:\Users\wesley\Desktop\MeuRag\data\palette\¸ö\'Å¸Á¶·¹ÀÎÁ®_¿©_3.pal","C:\Users\wesley\Desktop\MeuRag\data\palette\¸ö\'Å¸Á¶·¹ÀÎÁ®_¿©_67.pal"
"'Å¸Á¶·¹ÀÎÁ®_¿©","68","3","C:\Users\wesley\Desktop\MeuRag\data\palette\¸ö\'Å¸Á¶·¹ÀÎÁ®_¿©_3.pal","C:\Users\wesley\Desktop\MeuRag\data\palette\¸ö\'Å¸Á¶·¹ÀÎÁ®_¿©_68.pal"
"'Å¸Á¶·¹ÀÎÁ®_¿©","69","3","C:\Users\wesley\Desktop\MeuRag\data\palette\¸ö\'Å¸Á¶·¹ÀÎÁ®_¿©_3.pal","C:\Users\wesley\Desktop\MeuRag\data\palette\¸ö\'Å¸Á¶·¹ÀÎÁ®_¿©_69.pal"
"'Å¸Á¶·¹ÀÎÁ®_¿©","70","3","C:\Users\wesley\Desktop\MeuRag\data\palette\¸ö\'Å¸Á¶·¹ÀÎÁ®_¿©_3.pal","C:\Users\wesley\Desktop\MeuRag\data\palette\¸ö\'Å¸Á¶·¹ÀÎÁ®_¿©_70.pal"
"'Å¸Á¶·¹ÀÎÁ®_¿©","71","3","C:\Users\wesley\Desktop\MeuRag\data\palette\¸ö\'Å¸Á¶·¹ÀÎÁ®_¿©_3.pal","C:\Users\wesley\Desktop\MeuRag\data\palette\¸ö\'Å¸Á¶·¹ÀÎÁ®_¿©_71.pal"
"'Å¸Á¶·¹ÀÎÁ®_¿©","72","3","C:\Users\wesley\Desktop\MeuRag\data\palette\¸ö\'Å¸Á¶·¹ÀÎÁ®_¿©_3.pal","C:\Users\wesley\Desktop\MeuRag\data\palette\¸ö\'Å¸Á¶·¹ÀÎÁ®_¿©_72.pal"
"'Å¸Á¶·¹ÀÎÁ®_¿©","73","3","C:\Users\wesley\Desktop\MeuRag\data\palette\¸ö\'Å¸Á¶·¹ÀÎÁ®_¿©_3.pal","C:\Users\wesley\Desktop\MeuRag\data\palette\¸ö\'Å¸Á¶·¹ÀÎÁ®_¿©_73.pal"
"'Å¸Á¶·¹ÀÎÁ®_¿©","74","3","C:\Users\wesley\Desktop\MeuRag\data\palette\¸ö\'Å¸Á¶·¹ÀÎÁ®_¿©_3.pal","C:\Users\wesley\Desktop\MeuRag\data\palette\¸ö\'Å¸Á¶·¹ÀÎÁ®_¿©_74.pal"
"'Å¸Á¶·¹ÀÎÁ®_¿©","75","3","C:\Users\wesley\Desktop\MeuRag\data\palette\¸ö\'Å¸Á¶·¹ÀÎÁ®_¿©_3.pal","C:\Users\wesley\Desktop\MeuRag\data\palette\¸ö\'Å¸Á¶·¹ÀÎÁ®_¿©_75.pal"
"'Å¸Á¶·¹ÀÎÁ®_¿©","76","3","C:\Users\wesley\Desktop\MeuRag\data\palette\¸ö\'Å¸Á¶·¹ÀÎÁ®_¿©_3.pal","C:\Users\wesley\Desktop\MeuRag\data\palette\¸ö\'Å¸Á¶·¹ÀÎÁ®_¿©_76.pal"
"'Å¸Á¶·¹ÀÎÁ®_¿©","77","3","C:\Users\wesley\Desktop\MeuRag\data\palette\¸ö\'Å¸Á¶·¹ÀÎÁ®_¿©_3.pal","C:\Users\wesley\Desktop\MeuRag\data\palette\¸ö\'Å¸Á¶·¹ÀÎÁ®_¿©_77.pal"
"'Å¸Á¶·¹ÀÎÁ®_¿©","78","3","C:\Users\wesley\Desktop\MeuRag\data\palette\¸ö\'Å¸Á¶·¹ÀÎÁ®_¿©_3.pal","C:\Users\wesley\Desktop\MeuRag\data\palette\¸ö\'Å¸Á¶·¹ÀÎÁ®_¿©_78.pal"
"'Å¸Á¶·¹ÀÎÁ®_¿©","79","3","C:\Users\wesley\Desktop\MeuRag\data\palette\¸ö\'Å¸Á¶·¹ÀÎÁ®_¿©_3.pal","C:\Users\wesley\Desktop\MeuRag\data\palette\¸ö\'Å¸Á¶·¹ÀÎÁ®_¿©_79.pal"
"'Å¸Á¶·¹ÀÎÁ®_¿©","80","3","C:\Users\wesley\Desktop\MeuRag\data\palette\¸ö\'Å¸Á¶·¹ÀÎÁ®_¿©_3.pal","C:\Users\wesley\Desktop\MeuRag\data\palette\¸ö\'Å¸Á¶·¹ÀÎÁ®_¿©_80.pal"
"'Å¸Á¶·¹ÀÎÁ®_¿©","81","3","C:\Users\wesley\Desktop\MeuRag\data\palette\¸ö\'Å¸Á¶·¹ÀÎÁ®_¿©_3.pal","C:\Users\wesley\Desktop\MeuRag\data\palette\¸ö\'Å¸Á¶·¹ÀÎÁ®_¿©_81.pal"
"'Å¸Á¶·¹ÀÎÁ®_¿©","82","3","C:\Users\wesley\Desktop\MeuRag\data\palette\¸ö\'Å¸Á¶·¹ÀÎÁ®_¿©_3.pal","C:\Users\wesley\Desktop\MeuRag\data\palette\¸ö\'Å¸Á¶·¹ÀÎÁ®_¿©_82.pal"
"'Å¸Á¶·¹ÀÎÁ®_¿©","83","3","C:\Users\wesley\Desktop\MeuRag\data\palette\¸ö\'Å¸Á¶·¹ÀÎÁ®_¿©_3.pal","C:\Users\wesley\Desktop\MeuRag\data\palette\¸ö\'Å¸Á¶·¹ÀÎÁ®_¿©_83.pal"
"'Å¸Á¶·¹ÀÎÁ®_¿©","84","3","C:\Users\wesley\Desktop\MeuRag\data\palette\¸ö\'Å¸Á¶·¹ÀÎÁ®_¿©_3.pal","C:\Users\wesley\Desktop\MeuRag\data\palette\¸ö\'Å¸Á¶·¹ÀÎÁ®_¿©_84.pal"
"'Å¸Á¶·¹ÀÎÁ®_¿©","85","3","C:\Users\wesley\Desktop\MeuRag\data\palette\¸ö\'Å¸Á¶·¹ÀÎÁ®_¿©_3.pal","C:\Users\wesley\Desktop\MeuRag\data\palette\¸ö\'Å¸Á¶·¹ÀÎÁ®_¿©_85.pal"
"'Å¸Á¶·¹ÀÎÁ®_¿©","86","3","C:\Users\wesley\Desktop\MeuRag\data\palette\¸ö\'Å¸Á¶·¹ÀÎÁ®_¿©_3.pal","C:\Users\wesley\Desktop\MeuRag\data\palette\¸ö\'Å¸Á¶·¹ÀÎÁ®_¿©_86.pal"
"'Å¸Á¶·¹ÀÎÁ®_¿©","87","3","C:\Users\wesley\Desktop\MeuRag\data\palette\¸ö\'Å¸Á¶·¹ÀÎÁ®_¿©_3.pal","C:\Users\wesley\Desktop\MeuRag\data\palette\¸ö\'Å¸Á¶·¹ÀÎÁ®_¿©_87.pal"
"'Å¸Á¶·¹ÀÎÁ®_¿©","88","3","C:\Users\wesley\Desktop\MeuRag\data\palette\¸ö\'Å¸Á¶·¹ÀÎÁ®_¿©_3.pal","C:\Users\wesley\Desktop\MeuRag\data\palette\¸ö\'Å¸Á¶·¹ÀÎÁ®_¿©_88.pal"
"'Å¸Á¶·¹ÀÎÁ®_¿©","89","3","C:\Users\wesley\Desktop\MeuRag\data\palette\¸ö\'Å¸Á¶·¹ÀÎÁ®_¿©_3.pal","C:\Users\wesley\Desktop\MeuRag\data\palette\¸ö\'Å¸Á¶·¹ÀÎÁ®_¿©_89.pal"
"'Å¸Á¶·¹ÀÎÁ®_¿©","90","3","C:\Users\wesley\Desktop\MeuRag\data\palette\¸ö\'Å¸Á¶·¹ÀÎÁ®_¿©_3.pal","C:\Users\wesley\Desktop\MeuRag\data\palette\¸ö\'Å¸Á¶·¹ÀÎÁ®_¿©_90.pal"
"'Å¸Á¶·¹ÀÎÁ®_¿©","91","3","C:\Users\wesley\Desktop\MeuRag\data\palette\¸ö\'Å¸Á¶·¹ÀÎÁ®_¿©_3.pal","C:\Users\wesley\Desktop\MeuRag\data\palette\¸ö\'Å¸Á¶·¹ÀÎÁ®_¿©_91.pal"
"'Å¸Á¶·¹ÀÎÁ®_¿©","92","3","C:\Users\wesley\Desktop\MeuRag\data\palette\¸ö\'Å¸Á¶·¹ÀÎÁ®_¿©_3.pal","C:\Users\wesley\Desktop\MeuRag\data\palette\¸ö\'Å¸Á¶·¹ÀÎÁ®_¿©_92.pal"
"'Å¸Á¶·¹ÀÎÁ®_¿©","93","3","C:\Users\wesley\Desktop\MeuRag\data\palette\¸ö\'Å¸Á¶·¹ÀÎÁ®_¿©_3.pal","C:\Users\wesley\Desktop\MeuRag\data\palette\¸ö\'Å¸Á¶·¹ÀÎÁ®_¿©_93.pal"
"'Å¸Á¶·¹ÀÎÁ®_¿©","94","3","C:\Users\wesley\Desktop\MeuRag\data\palette\¸ö\'Å¸Á¶·¹ÀÎÁ®_¿©_3.pal","C:\Users\wesley\Desktop\MeuRag\data\palette\¸ö\'Å¸Á¶·¹ÀÎÁ®_¿©_94.pal"
"'Å¸Á¶·¹ÀÎÁ®_¿©","95","3","C:\Users\wesley\Desktop\MeuRag\data\palette\¸ö\'Å¸Á¶·¹ÀÎÁ®_¿©_3.pal","C:\Users\wesley\Desktop\MeuRag\data\palette\¸ö\'Å¸Á¶·¹ÀÎÁ®_¿©_95.pal"
"'Å¸Á¶·¹ÀÎÁ®_¿©","96","3","C:\Users\wesley\Desktop\MeuRag\data\palette\¸ö\'Å¸Á¶·¹ÀÎÁ®_¿©_3.pal","C:\Users\wesley\Desktop\MeuRag\data\palette\¸ö\'Å¸Á¶·¹ÀÎÁ®_¿©_96.pal"
"'Å¸Á¶·¹ÀÎÁ®_¿©","97","3","C:\Users\wesley\Desktop\MeuRag\data\palette\¸ö\'Å¸Á¶·¹ÀÎÁ®_¿©_3.pal","C:\Users\wesley\Desktop\MeuRag\data\palette\¸ö\'Å¸Á¶·¹ÀÎÁ®_¿©_97.pal"
"'Å¸Á¶·¹ÀÎÁ®_¿©","98","3","C:\Users\wesley\Desktop\MeuRag\data\palette\¸ö\'Å¸Á¶·¹ÀÎÁ®_¿©_3.pal","C:\Users\wesley\Desktop\MeuRag\data\palette\¸ö\'Å¸Á¶·¹ÀÎÁ®_¿©_98.pal"
"'Å¸Á¶·¹ÀÎÁ®_¿©","99","3","C:\Users\wesley\Desktop\MeuRag\data\palette\¸ö\'Å¸Á¶·¹ÀÎÁ®_¿©_3.pal","C:\Users\wesley\Desktop\MeuRag\data\palette\¸ö\'Å¸Á¶·¹ÀÎÁ®_¿©_99.pal"
"'Å¸Á¶·¹ÀÎÁ®_¿©","100","3","C:\Users\wesley\Desktop\MeuRag\data\palette\¸ö\'Å¸Á¶·¹ÀÎÁ®_¿©_3.pal","C:\Users\wesley\Desktop\MeuRag\data\palette\¸ö\'Å¸Á¶·¹ÀÎÁ®_¿©_100.pal"
"'Å¸Á¶·¹ÀÎÁ®_¿©","101","3","C:\Users\wesley\Desktop\MeuRag\data\palette\¸ö\'Å¸Á¶·¹ÀÎÁ®_¿©_3.pal","C:\Users\wesley\Desktop\MeuRag\data\palette\¸ö\'Å¸Á¶·¹ÀÎÁ®_¿©_101.pal"
"'Å¸Á¶·¹ÀÎÁ®_¿©","102","3","C:\Users\wesley\Desktop\MeuRag\data\palette\¸ö\'Å¸Á¶·¹ÀÎÁ®_¿©_3.pal","C:\Users\wesley\Desktop\MeuRag\data\palette\¸ö\'Å¸Á¶·¹ÀÎÁ®_¿©_102.pal"
"'Å¸Á¶·¹ÀÎÁ®_¿©","103","3","C:\Users\wesley\Desktop\MeuRag\data\palette\¸ö\'Å¸Á¶·¹ÀÎÁ®_¿©_3.pal","C:\Users\wesley\Desktop\MeuRag\data\palette\¸ö\'Å¸Á¶·¹ÀÎÁ®_¿©_103.pal"
"'Å¸Á¶·¹ÀÎÁ®_¿©","104","3","C:\Users\wesley\Desktop\MeuRag\data\palette\¸ö\'Å¸Á¶·¹ÀÎÁ®_¿©_3.pal","C:\Users\wesley\Desktop\MeuRag\data\palette\¸ö\'Å¸Á¶·¹ÀÎÁ®_¿©_104.pal"
"'Å¸Á¶·¹ÀÎÁ®_¿©","105","3","C:\Users\wesley\Desktop\MeuRag\data\palette\¸ö\'Å¸Á¶·¹ÀÎÁ®_¿©_3.pal","C:\Users\wesley\Desktop\MeuRag\data\palette\¸ö\'Å¸Á¶·¹ÀÎÁ®_¿©_105.pal"
"'Å¸Á¶·¹ÀÎÁ®_¿©","106","3","C:\Users\wesley\Desktop\MeuRag\data\palette\¸ö\'Å¸Á¶·¹ÀÎÁ®_¿©_3.pal","C:\Users\wesley\Desktop\MeuRag\data\palette\¸ö\'Å¸Á¶·¹ÀÎÁ®_¿©_106.pal"
"'Å¸Á¶·¹ÀÎÁ®_¿©","107","3","C:\Users\wesley\Desktop\MeuRag\data\palette\¸ö\'Å¸Á¶·¹ÀÎÁ®_¿©_3.pal","C:\Users\wesley\Desktop\MeuRag\data\palette\¸ö\'Å¸Á¶·¹ÀÎÁ®_¿©_107.pal"
"'Å¸Á¶·¹ÀÎÁ®_¿©","108","3","C:\Users\wesley\Desktop\MeuRag\data\palette\¸ö\'Å¸Á¶·¹ÀÎÁ®_¿©_3.pal","C:\Users\wesley\Desktop\MeuRag\data\palette\¸ö\'Å¸Á¶·¹ÀÎÁ®_¿©_108.pal"
"'Å¸Á¶·¹ÀÎÁ®_¿©","109","3","C:\Users\wesley\Desktop\MeuRag\data\palette\¸ö\'Å¸Á¶·¹ÀÎÁ®_¿©_3.pal","C:\Users\wesley\Desktop\MeuRag\data\palette\¸ö\'Å¸Á¶·¹ÀÎÁ®_¿©_109.pal"
"'Å¸Á¶·¹ÀÎÁ®_¿©","110","3","C:\Users\wesley\Desktop\MeuRag\data\palette\¸ö\'Å¸Á¶·¹ÀÎÁ®_¿©_3.pal","C:\Users\wesley\Desktop\MeuRag\data\palette\¸ö\'Å¸Á¶·¹ÀÎÁ®_¿©_110.pal"
"'Å¸Á¶·¹ÀÎÁ®_¿©","111","3","C:\Users\wesley\Desktop\MeuRag\data\palette\¸ö\'Å¸Á¶·¹ÀÎÁ®_¿©_3.pal","C:\Users\wesley\Desktop\MeuRag\data\palette\¸ö\'Å¸Á¶·¹ÀÎÁ®_¿©_111.pal"
"'Å¸Á¶·¹ÀÎÁ®_¿©","112","3","C:\Users\wesley\Desktop\MeuRag\data\palette\¸ö\'Å¸Á¶·¹ÀÎÁ®_¿©_3.pal","C:\Users\wesley\Desktop\MeuRag\data\palette\¸ö\'Å¸Á¶·¹ÀÎÁ®_¿©_112.pal"
"'Å¸Á¶·¹ÀÎÁ®_¿©","113","3","C:\Users\wesley\Desktop\MeuRag\data\palette\¸ö\'Å¸Á¶·¹ÀÎÁ®_¿©_3.pal","C:\Users\wesley\Desktop\MeuRag\data\palette\¸ö\'Å¸Á¶·¹ÀÎÁ®_¿©_113.pal"
"'Å¸Á¶·¹ÀÎÁ®_¿©","114","3","C:\Users\wesley\Desktop\MeuRag\data\palette\¸ö\'Å¸Á¶·¹ÀÎÁ®_¿©_3.pal","C:\Users\wesley\Desktop\MeuRag\data\palette\¸ö\'Å¸Á¶·¹ÀÎÁ®_¿©_114.pal"
"'Å¸Á¶·¹ÀÎÁ®_¿©","115","3","C:\Users\wesley\Desktop\MeuRag\data\palette\¸ö\'Å¸Á¶·¹ÀÎÁ®_¿©_3.pal","C:\Users\wesley\Desktop\MeuRag\data\palette\¸ö\'Å¸Á¶·¹ÀÎÁ®_¿©_115.pal"
"'Å¸Á¶·¹ÀÎÁ®_¿©","116","3","C:\Users\wesley\Desktop\MeuRag\data\palette\¸ö\'Å¸Á¶·¹ÀÎÁ®_¿©_3.pal","C:\Users\wesley\Desktop\MeuRag\data\palette\¸ö\'Å¸Á¶·¹ÀÎÁ®_¿©_116.pal"
"'Å¸Á¶·¹ÀÎÁ®_¿©","117","3","C:\Users\wesley\Desktop\MeuRag\data\palette\¸ö\'Å¸Á¶·¹ÀÎÁ®_¿©_3.pal","C:\Users\wesley\Desktop\MeuRag\data\palette\¸ö\'Å¸Á¶·¹ÀÎÁ®_¿©_117.pal"
"'Å¸Á¶·¹ÀÎÁ®_¿©","118","3","C:\Users\wesley\Desktop\MeuRag\data\palette\¸ö\'Å¸Á¶·¹ÀÎÁ®_¿©_3.pal","C:\Users\wesley\Desktop\MeuRag\data\palette\¸ö\'Å¸Á¶·¹ÀÎÁ®_¿©_118.pal"
"'Å¸Á¶·¹ÀÎÁ®_¿©","119","3","C:\Users\wesley\Desktop\MeuRag\data\palette\¸ö\'Å¸Á¶·¹ÀÎÁ®_¿©_3.pal","C:\Users\wesley\Desktop\MeuRag\data\palette\¸ö\'Å¸Á¶·¹ÀÎÁ®_¿©_119.pal"
"'Å¸Á¶·¹ÀÎÁ®_¿©","120","3","C:\Users\wesley\Desktop\MeuRag\data\palette\¸ö\'Å¸Á¶·¹ÀÎÁ®_¿©_3.pal","C:\Users\wesley\Desktop\MeuRag\data\palette\¸ö\'Å¸Á¶·¹ÀÎÁ®_¿©_120.pal"
"'Å¸Á¶·¹ÀÎÁ®_¿©","121","3","C:\Users\wesley\Desktop\MeuRag\data\palette\¸ö\'Å¸Á¶·¹ÀÎÁ®_¿©_3.pal","C:\Users\wesley\Desktop\MeuRag\data\palette\¸ö\'Å¸Á¶·¹ÀÎÁ®_¿©_121.pal"
"'Å¸Á¶·¹ÀÎÁ®_¿©","122","3","C:\Users\wesley\Desktop\MeuRag\data\palette\¸ö\'Å¸Á¶·¹ÀÎÁ®_¿©_3.pal","C:\Users\wesley\Desktop\MeuRag\data\palette\¸ö\'Å¸Á¶·¹ÀÎÁ®_¿©_122.pal"
"'Å¸Á¶·¹ÀÎÁ®_¿©","123","3","C:\Users\wesley\Desktop\MeuRag\data\palette\¸ö\'Å¸Á¶·¹ÀÎÁ®_¿©_3.pal","C:\Users\wesley\Desktop\MeuRag\data\palette\¸ö\'Å¸Á¶·¹ÀÎÁ®_¿©_123.pal"
"'Å¸Á¶·¹ÀÎÁ®_¿©","124","3","C:\Users\wesley\Desktop\MeuRag\data\palette\¸ö\'Å¸Á¶·¹ÀÎÁ®_¿©_3.pal","C:\Users\wesley\Desktop\MeuRag\data\palette\¸ö\'Å¸Á¶·¹ÀÎÁ®_¿©_124.pal"
"'Å¸Á¶·¹ÀÎÁ®_¿©","125","3","C:\Users\wesley\Desktop\MeuRag\data\palette\¸ö\'Å¸Á¶·¹ÀÎÁ®_¿©_3.pal","C:\Users\wesley\Desktop\MeuRag\data\palette\¸ö\'Å¸Á¶·¹ÀÎÁ®_¿©_125.pal"
"'Å¸Á¶·¹ÀÎÁ®_¿©","126","3","C:\Users\wesley\Desktop\MeuRag\data\palette\¸ö\'Å¸Á¶·¹ÀÎÁ®_¿©_3.pal","C:\Users\wesley\Desktop\MeuRag\data\palette\¸ö\'Å¸Á¶·¹ÀÎÁ®_¿©_126.pal"
"'Å¸Á¶·¹ÀÎÁ®_¿©","127","3","C:\Users\wesley\Desktop\MeuRag\data\palette\¸ö\'Å¸Á¶·¹ÀÎÁ®_¿©_3.pal","C:\Users\wesley\Desktop\MeuRag\data\palette\¸ö\'Å¸Á¶·¹ÀÎÁ®_¿©_127.pal"
"'Å¸Á¶·¹ÀÎÁ®_¿©","128","3","C:\Users\wesley\Desktop\MeuRag\data\palette\¸ö\'Å¸Á¶·¹ÀÎÁ®_¿©_3.pal","C:\Users\wesley\Desktop\MeuRag\data\palette\¸ö\'Å¸Á¶·¹ÀÎÁ®_¿©_128.pal"
"'Å¸Á¶·¹ÀÎÁ®_¿©","129","3","C:\Users\wesley\Desktop\MeuRag\data\palette\¸ö\'Å¸Á¶·¹ÀÎÁ®_¿©_3.pal","C:\Users\wesley\Desktop\MeuRag\data\palette\¸ö\'Å¸Á¶·¹ÀÎÁ®_¿©_129.pal"
"'Å¸Á¶·¹ÀÎÁ®_¿©","130","3","C:\Users\wesley\Desktop\MeuRag\data\palette\¸ö\'Å¸Á¶·¹ÀÎÁ®_¿©_3.pal","C:\Users\wesley\Desktop\MeuRag\data\palette\¸ö\'Å¸Á¶·¹ÀÎÁ®_¿©_130.pal"
"'Å¸Á¶·¹ÀÎÁ®_¿©","131","3","C:\Users\wesley\Desktop\MeuRag\data\palette\¸ö\'Å¸Á¶·¹ÀÎÁ®_¿©_3.pal","C:\Users\wesley\Desktop\MeuRag\data\palette\¸ö\'Å¸Á¶·¹ÀÎÁ®_¿©_131.pal"
"'Å¸Á¶·¹ÀÎÁ®_¿©","132","3","C:\Users\wesley\Desktop\MeuRag\data\palette\¸ö\'Å¸Á¶·¹ÀÎÁ®_¿©_3.pal","C:\Users\wesley\Desktop\MeuRag\data\palette\¸ö\'Å¸Á¶·¹ÀÎÁ®_¿©_132.pal"
"'Å¸Á¶·¹ÀÎÁ®_¿©","133","3","C:\Users\wesley\Desktop\MeuRag\data\palette\¸ö\'Å¸Á¶·¹ÀÎÁ®_¿©_3.pal","C:\Users\wesley\Desktop\MeuRag\data\palette\¸ö\'Å¸Á¶·¹ÀÎÁ®_¿©_133.pal"
"'Å¸Á¶·¹ÀÎÁ®_¿©","134","3","C:\Users\wesley\Desktop\MeuRag\data\palette\¸ö\'Å¸Á¶·¹ÀÎÁ®_¿©_3.pal","C:\Users\wesley\Desktop\MeuRag\data\palette\¸ö\'Å¸Á¶·¹ÀÎÁ®_¿©_134.pal"
"'Å¸Á¶·¹ÀÎÁ®_¿©","135","3","C:\Users\wesley\Desktop\MeuRag\data\palette\¸ö\'Å¸Á¶·¹ÀÎÁ®_¿©_3.pal","C:\Users\wesley\Desktop\MeuRag\data\palette\¸ö\'Å¸Á¶·¹ÀÎÁ®_¿©_135.pal"
"'Å¸Á¶·¹ÀÎÁ®_¿©","136","3","C:\Users\wesley\Desktop\MeuRag\data\palette\¸ö\'Å¸Á¶·¹ÀÎÁ®_¿©_3.pal","C:\Users\wesley\Desktop\MeuRag\data\palette\¸ö\'Å¸Á¶·¹ÀÎÁ®_¿©_136.pal"
"'Å¸Á¶·¹ÀÎÁ®_¿©","137","3","C:\Users\wesley\Desktop\MeuRag\data\palette\¸ö\'Å¸Á¶·¹ÀÎÁ®_¿©_3.pal","C:\Users\wesley\Desktop\MeuRag\data\palette\¸ö\'Å¸Á¶·¹ÀÎÁ®_¿©_137.pal"
"'Å¸Á¶·¹ÀÎÁ®_¿©","138","3","C:\Users\wesley\Desktop\MeuRag\data\palette\¸ö\'Å¸Á¶·¹ÀÎÁ®_¿©_3.pal","C:\Users\wesley\Desktop\MeuRag\data\palette\¸ö\'Å¸Á¶·¹ÀÎÁ®_¿©_138.pal"
"'Å¸Á¶·¹ÀÎÁ®_¿©","139","3","C:\Users\wesley\Desktop\MeuRag\data\palette\¸ö\'Å¸Á¶·¹ÀÎÁ®_¿©_3.pal","C:\Users\wesley\Desktop\MeuRag\data\palette\¸ö\'Å¸Á¶·¹ÀÎÁ®_¿©_139.pal"
"'Å¸Á¶·¹ÀÎÁ®_¿©","140","3","C:\Users\wesley\Desktop\MeuRag\data\palette\¸ö\'Å¸Á¶·¹ÀÎÁ®_¿©_3.pal","C:\Users\wesley\Desktop\MeuRag\data\palette\¸ö\'Å¸Á¶·¹ÀÎÁ®_¿©_140.pal"
"'Å¸Á¶·¹ÀÎÁ®_¿©","141","3","C:\Users\wesley\Desktop\MeuRag\data\palette\¸ö\'Å¸Á¶·¹ÀÎÁ®_¿©_3.pal","C:\Users\wesley\Desktop\MeuRag\data\palette\¸ö\'Å¸Á¶·¹ÀÎÁ®_¿©_141.pal"
"'Å¸Á¶·¹ÀÎÁ®_¿©","142","3","C:\Users\wesley\Desktop\MeuRag\data\palette\¸ö\'Å¸Á¶·¹ÀÎÁ®_¿©_3.pal","C:\Users\wesley\Desktop\MeuRag\data\palette\¸ö\'Å¸Á¶·¹ÀÎÁ®_¿©_142.pal"
"'Å¸Á¶·¹ÀÎÁ®_¿©","143","3","C:\Users\wesley\Desktop\MeuRag\data\palette\¸ö\'Å¸Á¶·¹ÀÎÁ®_¿©_3.pal","C:\Users\wesley\Desktop\MeuRag\data\palette\¸ö\'Å¸Á¶·¹ÀÎÁ®_¿©_143.pal"
"'Å¸Á¶·¹ÀÎÁ®_¿©","144","3","C:\Users\wesley\Desktop\MeuRag\data\palette\¸ö\'Å¸Á¶·¹ÀÎÁ®_¿©_3.pal","C:\Users\wesley\Desktop\MeuRag\data\palette\¸ö\'Å¸Á¶·¹ÀÎÁ®_¿©_144.pal"
"'Å¸Á¶·¹ÀÎÁ®_¿©","145","3","C:\Users\wesley\Desktop\MeuRag\data\palette\¸ö\'Å¸Á¶·¹ÀÎÁ®_¿©_3.pal","C:\Users\wesley\Desktop\MeuRag\data\palette\¸ö\'Å¸Á¶·¹ÀÎÁ®_¿©_145.pal"
"'Å¸Á¶·¹ÀÎÁ®_¿©","146","3","C:\Users\wesley\Desktop\MeuRag\data\palette\¸ö\'Å¸Á¶·¹ÀÎÁ®_¿©_3.pal","C:\Users\wesley\Desktop\MeuRag\data\palette\¸ö\'Å¸Á¶·¹ÀÎÁ®_¿©_146.pal"
"'Å¸Á¶·¹ÀÎÁ®_¿©","147","3","C:\Users\wesley\Desktop\MeuRag\data\palette\¸ö\'Å¸Á¶·¹ÀÎÁ®_¿©_3.pal","C:\Users\wesley\Desktop\MeuRag\data\palette\¸ö\'Å¸Á¶·¹ÀÎÁ®_¿©_147.pal"
"'Å¸Á¶·¹ÀÎÁ®_¿©","148","3","C:\Users\wesley\Desktop\MeuRag\data\palette\¸ö\'Å¸Á¶·¹ÀÎÁ®_¿©_3.pal","C:\Users\wesley\Desktop\MeuRag\data\palette\¸ö\'Å¸Á¶·¹ÀÎÁ®_¿©_148.pal"
"'Å¸Á¶·¹ÀÎÁ®_¿©","149","3","C:\Users\wesley\Desktop\MeuRag\data\palette\¸ö\'Å¸Á¶·¹ÀÎÁ®_¿©_3.pal","C:\Users\wesley\Desktop\MeuRag\data\palette\¸ö\'Å¸Á¶·¹ÀÎÁ®_¿©_149.pal"
"'Å¸Á¶·¹ÀÎÁ®_¿©","150","3","C:\Users\wesley\Desktop\MeuRag\data\palette\¸ö\'Å¸Á¶·¹ÀÎÁ®_¿©_3.pal","C:\Users\wesley\Desktop\MeuRag\data\palette\¸ö\'Å¸Á¶·¹ÀÎÁ®_¿©_150.pal"
"'Å¸Á¶·¹ÀÎÁ®_¿©","151","3","C:\Users\wesley\Desktop\MeuRag\data\palette\¸ö\'Å¸Á¶·¹ÀÎÁ®_¿©_3.pal","C:\Users\wesley\Desktop\MeuRag\data\palette\¸ö\'Å¸Á¶·¹ÀÎÁ®_¿©_151.pal"
"'Å¸Á¶·¹ÀÎÁ®_¿©","152","3","C:\Users\wesley\Desktop\MeuRag\data\palette\¸ö\'Å¸Á¶·¹ÀÎÁ®_¿©_3.pal","C:\Users\wesley\Desktop\MeuRag\data\palette\¸ö\'Å¸Á¶·¹ÀÎÁ®_¿©_152.pal"
"'Å¸Á¶·¹ÀÎÁ®_¿©","153","3","C:\Users\wesley\Desktop\MeuRag\data\palette\¸ö\'Å¸Á¶·¹ÀÎÁ®_¿©_3.pal","C:\Users\wesley\Desktop\MeuRag\data\palette\¸ö\'Å¸Á¶·¹ÀÎÁ®_¿©_153.pal"
"'Å¸Á¶·¹ÀÎÁ®_¿©","154","3","C:\Users\wesley\Desktop\MeuRag\data\palette\¸ö\'Å¸Á¶·¹ÀÎÁ®_¿©_3.pal","C:\Users\wesley\Desktop\MeuRag\data\palette\¸ö\'Å¸Á¶·¹ÀÎÁ®_¿©_154.pal"
"'Å¸Á¶·¹ÀÎÁ®_¿©","155","3","C:\Users\wesley\Desktop\MeuRag\data\palette\¸ö\'Å¸Á¶·¹ÀÎÁ®_¿©_3.pal","C:\Users\wesley\Desktop\MeuRag\data\palette\¸ö\'Å¸Á¶·¹ÀÎÁ®_¿©_155.pal"
"'Å¸Á¶·¹ÀÎÁ®_¿©","156","3","C:\Users\wesley\Desktop\MeuRag\data\palette\¸ö\'Å¸Á¶·¹ÀÎÁ®_¿©_3.pal","C:\Users\wesley\Desktop\MeuRag\data\palette\¸ö\'Å¸Á¶·¹ÀÎÁ®_¿©_156.pal"
"'Å¸Á¶·¹ÀÎÁ®_¿©","157","3","C:\Users\wesley\Desktop\MeuRag\data\palette\¸ö\'Å¸Á¶·¹ÀÎÁ®_¿©_3.pal","C:\Users\wesley\Desktop\MeuRag\data\palette\¸ö\'Å¸Á¶·¹ÀÎÁ®_¿©_157.pal"
"'Å¸Á¶·¹ÀÎÁ®_¿©","158","3","C:\Users\wesley\Desktop\MeuRag\data\palette\¸ö\'Å¸Á¶·¹ÀÎÁ®_¿©_3.pal","C:\Users\wesley\Desktop\MeuRag\data\palette\¸ö\'Å¸Á¶·¹ÀÎÁ®_¿©_158.pal"
"'Å¸Á¶·¹ÀÎÁ®_¿©","159","3","C:\Users\wesley\Desktop\MeuRag\data\palette\¸ö\'Å¸Á¶·¹ÀÎÁ®_¿©_3.pal","C:\Users\wesley\Desktop\MeuRag\data\palette\¸ö\'Å¸Á¶·¹ÀÎÁ®_¿©_159.pal"
"'Å¸Á¶·¹ÀÎÁ®_¿©","160","3","C:\Users\wesley\Desktop\MeuRag\data\palette\¸ö\'Å¸Á¶·¹ÀÎÁ®_¿©_3.pal","C:\Users\wesley\Desktop\MeuRag\data\palette\¸ö\'Å¸Á¶·¹ÀÎÁ®_¿©_160.pal"
"'Å¸Á¶·¹ÀÎÁ®_¿©","161","3","C:\Users\wesley\Desktop\MeuRag\data\palette\¸ö\'Å¸Á¶·¹ÀÎÁ®_¿©_3.pal","C:\Users\wesley\Desktop\MeuRag\data\palette\¸ö\'Å¸Á¶·¹ÀÎÁ®_¿©_161.pal"
"'Å¸Á¶·¹ÀÎÁ®_¿©","162","3","C:\Users\wesley\Desktop\MeuRag\data\palette\¸ö\'Å¸Á¶·¹ÀÎÁ®_¿©_3.pal","C:\Users\wesley\Desktop\MeuRag\data\palette\¸ö\'Å¸Á¶·¹ÀÎÁ®_¿©_162.pal"
"'Å¸Á¶·¹ÀÎÁ®_¿©","163","3","C:\Users\wesley\Desktop\MeuRag\data\palette\¸ö\'Å¸Á¶·¹ÀÎÁ®_¿©_3.pal","C:\Users\wesley\Desktop\MeuRag\data\palette\¸ö\'Å¸Á¶·¹ÀÎÁ®_¿©_163.pal"
"'Å¸Á¶·¹ÀÎÁ®_¿©","164","3","C:\Users\wesley\Desktop\MeuRag\data\palette\¸ö\'Å¸Á¶·¹ÀÎÁ®_¿©_3.pal","C:\Users\wesley\Desktop\MeuRag\data\palette\¸ö\'Å¸Á¶·¹ÀÎÁ®_¿©_164.pal"
"'Å¸Á¶·¹ÀÎÁ®_¿©","165","3","C:\Users\wesley\Desktop\MeuRag\data\palette\¸ö\'Å¸Á¶·¹ÀÎÁ®_¿©_3.pal","C:\Users\wesley\Desktop\MeuRag\data\palette\¸ö\'Å¸Á¶·¹ÀÎÁ®_¿©_165.pal"
"'Å¸Á¶·¹ÀÎÁ®_¿©","166","3","C:\Users\wesley\Desktop\MeuRag\data\palette\¸ö\'Å¸Á¶·¹ÀÎÁ®_¿©_3.pal","C:\Users\wesley\Desktop\MeuRag\data\palette\¸ö\'Å¸Á¶·¹ÀÎÁ®_¿©_166.pal"
"'Å¸Á¶·¹ÀÎÁ®_¿©","167","3","C:\Users\wesley\Desktop\MeuRag\data\palette\¸ö\'Å¸Á¶·¹ÀÎÁ®_¿©_3.pal","C:\Users\wesley\Desktop\MeuRag\data\palette\¸ö\'Å¸Á¶·¹ÀÎÁ®_¿©_167.pal"
"'Å¸Á¶·¹ÀÎÁ®_¿©","168","3","C:\Users\wesley\Desktop\MeuRag\data\palette\¸ö\'Å¸Á¶·¹ÀÎÁ®_¿©_3.pal","C:\Users\wesley\Desktop\MeuRag\data\palette\¸ö\'Å¸Á¶·¹ÀÎÁ®_¿©_168.pal"
"'Å¸Á¶·¹ÀÎÁ®_¿©","169","3","C:\Users\wesley\Desktop\MeuRag\data\palette\¸ö\'Å¸Á¶·¹ÀÎÁ®_¿©_3.pal","C:\Users\wesley\Desktop\MeuRag\data\palette\¸ö\'Å¸Á¶·¹ÀÎÁ®_¿©_169.pal"
"'Å¸Á¶·¹ÀÎÁ®_¿©","170","3","C:\Users\wesley\Desktop\MeuRag\data\palette\¸ö\'Å¸Á¶·¹ÀÎÁ®_¿©_3.pal","C:\Users\wesley\Desktop\MeuRag\data\palette\¸ö\'Å¸Á¶·¹ÀÎÁ®_¿©_170.pal"
"'Å¸Á¶·¹ÀÎÁ®_¿©","171","3","C:\Users\wesley\Desktop\MeuRag\data\palette\¸ö\'Å¸Á¶·¹ÀÎÁ®_¿©_3.pal","C:\Users\wesley\Desktop\MeuRag\data\palette\¸ö\'Å¸Á¶·¹ÀÎÁ®_¿©_171.pal"
"'Å¸Á¶·¹ÀÎÁ®_¿©","172","3","C:\Users\wesley\Desktop\MeuRag\data\palette\¸ö\'Å¸Á¶·¹ÀÎÁ®_¿©_3.pal","C:\Users\wesley\Desktop\MeuRag\data\palette\¸ö\'Å¸Á¶·¹ÀÎÁ®_¿©_172.pal"
"'Å¸Á¶·¹ÀÎÁ®_¿©","173","3","C:\Users\wesley\Desktop\MeuRag\data\palette\¸ö\'Å¸Á¶·¹ÀÎÁ®_¿©_3.pal","C:\Users\wesley\Desktop\MeuRag\data\palette\¸ö\'Å¸Á¶·¹ÀÎÁ®_¿©_173.pal"
"'Å¸Á¶·¹ÀÎÁ®_¿©","174","3","C:\Users\wesley\Desktop\MeuRag\data\palette\¸ö\'Å¸Á¶·¹ÀÎÁ®_¿©_3.pal","C:\Users\wesley\Desktop\MeuRag\data\palette\¸ö\'Å¸Á¶·¹ÀÎÁ®_¿©_174.pal"
"'Å¸Á¶·¹ÀÎÁ®_¿©","175","3","C:\Users\wesley\Desktop\MeuRag\data\palette\¸ö\'Å¸Á¶·¹ÀÎÁ®_¿©_3.pal","C:\Users\wesley\Desktop\MeuRag\data\palette\¸ö\'Å¸Á¶·¹ÀÎÁ®_¿©_175.pal"
"'Å¸Á¶·¹ÀÎÁ®_¿©","176","3","C:\Users\wesley\Desktop\MeuRag\data\palette\¸ö\'Å¸Á¶·¹ÀÎÁ®_¿©_3.pal","C:\Users\wesley\Desktop\MeuRag\data\palette\¸ö\'Å¸Á¶·¹ÀÎÁ®_¿©_176.pal"
"'Å¸Á¶·¹ÀÎÁ®_¿©","177","3","C:\Users\wesley\Desktop\MeuRag\data\palette\¸ö\'Å¸Á¶·¹ÀÎÁ®_¿©_3.pal","C:\Users\wesley\Desktop\MeuRag\data\palette\¸ö\'Å¸Á¶·¹ÀÎÁ®_¿©_177.pal"
"'Å¸Á¶·¹ÀÎÁ®_¿©","178","3","C:\Users\wesley\Desktop\MeuRag\data\palette\¸ö\'Å¸Á¶·¹ÀÎÁ®_¿©_3.pal","C:\Users\wesley\Desktop\MeuRag\data\palette\¸ö\'Å¸Á¶·¹ÀÎÁ®_¿©_178.pal"
"'Å¸Á¶·¹ÀÎÁ®_¿©","179","3","C:\Users\wesley\Desktop\MeuRag\data\palette\¸ö\'Å¸Á¶·¹ÀÎÁ®_¿©_3.pal","C:\Users\wesley\Desktop\MeuRag\data\palette\¸ö\'Å¸Á¶·¹ÀÎÁ®_¿©_179.pal"
"'Å¸Á¶·¹ÀÎÁ®_¿©","180","3","C:\Users\wesley\Desktop\MeuRag\data\palette\¸ö\'Å¸Á¶·¹ÀÎÁ®_¿©_3.pal","C:\Users\wesley\Desktop\MeuRag\data\palette\¸ö\'Å¸Á¶·¹ÀÎÁ®_¿©_180.pal"
"'Å¸Á¶·¹ÀÎÁ®_¿©","181","3","C:\Users\wesley\Desktop\MeuRag\data\palette\¸ö\'Å¸Á¶·¹ÀÎÁ®_¿©_3.pal","C:\Users\wesley\Desktop\MeuRag\data\palette\¸ö\'Å¸Á¶·¹ÀÎÁ®_¿©_181.pal"
"'Å¸Á¶·¹ÀÎÁ®_¿©","182","3","C:\Users\wesley\Desktop\MeuRag\data\palette\¸ö\'Å¸Á¶·¹ÀÎÁ®_¿©_3.pal","C:\Users\wesley\Desktop\MeuRag\data\palette\¸ö\'Å¸Á¶·¹ÀÎÁ®_¿©_182.pal"
"'Å¸Á¶·¹ÀÎÁ®_¿©","183","3","C:\Users\wesley\Desktop\MeuRag\data\palette\¸ö\'Å¸Á¶·¹ÀÎÁ®_¿©_3.pal","C:\Users\wesley\Desktop\MeuRag\data\palette\¸ö\'Å¸Á¶·¹ÀÎÁ®_¿©_183.pal"
"'Å¸Á¶·¹ÀÎÁ®_¿©","184","3","C:\Users\wesley\Desktop\MeuRag\data\palette\¸ö\'Å¸Á¶·¹ÀÎÁ®_¿©_3.pal","C:\Users\wesley\Desktop\MeuRag\data\palette\¸ö\'Å¸Á¶·¹ÀÎÁ®_¿©_184.pal"
"'Å¸Á¶·¹ÀÎÁ®_¿©","185","3","C:\Users\wesley\Desktop\MeuRag\data\palette\¸ö\'Å¸Á¶·¹ÀÎÁ®_¿©_3.pal","C:\Users\wesley\Desktop\MeuRag\data\palette\¸ö\'Å¸Á¶·¹ÀÎÁ®_¿©_185.pal"
"'Å¸Á¶·¹ÀÎÁ®_¿©","186","3","C:\Users\wesley\Desktop\MeuRag\data\palette\¸ö\'Å¸Á¶·¹ÀÎÁ®_¿©_3.pal","C:\Users\wesley\Desktop\MeuRag\data\palette\¸ö\'Å¸Á¶·¹ÀÎÁ®_¿©_186.pal"
"'Å¸Á¶·¹ÀÎÁ®_¿©","187","3","C:\Users\wesley\Desktop\MeuRag\data\palette\¸ö\'Å¸Á¶·¹ÀÎÁ®_¿©_3.pal","C:\Users\wesley\Desktop\MeuRag\data\palette\¸ö\'Å¸Á¶·¹ÀÎÁ®_¿©_187.pal"
"'Å¸Á¶·¹ÀÎÁ®_¿©","188","3","C:\Users\wesley\Desktop\MeuRag\data\palette\¸ö\'Å¸Á¶·¹ÀÎÁ®_¿©_3.pal","C:\Users\wesley\Desktop\MeuRag\data\palette\¸ö\'Å¸Á¶·¹ÀÎÁ®_¿©_188.pal"
"'Å¸Á¶·¹ÀÎÁ®_¿©","189","3","C:\Users\wesley\Desktop\MeuRag\data\palette\¸ö\'Å¸Á¶·¹ÀÎÁ®_¿©_3.pal","C:\Users\wesley\Desktop\MeuRag\data\palette\¸ö\'Å¸Á¶·¹ÀÎÁ®_¿©_189.pal"
"'Å¸Á¶·¹ÀÎÁ®_¿©","190","3","C:\Users\wesley\Desktop\MeuRag\data\palette\¸ö\'Å¸Á¶·¹ÀÎÁ®_¿©_3.pal","C:\Users\wesley\Desktop\MeuRag\data\palette\¸ö\'Å¸Á¶·¹ÀÎÁ®_¿©_190.pal"
"'Å¸Á¶·¹ÀÎÁ®_¿©","191","3","C:\Users\wesley\Desktop\MeuRag\data\palette\¸ö\'Å¸Á¶·¹ÀÎÁ®_¿©_3.pal","C:\Users\wesley\Desktop\MeuRag\data\palette\¸ö\'Å¸Á¶·¹ÀÎÁ®_¿©_191.pal"
"'Å¸Á¶·¹ÀÎÁ®_¿©","192","3","C:\Users\wesley\Desktop\MeuRag\data\palette\¸ö\'Å¸Á¶·¹ÀÎÁ®_¿©_3.pal","C:\Users\wesley\Desktop\MeuRag\data\palette\¸ö\'Å¸Á¶·¹ÀÎÁ®_¿©_192.pal"
"'Å¸Á¶·¹ÀÎÁ®_¿©","193","3","C:\Users\wesley\Desktop\MeuRag\data\palette\¸ö\'Å¸Á¶·¹ÀÎÁ®_¿©_3.pal","C:\Users\wesley\Desktop\MeuRag\data\palette\¸ö\'Å¸Á¶·¹ÀÎÁ®_¿©_193.pal"
"'Å¸Á¶·¹ÀÎÁ®_¿©","194","3","C:\Users\wesley\Desktop\MeuRag\data\palette\¸ö\'Å¸Á¶·¹ÀÎÁ®_¿©_3.pal","C:\Users\wesley\Desktop\MeuRag\data\palette\¸ö\'Å¸Á¶·¹ÀÎÁ®_¿©_194.pal"
"'Å¸Á¶·¹ÀÎÁ®_¿©","195","3","C:\Users\wesley\Desktop\MeuRag\data\palette\¸ö\'Å¸Á¶·¹ÀÎÁ®_¿©_3.pal","C:\Users\wesley\Desktop\MeuRag\data\palette\¸ö\'Å¸Á¶·¹ÀÎÁ®_¿©_195.pal"
"'Å¸Á¶·¹ÀÎÁ®_¿©","196","3","C:\Users\wesley\Desktop\MeuRag\data\palette\¸ö\'Å¸Á¶·¹ÀÎÁ®_¿©_3.pal","C:\Users\wesley\Desktop\MeuRag\data\palette\¸ö\'Å¸Á¶·¹ÀÎÁ®_¿©_196.pal"
"'Å¸Á¶·¹ÀÎÁ®_¿©","197","3","C:\Users\wesley\Desktop\MeuRag\data\palette\¸ö\'Å¸Á¶·¹ÀÎÁ®_¿©_3.pal","C:\Users\wesley\Desktop\MeuRag\data\palette\¸ö\'Å¸Á¶·¹ÀÎÁ®_¿©_197.pal"
"'Å¸Á¶·¹ÀÎÁ®_¿©","198","3","C:\Users\wesley\Desktop\MeuRag\data\palette\¸ö\'Å¸Á¶·¹ÀÎÁ®_¿©_3.pal","C:\Users\wesley\Desktop\MeuRag\data\palette\¸ö\'Å¸Á¶·¹ÀÎÁ®_¿©_198.pal"
"'Å¸Á¶·¹ÀÎÁ®_¿©","199","3","C:\Users\wesley\Desktop\MeuRag\data\palette\¸ö\'Å¸Á¶·¹ÀÎÁ®_¿©_3.pal","C:\Users\wesley\Desktop\MeuRag\data\palette\¸ö\'Å¸Á¶·¹ÀÎÁ®_¿©_199.pal"
"'Å¸Á¶·¹ÀÎÁ®_¿©","200","3","C:\Users\wesley\Desktop\MeuRag\data\palette\¸ö\'Å¸Á¶·¹ÀÎÁ®_¿©_3.pal","C:\Users\wesley\Desktop\MeuRag\data\palette\¸ö\'Å¸Á¶·¹ÀÎÁ®_¿©_200.pal"
"'Å¸Á¶·¹ÀÎÁ®_¿©","201","3","C:\Users\wesley\Desktop\MeuRag\data\palette\¸ö\'Å¸Á¶·¹ÀÎÁ®_¿©_3.pal","C:\Users\wesley\Desktop\MeuRag\data\palette\¸ö\'Å¸Á¶·¹ÀÎÁ®_¿©_201.pal"
"'Å¸Á¶·¹ÀÎÁ®_¿©","202","3","C:\Users\wesley\Desktop\MeuRag\data\palette\¸ö\'Å¸Á¶·¹ÀÎÁ®_¿©_3.pal","C:\Users\wesley\Desktop\MeuRag\data\palette\¸ö\'Å¸Á¶·¹ÀÎÁ®_¿©_202.pal"
"'Å¸Á¶·¹ÀÎÁ®_¿©","203","3","C:\Users\wesley\Desktop\MeuRag\data\palette\¸ö\'Å¸Á¶·¹ÀÎÁ®_¿©_3.pal","C:\Users\wesley\Desktop\MeuRag\data\palette\¸ö\'Å¸Á¶·¹ÀÎÁ®_¿©_203.pal"
"'Å¸Á¶·¹ÀÎÁ®_¿©","204","3","C:\Users\wesley\Desktop\MeuRag\data\palette\¸ö\'Å¸Á¶·¹ÀÎÁ®_¿©_3.pal","C:\Users\wesley\Desktop\MeuRag\data\palette\¸ö\'Å¸Á¶·¹ÀÎÁ®_¿©_204.pal"
"'Å¸Á¶·¹ÀÎÁ®_¿©","205","3","C:\Users\wesley\Desktop\MeuRag\data\palette\¸ö\'Å¸Á¶·¹ÀÎÁ®_¿©_3.pal","C:\Users\wesley\Desktop\MeuRag\data\palette\¸ö\'Å¸Á¶·¹ÀÎÁ®_¿©_205.pal"
"'Å¸Á¶·¹ÀÎÁ®_¿©","206","3","C:\Users\wesley\Desktop\MeuRag\data\palette\¸ö\'Å¸Á¶·¹ÀÎÁ®_¿©_3.pal","C:\Users\wesley\Desktop\MeuRag\data\palette\¸ö\'Å¸Á¶·¹ÀÎÁ®_¿©_206.pal"
"'Å¸Á¶·¹ÀÎÁ®_¿©","207","3","C:\Users\wesley\Desktop\MeuRag\data\palette\¸ö\'Å¸Á¶·¹ÀÎÁ®_¿©_3.pal","C:\Users\wesley\Desktop\MeuRag\data\palette\¸ö\'Å¸Á¶·¹ÀÎÁ®_¿©_207.pal"
"'Å¸Á¶·¹ÀÎÁ®_¿©","208","3","C:\Users\wesley\Desktop\MeuRag\data\palette\¸ö\'Å¸Á¶·¹ÀÎÁ®_¿©_3.pal","C:\Users\wesley\Desktop\MeuRag\data\palette\¸ö\'Å¸Á¶·¹ÀÎÁ®_¿©_208.pal"
"'Å¸Á¶·¹ÀÎÁ®_¿©","209","3","C:\Users\wesley\Desktop\MeuRag\data\palette\¸ö\'Å¸Á¶·¹ÀÎÁ®_¿©_3.pal","C:\Users\wesley\Desktop\MeuRag\data\palette\¸ö\'Å¸Á¶·¹ÀÎÁ®_¿©_209.pal"
"'Å¸Á¶·¹ÀÎÁ®_¿©","210","3","C:\Users\wesley\Desktop\MeuRag\data\palette\¸ö\'Å¸Á¶·¹ÀÎÁ®_¿©_3.pal","C:\Users\wesley\Desktop\MeuRag\data\palette\¸ö\'Å¸Á¶·¹ÀÎÁ®_¿©_210.pal"
"'Å¸Á¶·¹ÀÎÁ®_¿©","211","3","C:\Users\wesley\Desktop\MeuRag\data\palette\¸ö\'Å¸Á¶·¹ÀÎÁ®_¿©_3.pal","C:\Users\wesley\Desktop\MeuRag\data\palette\¸ö\'Å¸Á¶·¹ÀÎÁ®_¿©_211.pal"
"'Å¸Á¶·¹ÀÎÁ®_¿©","212","3","C:\Users\wesley\Desktop\MeuRag\data\palette\¸ö\'Å¸Á¶·¹ÀÎÁ®_¿©_3.pal","C:\Users\wesley\Desktop\MeuRag\data\palette\¸ö\'Å¸Á¶·¹ÀÎÁ®_¿©_212.pal"
"'Å¸Á¶·¹ÀÎÁ®_¿©","213","3","C:\Users\wesley\Desktop\MeuRag\data\palette\¸ö\'Å¸Á¶·¹ÀÎÁ®_¿©_3.pal","C:\Users\wesley\Desktop\MeuRag\data\palette\¸ö\'Å¸Á¶·¹ÀÎÁ®_¿©_213.pal"
"'Å¸Á¶·¹ÀÎÁ®_¿©","214","3","C:\Users\wesley\Desktop\MeuRag\data\palette\¸ö\'Å¸Á¶·¹ÀÎÁ®_¿©_3.pal","C:\Users\wesley\Desktop\MeuRag\data\palette\¸ö\'Å¸Á¶·¹ÀÎÁ®_¿©_214.pal"
"'Å¸Á¶·¹ÀÎÁ®_¿©","215","3","C:\Users\wesley\Desktop\MeuRag\data\palette\¸ö\'Å¸Á¶·¹ÀÎÁ®_¿©_3.pal","C:\Users\wesley\Desktop\MeuRag\data\palette\¸ö\'Å¸Á¶·¹ÀÎÁ®_¿©_215.pal"
"'Å¸Á¶·¹ÀÎÁ®_¿©","216","3","C:\Users\wesley\Desktop\MeuRag\data\palette\¸ö\'Å¸Á¶·¹ÀÎÁ®_¿©_3.pal","C:\Users\wesley\Desktop\MeuRag\data\palette\¸ö\'Å¸Á¶·¹ÀÎÁ®_¿©_216.pal"
"'Å¸Á¶·¹ÀÎÁ®_¿©","217","3","C:\Users\wesley\Desktop\MeuRag\data\palette\¸ö\'Å¸Á¶·¹ÀÎÁ®_¿©_3.pal","C:\Users\wesley\Desktop\MeuRag\data\palette\¸ö\'Å¸Á¶·¹ÀÎÁ®_¿©_217.pal"
"'Å¸Á¶·¹ÀÎÁ®_¿©","218","3","C:\Users\wesley\Desktop\MeuRag\data\palette\¸ö\'Å¸Á¶·¹ÀÎÁ®_¿©_3.pal","C:\Users\wesley\Desktop\MeuRag\data\palette\¸ö\'Å¸Á¶·¹ÀÎÁ®_¿©_218.pal"
"'Å¸Á¶·¹ÀÎÁ®_¿©","219","3","C:\Users\wesley\Desktop\MeuRag\data\palette\¸ö\'Å¸Á¶·¹ÀÎÁ®_¿©_3.pal","C:\Users\wesley\Desktop\MeuRag\data\palette\¸ö\'Å¸Á¶·¹ÀÎÁ®_¿©_219.pal"
"'Å¸Á¶·¹ÀÎÁ®_¿©","220","3","C:\Users\wesley\Desktop\MeuRag\data\palette\¸ö\'Å¸Á¶·¹ÀÎÁ®_¿©_3.pal","C:\Users\wesley\Desktop\MeuRag\data\palette\¸ö\'Å¸Á¶·¹ÀÎÁ®_¿©_220.pal"
"'Å¸Á¶·¹ÀÎÁ®_¿©","221","3","C:\Users\wesley\Desktop\MeuRag\data\palette\¸ö\'Å¸Á¶·¹ÀÎÁ®_¿©_3.pal","C:\Users\wesley\Desktop\MeuRag\data\palette\¸ö\'Å¸Á¶·¹ÀÎÁ®_¿©_221.pal"
"'Å¸Á¶·¹ÀÎÁ®_¿©","222","3","C:\Users\wesley\Desktop\MeuRag\data\palette\¸ö\'Å¸Á¶·¹ÀÎÁ®_¿©_3.pal","C:\Users\wesley\Desktop\MeuRag\data\palette\¸ö\'Å¸Á¶·¹ÀÎÁ®_¿©_222.pal"
"'Å¸Á¶·¹ÀÎÁ®_¿©","223","3","C:\Users\wesley\Desktop\MeuRag\data\palette\¸ö\'Å¸Á¶·¹ÀÎÁ®_¿©_3.pal","C:\Users\wesley\Desktop\MeuRag\data\palette\¸ö\'Å¸Á¶·¹ÀÎÁ®_¿©_223.pal"
"'Å¸Á¶·¹ÀÎÁ®_¿©","224","3","C:\Users\wesley\Desktop\MeuRag\data\palette\¸ö\'Å¸Á¶·¹ÀÎÁ®_¿©_3.pal","C:\Users\wesley\Desktop\MeuRag\data\palette\¸ö\'Å¸Á¶·¹ÀÎÁ®_¿©_224.pal"
"'Å¸Á¶·¹ÀÎÁ®_¿©","225","3","C:\Users\wesley\Desktop\MeuRag\data\palette\¸ö\'Å¸Á¶·¹ÀÎÁ®_¿©_3.pal","C:\Users\wesley\Desktop\MeuRag\data\palette\¸ö\'Å¸Á¶·¹ÀÎÁ®_¿©_225.pal"
"'Å¸Á¶·¹ÀÎÁ®_¿©","226","3","C:\Users\wesley\Desktop\MeuRag\data\palette\¸ö\'Å¸Á¶·¹ÀÎÁ®_¿©_3.pal","C:\Users\wesley\Desktop\MeuRag\data\palette\¸ö\'Å¸Á¶·¹ÀÎÁ®_¿©_226.pal"
"'Å¸Á¶·¹ÀÎÁ®_¿©","227","3","C:\Users\wesley\Desktop\MeuRag\data\palette\¸ö\'Å¸Á¶·¹ÀÎÁ®_¿©_3.pal","C:\Users\wesley\Desktop\MeuRag\data\palette\¸ö\'Å¸Á¶·¹ÀÎÁ®_¿©_227.pal"
"'Å¸Á¶·¹ÀÎÁ®_¿©","228","3","C:\Users\wesley\Desktop\MeuRag\data\palette\¸ö\'Å¸Á¶·¹ÀÎÁ®_¿©_3.pal","C:\Users\wesley\Desktop\MeuRag\data\palette\¸ö\'Å¸Á¶·¹ÀÎÁ®_¿©_228.pal"
"'Å¸Á¶·¹ÀÎÁ®_¿©","229","3","C:\Users\wesley\Desktop\MeuRag\data\palette\¸ö\'Å¸Á¶·¹ÀÎÁ®_¿©_3.pal","C:\Users\wesley\Desktop\MeuRag\data\palette\¸ö\'Å¸Á¶·¹ÀÎÁ®_¿©_229.pal"
"'Å¸Á¶·¹ÀÎÁ®_¿©","230","3","C:\Users\wesley\Desktop\MeuRag\data\palette\¸ö\'Å¸Á¶·¹ÀÎÁ®_¿©_3.pal","C:\Users\wesley\Desktop\MeuRag\data\palette\¸ö\'Å¸Á¶·¹ÀÎÁ®_¿©_230.pal"
"'Å¸Á¶·¹ÀÎÁ®_¿©","231","3","C:\Users\wesley\Desktop\MeuRag\data\palette\¸ö\'Å¸Á¶·¹ÀÎÁ®_¿©_3.pal","C:\Users\wesley\Desktop\MeuRag\data\palette\¸ö\'Å¸Á¶·¹ÀÎÁ®_¿©_231.pal"
"'Å¸Á¶·¹ÀÎÁ®_¿©","232","3","C:\Users\wesley\Desktop\MeuRag\data\palette\¸ö\'Å¸Á¶·¹ÀÎÁ®_¿©_3.pal","C:\Users\wesley\Desktop\MeuRag\data\palette\¸ö\'Å¸Á¶·¹ÀÎÁ®_¿©_232.pal"
"'Å¸Á¶·¹ÀÎÁ®_¿©","233","3","C:\Users\wesley\Desktop\MeuRag\data\palette\¸ö\'Å¸Á¶·¹ÀÎÁ®_¿©_3.pal","C:\Users\wesley\Desktop\MeuRag\data\palette\¸ö\'Å¸Á¶·¹ÀÎÁ®_¿©_233.pal"
"'Å¸Á¶·¹ÀÎÁ®_¿©","234","3","C:\Users\wesley\Desktop\MeuRag\data\palette\¸ö\'Å¸Á¶·¹ÀÎÁ®_¿©_3.pal","C:\Users\wesley\Desktop\MeuRag\data\palette\¸ö\'Å¸Á¶·¹ÀÎÁ®_¿©_234.pal"
"'Å¸Á¶·¹ÀÎÁ®_¿©","235","3","C:\Users\wesley\Desktop\MeuRag\data\palette\¸ö\'Å¸Á¶·¹ÀÎÁ®_¿©_3.pal","C:\Users\wesley\Desktop\MeuRag\data\palette\¸ö\'Å¸Á¶·¹ÀÎÁ®_¿©_235.pal"
"'Å¸Á¶·¹ÀÎÁ®_¿©","236","3","C:\Users\wesley\Desktop\MeuRag\data\palette\¸ö\'Å¸Á¶·¹ÀÎÁ®_¿©_3.pal","C:\Users\wesley\Desktop\MeuRag\data\palette\¸ö\'Å¸Á¶·¹ÀÎÁ®_¿©_236.pal"
"'Å¸Á¶·¹ÀÎÁ®_¿©","237","3","C:\Users\wesley\Desktop\MeuRag\data\palette\¸ö\'Å¸Á¶·¹ÀÎÁ®_¿©_3.pal","C:\Users\wesley\Desktop\MeuRag\data\palette\¸ö\'Å¸Á¶·¹ÀÎÁ®_¿©_237.pal"
"'Å¸Á¶·¹ÀÎÁ®_¿©","238","3","C:\Users\wesley\Desktop\MeuRag\data\palette\¸ö\'Å¸Á¶·¹ÀÎÁ®_¿©_3.pal","C:\Users\wesley\Desktop\MeuRag\data\palette\¸ö\'Å¸Á¶·¹ÀÎÁ®_¿©_238.pal"
"'Å¸Á¶·¹ÀÎÁ®_¿©","239","3","C:\Users\wesley\Desktop\MeuRag\data\palette\¸ö\'Å¸Á¶·¹ÀÎÁ®_¿©_3.pal","C:\Users\wesley\Desktop\MeuRag\data\palette\¸ö\'Å¸Á¶·¹ÀÎÁ®_¿©_239.pal"
"'Å¸Á¶·¹ÀÎÁ®_¿©","240","3","C:\Users\wesley\Desktop\MeuRag\data\palette\¸ö\'Å¸Á¶·¹ÀÎÁ®_¿©_3.pal","C:\Users\wesley\Desktop\MeuRag\data\palette\¸ö\'Å¸Á¶·¹ÀÎÁ®_¿©_240.pal"
"'Å¸Á¶·¹ÀÎÁ®_¿©","241","3","C:\Users\wesley\Desktop\MeuRag\data\palette\¸ö\'Å¸Á¶·¹ÀÎÁ®_¿©_3.pal","C:\Users\wesley\Desktop\MeuRag\data\palette\¸ö\'Å¸Á¶·¹ÀÎÁ®_¿©_241.pal"
"'Å¸Á¶·¹ÀÎÁ®_¿©","242","3","C:\Users\wesley\Desktop\MeuRag\data\palette\¸ö\'Å¸Á¶·¹ÀÎÁ®_¿©_3.pal","C:\Users\wesley\Desktop\MeuRag\data\palette\¸ö\'Å¸Á¶·¹ÀÎÁ®_¿©_242.pal"
"'Å¸Á¶·¹ÀÎÁ®_¿©","243","3","C:\Users\wesley\Desktop\MeuRag\data\palette\¸ö\'Å¸Á¶·¹ÀÎÁ®_¿©_3.pal","C:\Users\wesley\Desktop\MeuRag\data\palette\¸ö\'Å¸Á¶·¹ÀÎÁ®_¿©_243.pal"
"'Å¸Á¶·¹ÀÎÁ®_¿©","244","3","C:\Users\wesley\Desktop\MeuRag\data\palette\¸ö\'Å¸Á¶·¹ÀÎÁ®_¿©_3.pal","C:\Users\wesley\Desktop\MeuRag\data\palette\¸ö\'Å¸Á¶·¹ÀÎÁ®_¿©_244.pal"
"'Å¸Á¶·¹ÀÎÁ®_¿©","245","3","C:\Users\wesley\Desktop\MeuRag\data\palette\¸ö\'Å¸Á¶·¹ÀÎÁ®_¿©_3.pal","C:\Users\wesley\Desktop\MeuRag\data\palette\¸ö\'Å¸Á¶·¹ÀÎÁ®_¿©_245.pal"
"'Å¸Á¶·¹ÀÎÁ®_¿©","246","3","C:\Users\wesley\Desktop\MeuRag\data\palette\¸ö\'Å¸Á¶·¹ÀÎÁ®_¿©_3.pal","C:\Users\wesley\Desktop\MeuRag\data\palette\¸ö\'Å¸Á¶·¹ÀÎÁ®_¿©_246.pal"
"'Å¸Á¶·¹ÀÎÁ®_¿©","247","3","C:\Users\wesley\Desktop\MeuRag\data\palette\¸ö\'Å¸Á¶·¹ÀÎÁ®_¿©_3.pal","C:\Users\wesley\Desktop\MeuRag\data\palette\¸ö\'Å¸Á¶·¹ÀÎÁ®_¿©_247.pal"
"'Å¸Á¶·¹ÀÎÁ®_¿©","248","3","C:\Users\wesley\Desktop\MeuRag\data\palette\¸ö\'Å¸Á¶·¹ÀÎÁ®_¿©_3.pal","C:\Users\wesley\Desktop\MeuRag\data\palette\¸ö\'Å¸Á¶·¹ÀÎÁ®_¿©_248.pal"
"'Å¸Á¶·¹ÀÎÁ®_¿©","249","3","C:\Users\wesley\Desktop\MeuRag\data\palette\¸ö\'Å¸Á¶·¹ÀÎÁ®_¿©_3.pal","C:\Users\wesley\Desktop\MeuRag\data\palette\¸ö\'Å¸Á¶·¹ÀÎÁ®_¿©_249.pal"
"'Å¸Á¶·¹ÀÎÁ®_¿©","250","3","C:\Users\wesley\Desktop\MeuRag\data\palette\¸ö\'Å¸Á¶·¹ÀÎÁ®_¿©_3.pal","C:\Users\wesley\Desktop\MeuRag\data\palette\¸ö\'Å¸Á¶·¹ÀÎÁ®_¿©_250.pal"
"'Å¸Á¶·¹ÀÎÁ®_¿©","251","3","C:\Users\wesley\Desktop\MeuRag\data\palette\¸ö\'Å¸Á¶·¹ÀÎÁ®_¿©_3.pal","C:\Users\wesley\Desktop\MeuRag\data\palette\¸ö\'Å¸Á¶·¹ÀÎÁ®_¿©_251.pal"
"'Å¸Á¶·¹ÀÎÁ®_¿©","252","3","C:\Users\wesley\Desktop\MeuRag\data\palette\¸ö\'Å¸Á¶·¹ÀÎÁ®_¿©_3.pal","C:\Users\wesley\Desktop\MeuRag\data\palette\¸ö\'Å¸Á¶·¹ÀÎÁ®_¿©_252.pal"
"'Å¸Á¶·¹ÀÎÁ®_¿©","253","3","C:\Users\wesley\Desktop\MeuRag\data\palette\¸ö\'Å¸Á¶·¹ÀÎÁ®_¿©_3.pal","C:\Users\wesley\Desktop\MeuRag\data\palette\¸ö\'Å¸Á¶·¹ÀÎÁ®_¿©_253.pal"
"'Å¸Á¶·¹ÀÎÁ®_¿©","254","3","C:\Users\wesley\Desktop\MeuRag\data\palette\¸ö\'Å¸Á¶·¹ÀÎÁ®_¿©_3.pal","C:\Users\wesley\Desktop\MeuRag\data\palette\¸ö\'Å¸Á¶·¹ÀÎÁ®_¿©_254.pal"
"'Å¸Á¶·¹ÀÎÁ®_¿©","255","3","C:\Users\wesley\Desktop\MeuRag\data\palette\¸ö\'Å¸Á¶·¹ÀÎÁ®_¿©_3.pal","C:\Users\wesley\Desktop\MeuRag\data\palette\¸ö\'Å¸Á¶·¹ÀÎÁ®_¿©_255.pal"
"'Å¸Á¶·¹ÀÎÁ®_¿©","256","3","C:\Users\wesley\Desktop\MeuRag\data\palette\¸ö\'Å¸Á¶·¹ÀÎÁ®_¿©_3.pal","C:\Users\wesley\Desktop\MeuRag\data\palette\¸ö\'Å¸Á¶·¹ÀÎÁ®_¿©_256.pal"
"'Å¸Á¶·¹ÀÎÁ®_¿©","257","3","C:\Users\wesley\Desktop\MeuRag\data\palette\¸ö\'Å¸Á¶·¹ÀÎÁ®_¿©_3.pal","C:\Users\wesley\Desktop\MeuRag\data\palette\¸ö\'Å¸Á¶·¹ÀÎÁ®_¿©_257.pal"
"'Å¸Á¶·¹ÀÎÁ®_¿©","258","3","C:\Users\wesley\Desktop\MeuRag\data\palette\¸ö\'Å¸Á¶·¹ÀÎÁ®_¿©_3.pal","C:\Users\wesley\Desktop\MeuRag\data\palette\¸ö\'Å¸Á¶·¹ÀÎÁ®_¿©_258.pal"
"'Å¸Á¶·¹ÀÎÁ®_¿©","259","3","C:\Users\wesley\Desktop\MeuRag\data\palette\¸ö\'Å¸Á¶·¹ÀÎÁ®_¿©_3.pal","C:\Users\wesley\Desktop\MeuRag\data\palette\¸ö\'Å¸Á¶·¹ÀÎÁ®_¿©_259.pal"
"'Å¸Á¶·¹ÀÎÁ®_¿©","260","3","C:\Users\wesley\Desktop\MeuRag\data\palette\¸ö\'Å¸Á¶·¹ÀÎÁ®_¿©_3.pal","C:\Users\wesley\Desktop\MeuRag\data\palette\¸ö\'Å¸Á¶·¹ÀÎÁ®_¿©_260.pal"
"'Å¸Á¶·¹ÀÎÁ®_¿©","261","3","C:\Users\wesley\Desktop\MeuRag\data\palette\¸ö\'Å¸Á¶·¹ÀÎÁ®_¿©_3.pal","C:\Users\wesley\Desktop\MeuRag\data\palette\¸ö\'Å¸Á¶·¹ÀÎÁ®_¿©_261.pal"
"'Å¸Á¶·¹ÀÎÁ®_¿©","262","3","C:\Users\wesley\Desktop\MeuRag\data\palette\¸ö\'Å¸Á¶·¹ÀÎÁ®_¿©_3.pal","C:\Users\wesley\Desktop\MeuRag\data\palette\¸ö\'Å¸Á¶·¹ÀÎÁ®_¿©_262.pal"
"'Å¸Á¶·¹ÀÎÁ®_¿©","263","3","C:\Users\wesley\Desktop\MeuRag\data\palette\¸ö\'Å¸Á¶·¹ÀÎÁ®_¿©_3.pal","C:\Users\wesley\Desktop\MeuRag\data\palette\¸ö\'Å¸Á¶·¹ÀÎÁ®_¿©_263.pal"
"'Å¸Á¶·¹ÀÎÁ®_¿©","264","3","C:\Users\wesley\Desktop\MeuRag\data\palette\¸ö\'Å¸Á¶·¹ÀÎÁ®_¿©_3.pal","C:\Users\wesley\Desktop\MeuRag\data\palette\¸ö\'Å¸Á¶·¹ÀÎÁ®_¿©_264.pal"
"'Å¸Á¶·¹ÀÎÁ®_¿©","265","3","C:\Users\wesley\Desktop\MeuRag\data\palette\¸ö\'Å¸Á¶·¹ÀÎÁ®_¿©_3.pal","C:\Users\wesley\Desktop\MeuRag\data\palette\¸ö\'Å¸Á¶·¹ÀÎÁ®_¿©_265.pal"
"'Å¸Á¶·¹ÀÎÁ®_¿©","266","3","C:\Users\wesley\Desktop\MeuRag\data\palette\¸ö\'Å¸Á¶·¹ÀÎÁ®_¿©_3.pal","C:\Users\wesley\Desktop\MeuRag\data\palette\¸ö\'Å¸Á¶·¹ÀÎÁ®_¿©_266.pal"
"'Å¸Á¶·¹ÀÎÁ®_¿©","267","3","C:\Users\wesley\Desktop\MeuRag\data\palette\¸ö\'Å¸Á¶·¹ÀÎÁ®_¿©_3.pal","C:\Users\wesley\Desktop\MeuRag\data\palette\¸ö\'Å¸Á¶·¹ÀÎÁ®_¿©_267.pal"
"'Å¸Á¶·¹ÀÎÁ®_¿©","268","3","C:\Users\wesley\Desktop\MeuRag\data\palette\¸ö\'Å¸Á¶·¹ÀÎÁ®_¿©_3.pal","C:\Users\wesley\Desktop\MeuRag\data\palette\¸ö\'Å¸Á¶·¹ÀÎÁ®_¿©_268.pal"
"'Å¸Á¶·¹ÀÎÁ®_¿©","269","3","C:\Users\wesley\Desktop\MeuRag\data\palette\¸ö\'Å¸Á¶·¹ÀÎÁ®_¿©_3.pal","C:\Users\wesley\Desktop\MeuRag\data\palette\¸ö\'Å¸Á¶·¹ÀÎÁ®_¿©_269.pal"
"'Å¸Á¶·¹ÀÎÁ®_¿©","270","3","C:\Users\wesley\Desktop\MeuRag\data\palette\¸ö\'Å¸Á¶·¹ÀÎÁ®_¿©_3.pal","C:\Users\wesley\Desktop\MeuRag\data\palette\¸ö\'Å¸Á¶·¹ÀÎÁ®_¿©_270.pal"
"'Å¸Á¶·¹ÀÎÁ®_¿©","271","3","C:\Users\wesley\Desktop\MeuRag\data\palette\¸ö\'Å¸Á¶·¹ÀÎÁ®_¿©_3.pal","C:\Users\wesley\Desktop\MeuRag\data\palette\¸ö\'Å¸Á¶·¹ÀÎÁ®_¿©_271.pal"
"'Å¸Á¶·¹ÀÎÁ®_¿©","272","3","C:\Users\wesley\Desktop\MeuRag\data\palette\¸ö\'Å¸Á¶·¹ÀÎÁ®_¿©_3.pal","C:\Users\wesley\Desktop\MeuRag\data\palette\¸ö\'Å¸Á¶·¹ÀÎÁ®_¿©_272.pal"
"'Å¸Á¶·¹ÀÎÁ®_¿©","273","3","C:\Users\wesley\Desktop\MeuRag\data\palette\¸ö\'Å¸Á¶·¹ÀÎÁ®_¿©_3.pal","C:\Users\wesley\Desktop\MeuRag\data\palette\¸ö\'Å¸Á¶·¹ÀÎÁ®_¿©_273.pal"
"'Å¸Á¶·¹ÀÎÁ®_¿©","274","3","C:\Users\wesley\Desktop\MeuRag\data\palette\¸ö\'Å¸Á¶·¹ÀÎÁ®_¿©_3.pal","C:\Users\wesley\Desktop\MeuRag\data\palette\¸ö\'Å¸Á¶·¹ÀÎÁ®_¿©_274.pal"
"'Å¸Á¶·¹ÀÎÁ®_¿©","275","3","C:\Users\wesley\Desktop\MeuRag\data\palette\¸ö\'Å¸Á¶·¹ÀÎÁ®_¿©_3.pal","C:\Users\wesley\Desktop\MeuRag\data\palette\¸ö\'Å¸Á¶·¹ÀÎÁ®_¿©_275.pal"
"'Å¸Á¶·¹ÀÎÁ®_¿©","276","3","C:\Users\wesley\Desktop\MeuRag\data\palette\¸ö\'Å¸Á¶·¹ÀÎÁ®_¿©_3.pal","C:\Users\wesley\Desktop\MeuRag\data\palette\¸ö\'Å¸Á¶·¹ÀÎÁ®_¿©_276.pal"
"'Å¸Á¶·¹ÀÎÁ®_¿©","277","3","C:\Users\wesley\Desktop\MeuRag\data\palette\¸ö\'Å¸Á¶·¹ÀÎÁ®_¿©_3.pal","C:\Users\wesley\Desktop\MeuRag\data\palette\¸ö\'Å¸Á¶·¹ÀÎÁ®_¿©_277.pal"
"'Å¸Á¶·¹ÀÎÁ®_¿©","278","3","C:\Users\wesley\Desktop\MeuRag\data\palette\¸ö\'Å¸Á¶·¹ÀÎÁ®_¿©_3.pal","C:\Users\wesley\Desktop\MeuRag\data\palette\¸ö\'Å¸Á¶·¹ÀÎÁ®_¿©_278.pal"
"'Å¸Á¶·¹ÀÎÁ®_¿©","279","3","C:\Users\wesley\Desktop\MeuRag\data\palette\¸ö\'Å¸Á¶·¹ÀÎÁ®_¿©_3.pal","C:\Users\wesley\Desktop\MeuRag\data\palette\¸ö\'Å¸Á¶·¹ÀÎÁ®_¿©_279.pal"
"'Å¸Á¶·¹ÀÎÁ®_¿©","280","3","C:\Users\wesley\Desktop\MeuRag\data\palette\¸ö\'Å¸Á¶·¹ÀÎÁ®_¿©_3.pal","C:\Users\wesley\Desktop\MeuRag\data\palette\¸ö\'Å¸Á¶·¹ÀÎÁ®_¿©_280.pal"
"'Å¸Á¶·¹ÀÎÁ®_¿©","281","3","C:\Users\wesley\Desktop\MeuRag\data\palette\¸ö\'Å¸Á¶·¹ÀÎÁ®_¿©_3.pal","C:\Users\wesley\Desktop\MeuRag\data\palette\¸ö\'Å¸Á¶·¹ÀÎÁ®_¿©_281.pal"
"'Å¸Á¶·¹ÀÎÁ®_¿©","282","3","C:\Users\wesley\Desktop\MeuRag\data\palette\¸ö\'Å¸Á¶·¹ÀÎÁ®_¿©_3.pal","C:\Users\wesley\Desktop\MeuRag\data\palette\¸ö\'Å¸Á¶·¹ÀÎÁ®_¿©_282.pal"
"'Å¸Á¶·¹ÀÎÁ®_¿©","283","3","C:\Users\wesley\Desktop\MeuRag\data\palette\¸ö\'Å¸Á¶·¹ÀÎÁ®_¿©_3.pal","C:\Users\wesley\Desktop\MeuRag\data\palette\¸ö\'Å¸Á¶·¹ÀÎÁ®_¿©_283.pal"
"'Å¸Á¶·¹ÀÎÁ®_¿©","284","3","C:\Users\wesley\Desktop\MeuRag\data\palette\¸ö\'Å¸Á¶·¹ÀÎÁ®_¿©_3.pal","C:\Users\wesley\Desktop\MeuRag\data\palette\¸ö\'Å¸Á¶·¹ÀÎÁ®_¿©_284.pal"
"'Å¸Á¶·¹ÀÎÁ®_¿©","285","3","C:\Users\wesley\Desktop\MeuRag\data\palette\¸ö\'Å¸Á¶·¹ÀÎÁ®_¿©_3.pal","C:\Users\wesley\Desktop\MeuRag\data\palette\¸ö\'Å¸Á¶·¹ÀÎÁ®_¿©_285.pal"
"'Å¸Á¶·¹ÀÎÁ®_¿©","286","3","C:\Users\wesley\Desktop\MeuRag\data\palette\¸ö\'Å¸Á¶·¹ÀÎÁ®_¿©_3.pal","C:\Users\wesley\Desktop\MeuRag\data\palette\¸ö\'Å¸Á¶·¹ÀÎÁ®_¿©_286.pal"
"'Å¸Á¶·¹ÀÎÁ®_¿©","287","3","C:\Users\wesley\Desktop\MeuRag\data\palette\¸ö\'Å¸Á¶·¹ÀÎÁ®_¿©_3.pal","C:\Users\wesley\Desktop\MeuRag\data\palette\¸ö\'Å¸Á¶·¹ÀÎÁ®_¿©_287.pal"
"'Å¸Á¶·¹ÀÎÁ®_¿©","288","3","C:\Users\wesley\Desktop\MeuRag\data\palette\¸ö\'Å¸Á¶·¹ÀÎÁ®_¿©_3.pal","C:\Users\wesley\Desktop\MeuRag\data\palette\¸ö\'Å¸Á¶·¹ÀÎÁ®_¿©_288.pal"
"'Å¸Á¶·¹ÀÎÁ®_¿©","289","3","C:\Users\wesley\Desktop\MeuRag\data\palette\¸ö\'Å¸Á¶·¹ÀÎÁ®_¿©_3.pal","C:\Users\wesley\Desktop\MeuRag\data\palette\¸ö\'Å¸Á¶·¹ÀÎÁ®_¿©_289.pal"
"'Å¸Á¶·¹ÀÎÁ®_¿©","290","3","C:\Users\wesley\Desktop\MeuRag\data\palette\¸ö\'Å¸Á¶·¹ÀÎÁ®_¿©_3.pal","C:\Users\wesley\Desktop\MeuRag\data\palette\¸ö\'Å¸Á¶·¹ÀÎÁ®_¿©_290.pal"
"'Å¸Á¶·¹ÀÎÁ®_¿©","291","3","C:\Users\wesley\Desktop\MeuRag\data\palette\¸ö\'Å¸Á¶·¹ÀÎÁ®_¿©_3.pal","C:\Users\wesley\Desktop\MeuRag\data\palette\¸ö\'Å¸Á¶·¹ÀÎÁ®_¿©_291.pal"
"'Å¸Á¶·¹ÀÎÁ®_¿©","292","3","C:\Users\wesley\Desktop\MeuRag\data\palette\¸ö\'Å¸Á¶·¹ÀÎÁ®_¿©_3.pal","C:\Users\wesley\Desktop\MeuRag\data\palette\¸ö\'Å¸Á¶·¹ÀÎÁ®_¿©_292.pal"
"'Å¸Á¶·¹ÀÎÁ®_¿©","293","3","C:\Users\wesley\Desktop\MeuRag\data\palette\¸ö\'Å¸Á¶·¹ÀÎÁ®_¿©_3.pal","C:\Users\wesley\Desktop\MeuRag\data\palette\¸ö\'Å¸Á¶·¹ÀÎÁ®_¿©_293.pal"
"'Å¸Á¶·¹ÀÎÁ®_¿©","294","3","C:\Users\wesley\Desktop\MeuRag\data\palette\¸ö\'Å¸Á¶·¹ÀÎÁ®_¿©_3.pal","C:\Users\wesley\Desktop\MeuRag\data\palette\¸ö\'Å¸Á¶·¹ÀÎÁ®_¿©_294.pal"
"'Å¸Á¶·¹ÀÎÁ®_¿©","295","3","C:\Users\wesley\Desktop\MeuRag\data\palette\¸ö\'Å¸Á¶·¹ÀÎÁ®_¿©_3.pal","C:\Users\wesley\Desktop\MeuRag\data\palette\¸ö\'Å¸Á¶·¹ÀÎÁ®_¿©_295.pal"
"'Å¸Á¶·¹ÀÎÁ®_¿©","296","3","C:\Users\wesley\Desktop\MeuRag\data\palette\¸ö\'Å¸Á¶·¹ÀÎÁ®_¿©_3.pal","C:\Users\wesley\Desktop\MeuRag\data\palette\¸ö\'Å¸Á¶·¹ÀÎÁ®_¿©_296.pal"
"'Å¸Á¶·¹ÀÎÁ®_¿©","297","3","C:\Users\wesley\Desktop\MeuRag\data\palette\¸ö\'Å¸Á¶·¹ÀÎÁ®_¿©_3.pal","C:\Users\wesley\Desktop\MeuRag\data\palette\¸ö\'Å¸Á¶·¹ÀÎÁ®_¿©_297.pal"
"'Å¸Á¶·¹ÀÎÁ®_¿©","298","3","C:\Users\wesley\Desktop\MeuRag\data\palette\¸ö\'Å¸Á¶·¹ÀÎÁ®_¿©_3.pal","C:\Users\wesley\Desktop\MeuRag\data\palette\¸ö\'Å¸Á¶·¹ÀÎÁ®_¿©_298.pal"
"'Å¸Á¶·¹ÀÎÁ®_¿©","299","3","C:\Users\wesley\Desktop\MeuRag\data\palette\¸ö\'Å¸Á¶·¹ÀÎÁ®_¿©_3.pal","C:\Users\wesley\Desktop\MeuRag\data\palette\¸ö\'Å¸Á¶·¹ÀÎÁ®_¿©_299.pal"
"'Å¸Á¶·¹ÀÎÁ®_¿©","300","3","C:\Users\wesley\Desktop\MeuRag\data\palette\¸ö\'Å¸Á¶·¹ÀÎÁ®_¿©_3.pal","C:\Users\wesley\Desktop\MeuRag\data\palette\¸ö\'Å¸Á¶·¹ÀÎÁ®_¿©_300.pal"
"'Å¸Á¶·¹ÀÎÁ®_¿©","301","3","C:\Users\wesley\Desktop\MeuRag\data\palette\¸ö\'Å¸Á¶·¹ÀÎÁ®_¿©_3.pal","C:\Users\wesley\Desktop\MeuRag\data\palette\¸ö\'Å¸Á¶·¹ÀÎÁ®_¿©_301.pal"
"'Å¸Á¶·¹ÀÎÁ®_¿©","302","3","C:\Users\wesley\Desktop\MeuRag\data\palette\¸ö\'Å¸Á¶·¹ÀÎÁ®_¿©_3.pal","C:\Users\wesley\Desktop\MeuRag\data\palette\¸ö\'Å¸Á¶·¹ÀÎÁ®_¿©_302.pal"
"'Å¸Á¶·¹ÀÎÁ®_¿©","303","3","C:\Users\wesley\Desktop\MeuRag\data\palette\¸ö\'Å¸Á¶·¹ÀÎÁ®_¿©_3.pal","C:\Users\wesley\Desktop\MeuRag\data\palette\¸ö\'Å¸Á¶·¹ÀÎÁ®_¿©_303.pal"
"'Å¸Á¶·¹ÀÎÁ®_¿©","304","3","C:\Users\wesley\Desktop\MeuRag\data\palette\¸ö\'Å¸Á¶·¹ÀÎÁ®_¿©_3.pal","C:\Users\wesley\Desktop\MeuRag\data\palette\¸ö\'Å¸Á¶·¹ÀÎÁ®_¿©_304.pal"
"'Å¸Á¶·¹ÀÎÁ®_¿©","305","3","C:\Users\wesley\Desktop\MeuRag\data\palette\¸ö\'Å¸Á¶·¹ÀÎÁ®_¿©_3.pal","C:\Users\wesley\Desktop\MeuRag\data\palette\¸ö\'Å¸Á¶·¹ÀÎÁ®_¿©_305.pal"
"'Å¸Á¶·¹ÀÎÁ®_¿©","306","3","C:\Users\wesley\Desktop\MeuRag\data\palette\¸ö\'Å¸Á¶·¹ÀÎÁ®_¿©_3.pal","C:\Users\wesley\Desktop\MeuRag\data\palette\¸ö\'Å¸Á¶·¹ÀÎÁ®_¿©_306.pal"
"'Å¸Á¶·¹ÀÎÁ®_¿©","307","3","C:\Users\wesley\Desktop\MeuRag\data\palette\¸ö\'Å¸Á¶·¹ÀÎÁ®_¿©_3.pal","C:\Users\wesley\Desktop\MeuRag\data\palette\¸ö\'Å¸Á¶·¹ÀÎÁ®_¿©_307.pal"
"'Å¸Á¶·¹ÀÎÁ®_¿©","308","3","C:\Users\wesley\Desktop\MeuRag\data\palette\¸ö\'Å¸Á¶·¹ÀÎÁ®_¿©_3.pal","C:\Users\wesley\Desktop\MeuRag\data\palette\¸ö\'Å¸Á¶·¹ÀÎÁ®_¿©_308.pal"
"'Å¸Á¶·¹ÀÎÁ®_¿©","309","3","C:\Users\wesley\Desktop\MeuRag\data\palette\¸ö\'Å¸Á¶·¹ÀÎÁ®_¿©_3.pal","C:\Users\wesley\Desktop\MeuRag\data\palette\¸ö\'Å¸Á¶·¹ÀÎÁ®_¿©_309.pal"
"'Å¸Á¶·¹ÀÎÁ®_¿©","310","3","C:\Users\wesley\Desktop\MeuRag\data\palette\¸ö\'Å¸Á¶·¹ÀÎÁ®_¿©_3.pal","C:\Users\wesley\Desktop\MeuRag\data\palette\¸ö\'Å¸Á¶·¹ÀÎÁ®_¿©_310.pal"
"'Å¸Á¶·¹ÀÎÁ®_¿©","311","3","C:\Users\wesley\Desktop\MeuRag\data\palette\¸ö\'Å¸Á¶·¹ÀÎÁ®_¿©_3.pal","C:\Users\wesley\Desktop\MeuRag\data\palette\¸ö\'Å¸Á¶·¹ÀÎÁ®_¿©_311.pal"
"'Å¸Á¶·¹ÀÎÁ®_¿©","312","3","C:\Users\wesley\Desktop\MeuRag\data\palette\¸ö\'Å¸Á¶·¹ÀÎÁ®_¿©_3.pal","C:\Users\wesley\Desktop\MeuRag\data\palette\¸ö\'Å¸Á¶·¹ÀÎÁ®_¿©_312.pal"
"'Å¸Á¶·¹ÀÎÁ®_¿©","313","3","C:\Users\wesley\Desktop\MeuRag\data\palette\¸ö\'Å¸Á¶·¹ÀÎÁ®_¿©_3.pal","C:\Users\wesley\Desktop\MeuRag\data\palette\¸ö\'Å¸Á¶·¹ÀÎÁ®_¿©_313.pal"
"'Å¸Á¶·¹ÀÎÁ®_¿©","314","3","C:\Users\wesley\Desktop\MeuRag\data\palette\¸ö\'Å¸Á¶·¹ÀÎÁ®_¿©_3.pal","C:\Users\wesley\Desktop\MeuRag\data\palette\¸ö\'Å¸Á¶·¹ÀÎÁ®_¿©_314.pal"
"'Å¸Á¶·¹ÀÎÁ®_¿©","315","3","C:\Users\wesley\Desktop\MeuRag\data\palette\¸ö\'Å¸Á¶·¹ÀÎÁ®_¿©_3.pal","C:\Users\wesley\Desktop\MeuRag\data\palette\¸ö\'Å¸Á¶·¹ÀÎÁ®_¿©_315.pal"
"'Å¸Á¶·¹ÀÎÁ®_¿©","316","3","C:\Users\wesley\Desktop\MeuRag\data\palette\¸ö\'Å¸Á¶·¹ÀÎÁ®_¿©_3.pal","C:\Users\wesley\Desktop\MeuRag\data\palette\¸ö\'Å¸Á¶·¹ÀÎÁ®_¿©_316.pal"
"'Å¸Á¶·¹ÀÎÁ®_¿©","317","3","C:\Users\wesley\Desktop\MeuRag\data\palette\¸ö\'Å¸Á¶·¹ÀÎÁ®_¿©_3.pal","C:\Users\wesley\Desktop\MeuRag\data\palette\¸ö\'Å¸Á¶·¹ÀÎÁ®_¿©_317.pal"
"'Å¸Á¶·¹ÀÎÁ®_¿©","318","3","C:\Users\wesley\Desktop\MeuRag\data\palette\¸ö\'Å¸Á¶·¹ÀÎÁ®_¿©_3.pal","C:\Users\wesley\Desktop\MeuRag\data\palette\¸ö\'Å¸Á¶·¹ÀÎÁ®_¿©_318.pal"
"'Å¸Á¶·¹ÀÎÁ®_¿©","319","3","C:\Users\wesley\Desktop\MeuRag\data\palette\¸ö\'Å¸Á¶·¹ÀÎÁ®_¿©_3.pal","C:\Users\wesley\Desktop\MeuRag\data\palette\¸ö\'Å¸Á¶·¹ÀÎÁ®_¿©_319.pal"
"'Å¸Á¶·¹ÀÎÁ®_¿©","320","3","C:\Users\wesley\Desktop\MeuRag\data\palette\¸ö\'Å¸Á¶·¹ÀÎÁ®_¿©_3.pal","C:\Users\wesley\Desktop\MeuRag\data\palette\¸ö\'Å¸Á¶·¹ÀÎÁ®_¿©_320.pal"
"'Å¸Á¶·¹ÀÎÁ®_¿©","321","3","C:\Users\wesley\Desktop\MeuRag\data\palette\¸ö\'Å¸Á¶·¹ÀÎÁ®_¿©_3.pal","C:\Users\wesley\Desktop\MeuRag\data\palette\¸ö\'Å¸Á¶·¹ÀÎÁ®_¿©_321.pal"
"'Å¸Á¶·¹ÀÎÁ®_¿©","322","3","C:\Users\wesley\Desktop\MeuRag\data\palette\¸ö\'Å¸Á¶·¹ÀÎÁ®_¿©_3.pal","C:\Users\wesley\Desktop\MeuRag\data\palette\¸ö\'Å¸Á¶·¹ÀÎÁ®_¿©_322.pal"
"'Å¸Á¶·¹ÀÎÁ®_¿©","323","3","C:\Users\wesley\Desktop\MeuRag\data\palette\¸ö\'Å¸Á¶·¹ÀÎÁ®_¿©_3.pal","C:\Users\wesley\Desktop\MeuRag\data\palette\¸ö\'Å¸Á¶·¹ÀÎÁ®_¿©_323.pal"
"'Å¸Á¶·¹ÀÎÁ®_¿©","324","3","C:\Users\wesley\Desktop\MeuRag\data\palette\¸ö\'Å¸Á¶·¹ÀÎÁ®_¿©_3.pal","C:\Users\wesley\Desktop\MeuRag\data\palette\¸ö\'Å¸Á¶·¹ÀÎÁ®_¿©_324.pal"
"'Å¸Á¶·¹ÀÎÁ®_¿©","325","3","C:\Users\wesley\Desktop\MeuRag\data\palette\¸ö\'Å¸Á¶·¹ÀÎÁ®_¿©_3.pal","C:\Users\wesley\Desktop\MeuRag\data\palette\¸ö\'Å¸Á¶·¹ÀÎÁ®_¿©_325.pal"
"'Å¸Á¶·¹ÀÎÁ®_¿©","326","3","C:\Users\wesley\Desktop\MeuRag\data\palette\¸ö\'Å¸Á¶·¹ÀÎÁ®_¿©_3.pal","C:\Users\wesley\Desktop\MeuRag\data\palette\¸ö\'Å¸Á¶·¹ÀÎÁ®_¿©_326.pal"
"'Å¸Á¶·¹ÀÎÁ®_¿©","327","3","C:\Users\wesley\Desktop\MeuRag\data\palette\¸ö\'Å¸Á¶·¹ÀÎÁ®_¿©_3.pal","C:\Users\wesley\Desktop\MeuRag\data\palette\¸ö\'Å¸Á¶·¹ÀÎÁ®_¿©_327.pal"
"'Å¸Á¶·¹ÀÎÁ®_¿©","328","3","C:\Users\wesley\Desktop\MeuRag\data\palette\¸ö\'Å¸Á¶·¹ÀÎÁ®_¿©_3.pal","C:\Users\wesley\Desktop\MeuRag\data\palette\¸ö\'Å¸Á¶·¹ÀÎÁ®_¿©_328.pal"
"'Å¸Á¶·¹ÀÎÁ®_¿©","329","3","C:\Users\wesley\Desktop\MeuRag\data\palette\¸ö\'Å¸Á¶·¹ÀÎÁ®_¿©_3.pal","C:\Users\wesley\Desktop\MeuRag\data\palette\¸ö\'Å¸Á¶·¹ÀÎÁ®_¿©_329.pal"
"'Å¸Á¶·¹ÀÎÁ®_¿©","330","3","C:\Users\wesley\Desktop\MeuRag\data\palette\¸ö\'Å¸Á¶·¹ÀÎÁ®_¿©_3.pal","C:\Users\wesley\Desktop\MeuRag\data\palette\¸ö\'Å¸Á¶·¹ÀÎÁ®_¿©_330.pal"
"'Å¸Á¶·¹ÀÎÁ®_¿©","331","3","C:\Users\wesley\Desktop\MeuRag\data\palette\¸ö\'Å¸Á¶·¹ÀÎÁ®_¿©_3.pal","C:\Users\wesley\Desktop\MeuRag\data\palette\¸ö\'Å¸Á¶·¹ÀÎÁ®_¿©_331.pal"
"'Å¸Á¶·¹ÀÎÁ®_¿©","332","3","C:\Users\wesley\Desktop\MeuRag\data\palette\¸ö\'Å¸Á¶·¹ÀÎÁ®_¿©_3.pal","C:\Users\wesley\Desktop\MeuRag\data\palette\¸ö\'Å¸Á¶·¹ÀÎÁ®_¿©_332.pal"
"'Å¸Á¶·¹ÀÎÁ®_¿©","333","3","C:\Users\wesley\Desktop\MeuRag\data\palette\¸ö\'Å¸Á¶·¹ÀÎÁ®_¿©_3.pal","C:\Users\wesley\Desktop\MeuRag\data\palette\¸ö\'Å¸Á¶·¹ÀÎÁ®_¿©_333.pal"
"'Å¸Á¶·¹ÀÎÁ®_¿©","334","3","C:\Users\wesley\Desktop\MeuRag\data\palette\¸ö\'Å¸Á¶·¹ÀÎÁ®_¿©_3.pal","C:\Users\wesley\Desktop\MeuRag\data\palette\¸ö\'Å¸Á¶·¹ÀÎÁ®_¿©_334.pal"
"'Å¸Á¶·¹ÀÎÁ®_¿©","335","3","C:\Users\wesley\Desktop\MeuRag\data\palette\¸ö\'Å¸Á¶·¹ÀÎÁ®_¿©_3.pal","C:\Users\wesley\Desktop\MeuRag\data\palette\¸ö\'Å¸Á¶·¹ÀÎÁ®_¿©_335.pal"
"'Å¸Á¶·¹ÀÎÁ®_¿©","336","3","C:\Users\wesley\Desktop\MeuRag\data\palette\¸ö\'Å¸Á¶·¹ÀÎÁ®_¿©_3.pal","C:\Users\wesley\Desktop\MeuRag\data\palette\¸ö\'Å¸Á¶·¹ÀÎÁ®_¿©_336.pal"
"'Å¸Á¶·¹ÀÎÁ®_¿©","337","3","C:\Users\wesley\Desktop\MeuRag\data\palette\¸ö\'Å¸Á¶·¹ÀÎÁ®_¿©_3.pal","C:\Users\wesley\Desktop\MeuRag\data\palette\¸ö\'Å¸Á¶·¹ÀÎÁ®_¿©_337.pal"
"'Å¸Á¶·¹ÀÎÁ®_¿©","338","3","C:\Users\wesley\Desktop\MeuRag\data\palette\¸ö\'Å¸Á¶·¹ÀÎÁ®_¿©_3.pal","C:\Users\wesley\Desktop\MeuRag\data\palette\¸ö\'Å¸Á¶·¹ÀÎÁ®_¿©_338.pal"
"'Å¸Á¶·¹ÀÎÁ®_¿©","339","3","C:\Users\wesley\Desktop\MeuRag\data\palette\¸ö\'Å¸Á¶·¹ÀÎÁ®_¿©_3.pal","C:\Users\wesley\Desktop\MeuRag\data\palette\¸ö\'Å¸Á¶·¹ÀÎÁ®_¿©_339.pal"
"'Å¸Á¶·¹ÀÎÁ®_¿©","340","3","C:\Users\wesley\Desktop\MeuRag\data\palette\¸ö\'Å¸Á¶·¹ÀÎÁ®_¿©_3.pal","C:\Users\wesley\Desktop\MeuRag\data\palette\¸ö\'Å¸Á¶·¹ÀÎÁ®_¿©_340.pal"
"'Å¸Á¶·¹ÀÎÁ®_¿©","341","3","C:\Users\wesley\Desktop\MeuRag\data\palette\¸ö\'Å¸Á¶·¹ÀÎÁ®_¿©_3.pal","C:\Users\wesley\Desktop\MeuRag\data\palette\¸ö\'Å¸Á¶·¹ÀÎÁ®_¿©_341.pal"
"'Å¸Á¶·¹ÀÎÁ®_¿©","342","3","C:\Users\wesley\Desktop\MeuRag\data\palette\¸ö\'Å¸Á¶·¹ÀÎÁ®_¿©_3.pal","C:\Users\wesley\Desktop\MeuRag\data\palette\¸ö\'Å¸Á¶·¹ÀÎÁ®_¿©_342.pal"
"'Å¸Á¶·¹ÀÎÁ®_¿©","343","3","C:\Users\wesley\Desktop\MeuRag\data\palette\¸ö\'Å¸Á¶·¹ÀÎÁ®_¿©_3.pal","C:\Users\wesley\Desktop\MeuRag\data\palette\¸ö\'Å¸Á¶·¹ÀÎÁ®_¿©_343.pal"
"'Å¸Á¶·¹ÀÎÁ®_¿©","344","3","C:\Users\wesley\Desktop\MeuRag\data\palette\¸ö\'Å¸Á¶·¹ÀÎÁ®_¿©_3.pal","C:\Users\wesley\Desktop\MeuRag\data\palette\¸ö\'Å¸Á¶·¹ÀÎÁ®_¿©_344.pal"
"'Å¸Á¶·¹ÀÎÁ®_¿©","345","3","C:\Users\wesley\Desktop\MeuRag\data\palette\¸ö\'Å¸Á¶·¹ÀÎÁ®_¿©_3.pal","C:\Users\wesley\Desktop\MeuRag\data\palette\¸ö\'Å¸Á¶·¹ÀÎÁ®_¿©_345.pal"
"'Å¸Á¶·¹ÀÎÁ®_¿©","346","3","C:\Users\wesley\Desktop\MeuRag\data\palette\¸ö\'Å¸Á¶·¹ÀÎÁ®_¿©_3.pal","C:\Users\wesley\Desktop\MeuRag\data\palette\¸ö\'Å¸Á¶·¹ÀÎÁ®_¿©_346.pal"
"'Å¸Á¶·¹ÀÎÁ®_¿©","347","3","C:\Users\wesley\Desktop\MeuRag\data\palette\¸ö\'Å¸Á¶·¹ÀÎÁ®_¿©_3.pal","C:\Users\wesley\Desktop\MeuRag\data\palette\¸ö\'Å¸Á¶·¹ÀÎÁ®_¿©_347.pal"
"'Å¸Á¶·¹ÀÎÁ®_¿©","348","3","C:\Users\wesley\Desktop\MeuRag\data\palette\¸ö\'Å¸Á¶·¹ÀÎÁ®_¿©_3.pal","C:\Users\wesley\Desktop\MeuRag\data\palette\¸ö\'Å¸Á¶·¹ÀÎÁ®_¿©_348.pal"
"'Å¸Á¶·¹ÀÎÁ®_¿©","349","3","C:\Users\wesley\Desktop\MeuRag\data\palette\¸ö\'Å¸Á¶·¹ÀÎÁ®_¿©_3.pal","C:\Users\wesley\Desktop\MeuRag\data\palette\¸ö\'Å¸Á¶·¹ÀÎÁ®_¿©_349.pal"
"'Å¸Á¶·¹ÀÎÁ®_¿©","350","3","C:\Users\wesley\Desktop\MeuRag\data\palette\¸ö\'Å¸Á¶·¹ÀÎÁ®_¿©_3.pal","C:\Users\wesley\Desktop\MeuRag\data\palette\¸ö\'Å¸Á¶·¹ÀÎÁ®_¿©_350.pal"
"'Å¸Á¶·¹ÀÎÁ®_¿©","351","3","C:\Users\wesley\Desktop\MeuRag\data\palette\¸ö\'Å¸Á¶·¹ÀÎÁ®_¿©_3.pal","C:\Users\wesley\Desktop\MeuRag\data\palette\¸ö\'Å¸Á¶·¹ÀÎÁ®_¿©_351.pal"
"'Å¸Á¶·¹ÀÎÁ®_¿©","352","3","C:\Users\wesley\Desktop\MeuRag\data\palette\¸ö\'Å¸Á¶·¹ÀÎÁ®_¿©_3.pal","C:\Users\wesley\Desktop\MeuRag\data\palette\¸ö\'Å¸Á¶·¹ÀÎÁ®_¿©_352.pal"
"'Å¸Á¶·¹ÀÎÁ®_¿©","353","3","C:\Users\wesley\Desktop\MeuRag\data\palette\¸ö\'Å¸Á¶·¹ÀÎÁ®_¿©_3.pal","C:\Users\wesley\Desktop\MeuRag\data\palette\¸ö\'Å¸Á¶·¹ÀÎÁ®_¿©_353.pal"
"'Å¸Á¶·¹ÀÎÁ®_¿©","354","3","C:\Users\wesley\Desktop\MeuRag\data\palette\¸ö\'Å¸Á¶·¹ÀÎÁ®_¿©_3.pal","C:\Users\wesley\Desktop\MeuRag\data\palette\¸ö\'Å¸Á¶·¹ÀÎÁ®_¿©_354.pal"
"'Å¸Á¶·¹ÀÎÁ®_¿©","355","3","C:\Users\wesley\Desktop\MeuRag\data\palette\¸ö\'Å¸Á¶·¹ÀÎÁ®_¿©_3.pal","C:\Users\wesley\Desktop\MeuRag\data\palette\¸ö\'Å¸Á¶·¹ÀÎÁ®_¿©_355.pal"
"'Å¸Á¶·¹ÀÎÁ®_¿©","356","3","C:\Users\wesley\Desktop\MeuRag\data\palette\¸ö\'Å¸Á¶·¹ÀÎÁ®_¿©_3.pal","C:\Users\wesley\Desktop\MeuRag\data\palette\¸ö\'Å¸Á¶·¹ÀÎÁ®_¿©_356.pal"
"'Å¸Á¶·¹ÀÎÁ®_¿©","357","3","C:\Users\wesley\Desktop\MeuRag\data\palette\¸ö\'Å¸Á¶·¹ÀÎÁ®_¿©_3.pal","C:\Users\wesley\Desktop\MeuRag\data\palette\¸ö\'Å¸Á¶·¹ÀÎÁ®_¿©_357.pal"
"'Å¸Á¶·¹ÀÎÁ®_¿©","358","3","C:\Users\wesley\Desktop\MeuRag\data\palette\¸ö\'Å¸Á¶·¹ÀÎÁ®_¿©_3.pal","C:\Users\wesley\Desktop\MeuRag\data\palette\¸ö\'Å¸Á¶·¹ÀÎÁ®_¿©_358.pal"
"'Å¸Á¶·¹ÀÎÁ®_¿©","359","3","C:\Users\wesley\Desktop\MeuRag\data\palette\¸ö\'Å¸Á¶·¹ÀÎÁ®_¿©_3.pal","C:\Users\wesley\Desktop\MeuRag\data\palette\¸ö\'Å¸Á¶·¹ÀÎÁ®_¿©_359.pal"
"'Å¸Á¶·¹ÀÎÁ®_¿©","360","3","C:\Users\wesley\Desktop\MeuRag\data\palette\¸ö\'Å¸Á¶·¹ÀÎÁ®_¿©_3.pal","C:\Users\wesley\Desktop\MeuRag\data\palette\¸ö\'Å¸Á¶·¹ÀÎÁ®_¿©_360.pal"
"'Å¸Á¶·¹ÀÎÁ®_¿©","361","3","C:\Users\wesley\Desktop\MeuRag\data\palette\¸ö\'Å¸Á¶·¹ÀÎÁ®_¿©_3.pal","C:\Users\wesley\Desktop\MeuRag\data\palette\¸ö\'Å¸Á¶·¹ÀÎÁ®_¿©_361.pal"
"'Å¸Á¶·¹ÀÎÁ®_¿©","362","3","C:\Users\wesley\Desktop\MeuRag\data\palette\¸ö\'Å¸Á¶·¹ÀÎÁ®_¿©_3.pal","C:\Users\wesley\Desktop\MeuRag\data\palette\¸ö\'Å¸Á¶·¹ÀÎÁ®_¿©_362.pal"
"'Å¸Á¶·¹ÀÎÁ®_¿©","363","3","C:\Users\wesley\Desktop\MeuRag\data\palette\¸ö\'Å¸Á¶·¹ÀÎÁ®_¿©_3.pal","C:\Users\wesley\Desktop\MeuRag\data\palette\¸ö\'Å¸Á¶·¹ÀÎÁ®_¿©_363.pal"
"'Å¸Á¶·¹ÀÎÁ®_¿©","364","3","C:\Users\wesley\Desktop\MeuRag\data\palette\¸ö\'Å¸Á¶·¹ÀÎÁ®_¿©_3.pal","C:\Users\wesley\Desktop\MeuRag\data\palette\¸ö\'Å¸Á¶·¹ÀÎÁ®_¿©_364.pal"
"'Å¸Á¶·¹ÀÎÁ®_¿©","365","3","C:\Users\wesley\Desktop\MeuRag\data\palette\¸ö\'Å¸Á¶·¹ÀÎÁ®_¿©_3.pal","C:\Users\wesley\Desktop\MeuRag\data\palette\¸ö\'Å¸Á¶·¹ÀÎÁ®_¿©_365.pal"
"'Å¸Á¶·¹ÀÎÁ®_¿©","366","3","C:\Users\wesley\Desktop\MeuRag\data\palette\¸ö\'Å¸Á¶·¹ÀÎÁ®_¿©_3.pal","C:\Users\wesley\Desktop\MeuRag\data\palette\¸ö\'Å¸Á¶·¹ÀÎÁ®_¿©_366.pal"
"'Å¸Á¶·¹ÀÎÁ®_¿©","367","3","C:\Users\wesley\Desktop\MeuRag\data\palette\¸ö\'Å¸Á¶·¹ÀÎÁ®_¿©_3.pal","C:\Users\wesley\Desktop\MeuRag\data\palette\¸ö\'Å¸Á¶·¹ÀÎÁ®_¿©_367.pal"
"'Å¸Á¶·¹ÀÎÁ®_¿©","368","3","C:\Users\wesley\Desktop\MeuRag\data\palette\¸ö\'Å¸Á¶·¹ÀÎÁ®_¿©_3.pal","C:\Users\wesley\Desktop\MeuRag\data\palette\¸ö\'Å¸Á¶·¹ÀÎÁ®_¿©_368.pal"
"'Å¸Á¶·¹ÀÎÁ®_¿©","369","3","C:\Users\wesley\Desktop\MeuRag\data\palette\¸ö\'Å¸Á¶·¹ÀÎÁ®_¿©_3.pal","C:\Users\wesley\Desktop\MeuRag\data\palette\¸ö\'Å¸Á¶·¹ÀÎÁ®_¿©_369.pal"
"'Å¸Á¶·¹ÀÎÁ®_¿©","370","3","C:\Users\wesley\Desktop\MeuRag\data\palette\¸ö\'Å¸Á¶·¹ÀÎÁ®_¿©_3.pal","C:\Users\wesley\Desktop\MeuRag\data\palette\¸ö\'Å¸Á¶·¹ÀÎÁ®_¿©_370.pal"
"'Å¸Á¶·¹ÀÎÁ®_¿©","371","3","C:\Users\wesley\Desktop\MeuRag\data\palette\¸ö\'Å¸Á¶·¹ÀÎÁ®_¿©_3.pal","C:\Users\wesley\Desktop\MeuRag\data\palette\¸ö\'Å¸Á¶·¹ÀÎÁ®_¿©_371.pal"
"'Å¸Á¶·¹ÀÎÁ®_¿©","372","3","C:\Users\wesley\Desktop\MeuRag\data\palette\¸ö\'Å¸Á¶·¹ÀÎÁ®_¿©_3.pal","C:\Users\wesley\Desktop\MeuRag\data\palette\¸ö\'Å¸Á¶·¹ÀÎÁ®_¿©_372.pal"
"'Å¸Á¶·¹ÀÎÁ®_¿©","373","3","C:\Users\wesley\Desktop\MeuRag\data\palette\¸ö\'Å¸Á¶·¹ÀÎÁ®_¿©_3.pal","C:\Users\wesley\Desktop\MeuRag\data\palette\¸ö\'Å¸Á¶·¹ÀÎÁ®_¿©_373.pal"
"'Å¸Á¶·¹ÀÎÁ®_¿©","374","3","C:\Users\wesley\Desktop\MeuRag\data\palette\¸ö\'Å¸Á¶·¹ÀÎÁ®_¿©_3.pal","C:\Users\wesley\Desktop\MeuRag\data\palette\¸ö\'Å¸Á¶·¹ÀÎÁ®_¿©_374.pal"
"'Å¸Á¶·¹ÀÎÁ®_¿©","375","3","C:\Users\wesley\Desktop\MeuRag\data\palette\¸ö\'Å¸Á¶·¹ÀÎÁ®_¿©_3.pal","C:\Users\wesley\Desktop\MeuRag\data\palette\¸ö\'Å¸Á¶·¹ÀÎÁ®_¿©_375.pal"
"'Å¸Á¶·¹ÀÎÁ®_¿©","376","3","C:\Users\wesley\Desktop\MeuRag\data\palette\¸ö\'Å¸Á¶·¹ÀÎÁ®_¿©_3.pal","C:\Users\wesley\Desktop\MeuRag\data\palette\¸ö\'Å¸Á¶·¹ÀÎÁ®_¿©_376.pal"
"'Å¸Á¶·¹ÀÎÁ®_¿©","377","3","C:\Users\wesley\Desktop\MeuRag\data\palette\¸ö\'Å¸Á¶·¹ÀÎÁ®_¿©_3.pal","C:\Users\wesley\Desktop\MeuRag\data\palette\¸ö\'Å¸Á¶·¹ÀÎÁ®_¿©_377.pal"
"'Å¸Á¶·¹ÀÎÁ®_¿©","378","3","C:\Users\wesley\Desktop\MeuRag\data\palette\¸ö\'Å¸Á¶·¹ÀÎÁ®_¿©_3.pal","C:\Users\wesley\Desktop\MeuRag\data\palette\¸ö\'Å¸Á¶·¹ÀÎÁ®_¿©_378.pal"
"'Å¸Á¶·¹ÀÎÁ®_¿©","379","3","C:\Users\wesley\Desktop\MeuRag\data\palette\¸ö\'Å¸Á¶·¹ÀÎÁ®_¿©_3.pal","C:\Users\wesley\Desktop\MeuRag\data\palette\¸ö\'Å¸Á¶·¹ÀÎÁ®_¿©_379.pal"
"'Å¸Á¶·¹ÀÎÁ®_¿©","380","3","C:\Users\wesley\Desktop\MeuRag\data\palette\¸ö\'Å¸Á¶·¹ÀÎÁ®_¿©_3.pal","C:\Users\wesley\Desktop\MeuRag\data\palette\¸ö\'Å¸Á¶·¹ÀÎÁ®_¿©_380.pal"
"'Å¸Á¶·¹ÀÎÁ®_¿©","381","3","C:\Users\wesley\Desktop\MeuRag\data\palette\¸ö\'Å¸Á¶·¹ÀÎÁ®_¿©_3.pal","C:\Users\wesley\Desktop\MeuRag\data\palette\¸ö\'Å¸Á¶·¹ÀÎÁ®_¿©_381.pal"
"'Å¸Á¶·¹ÀÎÁ®_¿©","382","3","C:\Users\wesley\Desktop\MeuRag\data\palette\¸ö\'Å¸Á¶·¹ÀÎÁ®_¿©_3.pal","C:\Users\wesley\Desktop\MeuRag\data\palette\¸ö\'Å¸Á¶·¹ÀÎÁ®_¿©_382.pal"
"'Å¸Á¶·¹ÀÎÁ®_¿©","383","3","C:\Users\wesley\Desktop\MeuRag\data\palette\¸ö\'Å¸Á¶·¹ÀÎÁ®_¿©_3.pal","C:\Users\wesley\Desktop\MeuRag\data\palette\¸ö\'Å¸Á¶·¹ÀÎÁ®_¿©_383.pal"
"'Å¸Á¶·¹ÀÎÁ®_¿©","384","3","C:\Users\wesley\Desktop\MeuRag\data\palette\¸ö\'Å¸Á¶·¹ÀÎÁ®_¿©_3.pal","C:\Users\wesley\Desktop\MeuRag\data\palette\¸ö\'Å¸Á¶·¹ÀÎÁ®_¿©_384.pal"
"'Å¸Á¶·¹ÀÎÁ®_¿©","385","3","C:\Users\wesley\Desktop\MeuRag\data\palette\¸ö\'Å¸Á¶·¹ÀÎÁ®_¿©_3.pal","C:\Users\wesley\Desktop\MeuRag\data\palette\¸ö\'Å¸Á¶·¹ÀÎÁ®_¿©_385.pal"
"'Å¸Á¶·¹ÀÎÁ®_¿©","386","3","C:\Users\wesley\Desktop\MeuRag\data\palette\¸ö\'Å¸Á¶·¹ÀÎÁ®_¿©_3.pal","C:\Users\wesley\Desktop\MeuRag\data\palette\¸ö\'Å¸Á¶·¹ÀÎÁ®_¿©_386.pal"
"'Å¸Á¶·¹ÀÎÁ®_¿©","387","3","C:\Users\wesley\Desktop\MeuRag\data\palette\¸ö\'Å¸Á¶·¹ÀÎÁ®_¿©_3.pal","C:\Users\wesley\Desktop\MeuRag\data\palette\¸ö\'Å¸Á¶·¹ÀÎÁ®_¿©_387.pal"
"'Å¸Á¶·¹ÀÎÁ®_¿©","388","3","C:\Users\wesley\Desktop\MeuRag\data\palette\¸ö\'Å¸Á¶·¹ÀÎÁ®_¿©_3.pal","C:\Users\wesley\Desktop\MeuRag\data\palette\¸ö\'Å¸Á¶·¹ÀÎÁ®_¿©_388.pal"
"'Å¸Á¶·¹ÀÎÁ®_¿©","389","3","C:\Users\wesley\Desktop\MeuRag\data\palette\¸ö\'Å¸Á¶·¹ÀÎÁ®_¿©_3.pal","C:\Users\wesley\Desktop\MeuRag\data\palette\¸ö\'Å¸Á¶·¹ÀÎÁ®_¿©_389.pal"
"'Å¸Á¶·¹ÀÎÁ®_¿©","390","3","C:\Users\wesley\Desktop\MeuRag\data\palette\¸ö\'Å¸Á¶·¹ÀÎÁ®_¿©_3.pal","C:\Users\wesley\Desktop\MeuRag\data\palette\¸ö\'Å¸Á¶·¹ÀÎÁ®_¿©_390.pal"
"'Å¸Á¶·¹ÀÎÁ®_¿©","391","3","C:\Users\wesley\Desktop\MeuRag\data\palette\¸ö\'Å¸Á¶·¹ÀÎÁ®_¿©_3.pal","C:\Users\wesley\Desktop\MeuRag\data\palette\¸ö\'Å¸Á¶·¹ÀÎÁ®_¿©_391.pal"
"'Å¸Á¶·¹ÀÎÁ®_¿©","392","3","C:\Users\wesley\Desktop\MeuRag\data\palette\¸ö\'Å¸Á¶·¹ÀÎÁ®_¿©_3.pal","C:\Users\wesley\Desktop\MeuRag\data\palette\¸ö\'Å¸Á¶·¹ÀÎÁ®_¿©_392.pal"
"'Å¸Á¶·¹ÀÎÁ®_¿©","393","3","C:\Users\wesley\Desktop\MeuRag\data\palette\¸ö\'Å¸Á¶·¹ÀÎÁ®_¿©_3.pal","C:\Users\wesley\Desktop\MeuRag\data\palette\¸ö\'Å¸Á¶·¹ÀÎÁ®_¿©_393.pal"
"'Å¸Á¶·¹ÀÎÁ®_¿©","394","3","C:\Users\wesley\Desktop\MeuRag\data\palette\¸ö\'Å¸Á¶·¹ÀÎÁ®_¿©_3.pal","C:\Users\wesley\Desktop\MeuRag\data\palette\¸ö\'Å¸Á¶·¹ÀÎÁ®_¿©_394.pal"
"'Å¸Á¶·¹ÀÎÁ®_¿©","395","3","C:\Users\wesley\Desktop\MeuRag\data\palette\¸ö\'Å¸Á¶·¹ÀÎÁ®_¿©_3.pal","C:\Users\wesley\Desktop\MeuRag\data\palette\¸ö\'Å¸Á¶·¹ÀÎÁ®_¿©_395.pal"
"'Å¸Á¶·¹ÀÎÁ®_¿©","396","3","C:\Users\wesley\Desktop\MeuRag\data\palette\¸ö\'Å¸Á¶·¹ÀÎÁ®_¿©_3.pal","C:\Users\wesley\Desktop\MeuRag\data\palette\¸ö\'Å¸Á¶·¹ÀÎÁ®_¿©_396.pal"
"'Å¸Á¶·¹ÀÎÁ®_¿©","397","3","C:\Users\wesley\Desktop\MeuRag\data\palette\¸ö\'Å¸Á¶·¹ÀÎÁ®_¿©_3.pal","C:\Users\wesley\Desktop\MeuRag\data\palette\¸ö\'Å¸Á¶·¹ÀÎÁ®_¿©_397.pal"
"'Å¸Á¶·¹ÀÎÁ®_¿©","398","3","C:\Users\wesley\Desktop\MeuRag\data\palette\¸ö\'Å¸Á¶·¹ÀÎÁ®_¿©_3.pal","C:\Users\wesley\Desktop\MeuRag\data\palette\¸ö\'Å¸Á¶·¹ÀÎÁ®_¿©_398.pal"
"'Å¸Á¶·¹ÀÎÁ®_¿©","399","3","C:\Users\wesley\Desktop\MeuRag\data\palette\¸ö\'Å¸Á¶·¹ÀÎÁ®_¿©_3.pal","C:\Users\wesley\Desktop\MeuRag\data\palette\¸ö\'Å¸Á¶·¹ÀÎÁ®_¿©_399.pal"
"'Å¸Á¶·¹ÀÎÁ®_¿©","400","3","C:\Users\wesley\Desktop\MeuRag\data\palette\¸ö\'Å¸Á¶·¹ÀÎÁ®_¿©_3.pal","C:\Users\wesley\Desktop\MeuRag\data\palette\¸ö\'Å¸Á¶·¹ÀÎÁ®_¿©_400.pal"
"'Å¸Á¶·¹ÀÎÁ®_¿©","401","3","C:\Users\wesley\Desktop\MeuRag\data\palette\¸ö\'Å¸Á¶·¹ÀÎÁ®_¿©_3.pal","C:\Users\wesley\Desktop\MeuRag\data\palette\¸ö\'Å¸Á¶·¹ÀÎÁ®_¿©_401.pal"
"'Å¸Á¶·¹ÀÎÁ®_¿©","402","3","C:\Users\wesley\Desktop\MeuRag\data\palette\¸ö\'Å¸Á¶·¹ÀÎÁ®_¿©_3.pal","C:\Users\wesley\Desktop\MeuRag\data\palette\¸ö\'Å¸Á¶·¹ÀÎÁ®_¿©_402.pal"
"'Å¸Á¶·¹ÀÎÁ®_¿©","403","3","C:\Users\wesley\Desktop\MeuRag\data\palette\¸ö\'Å¸Á¶·¹ÀÎÁ®_¿©_3.pal","C:\Users\wesley\Desktop\MeuRag\data\palette\¸ö\'Å¸Á¶·¹ÀÎÁ®_¿©_403.pal"
"'Å¸Á¶·¹ÀÎÁ®_¿©","404","3","C:\Users\wesley\Desktop\MeuRag\data\palette\¸ö\'Å¸Á¶·¹ÀÎÁ®_¿©_3.pal","C:\Users\wesley\Desktop\MeuRag\data\palette\¸ö\'Å¸Á¶·¹ÀÎÁ®_¿©_404.pal"
"'Å¸Á¶·¹ÀÎÁ®_¿©","405","3","C:\Users\wesley\Desktop\MeuRag\data\palette\¸ö\'Å¸Á¶·¹ÀÎÁ®_¿©_3.pal","C:\Users\wesley\Desktop\MeuRag\data\palette\¸ö\'Å¸Á¶·¹ÀÎÁ®_¿©_405.pal"
"'Å¸Á¶·¹ÀÎÁ®_¿©","406","3","C:\Users\wesley\Desktop\MeuRag\data\palette\¸ö\'Å¸Á¶·¹ÀÎÁ®_¿©_3.pal","C:\Users\wesley\Desktop\MeuRag\data\palette\¸ö\'Å¸Á¶·¹ÀÎÁ®_¿©_406.pal"
"'Å¸Á¶·¹ÀÎÁ®_¿©","407","3","C:\Users\wesley\Desktop\MeuRag\data\palette\¸ö\'Å¸Á¶·¹ÀÎÁ®_¿©_3.pal","C:\Users\wesley\Desktop\MeuRag\data\palette\¸ö\'Å¸Á¶·¹ÀÎÁ®_¿©_407.pal"
"'Å¸Á¶·¹ÀÎÁ®_¿©","408","3","C:\Users\wesley\Desktop\MeuRag\data\palette\¸ö\'Å¸Á¶·¹ÀÎÁ®_¿©_3.pal","C:\Users\wesley\Desktop\MeuRag\data\palette\¸ö\'Å¸Á¶·¹ÀÎÁ®_¿©_408.pal"
"'Å¸Á¶·¹ÀÎÁ®_¿©","409","3","C:\Users\wesley\Desktop\MeuRag\data\palette\¸ö\'Å¸Á¶·¹ÀÎÁ®_¿©_3.pal","C:\Users\wesley\Desktop\MeuRag\data\palette\¸ö\'Å¸Á¶·¹ÀÎÁ®_¿©_409.pal"
"'Å¸Á¶·¹ÀÎÁ®_¿©","410","3","C:\Users\wesley\Desktop\MeuRag\data\palette\¸ö\'Å¸Á¶·¹ÀÎÁ®_¿©_3.pal","C:\Users\wesley\Desktop\MeuRag\data\palette\¸ö\'Å¸Á¶·¹ÀÎÁ®_¿©_410.pal"
"'Å¸Á¶·¹ÀÎÁ®_¿©","411","3","C:\Users\wesley\Desktop\MeuRag\data\palette\¸ö\'Å¸Á¶·¹ÀÎÁ®_¿©_3.pal","C:\Users\wesley\Desktop\MeuRag\data\palette\¸ö\'Å¸Á¶·¹ÀÎÁ®_¿©_411.pal"
"'Å¸Á¶·¹ÀÎÁ®_¿©","412","3","C:\Users\wesley\Desktop\MeuRag\data\palette\¸ö\'Å¸Á¶·¹ÀÎÁ®_¿©_3.pal","C:\Users\wesley\Desktop\MeuRag\data\palette\¸ö\'Å¸Á¶·¹ÀÎÁ®_¿©_412.pal"
"'Å¸Á¶·¹ÀÎÁ®_¿©","413","3","C:\Users\wesley\Desktop\MeuRag\data\palette\¸ö\'Å¸Á¶·¹ÀÎÁ®_¿©_3.pal","C:\Users\wesley\Desktop\MeuRag\data\palette\¸ö\'Å¸Á¶·¹ÀÎÁ®_¿©_413.pal"
"'Å¸Á¶·¹ÀÎÁ®_¿©","414","3","C:\Users\wesley\Desktop\MeuRag\data\palette\¸ö\'Å¸Á¶·¹ÀÎÁ®_¿©_3.pal","C:\Users\wesley\Desktop\MeuRag\data\palette\¸ö\'Å¸Á¶·¹ÀÎÁ®_¿©_414.pal"
"'Å¸Á¶·¹ÀÎÁ®_¿©","415","3","C:\Users\wesley\Desktop\MeuRag\data\palette\¸ö\'Å¸Á¶·¹ÀÎÁ®_¿©_3.pal","C:\Users\wesley\Desktop\MeuRag\data\palette\¸ö\'Å¸Á¶·¹ÀÎÁ®_¿©_415.pal"
"'Å¸Á¶·¹ÀÎÁ®_¿©","416","3","C:\Users\wesley\Desktop\MeuRag\data\palette\¸ö\'Å¸Á¶·¹ÀÎÁ®_¿©_3.pal","C:\Users\wesley\Desktop\MeuRag\data\palette\¸ö\'Å¸Á¶·¹ÀÎÁ®_¿©_416.pal"
"'Å¸Á¶·¹ÀÎÁ®_¿©","417","3","C:\Users\wesley\Desktop\MeuRag\data\palette\¸ö\'Å¸Á¶·¹ÀÎÁ®_¿©_3.pal","C:\Users\wesley\Desktop\MeuRag\data\palette\¸ö\'Å¸Á¶·¹ÀÎÁ®_¿©_417.pal"
"'Å¸Á¶·¹ÀÎÁ®_¿©","418","3","C:\Users\wesley\Desktop\MeuRag\data\palette\¸ö\'Å¸Á¶·¹ÀÎÁ®_¿©_3.pal","C:\Users\wesley\Desktop\MeuRag\data\palette\¸ö\'Å¸Á¶·¹ÀÎÁ®_¿©_418.pal"
"'Å¸Á¶·¹ÀÎÁ®_¿©","419","3","C:\Users\wesley\Desktop\MeuRag\data\palette\¸ö\'Å¸Á¶·¹ÀÎÁ®_¿©_3.pal","C:\Users\wesley\Desktop\MeuRag\data\palette\¸ö\'Å¸Á¶·¹ÀÎÁ®_¿©_419.pal"
"'Å¸Á¶·¹ÀÎÁ®_¿©","420","3","C:\Users\wesley\Desktop\MeuRag\data\palette\¸ö\'Å¸Á¶·¹ÀÎÁ®_¿©_3.pal","C:\Users\wesley\Desktop\MeuRag\data\palette\¸ö\'Å¸Á¶·¹ÀÎÁ®_¿©_420.pal"
"'Å¸Á¶·¹ÀÎÁ®_¿©","421","3","C:\Users\wesley\Desktop\MeuRag\data\palette\¸ö\'Å¸Á¶·¹ÀÎÁ®_¿©_3.pal","C:\Users\wesley\Desktop\MeuRag\data\palette\¸ö\'Å¸Á¶·¹ÀÎÁ®_¿©_421.pal"
"'Å¸Á¶·¹ÀÎÁ®_¿©","422","3","C:\Users\wesley\Desktop\MeuRag\data\palette\¸ö\'Å¸Á¶·¹ÀÎÁ®_¿©_3.pal","C:\Users\wesley\Desktop\MeuRag\data\palette\¸ö\'Å¸Á¶·¹ÀÎÁ®_¿©_422.pal"
"'Å¸Á¶·¹ÀÎÁ®_¿©","423","3","C:\Users\wesley\Desktop\MeuRag\data\palette\¸ö\'Å¸Á¶·¹ÀÎÁ®_¿©_3.pal","C:\Users\wesley\Desktop\MeuRag\data\palette\¸ö\'Å¸Á¶·¹ÀÎÁ®_¿©_423.pal"
"'Å¸Á¶·¹ÀÎÁ®_¿©","424","3","C:\Users\wesley\Desktop\MeuRag\data\palette\¸ö\'Å¸Á¶·¹ÀÎÁ®_¿©_3.pal","C:\Users\wesley\Desktop\MeuRag\data\palette\¸ö\'Å¸Á¶·¹ÀÎÁ®_¿©_424.pal"
"'Å¸Á¶·¹ÀÎÁ®_¿©","425","3","C:\Users\wesley\Desktop\MeuRag\data\palette\¸ö\'Å¸Á¶·¹ÀÎÁ®_¿©_3.pal","C:\Users\wesley\Desktop\MeuRag\data\palette\¸ö\'Å¸Á¶·¹ÀÎÁ®_¿©_425.pal"
"'Å¸Á¶·¹ÀÎÁ®_¿©","426","3","C:\Users\wesley\Desktop\MeuRag\data\palette\¸ö\'Å¸Á¶·¹ÀÎÁ®_¿©_3.pal","C:\Users\wesley\Desktop\MeuRag\data\palette\¸ö\'Å¸Á¶·¹ÀÎÁ®_¿©_426.pal"
"'Å¸Á¶·¹ÀÎÁ®_¿©","427","3","C:\Users\wesley\Desktop\MeuRag\data\palette\¸ö\'Å¸Á¶·¹ÀÎÁ®_¿©_3.pal","C:\Users\wesley\Desktop\MeuRag\data\palette\¸ö\'Å¸Á¶·¹ÀÎÁ®_¿©_427.pal"
"'Å¸Á¶·¹ÀÎÁ®_¿©","428","3","C:\Users\wesley\Desktop\MeuRag\data\palette\¸ö\'Å¸Á¶·¹ÀÎÁ®_¿©_3.pal","C:\Users\wesley\Desktop\MeuRag\data\palette\¸ö\'Å¸Á¶·¹ÀÎÁ®_¿©_428.pal"
"'Å¸Á¶·¹ÀÎÁ®_¿©","429","3","C:\Users\wesley\Desktop\MeuRag\data\palette\¸ö\'Å¸Á¶·¹ÀÎÁ®_¿©_3.pal","C:\Users\wesley\Desktop\MeuRag\data\palette\¸ö\'Å¸Á¶·¹ÀÎÁ®_¿©_429.pal"
"'Å¸Á¶·¹ÀÎÁ®_¿©","430","3","C:\Users\wesley\Desktop\MeuRag\data\palette\¸ö\'Å¸Á¶·¹ÀÎÁ®_¿©_3.pal","C:\Users\wesley\Desktop\MeuRag\data\palette\¸ö\'Å¸Á¶·¹ÀÎÁ®_¿©_430.pal"
"'Å¸Á¶·¹ÀÎÁ®_¿©","431","3","C:\Users\wesley\Desktop\MeuRag\data\palette\¸ö\'Å¸Á¶·¹ÀÎÁ®_¿©_3.pal","C:\Users\wesley\Desktop\MeuRag\data\palette\¸ö\'Å¸Á¶·¹ÀÎÁ®_¿©_431.pal"
"'Å¸Á¶·¹ÀÎÁ®_¿©","432","3","C:\Users\wesley\Desktop\MeuRag\data\palette\¸ö\'Å¸Á¶·¹ÀÎÁ®_¿©_3.pal","C:\Users\wesley\Desktop\MeuRag\data\palette\¸ö\'Å¸Á¶·¹ÀÎÁ®_¿©_432.pal"
"'Å¸Á¶·¹ÀÎÁ®_¿©","433","3","C:\Users\wesley\Desktop\MeuRag\data\palette\¸ö\'Å¸Á¶·¹ÀÎÁ®_¿©_3.pal","C:\Users\wesley\Desktop\MeuRag\data\palette\¸ö\'Å¸Á¶·¹ÀÎÁ®_¿©_433.pal"
"'Å¸Á¶·¹ÀÎÁ®_¿©","434","3","C:\Users\wesley\Desktop\MeuRag\data\palette\¸ö\'Å¸Á¶·¹ÀÎÁ®_¿©_3.pal","C:\Users\wesley\Desktop\MeuRag\data\palette\¸ö\'Å¸Á¶·¹ÀÎÁ®_¿©_434.pal"
"'Å¸Á¶·¹ÀÎÁ®_¿©","435","3","C:\Users\wesley\Desktop\MeuRag\data\palette\¸ö\'Å¸Á¶·¹ÀÎÁ®_¿©_3.pal","C:\Users\wesley\Desktop\MeuRag\data\palette\¸ö\'Å¸Á¶·¹ÀÎÁ®_¿©_435.pal"
"'Å¸Á¶·¹ÀÎÁ®_¿©","436","3","C:\Users\wesley\Desktop\MeuRag\data\palette\¸ö\'Å¸Á¶·¹ÀÎÁ®_¿©_3.pal","C:\Users\wesley\Desktop\MeuRag\data\palette\¸ö\'Å¸Á¶·¹ÀÎÁ®_¿©_436.pal"
"'Å¸Á¶·¹ÀÎÁ®_¿©","437","3","C:\Users\wesley\Desktop\MeuRag\data\palette\¸ö\'Å¸Á¶·¹ÀÎÁ®_¿©_3.pal","C:\Users\wesley\Desktop\MeuRag\data\palette\¸ö\'Å¸Á¶·¹ÀÎÁ®_¿©_437.pal"
"'Å¸Á¶·¹ÀÎÁ®_¿©","438","3","C:\Users\wesley\Desktop\MeuRag\data\palette\¸ö\'Å¸Á¶·¹ÀÎÁ®_¿©_3.pal","C:\Users\wesley\Desktop\MeuRag\data\palette\¸ö\'Å¸Á¶·¹ÀÎÁ®_¿©_438.pal"
"'Å¸Á¶·¹ÀÎÁ®_¿©","439","3","C:\Users\wesley\Desktop\MeuRag\data\palette\¸ö\'Å¸Á¶·¹ÀÎÁ®_¿©_3.pal","C:\Users\wesley\Desktop\MeuRag\data\palette\¸ö\'Å¸Á¶·¹ÀÎÁ®_¿©_439.pal"
"'Å¸Á¶·¹ÀÎÁ®_¿©","440","3","C:\Users\wesley\Desktop\MeuRag\data\palette\¸ö\'Å¸Á¶·¹ÀÎÁ®_¿©_3.pal","C:\Users\wesley\Desktop\MeuRag\data\palette\¸ö\'Å¸Á¶·¹ÀÎÁ®_¿©_440.pal"
"'Å¸Á¶·¹ÀÎÁ®_¿©","441","3","C:\Users\wesley\Desktop\MeuRag\data\palette\¸ö\'Å¸Á¶·¹ÀÎÁ®_¿©_3.pal","C:\Users\wesley\Desktop\MeuRag\data\palette\¸ö\'Å¸Á¶·¹ÀÎÁ®_¿©_441.pal"
"'Å¸Á¶·¹ÀÎÁ®_¿©","442","3","C:\Users\wesley\Desktop\MeuRag\data\palette\¸ö\'Å¸Á¶·¹ÀÎÁ®_¿©_3.pal","C:\Users\wesley\Desktop\MeuRag\data\palette\¸ö\'Å¸Á¶·¹ÀÎÁ®_¿©_442.pal"
"'Å¸Á¶·¹ÀÎÁ®_¿©","443","3","C:\Users\wesley\Desktop\MeuRag\data\palette\¸ö\'Å¸Á¶·¹ÀÎÁ®_¿©_3.pal","C:\Users\wesley\Desktop\MeuRag\data\palette\¸ö\'Å¸Á¶·¹ÀÎÁ®_¿©_443.pal"
"'Å¸Á¶·¹ÀÎÁ®_¿©","444","3","C:\Users\wesley\Desktop\MeuRag\data\palette\¸ö\'Å¸Á¶·¹ÀÎÁ®_¿©_3.pal","C:\Users\wesley\Desktop\MeuRag\data\palette\¸ö\'Å¸Á¶·¹ÀÎÁ®_¿©_444.pal"
"'Å¸Á¶·¹ÀÎÁ®_¿©","445","3","C:\Users\wesley\Desktop\MeuRag\data\palette\¸ö\'Å¸Á¶·¹ÀÎÁ®_¿©_3.pal","C:\Users\wesley\Desktop\MeuRag\data\palette\¸ö\'Å¸Á¶·¹ÀÎÁ®_¿©_445.pal"
"'Å¸Á¶·¹ÀÎÁ®_¿©","446","3","C:\Users\wesley\Desktop\MeuRag\data\palette\¸ö\'Å¸Á¶·¹ÀÎÁ®_¿©_3.pal","C:\Users\wesley\Desktop\MeuRag\data\palette\¸ö\'Å¸Á¶·¹ÀÎÁ®_¿©_446.pal"
"'Å¸Á¶·¹ÀÎÁ®_¿©","447","3","C:\Users\wesley\Desktop\MeuRag\data\palette\¸ö\'Å¸Á¶·¹ÀÎÁ®_¿©_3.pal","C:\Users\wesley\Desktop\MeuRag\data\palette\¸ö\'Å¸Á¶·¹ÀÎÁ®_¿©_447.pal"
"'Å¸Á¶·¹ÀÎÁ®_¿©","448","3","C:\Users\wesley\Desktop\MeuRag\data\palette\¸ö\'Å¸Á¶·¹ÀÎÁ®_¿©_3.pal","C:\Users\wesley\Desktop\MeuRag\data\palette\¸ö\'Å¸Á¶·¹ÀÎÁ®_¿©_448.pal"
"'Å¸Á¶·¹ÀÎÁ®_¿©","449","3","C:\Users\wesley\Desktop\MeuRag\data\palette\¸ö\'Å¸Á¶·¹ÀÎÁ®_¿©_3.pal","C:\Users\wesley\Desktop\MeuRag\data\palette\¸ö\'Å¸Á¶·¹ÀÎÁ®_¿©_449.pal"
"'Å¸Á¶·¹ÀÎÁ®_¿©","450","3","C:\Users\wesley\Desktop\MeuRag\data\palette\¸ö\'Å¸Á¶·¹ÀÎÁ®_¿©_3.pal","C:\Users\wesley\Desktop\MeuRag\data\palette\¸ö\'Å¸Á¶·¹ÀÎÁ®_¿©_450.pal"
"'Å¸Á¶·¹ÀÎÁ®_¿©","451","3","C:\Users\wesley\Desktop\MeuRag\data\palette\¸ö\'Å¸Á¶·¹ÀÎÁ®_¿©_3.pal","C:\Users\wesley\Desktop\MeuRag\data\palette\¸ö\'Å¸Á¶·¹ÀÎÁ®_¿©_451.pal"
"'Å¸Á¶·¹ÀÎÁ®_¿©","452","3","C:\Users\wesley\Desktop\MeuRag\data\palette\¸ö\'Å¸Á¶·¹ÀÎÁ®_¿©_3.pal","C:\Users\wesley\Desktop\MeuRag\data\palette\¸ö\'Å¸Á¶·¹ÀÎÁ®_¿©_452.pal"
"'Å¸Á¶·¹ÀÎÁ®_¿©","453","3","C:\Users\wesley\Desktop\MeuRag\data\palette\¸ö\'Å¸Á¶·¹ÀÎÁ®_¿©_3.pal","C:\Users\wesley\Desktop\MeuRag\data\palette\¸ö\'Å¸Á¶·¹ÀÎÁ®_¿©_453.pal"
"'Å¸Á¶·¹ÀÎÁ®_¿©","454","3","C:\Users\wesley\Desktop\MeuRag\data\palette\¸ö\'Å¸Á¶·¹ÀÎÁ®_¿©_3.pal","C:\Users\wesley\Desktop\MeuRag\data\palette\¸ö\'Å¸Á¶·¹ÀÎÁ®_¿©_454.pal"
"'Å¸Á¶·¹ÀÎÁ®_¿©","455","3","C:\Users\wesley\Desktop\MeuRag\data\palette\¸ö\'Å¸Á¶·¹ÀÎÁ®_¿©_3.pal","C:\Users\wesley\Desktop\MeuRag\data\palette\¸ö\'Å¸Á¶·¹ÀÎÁ®_¿©_455.pal"
"'Å¸Á¶·¹ÀÎÁ®_¿©","456","3","C:\Users\wesley\Desktop\MeuRag\data\palette\¸ö\'Å¸Á¶·¹ÀÎÁ®_¿©_3.pal","C:\Users\wesley\Desktop\MeuRag\data\palette\¸ö\'Å¸Á¶·¹ÀÎÁ®_¿©_456.pal"
"'Å¸Á¶·¹ÀÎÁ®_¿©","457","3","C:\Users\wesley\Desktop\MeuRag\data\palette\¸ö\'Å¸Á¶·¹ÀÎÁ®_¿©_3.pal","C:\Users\wesley\Desktop\MeuRag\data\palette\¸ö\'Å¸Á¶·¹ÀÎÁ®_¿©_457.pal"
"'Å¸Á¶·¹ÀÎÁ®_¿©","458","3","C:\Users\wesley\Desktop\MeuRag\data\palette\¸ö\'Å¸Á¶·¹ÀÎÁ®_¿©_3.pal","C:\Users\wesley\Desktop\MeuRag\data\palette\¸ö\'Å¸Á¶·¹ÀÎÁ®_¿©_458.pal"
"'Å¸Á¶·¹ÀÎÁ®_¿©","459","3","C:\Users\wesley\Desktop\MeuRag\data\palette\¸ö\'Å¸Á¶·¹ÀÎÁ®_¿©_3.pal","C:\Users\wesley\Desktop\MeuRag\data\palette\¸ö\'Å¸Á¶·¹ÀÎÁ®_¿©_459.pal"
"'Å¸Á¶·¹ÀÎÁ®_¿©","460","3","C:\Users\wesley\Desktop\MeuRag\data\palette\¸ö\'Å¸Á¶·¹ÀÎÁ®_¿©_3.pal","C:\Users\wesley\Desktop\MeuRag\data\palette\¸ö\'Å¸Á¶·¹ÀÎÁ®_¿©_460.pal"
"'Å¸Á¶·¹ÀÎÁ®_¿©","461","3","C:\Users\wesley\Desktop\MeuRag\data\palette\¸ö\'Å¸Á¶·¹ÀÎÁ®_¿©_3.pal","C:\Users\wesley\Desktop\MeuRag\data\palette\¸ö\'Å¸Á¶·¹ÀÎÁ®_¿©_461.pal"
"'Å¸Á¶·¹ÀÎÁ®_¿©","462","3","C:\Users\wesley\Desktop\MeuRag\data\palette\¸ö\'Å¸Á¶·¹ÀÎÁ®_¿©_3.pal","C:\Users\wesley\Desktop\MeuRag\data\palette\¸ö\'Å¸Á¶·¹ÀÎÁ®_¿©_462.pal"
"'Å¸Á¶·¹ÀÎÁ®_¿©","463","3","C:\Users\wesley\Desktop\MeuRag\data\palette\¸ö\'Å¸Á¶·¹ÀÎÁ®_¿©_3.pal","C:\Users\wesley\Desktop\MeuRag\data\palette\¸ö\'Å¸Á¶·¹ÀÎÁ®_¿©_463.pal"
"'Å¸Á¶·¹ÀÎÁ®_¿©","464","3","C:\Users\wesley\Desktop\MeuRag\data\palette\¸ö\'Å¸Á¶·¹ÀÎÁ®_¿©_3.pal","C:\Users\wesley\Desktop\MeuRag\data\palette\¸ö\'Å¸Á¶·¹ÀÎÁ®_¿©_464.pal"
"'Å¸Á¶·¹ÀÎÁ®_¿©","465","3","C:\Users\wesley\Desktop\MeuRag\data\palette\¸ö\'Å¸Á¶·¹ÀÎÁ®_¿©_3.pal","C:\Users\wesley\Desktop\MeuRag\data\palette\¸ö\'Å¸Á¶·¹ÀÎÁ®_¿©_465.pal"
"'Å¸Á¶·¹ÀÎÁ®_¿©","466","3","C:\Users\wesley\Desktop\MeuRag\data\palette\¸ö\'Å¸Á¶·¹ÀÎÁ®_¿©_3.pal","C:\Users\wesley\Desktop\MeuRag\data\palette\¸ö\'Å¸Á¶·¹ÀÎÁ®_¿©_466.pal"
"'Å¸Á¶·¹ÀÎÁ®_¿©","467","3","C:\Users\wesley\Desktop\MeuRag\data\palette\¸ö\'Å¸Á¶·¹ÀÎÁ®_¿©_3.pal","C:\Users\wesley\Desktop\MeuRag\data\palette\¸ö\'Å¸Á¶·¹ÀÎÁ®_¿©_467.pal"
"'Å¸Á¶·¹ÀÎÁ®_¿©","468","3","C:\Users\wesley\Desktop\MeuRag\data\palette\¸ö\'Å¸Á¶·¹ÀÎÁ®_¿©_3.pal","C:\Users\wesley\Desktop\MeuRag\data\palette\¸ö\'Å¸Á¶·¹ÀÎÁ®_¿©_468.pal"
"'Å¸Á¶·¹ÀÎÁ®_¿©","469","3","C:\Users\wesley\Desktop\MeuRag\data\palette\¸ö\'Å¸Á¶·¹ÀÎÁ®_¿©_3.pal","C:\Users\wesley\Desktop\MeuRag\data\palette\¸ö\'Å¸Á¶·¹ÀÎÁ®_¿©_469.pal"
"'Å¸Á¶·¹ÀÎÁ®_¿©","470","3","C:\Users\wesley\Desktop\MeuRag\data\palette\¸ö\'Å¸Á¶·¹ÀÎÁ®_¿©_3.pal","C:\Users\wesley\Desktop\MeuRag\data\palette\¸ö\'Å¸Á¶·¹ÀÎÁ®_¿©_470.pal"
"'Å¸Á¶·¹ÀÎÁ®_¿©","471","3","C:\Users\wesley\Desktop\MeuRag\data\palette\¸ö\'Å¸Á¶·¹ÀÎÁ®_¿©_3.pal","C:\Users\wesley\Desktop\MeuRag\data\palette\¸ö\'Å¸Á¶·¹ÀÎÁ®_¿©_471.pal"
"'Å¸Á¶·¹ÀÎÁ®_¿©","472","3","C:\Users\wesley\Desktop\MeuRag\data\palette\¸ö\'Å¸Á¶·¹ÀÎÁ®_¿©_3.pal","C:\Users\wesley\Desktop\MeuRag\data\palette\¸ö\'Å¸Á¶·¹ÀÎÁ®_¿©_472.pal"
"'Å¸Á¶·¹ÀÎÁ®_¿©","473","3","C:\Users\wesley\Desktop\MeuRag\data\palette\¸ö\'Å¸Á¶·¹ÀÎÁ®_¿©_3.pal","C:\Users\wesley\Desktop\MeuRag\data\palette\¸ö\'Å¸Á¶·¹ÀÎÁ®_¿©_473.pal"
"'Å¸Á¶·¹ÀÎÁ®_¿©","474","3","C:\Users\wesley\Desktop\MeuRag\data\palette\¸ö\'Å¸Á¶·¹ÀÎÁ®_¿©_3.pal","C:\Users\wesley\Desktop\MeuRag\data\palette\¸ö\'Å¸Á¶·¹ÀÎÁ®_¿©_474.pal"
"'Å¸Á¶·¹ÀÎÁ®_¿©","475","3","C:\Users\wesley\Desktop\MeuRag\data\palette\¸ö\'Å¸Á¶·¹ÀÎÁ®_¿©_3.pal","C:\Users\wesley\Desktop\MeuRag\data\palette\¸ö\'Å¸Á¶·¹ÀÎÁ®_¿©_475.pal"
"'Å¸Á¶·¹ÀÎÁ®_¿©","476","3","C:\Users\wesley\Desktop\MeuRag\data\palette\¸ö\'Å¸Á¶·¹ÀÎÁ®_¿©_3.pal","C:\Users\wesley\Desktop\MeuRag\data\palette\¸ö\'Å¸Á¶·¹ÀÎÁ®_¿©_476.pal"
"'Å¸Á¶·¹ÀÎÁ®_¿©","477","3","C:\Users\wesley\Desktop\MeuRag\data\palette\¸ö\'Å¸Á¶·¹ÀÎÁ®_¿©_3.pal","C:\Users\wesley\Desktop\MeuRag\data\palette\¸ö\'Å¸Á¶·¹ÀÎÁ®_¿©_477.pal"
"'Å¸Á¶·¹ÀÎÁ®_¿©","478","3","C:\Users\wesley\Desktop\MeuRag\data\palette\¸ö\'Å¸Á¶·¹ÀÎÁ®_¿©_3.pal","C:\Users\wesley\Desktop\MeuRag\data\palette\¸ö\'Å¸Á¶·¹ÀÎÁ®_¿©_478.pal"
"'Å¸Á¶·¹ÀÎÁ®_¿©","479","3","C:\Users\wesley\Desktop\MeuRag\data\palette\¸ö\'Å¸Á¶·¹ÀÎÁ®_¿©_3.pal","C:\Users\wesley\Desktop\MeuRag\data\palette\¸ö\'Å¸Á¶·¹ÀÎÁ®_¿©_479.pal"
"'Å¸Á¶·¹ÀÎÁ®_¿©","480","3","C:\Users\wesley\Desktop\MeuRag\data\palette\¸ö\'Å¸Á¶·¹ÀÎÁ®_¿©_3.pal","C:\Users\wesley\Desktop\MeuRag\data\palette\¸ö\'Å¸Á¶·¹ÀÎÁ®_¿©_480.pal"
"'Å¸Á¶·¹ÀÎÁ®_¿©","481","3","C:\Users\wesley\Desktop\MeuRag\data\palette\¸ö\'Å¸Á¶·¹ÀÎÁ®_¿©_3.pal","C:\Users\wesley\Desktop\MeuRag\data\palette\¸ö\'Å¸Á¶·¹ÀÎÁ®_¿©_481.pal"
"'Å¸Á¶·¹ÀÎÁ®_¿©","482","3","C:\Users\wesley\Desktop\MeuRag\data\palette\¸ö\'Å¸Á¶·¹ÀÎÁ®_¿©_3.pal","C:\Users\wesley\Desktop\MeuRag\data\palette\¸ö\'Å¸Á¶·¹ÀÎÁ®_¿©_482.pal"
"'Å¸Á¶·¹ÀÎÁ®_¿©","483","3","C:\Users\wesley\Desktop\MeuRag\data\palette\¸ö\'Å¸Á¶·¹ÀÎÁ®_¿©_3.pal","C:\Users\wesley\Desktop\MeuRag\data\palette\¸ö\'Å¸Á¶·¹ÀÎÁ®_¿©_483.pal"
"'Å¸Á¶·¹ÀÎÁ®_¿©","484","3","C:\Users\wesley\Desktop\MeuRag\data\palette\¸ö\'Å¸Á¶·¹ÀÎÁ®_¿©_3.pal","C:\Users\wesley\Desktop\MeuRag\data\palette\¸ö\'Å¸Á¶·¹ÀÎÁ®_¿©_484.pal"
"'Å¸Á¶·¹ÀÎÁ®_¿©","485","3","C:\Users\wesley\Desktop\MeuRag\data\palette\¸ö\'Å¸Á¶·¹ÀÎÁ®_¿©_3.pal","C:\Users\wesley\Desktop\MeuRag\data\palette\¸ö\'Å¸Á¶·¹ÀÎÁ®_¿©_485.pal"
"'Å¸Á¶·¹ÀÎÁ®_¿©","486","3","C:\Users\wesley\Desktop\MeuRag\data\palette\¸ö\'Å¸Á¶·¹ÀÎÁ®_¿©_3.pal","C:\Users\wesley\Desktop\MeuRag\data\palette\¸ö\'Å¸Á¶·¹ÀÎÁ®_¿©_486.pal"
"'Å¸Á¶·¹ÀÎÁ®_¿©","487","3","C:\Users\wesley\Desktop\MeuRag\data\palette\¸ö\'Å¸Á¶·¹ÀÎÁ®_¿©_3.pal","C:\Users\wesley\Desktop\MeuRag\data\palette\¸ö\'Å¸Á¶·¹ÀÎÁ®_¿©_487.pal"
"'Å¸Á¶·¹ÀÎÁ®_¿©","488","3","C:\Users\wesley\Desktop\MeuRag\data\palette\¸ö\'Å¸Á¶·¹ÀÎÁ®_¿©_3.pal","C:\Users\wesley\Desktop\MeuRag\data\palette\¸ö\'Å¸Á¶·¹ÀÎÁ®_¿©_488.pal"
"'Å¸Á¶·¹ÀÎÁ®_¿©","489","3","C:\Users\wesley\Desktop\MeuRag\data\palette\¸ö\'Å¸Á¶·¹ÀÎÁ®_¿©_3.pal","C:\Users\wesley\Desktop\MeuRag\data\palette\¸ö\'Å¸Á¶·¹ÀÎÁ®_¿©_489.pal"
"'Å¸Á¶·¹ÀÎÁ®_¿©","490","3","C:\Users\wesley\Desktop\MeuRag\data\palette\¸ö\'Å¸Á¶·¹ÀÎÁ®_¿©_3.pal","C:\Users\wesley\Desktop\MeuRag\data\palette\¸ö\'Å¸Á¶·¹ÀÎÁ®_¿©_490.pal"
"'Å¸Á¶·¹ÀÎÁ®_¿©","491","3","C:\Users\wesley\Desktop\MeuRag\data\palette\¸ö\'Å¸Á¶·¹ÀÎÁ®_¿©_3.pal","C:\Users\wesley\Desktop\MeuRag\data\palette\¸ö\'Å¸Á¶·¹ÀÎÁ®_¿©_491.pal"
"'Å¸Á¶·¹ÀÎÁ®_¿©","492","3","C:\Users\wesley\Desktop\MeuRag\data\palette\¸ö\'Å¸Á¶·¹ÀÎÁ®_¿©_3.pal","C:\Users\wesley\Desktop\MeuRag\data\palette\¸ö\'Å¸Á¶·¹ÀÎÁ®_¿©_492.pal"
"'Å¸Á¶·¹ÀÎÁ®_¿©","493","3","C:\Users\wesley\Desktop\MeuRag\data\palette\¸ö\'Å¸Á¶·¹ÀÎÁ®_¿©_3.pal","C:\Users\wesley\Desktop\MeuRag\data\palette\¸ö\'Å¸Á¶·¹ÀÎÁ®_¿©_493.pal"
"'Å¸Á¶·¹ÀÎÁ®_¿©","494","3","C:\Users\wesley\Desktop\MeuRag\data\palette\¸ö\'Å¸Á¶·¹ÀÎÁ®_¿©_3.pal","C:\Users\wesley\Desktop\MeuRag\data\palette\¸ö\'Å¸Á¶·¹ÀÎÁ®_¿©_494.pal"
"'Å¸Á¶·¹ÀÎÁ®_¿©","495","3","C:\Users\wesley\Desktop\MeuRag\data\palette\¸ö\'Å¸Á¶·¹ÀÎÁ®_¿©_3.pal","C:\Users\wesley\Desktop\MeuRag\data\palette\¸ö\'Å¸Á¶·¹ÀÎÁ®_¿©_495.pal"
"'Å¸Á¶·¹ÀÎÁ®_¿©","496","3","C:\Users\wesley\Desktop\MeuRag\data\palette\¸ö\'Å¸Á¶·¹ÀÎÁ®_¿©_3.pal","C:\Users\wesley\Desktop\MeuRag\data\palette\¸ö\'Å¸Á¶·¹ÀÎÁ®_¿©_496.pal"
"'Å¸Á¶·¹ÀÎÁ®_¿©","497","3","C:\Users\wesley\Desktop\MeuRag\data\palette\¸ö\'Å¸Á¶·¹ÀÎÁ®_¿©_3.pal","C:\Users\wesley\Desktop\MeuRag\data\palette\¸ö\'Å¸Á¶·¹ÀÎÁ®_¿©_497.pal"
"'Å¸Á¶·¹ÀÎÁ®_¿©","498","3","C:\Users\wesley\Desktop\MeuRag\data\palette\¸ö\'Å¸Á¶·¹ÀÎÁ®_¿©_3.pal","C:\Users\wesley\Desktop\MeuRag\data\palette\¸ö\'Å¸Á¶·¹ÀÎÁ®_¿©_498.pal"
"'Å¸Á¶·¹ÀÎÁ®_¿©","499","3","C:\Users\wesley\Desktop\MeuRag\data\palette\¸ö\'Å¸Á¶·¹ÀÎÁ®_¿©_3.pal","C:\Users\wesley\Desktop\MeuRag\data\palette\¸ö\'Å¸Á¶·¹ÀÎÁ®_¿©_499.pal"
"'Å¸Á¶·¹ÀÎÁ®_¿©","500","3","C:\Users\wesley\Desktop\MeuRag\data\palette\¸ö\'Å¸Á¶·¹ÀÎÁ®_¿©_3.pal","C:\Users\wesley\Desktop\MeuRag\data\palette\¸ö\'Å¸Á¶·¹ÀÎÁ®_¿©_500.pal"
"'Å¸Á¶·¹ÀÎÁ®_¿©","501","3","C:\Users\wesley\Desktop\MeuRag\data\palette\¸ö\'Å¸Á¶·¹ÀÎÁ®_¿©_3.pal","C:\Users\wesley\Desktop\MeuRag\data\palette\¸ö\'Å¸Á¶·¹ÀÎÁ®_¿©_501.pal"
"'Å¸Á¶·¹ÀÎÁ®_¿©","502","3","C:\Users\wesley\Desktop\MeuRag\data\palette\¸ö\'Å¸Á¶·¹ÀÎÁ®_¿©_3.pal","C:\Users\wesley\Desktop\MeuRag\data\palette\¸ö\'Å¸Á¶·¹ÀÎÁ®_¿©_502.pal"
"'Å¸Á¶·¹ÀÎÁ®_¿©","503","3","C:\Users\wesley\Desktop\MeuRag\data\palette\¸ö\'Å¸Á¶·¹ÀÎÁ®_¿©_3.pal","C:\Users\wesley\Desktop\MeuRag\data\palette\¸ö\'Å¸Á¶·¹ÀÎÁ®_¿©_503.pal"
"'Å¸Á¶·¹ÀÎÁ®_¿©","504","3","C:\Users\wesley\Desktop\MeuRag\data\palette\¸ö\'Å¸Á¶·¹ÀÎÁ®_¿©_3.pal","C:\Users\wesley\Desktop\MeuRag\data\palette\¸ö\'Å¸Á¶·¹ÀÎÁ®_¿©_504.pal"
"'Å¸Á¶·¹ÀÎÁ®_¿©","505","3","C:\Users\wesley\Desktop\MeuRag\data\palette\¸ö\'Å¸Á¶·¹ÀÎÁ®_¿©_3.pal","C:\Users\wesley\Desktop\MeuRag\data\palette\¸ö\'Å¸Á¶·¹ÀÎÁ®_¿©_505.pal"
"'Å¸Á¶·¹ÀÎÁ®_¿©","506","3","C:\Users\wesley\Desktop\MeuRag\data\palette\¸ö\'Å¸Á¶·¹ÀÎÁ®_¿©_3.pal","C:\Users\wesley\Desktop\MeuRag\data\palette\¸ö\'Å¸Á¶·¹ÀÎÁ®_¿©_506.pal"
"'Å¸Á¶·¹ÀÎÁ®_¿©","507","3","C:\Users\wesley\Desktop\MeuRag\data\palette\¸ö\'Å¸Á¶·¹ÀÎÁ®_¿©_3.pal","C:\Users\wesley\Desktop\MeuRag\data\palette\¸ö\'Å¸Á¶·¹ÀÎÁ®_¿©_507.pal"
"'Å¸Á¶·¹ÀÎÁ®_¿©","508","3","C:\Users\wesley\Desktop\MeuRag\data\palette\¸ö\'Å¸Á¶·¹ÀÎÁ®_¿©_3.pal","C:\Users\wesley\Desktop\MeuRag\data\palette\¸ö\'Å¸Á¶·¹ÀÎÁ®_¿©_508.pal"
"'Å¸Á¶·¹ÀÎÁ®_¿©","509","3","C:\Users\wesley\Desktop\MeuRag\data\palette\¸ö\'Å¸Á¶·¹ÀÎÁ®_¿©_3.pal","C:\Users\wesley\Desktop\MeuRag\data\palette\¸ö\'Å¸Á¶·¹ÀÎÁ®_¿©_509.pal"
"'Å¸Á¶·¹ÀÎÁ®_¿©","510","3","C:\Users\wesley\Desktop\MeuRag\data\palette\¸ö\'Å¸Á¶·¹ÀÎÁ®_¿©_3.pal","C:\Users\wesley\Desktop\MeuRag\data\palette\¸ö\'Å¸Á¶·¹ÀÎÁ®_¿©_510.pal"
"'Å¸Á¶·¹ÀÎÁ®_¿©","511","3","C:\Users\wesley\Desktop\MeuRag\data\palette\¸ö\'Å¸Á¶·¹ÀÎÁ®_¿©_3.pal","C:\Users\wesley\Desktop\MeuRag\data\palette\¸ö\'Å¸Á¶·¹ÀÎÁ®_¿©_511.pal"
"'Å¸Á¶·¹ÀÎÁ®_¿©","512","3","C:\Users\wesley\Desktop\MeuRag\data\palette\¸ö\'Å¸Á¶·¹ÀÎÁ®_¿©_3.pal","C:\Users\wesley\Desktop\MeuRag\data\palette\¸ö\'Å¸Á¶·¹ÀÎÁ®_¿©_512.pal"
"'Å¸Á¶·¹ÀÎÁ®_¿©","513","3","C:\Users\wesley\Desktop\MeuRag\data\palette\¸ö\'Å¸Á¶·¹ÀÎÁ®_¿©_3.pal","C:\Users\wesley\Desktop\MeuRag\data\palette\¸ö\'Å¸Á¶·¹ÀÎÁ®_¿©_513.pal"
"'Å¸Á¶·¹ÀÎÁ®_¿©","514","3","C:\Users\wesley\Desktop\MeuRag\data\palette\¸ö\'Å¸Á¶·¹ÀÎÁ®_¿©_3.pal","C:\Users\wesley\Desktop\MeuRag\data\palette\¸ö\'Å¸Á¶·¹ÀÎÁ®_¿©_514.pal"
"'Å¸Á¶·¹ÀÎÁ®_¿©","515","3","C:\Users\wesley\Desktop\MeuRag\data\palette\¸ö\'Å¸Á¶·¹ÀÎÁ®_¿©_3.pal","C:\Users\wesley\Desktop\MeuRag\data\palette\¸ö\'Å¸Á¶·¹ÀÎÁ®_¿©_515.pal"
"'Å¸Á¶·¹ÀÎÁ®_¿©","516","3","C:\Users\wesley\Desktop\MeuRag\data\palette\¸ö\'Å¸Á¶·¹ÀÎÁ®_¿©_3.pal","C:\Users\wesley\Desktop\MeuRag\data\palette\¸ö\'Å¸Á¶·¹ÀÎÁ®_¿©_516.pal"
"'Å¸Á¶·¹ÀÎÁ®_¿©","517","3","C:\Users\wesley\Desktop\MeuRag\data\palette\¸ö\'Å¸Á¶·¹ÀÎÁ®_¿©_3.pal","C:\Users\wesley\Desktop\MeuRag\data\palette\¸ö\'Å¸Á¶·¹ÀÎÁ®_¿©_517.pal"
"'Å¸Á¶·¹ÀÎÁ®_¿©","518","3","C:\Users\wesley\Desktop\MeuRag\data\palette\¸ö\'Å¸Á¶·¹ÀÎÁ®_¿©_3.pal","C:\Users\wesley\Desktop\MeuRag\data\palette\¸ö\'Å¸Á¶·¹ÀÎÁ®_¿©_518.pal"
"'Å¸Á¶·¹ÀÎÁ®_¿©","519","3","C:\Users\wesley\Desktop\MeuRag\data\palette\¸ö\'Å¸Á¶·¹ÀÎÁ®_¿©_3.pal","C:\Users\wesley\Desktop\MeuRag\data\palette\¸ö\'Å¸Á¶·¹ÀÎÁ®_¿©_519.pal"
"'Å¸Á¶·¹ÀÎÁ®_¿©","520","3","C:\Users\wesley\Desktop\MeuRag\data\palette\¸ö\'Å¸Á¶·¹ÀÎÁ®_¿©_3.pal","C:\Users\wesley\Desktop\MeuRag\data\palette\¸ö\'Å¸Á¶·¹ÀÎÁ®_¿©_520.pal"
"'Å¸Á¶·¹ÀÎÁ®_¿©","521","3","C:\Users\wesley\Desktop\MeuRag\data\palette\¸ö\'Å¸Á¶·¹ÀÎÁ®_¿©_3.pal","C:\Users\wesley\Desktop\MeuRag\data\palette\¸ö\'Å¸Á¶·¹ÀÎÁ®_¿©_521.pal"
"'Å¸Á¶·¹ÀÎÁ®_¿©","522","3","C:\Users\wesley\Desktop\MeuRag\data\palette\¸ö\'Å¸Á¶·¹ÀÎÁ®_¿©_3.pal","C:\Users\wesley\Desktop\MeuRag\data\palette\¸ö\'Å¸Á¶·¹ÀÎÁ®_¿©_522.pal"
"'Å¸Á¶·¹ÀÎÁ®_¿©","523","3","C:\Users\wesley\Desktop\MeuRag\data\palette\¸ö\'Å¸Á¶·¹ÀÎÁ®_¿©_3.pal","C:\Users\wesley\Desktop\MeuRag\data\palette\¸ö\'Å¸Á¶·¹ÀÎÁ®_¿©_523.pal"
"'Å¸Á¶·¹ÀÎÁ®_¿©","524","3","C:\Users\wesley\Desktop\MeuRag\data\palette\¸ö\'Å¸Á¶·¹ÀÎÁ®_¿©_3.pal","C:\Users\wesley\Desktop\MeuRag\data\palette\¸ö\'Å¸Á¶·¹ÀÎÁ®_¿©_524.pal"
"'Å¸Á¶·¹ÀÎÁ®_¿©","525","3","C:\Users\wesley\Desktop\MeuRag\data\palette\¸ö\'Å¸Á¶·¹ÀÎÁ®_¿©_3.pal","C:\Users\wesley\Desktop\MeuRag\data\palette\¸ö\'Å¸Á¶·¹ÀÎÁ®_¿©_525.pal"
"'Å¸Á¶·¹ÀÎÁ®_¿©","526","3","C:\Users\wesley\Desktop\MeuRag\data\palette\¸ö\'Å¸Á¶·¹ÀÎÁ®_¿©_3.pal","C:\Users\wesley\Desktop\MeuRag\data\palette\¸ö\'Å¸Á¶·¹ÀÎÁ®_¿©_526.pal"
"'Å¸Á¶·¹ÀÎÁ®_¿©","527","3","C:\Users\wesley\Desktop\MeuRag\data\palette\¸ö\'Å¸Á¶·¹ÀÎÁ®_¿©_3.pal","C:\Users\wesley\Desktop\MeuRag\data\palette\¸ö\'Å¸Á¶·¹ÀÎÁ®_¿©_527.pal"
"'Å¸Á¶·¹ÀÎÁ®_¿©","528","3","C:\Users\wesley\Desktop\MeuRag\data\palette\¸ö\'Å¸Á¶·¹ÀÎÁ®_¿©_3.pal","C:\Users\wesley\Desktop\MeuRag\data\palette\¸ö\'Å¸Á¶·¹ÀÎÁ®_¿©_528.pal"
"'Å¸Á¶·¹ÀÎÁ®_¿©","529","3","C:\Users\wesley\Desktop\MeuRag\data\palette\¸ö\'Å¸Á¶·¹ÀÎÁ®_¿©_3.pal","C:\Users\wesley\Desktop\MeuRag\data\palette\¸ö\'Å¸Á¶·¹ÀÎÁ®_¿©_529.pal"
"'Å¸Á¶·¹ÀÎÁ®_¿©","530","3","C:\Users\wesley\Desktop\MeuRag\data\palette\¸ö\'Å¸Á¶·¹ÀÎÁ®_¿©_3.pal","C:\Users\wesley\Desktop\MeuRag\data\palette\¸ö\'Å¸Á¶·¹ÀÎÁ®_¿©_530.pal"
"'Å¸Á¶·¹ÀÎÁ®_¿©","531","3","C:\Users\wesley\Desktop\MeuRag\data\palette\¸ö\'Å¸Á¶·¹ÀÎÁ®_¿©_3.pal","C:\Users\wesley\Desktop\MeuRag\data\palette\¸ö\'Å¸Á¶·¹ÀÎÁ®_¿©_531.pal"
"'Å¸Á¶·¹ÀÎÁ®_¿©","532","3","C:\Users\wesley\Desktop\MeuRag\data\palette\¸ö\'Å¸Á¶·¹ÀÎÁ®_¿©_3.pal","C:\Users\wesley\Desktop\MeuRag\data\palette\¸ö\'Å¸Á¶·¹ÀÎÁ®_¿©_532.pal"
"'Å¸Á¶·¹ÀÎÁ®_¿©","533","3","C:\Users\wesley\Desktop\MeuRag\data\palette\¸ö\'Å¸Á¶·¹ÀÎÁ®_¿©_3.pal","C:\Users\wesley\Desktop\MeuRag\data\palette\¸ö\'Å¸Á¶·¹ÀÎÁ®_¿©_533.pal"
"'Å¸Á¶·¹ÀÎÁ®_¿©","534","3","C:\Users\wesley\Desktop\MeuRag\data\palette\¸ö\'Å¸Á¶·¹ÀÎÁ®_¿©_3.pal","C:\Users\wesley\Desktop\MeuRag\data\palette\¸ö\'Å¸Á¶·¹ÀÎÁ®_¿©_534.pal"
"'Å¸Á¶·¹ÀÎÁ®_¿©","535","3","C:\Users\wesley\Desktop\MeuRag\data\palette\¸ö\'Å¸Á¶·¹ÀÎÁ®_¿©_3.pal","C:\Users\wesley\Desktop\MeuRag\data\palette\¸ö\'Å¸Á¶·¹ÀÎÁ®_¿©_535.pal"
"'Å¸Á¶·¹ÀÎÁ®_¿©","536","3","C:\Users\wesley\Desktop\MeuRag\data\palette\¸ö\'Å¸Á¶·¹ÀÎÁ®_¿©_3.pal","C:\Users\wesley\Desktop\MeuRag\data\palette\¸ö\'Å¸Á¶·¹ÀÎÁ®_¿©_536.pal"
"'Å¸Á¶·¹ÀÎÁ®_¿©","537","3","C:\Users\wesley\Desktop\MeuRag\data\palette\¸ö\'Å¸Á¶·¹ÀÎÁ®_¿©_3.pal","C:\Users\wesley\Desktop\MeuRag\data\palette\¸ö\'Å¸Á¶·¹ÀÎÁ®_¿©_537.pal"
"'Å¸Á¶·¹ÀÎÁ®_¿©","538","3","C:\Users\wesley\Desktop\MeuRag\data\palette\¸ö\'Å¸Á¶·¹ÀÎÁ®_¿©_3.pal","C:\Users\wesley\Desktop\MeuRag\data\palette\¸ö\'Å¸Á¶·¹ÀÎÁ®_¿©_538.pal"
"'Å¸Á¶·¹ÀÎÁ®_¿©","539","3","C:\Users\wesley\Desktop\MeuRag\data\palette\¸ö\'Å¸Á¶·¹ÀÎÁ®_¿©_3.pal","C:\Users\wesley\Desktop\MeuRag\data\palette\¸ö\'Å¸Á¶·¹ÀÎÁ®_¿©_539.pal"
"'Å¸Á¶·¹ÀÎÁ®_¿©","540","3","C:\Users\wesley\Desktop\MeuRag\data\palette\¸ö\'Å¸Á¶·¹ÀÎÁ®_¿©_3.pal","C:\Users\wesley\Desktop\MeuRag\data\palette\¸ö\'Å¸Á¶·¹ÀÎÁ®_¿©_540.pal"
"'Å¸Á¶·¹ÀÎÁ®_¿©","541","3","C:\Users\wesley\Desktop\MeuRag\data\palette\¸ö\'Å¸Á¶·¹ÀÎÁ®_¿©_3.pal","C:\Users\wesley\Desktop\MeuRag\data\palette\¸ö\'Å¸Á¶·¹ÀÎÁ®_¿©_541.pal"
"'Å¸Á¶·¹ÀÎÁ®_¿©","542","3","C:\Users\wesley\Desktop\MeuRag\data\palette\¸ö\'Å¸Á¶·¹ÀÎÁ®_¿©_3.pal","C:\Users\wesley\Desktop\MeuRag\data\palette\¸ö\'Å¸Á¶·¹ÀÎÁ®_¿©_542.pal"
"'Å¸Á¶·¹ÀÎÁ®_¿©","543","3","C:\Users\wesley\Desktop\MeuRag\data\palette\¸ö\'Å¸Á¶·¹ÀÎÁ®_¿©_3.pal","C:\Users\wesley\Desktop\MeuRag\data\palette\¸ö\'Å¸Á¶·¹ÀÎÁ®_¿©_543.pal"
"'Å¸Á¶·¹ÀÎÁ®_¿©","544","3","C:\Users\wesley\Desktop\MeuRag\data\palette\¸ö\'Å¸Á¶·¹ÀÎÁ®_¿©_3.pal","C:\Users\wesley\Desktop\MeuRag\data\palette\¸ö\'Å¸Á¶·¹ÀÎÁ®_¿©_544.pal"
"'Å¸Á¶·¹ÀÎÁ®_¿©","545","3","C:\Users\wesley\Desktop\MeuRag\data\palette\¸ö\'Å¸Á¶·¹ÀÎÁ®_¿©_3.pal","C:\Users\wesley\Desktop\MeuRag\data\palette\¸ö\'Å¸Á¶·¹ÀÎÁ®_¿©_545.pal"
"'Å¸Á¶·¹ÀÎÁ®_¿©","546","3","C:\Users\wesley\Desktop\MeuRag\data\palette\¸ö\'Å¸Á¶·¹ÀÎÁ®_¿©_3.pal","C:\Users\wesley\Desktop\MeuRag\data\palette\¸ö\'Å¸Á¶·¹ÀÎÁ®_¿©_546.pal"
"'Å¸Á¶·¹ÀÎÁ®_¿©","547","3","C:\Users\wesley\Desktop\MeuRag\data\palette\¸ö\'Å¸Á¶·¹ÀÎÁ®_¿©_3.pal","C:\Users\wesley\Desktop\MeuRag\data\palette\¸ö\'Å¸Á¶·¹ÀÎÁ®_¿©_547.pal"
"'Å¸Á¶·¹ÀÎÁ®_¿©","548","3","C:\Users\wesley\Desktop\MeuRag\data\palette\¸ö\'Å¸Á¶·¹ÀÎÁ®_¿©_3.pal","C:\Users\wesley\Desktop\MeuRag\data\palette\¸ö\'Å¸Á¶·¹ÀÎÁ®_¿©_548.pal"
"'Å¸Á¶·¹ÀÎÁ®_¿©","549","3","C:\Users\wesley\Desktop\MeuRag\data\palette\¸ö\'Å¸Á¶·¹ÀÎÁ®_¿©_3.pal","C:\Users\wesley\Desktop\MeuRag\data\palette\¸ö\'Å¸Á¶·¹ÀÎÁ®_¿©_549.pal"
"'Å¸Á¶·¹ÀÎÁ®_¿©","550","3","C:\Users\wesley\Desktop\MeuRag\data\palette\¸ö\'Å¸Á¶·¹ÀÎÁ®_¿©_3.pal","C:\Users\wesley\Desktop\MeuRag\data\palette\¸ö\'Å¸Á¶·¹ÀÎÁ®_¿©_550.pal"
"'Å¸Á¶·¹ÀÎÁ®_¿©","551","3","C:\Users\wesley\Desktop\MeuRag\data\palette\¸ö\'Å¸Á¶·¹ÀÎÁ®_¿©_3.pal","C:\Users\wesley\Desktop\MeuRag\data\palette\¸ö\'Å¸Á¶·¹ÀÎÁ®_¿©_551.pal"
"'Å¸Á¶·¹ÀÎÁ®_¿©","552","3","C:\Users\wesley\Desktop\MeuRag\data\palette\¸ö\'Å¸Á¶·¹ÀÎÁ®_¿©_3.pal","C:\Users\wesley\Desktop\MeuRag\data\palette\¸ö\'Å¸Á¶·¹ÀÎÁ®_¿©_552.pal"
"'Å¸Á¶·¹ÀÎÁ®_¿©","553","3","C:\Users\wesley\Desktop\MeuRag\data\palette\¸ö\'Å¸Á¶·¹ÀÎÁ®_¿©_3.pal","C:\Users\wesley\Desktop\MeuRag\data\palette\¸ö\'Å¸Á¶·¹ÀÎÁ®_¿©_553.pal"
"'Å¸Á¶·¹ÀÎÁ®_¿©","554","3","C:\Users\wesley\Desktop\MeuRag\data\palette\¸ö\'Å¸Á¶·¹ÀÎÁ®_¿©_3.pal","C:\Users\wesley\Desktop\MeuRag\data\palette\¸ö\'Å¸Á¶·¹ÀÎÁ®_¿©_554.pal"
"'Å¸Á¶·¹ÀÎÁ®_¿©","555","3","C:\Users\wesley\Desktop\MeuRag\data\palette\¸ö\'Å¸Á¶·¹ÀÎÁ®_¿©_3.pal","C:\Users\wesley\Desktop\MeuRag\data\palette\¸ö\'Å¸Á¶·¹ÀÎÁ®_¿©_555.pal"
"'Å¸Á¶·¹ÀÎÁ®_¿©","556","3","C:\Users\wesley\Desktop\MeuRag\data\palette\¸ö\'Å¸Á¶·¹ÀÎÁ®_¿©_3.pal","C:\Users\wesley\Desktop\MeuRag\data\palette\¸ö\'Å¸Á¶·¹ÀÎÁ®_¿©_556.pal"
"'Å¸Á¶·¹ÀÎÁ®_¿©","557","3","C:\Users\wesley\Desktop\MeuRag\data\palette\¸ö\'Å¸Á¶·¹ÀÎÁ®_¿©_3.pal","C:\Users\wesley\Desktop\MeuRag\data\palette\¸ö\'Å¸Á¶·¹ÀÎÁ®_¿©_557.pal"
"'Å¸Á¶·¹ÀÎÁ®_¿©","558","3","C:\Users\wesley\Desktop\MeuRag\data\palette\¸ö\'Å¸Á¶·¹ÀÎÁ®_¿©_3.pal","C:\Users\wesley\Desktop\MeuRag\data\palette\¸ö\'Å¸Á¶·¹ÀÎÁ®_¿©_558.pal"
"'Å¸Á¶·¹ÀÎÁ®_¿©","559","3","C:\Users\wesley\Desktop\MeuRag\data\palette\¸ö\'Å¸Á¶·¹ÀÎÁ®_¿©_3.pal","C:\Users\wesley\Desktop\MeuRag\data\palette\¸ö\'Å¸Á¶·¹ÀÎÁ®_¿©_559.pal"
"'Å¸Á¶·¹ÀÎÁ®_¿©","560","3","C:\Users\wesley\Desktop\MeuRag\data\palette\¸ö\'Å¸Á¶·¹ÀÎÁ®_¿©_3.pal","C:\Users\wesley\Desktop\MeuRag\data\palette\¸ö\'Å¸Á¶·¹ÀÎÁ®_¿©_560.pal"
"'Å¸Á¶·¹ÀÎÁ®_¿©","561","3","C:\Users\wesley\Desktop\MeuRag\data\palette\¸ö\'Å¸Á¶·¹ÀÎÁ®_¿©_3.pal","C:\Users\wesley\Desktop\MeuRag\data\palette\¸ö\'Å¸Á¶·¹ÀÎÁ®_¿©_561.pal"
"'Å¸Á¶·¹ÀÎÁ®_¿©","562","3","C:\Users\wesley\Desktop\MeuRag\data\palette\¸ö\'Å¸Á¶·¹ÀÎÁ®_¿©_3.pal","C:\Users\wesley\Desktop\MeuRag\data\palette\¸ö\'Å¸Á¶·¹ÀÎÁ®_¿©_562.pal"
"'Å¸Á¶·¹ÀÎÁ®_¿©","563","3","C:\Users\wesley\Desktop\MeuRag\data\palette\¸ö\'Å¸Á¶·¹ÀÎÁ®_¿©_3.pal","C:\Users\wesley\Desktop\MeuRag\data\palette\¸ö\'Å¸Á¶·¹ÀÎÁ®_¿©_563.pal"
"'Å¸Á¶·¹ÀÎÁ®_¿©","564","3","C:\Users\wesley\Desktop\MeuRag\data\palette\¸ö\'Å¸Á¶·¹ÀÎÁ®_¿©_3.pal","C:\Users\wesley\Desktop\MeuRag\data\palette\¸ö\'Å¸Á¶·¹ÀÎÁ®_¿©_564.pal"
"'Å¸Á¶·¹ÀÎÁ®_¿©","565","3","C:\Users\wesley\Desktop\MeuRag\data\palette\¸ö\'Å¸Á¶·¹ÀÎÁ®_¿©_3.pal","C:\Users\wesley\Desktop\MeuRag\data\palette\¸ö\'Å¸Á¶·¹ÀÎÁ®_¿©_565.pal"
"'Å¸Á¶·¹ÀÎÁ®_¿©","566","3","C:\Users\wesley\Desktop\MeuRag\data\palette\¸ö\'Å¸Á¶·¹ÀÎÁ®_¿©_3.pal","C:\Users\wesley\Desktop\MeuRag\data\palette\¸ö\'Å¸Á¶·¹ÀÎÁ®_¿©_566.pal"
"'Å¸Á¶·¹ÀÎÁ®_¿©","567","3","C:\Users\wesley\Desktop\MeuRag\data\palette\¸ö\'Å¸Á¶·¹ÀÎÁ®_¿©_3.pal","C:\Users\wesley\Desktop\MeuRag\data\palette\¸ö\'Å¸Á¶·¹ÀÎÁ®_¿©_567.pal"
"'Å¸Á¶·¹ÀÎÁ®_¿©","568","3","C:\Users\wesley\Desktop\MeuRag\data\palette\¸ö\'Å¸Á¶·¹ÀÎÁ®_¿©_3.pal","C:\Users\wesley\Desktop\MeuRag\data\palette\¸ö\'Å¸Á¶·¹ÀÎÁ®_¿©_568.pal"
"'Å¸Á¶·¹ÀÎÁ®_¿©","569","3","C:\Users\wesley\Desktop\MeuRag\data\palette\¸ö\'Å¸Á¶·¹ÀÎÁ®_¿©_3.pal","C:\Users\wesley\Desktop\MeuRag\data\palette\¸ö\'Å¸Á¶·¹ÀÎÁ®_¿©_569.pal"
"'Å¸Á¶·¹ÀÎÁ®_¿©","570","3","C:\Users\wesley\Desktop\MeuRag\data\palette\¸ö\'Å¸Á¶·¹ÀÎÁ®_¿©_3.pal","C:\Users\wesley\Desktop\MeuRag\data\palette\¸ö\'Å¸Á¶·¹ÀÎÁ®_¿©_570.pal"
"'Å¸Á¶·¹ÀÎÁ®_¿©","571","3","C:\Users\wesley\Desktop\MeuRag\data\palette\¸ö\'Å¸Á¶·¹ÀÎÁ®_¿©_3.pal","C:\Users\wesley\Desktop\MeuRag\data\palette\¸ö\'Å¸Á¶·¹ÀÎÁ®_¿©_571.pal"
"'Å¸Á¶·¹ÀÎÁ®_¿©","572","3","C:\Users\wesley\Desktop\MeuRag\data\palette\¸ö\'Å¸Á¶·¹ÀÎÁ®_¿©_3.pal","C:\Users\wesley\Desktop\MeuRag\data\palette\¸ö\'Å¸Á¶·¹ÀÎÁ®_¿©_572.pal"
"'Å¸Á¶·¹ÀÎÁ®_¿©","573","3","C:\Users\wesley\Desktop\MeuRag\data\palette\¸ö\'Å¸Á¶·¹ÀÎÁ®_¿©_3.pal","C:\Users\wesley\Desktop\MeuRag\data\palette\¸ö\'Å¸Á¶·¹ÀÎÁ®_¿©_573.pal"
"'Å¸Á¶·¹ÀÎÁ®_¿©","574","3","C:\Users\wesley\Desktop\MeuRag\data\palette\¸ö\'Å¸Á¶·¹ÀÎÁ®_¿©_3.pal","C:\Users\wesley\Desktop\MeuRag\data\palette\¸ö\'Å¸Á¶·¹ÀÎÁ®_¿©_574.pal"
"'Å¸Á¶·¹ÀÎÁ®_¿©","575","3","C:\Users\wesley\Desktop\MeuRag\data\palette\¸ö\'Å¸Á¶·¹ÀÎÁ®_¿©_3.pal","C:\Users\wesley\Desktop\MeuRag\data\palette\¸ö\'Å¸Á¶·¹ÀÎÁ®_¿©_575.pal"
"'Å¸Á¶·¹ÀÎÁ®_¿©","576","3","C:\Users\wesley\Desktop\MeuRag\data\palette\¸ö\'Å¸Á¶·¹ÀÎÁ®_¿©_3.pal","C:\Users\wesley\Desktop\MeuRag\data\palette\¸ö\'Å¸Á¶·¹ÀÎÁ®_¿©_576.pal"
"'Å¸Á¶·¹ÀÎÁ®_¿©","577","3","C:\Users\wesley\Desktop\MeuRag\data\palette\¸ö\'Å¸Á¶·¹ÀÎÁ®_¿©_3.pal","C:\Users\wesley\Desktop\MeuRag\data\palette\¸ö\'Å¸Á¶·¹ÀÎÁ®_¿©_577.pal"
"'Å¸Á¶·¹ÀÎÁ®_¿©","578","3","C:\Users\wesley\Desktop\MeuRag\data\palette\¸ö\'Å¸Á¶·¹ÀÎÁ®_¿©_3.pal","C:\Users\wesley\Desktop\MeuRag\data\palette\¸ö\'Å¸Á¶·¹ÀÎÁ®_¿©_578.pal"
"'Å¸Á¶·¹ÀÎÁ®_¿©","579","3","C:\Users\wesley\Desktop\MeuRag\data\palette\¸ö\'Å¸Á¶·¹ÀÎÁ®_¿©_3.pal","C:\Users\wesley\Desktop\MeuRag\data\palette\¸ö\'Å¸Á¶·¹ÀÎÁ®_¿©_579.pal"
"'Å¸Á¶·¹ÀÎÁ®_¿©","580","3","C:\Users\wesley\Desktop\MeuRag\data\palette\¸ö\'Å¸Á¶·¹ÀÎÁ®_¿©_3.pal","C:\Users\wesley\Desktop\MeuRag\data\palette\¸ö\'Å¸Á¶·¹ÀÎÁ®_¿©_580.pal"
"'Å¸Á¶·¹ÀÎÁ®_¿©","581","3","C:\Users\wesley\Desktop\MeuRag\data\palette\¸ö\'Å¸Á¶·¹ÀÎÁ®_¿©_3.pal","C:\Users\wesley\Desktop\MeuRag\data\palette\¸ö\'Å¸Á¶·¹ÀÎÁ®_¿©_581.pal"
"'Å¸Á¶·¹ÀÎÁ®_¿©","582","3","C:\Users\wesley\Desktop\MeuRag\data\palette\¸ö\'Å¸Á¶·¹ÀÎÁ®_¿©_3.pal","C:\Users\wesley\Desktop\MeuRag\data\palette\¸ö\'Å¸Á¶·¹ÀÎÁ®_¿©_582.pal"
"'Å¸Á¶·¹ÀÎÁ®_¿©","583","3","C:\Users\wesley\Desktop\MeuRag\data\palette\¸ö\'Å¸Á¶·¹ÀÎÁ®_¿©_3.pal","C:\Users\wesley\Desktop\MeuRag\data\palette\¸ö\'Å¸Á¶·¹ÀÎÁ®_¿©_583.pal"
"'Å¸Á¶·¹ÀÎÁ®_¿©","584","3","C:\Users\wesley\Desktop\MeuRag\data\palette\¸ö\'Å¸Á¶·¹ÀÎÁ®_¿©_3.pal","C:\Users\wesley\Desktop\MeuRag\data\palette\¸ö\'Å¸Á¶·¹ÀÎÁ®_¿©_584.pal"
"'Å¸Á¶·¹ÀÎÁ®_¿©","585","3","C:\Users\wesley\Desktop\MeuRag\data\palette\¸ö\'Å¸Á¶·¹ÀÎÁ®_¿©_3.pal","C:\Users\wesley\Desktop\MeuRag\data\palette\¸ö\'Å¸Á¶·¹ÀÎÁ®_¿©_585.pal"
"'Å¸Á¶·¹ÀÎÁ®_¿©","586","3","C:\Users\wesley\Desktop\MeuRag\data\palette\¸ö\'Å¸Á¶·¹ÀÎÁ®_¿©_3.pal","C:\Users\wesley\Desktop\MeuRag\data\palette\¸ö\'Å¸Á¶·¹ÀÎÁ®_¿©_586.pal"
"'Å¸Á¶·¹ÀÎÁ®_¿©","587","3","C:\Users\wesley\Desktop\MeuRag\data\palette\¸ö\'Å¸Á¶·¹ÀÎÁ®_¿©_3.pal","C:\Users\wesley\Desktop\MeuRag\data\palette\¸ö\'Å¸Á¶·¹ÀÎÁ®_¿©_587.pal"
"'Å¸Á¶·¹ÀÎÁ®_¿©","588","3","C:\Users\wesley\Desktop\MeuRag\data\palette\¸ö\'Å¸Á¶·¹ÀÎÁ®_¿©_3.pal","C:\Users\wesley\Desktop\MeuRag\data\palette\¸ö\'Å¸Á¶·¹ÀÎÁ®_¿©_588.pal"
"'Å¸Á¶·¹ÀÎÁ®_¿©","589","3","C:\Users\wesley\Desktop\MeuRag\data\palette\¸ö\'Å¸Á¶·¹ÀÎÁ®_¿©_3.pal","C:\Users\wesley\Desktop\MeuRag\data\palette\¸ö\'Å¸Á¶·¹ÀÎÁ®_¿©_589.pal"
"'Å¸Á¶·¹ÀÎÁ®_¿©","590","3","C:\Users\wesley\Desktop\MeuRag\data\palette\¸ö\'Å¸Á¶·¹ÀÎÁ®_¿©_3.pal","C:\Users\wesley\Desktop\MeuRag\data\palette\¸ö\'Å¸Á¶·¹ÀÎÁ®_¿©_590.pal"
"'Å¸Á¶·¹ÀÎÁ®_¿©","591","3","C:\Users\wesley\Desktop\MeuRag\data\palette\¸ö\'Å¸Á¶·¹ÀÎÁ®_¿©_3.pal","C:\Users\wesley\Desktop\MeuRag\data\palette\¸ö\'Å¸Á¶·¹ÀÎÁ®_¿©_591.pal"
"'Å¸Á¶·¹ÀÎÁ®_¿©","592","3","C:\Users\wesley\Desktop\MeuRag\data\palette\¸ö\'Å¸Á¶·¹ÀÎÁ®_¿©_3.pal","C:\Users\wesley\Desktop\MeuRag\data\palette\¸ö\'Å¸Á¶·¹ÀÎÁ®_¿©_592.pal"
"'Å¸Á¶·¹ÀÎÁ®_¿©","593","3","C:\Users\wesley\Desktop\MeuRag\data\palette\¸ö\'Å¸Á¶·¹ÀÎÁ®_¿©_3.pal","C:\Users\wesley\Desktop\MeuRag\data\palette\¸ö\'Å¸Á¶·¹ÀÎÁ®_¿©_593.pal"
"'Å¸Á¶·¹ÀÎÁ®_¿©","594","3","C:\Users\wesley\Desktop\MeuRag\data\palette\¸ö\'Å¸Á¶·¹ÀÎÁ®_¿©_3.pal","C:\Users\wesley\Desktop\MeuRag\data\palette\¸ö\'Å¸Á¶·¹ÀÎÁ®_¿©_594.pal"
"'Å¸Á¶·¹ÀÎÁ®_¿©","595","3","C:\Users\wesley\Desktop\MeuRag\data\palette\¸ö\'Å¸Á¶·¹ÀÎÁ®_¿©_3.pal","C:\Users\wesley\Desktop\MeuRag\data\palette\¸ö\'Å¸Á¶·¹ÀÎÁ®_¿©_595.pal"
"'Å¸Á¶·¹ÀÎÁ®_¿©","596","3","C:\Users\wesley\Desktop\MeuRag\data\palette\¸ö\'Å¸Á¶·¹ÀÎÁ®_¿©_3.pal","C:\Users\wesley\Desktop\MeuRag\data\palette\¸ö\'Å¸Á¶·¹ÀÎÁ®_¿©_596.pal"
"'Å¸Á¶·¹ÀÎÁ®_¿©","597","3","C:\Users\wesley\Desktop\MeuRag\data\palette\¸ö\'Å¸Á¶·¹ÀÎÁ®_¿©_3.pal","C:\Users\wesley\Desktop\MeuRag\data\palette\¸ö\'Å¸Á¶·¹ÀÎÁ®_¿©_597.pal"
"'Å¸Á¶·¹ÀÎÁ®_¿©","598","3","C:\Users\wesley\Desktop\MeuRag\data\palette\¸ö\'Å¸Á¶·¹ÀÎÁ®_¿©_3.pal","C:\Users\wesley\Desktop\MeuRag\data\palette\¸ö\'Å¸Á¶·¹ÀÎÁ®_¿©_598.pal"
"'Å¸Á¶·¹ÀÎÁ®_¿©","599","3","C:\Users\wesley\Desktop\MeuRag\data\palette\¸ö\'Å¸Á¶·¹ÀÎÁ®_¿©_3.pal","C:\Users\wesley\Desktop\MeuRag\data\palette\¸ö\'Å¸Á¶·¹ÀÎÁ®_¿©_599.pal"
"'Å¸Á¶·¹ÀÎÁ®_¿©","600","3","C:\Users\wesley\Desktop\MeuRag\data\palette\¸ö\'Å¸Á¶·¹ÀÎÁ®_¿©_3.pal","C:\Users\wesley\Desktop\MeuRag\data\palette\¸ö\'Å¸Á¶·¹ÀÎÁ®_¿©_600.pal"
"'Å¸Á¶·¹ÀÎÁ®_¿©","601","3","C:\Users\wesley\Desktop\MeuRag\data\palette\¸ö\'Å¸Á¶·¹ÀÎÁ®_¿©_3.pal","C:\Users\wesley\Desktop\MeuRag\data\palette\¸ö\'Å¸Á¶·¹ÀÎÁ®_¿©_601.pal"
"'Å¸Á¶·¹ÀÎÁ®_¿©","602","3","C:\Users\wesley\Desktop\MeuRag\data\palette\¸ö\'Å¸Á¶·¹ÀÎÁ®_¿©_3.pal","C:\Users\wesley\Desktop\MeuRag\data\palette\¸ö\'Å¸Á¶·¹ÀÎÁ®_¿©_602.pal"
"'Å¸Á¶·¹ÀÎÁ®_¿©","603","3","C:\Users\wesley\Desktop\MeuRag\data\palette\¸ö\'Å¸Á¶·¹ÀÎÁ®_¿©_3.pal","C:\Users\wesley\Desktop\MeuRag\data\palette\¸ö\'Å¸Á¶·¹ÀÎÁ®_¿©_603.pal"
"'Å¸Á¶·¹ÀÎÁ®_¿©","604","3","C:\Users\wesley\Desktop\MeuRag\data\palette\¸ö\'Å¸Á¶·¹ÀÎÁ®_¿©_3.pal","C:\Users\wesley\Desktop\MeuRag\data\palette\¸ö\'Å¸Á¶·¹ÀÎÁ®_¿©_604.pal"
"'Å¸Á¶·¹ÀÎÁ®_¿©","605","3","C:\Users\wesley\Desktop\MeuRag\data\palette\¸ö\'Å¸Á¶·¹ÀÎÁ®_¿©_3.pal","C:\Users\wesley\Desktop\MeuRag\data\palette\¸ö\'Å¸Á¶·¹ÀÎÁ®_¿©_605.pal"
"'Å¸Á¶·¹ÀÎÁ®_¿©","606","3","C:\Users\wesley\Desktop\MeuRag\data\palette\¸ö\'Å¸Á¶·¹ÀÎÁ®_¿©_3.pal","C:\Users\wesley\Desktop\MeuRag\data\palette\¸ö\'Å¸Á¶·¹ÀÎÁ®_¿©_606.pal"
"'Å¸Á¶·¹ÀÎÁ®_¿©","607","3","C:\Users\wesley\Desktop\MeuRag\data\palette\¸ö\'Å¸Á¶·¹ÀÎÁ®_¿©_3.pal","C:\Users\wesley\Desktop\MeuRag\data\palette\¸ö\'Å¸Á¶·¹ÀÎÁ®_¿©_607.pal"
"'Å¸Á¶·¹ÀÎÁ®_¿©","608","3","C:\Users\wesley\Desktop\MeuRag\data\palette\¸ö\'Å¸Á¶·¹ÀÎÁ®_¿©_3.pal","C:\Users\wesley\Desktop\MeuRag\data\palette\¸ö\'Å¸Á¶·¹ÀÎÁ®_¿©_608.pal"
"'Å¸Á¶·¹ÀÎÁ®_¿©","609","3","C:\Users\wesley\Desktop\MeuRag\data\palette\¸ö\'Å¸Á¶·¹ÀÎÁ®_¿©_3.pal","C:\Users\wesley\Desktop\MeuRag\data\palette\¸ö\'Å¸Á¶·¹ÀÎÁ®_¿©_609.pal"
"'Å¸Á¶·¹ÀÎÁ®_¿©","610","3","C:\Users\wesley\Desktop\MeuRag\data\palette\¸ö\'Å¸Á¶·¹ÀÎÁ®_¿©_3.pal","C:\Users\wesley\Desktop\MeuRag\data\palette\¸ö\'Å¸Á¶·¹ÀÎÁ®_¿©_610.pal"
"'Å¸Á¶·¹ÀÎÁ®_¿©","611","3","C:\Users\wesley\Desktop\MeuRag\data\palette\¸ö\'Å¸Á¶·¹ÀÎÁ®_¿©_3.pal","C:\Users\wesley\Desktop\MeuRag\data\palette\¸ö\'Å¸Á¶·¹ÀÎÁ®_¿©_611.pal"
"'Å¸Á¶·¹ÀÎÁ®_¿©","612","3","C:\Users\wesley\Desktop\MeuRag\data\palette\¸ö\'Å¸Á¶·¹ÀÎÁ®_¿©_3.pal","C:\Users\wesley\Desktop\MeuRag\data\palette\¸ö\'Å¸Á¶·¹ÀÎÁ®_¿©_612.pal"
"'Å¸Á¶·¹ÀÎÁ®_¿©","613","3","C:\Users\wesley\Desktop\MeuRag\data\palette\¸ö\'Å¸Á¶·¹ÀÎÁ®_¿©_3.pal","C:\Users\wesley\Desktop\MeuRag\data\palette\¸ö\'Å¸Á¶·¹ÀÎÁ®_¿©_613.pal"
"'Å¸Á¶·¹ÀÎÁ®_¿©","614","3","C:\Users\wesley\Desktop\MeuRag\data\palette\¸ö\'Å¸Á¶·¹ÀÎÁ®_¿©_3.pal","C:\Users\wesley\Desktop\MeuRag\data\palette\¸ö\'Å¸Á¶·¹ÀÎÁ®_¿©_614.pal"
"'Å¸Á¶·¹ÀÎÁ®_¿©","615","3","C:\Users\wesley\Desktop\MeuRag\data\palette\¸ö\'Å¸Á¶·¹ÀÎÁ®_¿©_3.pal","C:\Users\wesley\Desktop\MeuRag\data\palette\¸ö\'Å¸Á¶·¹ÀÎÁ®_¿©_615.pal"
"'Å¸Á¶·¹ÀÎÁ®_¿©","616","3","C:\Users\wesley\Desktop\MeuRag\data\palette\¸ö\'Å¸Á¶·¹ÀÎÁ®_¿©_3.pal","C:\Users\wesley\Desktop\MeuRag\data\palette\¸ö\'Å¸Á¶·¹ÀÎÁ®_¿©_616.pal"
"'Å¸Á¶·¹ÀÎÁ®_¿©","617","3","C:\Users\wesley\Desktop\MeuRag\data\palette\¸ö\'Å¸Á¶·¹ÀÎÁ®_¿©_3.pal","C:\Users\wesley\Desktop\MeuRag\data\palette\¸ö\'Å¸Á¶·¹ÀÎÁ®_¿©_617.pal"
"'Å¸Á¶·¹ÀÎÁ®_¿©","618","3","C:\Users\wesley\Desktop\MeuRag\data\palette\¸ö\'Å¸Á¶·¹ÀÎÁ®_¿©_3.pal","C:\Users\wesley\Desktop\MeuRag\data\palette\¸ö\'Å¸Á¶·¹ÀÎÁ®_¿©_618.pal"
"'Å¸Á¶·¹ÀÎÁ®_¿©","619","3","C:\Users\wesley\Desktop\MeuRag\data\palette\¸ö\'Å¸Á¶·¹ÀÎÁ®_¿©_3.pal","C:\Users\wesley\Desktop\MeuRag\data\palette\¸ö\'Å¸Á¶·¹ÀÎÁ®_¿©_619.pal"
"'Å¸Á¶·¹ÀÎÁ®_¿©","620","3","C:\Users\wesley\Desktop\MeuRag\data\palette\¸ö\'Å¸Á¶·¹ÀÎÁ®_¿©_3.pal","C:\Users\wesley\Desktop\MeuRag\data\palette\¸ö\'Å¸Á¶·¹ÀÎÁ®_¿©_620.pal"
"'Å¸Á¶·¹ÀÎÁ®_¿©","621","3","C:\Users\wesley\Desktop\MeuRag\data\palette\¸ö\'Å¸Á¶·¹ÀÎÁ®_¿©_3.pal","C:\Users\wesley\Desktop\MeuRag\data\palette\¸ö\'Å¸Á¶·¹ÀÎÁ®_¿©_621.pal"
"'Å¸Á¶·¹ÀÎÁ®_¿©","622","3","C:\Users\wesley\Desktop\MeuRag\data\palette\¸ö\'Å¸Á¶·¹ÀÎÁ®_¿©_3.pal","C:\Users\wesley\Desktop\MeuRag\data\palette\¸ö\'Å¸Á¶·¹ÀÎÁ®_¿©_622.pal"
"'Å¸Á¶·¹ÀÎÁ®_¿©","623","3","C:\Users\wesley\Desktop\MeuRag\data\palette\¸ö\'Å¸Á¶·¹ÀÎÁ®_¿©_3.pal","C:\Users\wesley\Desktop\MeuRag\data\palette\¸ö\'Å¸Á¶·¹ÀÎÁ®_¿©_623.pal"
"'Å¸Á¶·¹ÀÎÁ®_¿©","624","3","C:\Users\wesley\Desktop\MeuRag\data\palette\¸ö\'Å¸Á¶·¹ÀÎÁ®_¿©_3.pal","C:\Users\wesley\Desktop\MeuRag\data\palette\¸ö\'Å¸Á¶·¹ÀÎÁ®_¿©_624.pal"
"'Å¸Á¶·¹ÀÎÁ®_¿©","625","3","C:\Users\wesley\Desktop\MeuRag\data\palette\¸ö\'Å¸Á¶·¹ÀÎÁ®_¿©_3.pal","C:\Users\wesley\Desktop\MeuRag\data\palette\¸ö\'Å¸Á¶·¹ÀÎÁ®_¿©_625.pal"
"'Å¸Á¶·¹ÀÎÁ®_¿©","626","3","C:\Users\wesley\Desktop\MeuRag\data\palette\¸ö\'Å¸Á¶·¹ÀÎÁ®_¿©_3.pal","C:\Users\wesley\Desktop\MeuRag\data\palette\¸ö\'Å¸Á¶·¹ÀÎÁ®_¿©_626.pal"
"'Å¸Á¶·¹ÀÎÁ®_¿©","627","3","C:\Users\wesley\Desktop\MeuRag\data\palette\¸ö\'Å¸Á¶·¹ÀÎÁ®_¿©_3.pal","C:\Users\wesley\Desktop\MeuRag\data\palette\¸ö\'Å¸Á¶·¹ÀÎÁ®_¿©_627.pal"
"'Å¸Á¶·¹ÀÎÁ®_¿©","628","3","C:\Users\wesley\Desktop\MeuRag\data\palette\¸ö\'Å¸Á¶·¹ÀÎÁ®_¿©_3.pal","C:\Users\wesley\Desktop\MeuRag\data\palette\¸ö\'Å¸Á¶·¹ÀÎÁ®_¿©_628.pal"
"'Å¸Á¶·¹ÀÎÁ®_¿©","629","3","C:\Users\wesley\Desktop\MeuRag\data\palette\¸ö\'Å¸Á¶·¹ÀÎÁ®_¿©_3.pal","C:\Users\wesley\Desktop\MeuRag\data\palette\¸ö\'Å¸Á¶·¹ÀÎÁ®_¿©_629.pal"
"'Å¸Á¶·¹ÀÎÁ®_¿©","630","3","C:\Users\wesley\Desktop\MeuRag\data\palette\¸ö\'Å¸Á¶·¹ÀÎÁ®_¿©_3.pal","C:\Users\wesley\Desktop\MeuRag\data\palette\¸ö\'Å¸Á¶·¹ÀÎÁ®_¿©_630.pal"
"'Å¸Á¶·¹ÀÎÁ®_¿©","631","3","C:\Users\wesley\Desktop\MeuRag\data\palette\¸ö\'Å¸Á¶·¹ÀÎÁ®_¿©_3.pal","C:\Users\wesley\Desktop\MeuRag\data\palette\¸ö\'Å¸Á¶·¹ÀÎÁ®_¿©_631.pal"
"'Å¸Á¶·¹ÀÎÁ®_¿©","632","3","C:\Users\wesley\Desktop\MeuRag\data\palette\¸ö\'Å¸Á¶·¹ÀÎÁ®_¿©_3.pal","C:\Users\wesley\Desktop\MeuRag\data\palette\¸ö\'Å¸Á¶·¹ÀÎÁ®_¿©_632.pal"
"'Å¸Á¶·¹ÀÎÁ®_¿©","633","3","C:\Users\wesley\Desktop\MeuRag\data\palette\¸ö\'Å¸Á¶·¹ÀÎÁ®_¿©_3.pal","C:\Users\wesley\Desktop\MeuRag\data\palette\¸ö\'Å¸Á¶·¹ÀÎÁ®_¿©_633.pal"
"'Å¸Á¶·¹ÀÎÁ®_¿©","634","3","C:\Users\wesley\Desktop\MeuRag\data\palette\¸ö\'Å¸Á¶·¹ÀÎÁ®_¿©_3.pal","C:\Users\wesley\Desktop\MeuRag\data\palette\¸ö\'Å¸Á¶·¹ÀÎÁ®_¿©_634.pal"
"'Å¸Á¶·¹ÀÎÁ®_¿©","635","3","C:\Users\wesley\Desktop\MeuRag\data\palette\¸ö\'Å¸Á¶·¹ÀÎÁ®_¿©_3.pal","C:\Users\wesley\Desktop\MeuRag\data\palette\¸ö\'Å¸Á¶·¹ÀÎÁ®_¿©_635.pal"
"'Å¸Á¶·¹ÀÎÁ®_¿©","636","3","C:\Users\wesley\Desktop\MeuRag\data\palette\¸ö\'Å¸Á¶·¹ÀÎÁ®_¿©_3.pal","C:\Users\wesley\Desktop\MeuRag\data\palette\¸ö\'Å¸Á¶·¹ÀÎÁ®_¿©_636.pal"
"'Å¸Á¶·¹ÀÎÁ®_¿©","637","3","C:\Users\wesley\Desktop\MeuRag\data\palette\¸ö\'Å¸Á¶·¹ÀÎÁ®_¿©_3.pal","C:\Users\wesley\Desktop\MeuRag\data\palette\¸ö\'Å¸Á¶·¹ÀÎÁ®_¿©_637.pal"
"'Å¸Á¶·¹ÀÎÁ®_¿©","638","3","C:\Users\wesley\Desktop\MeuRag\data\palette\¸ö\'Å¸Á¶·¹ÀÎÁ®_¿©_3.pal","C:\Users\wesley\Desktop\MeuRag\data\palette\¸ö\'Å¸Á¶·¹ÀÎÁ®_¿©_638.pal"
"'Å¸Á¶·¹ÀÎÁ®_¿©","639","3","C:\Users\wesley\Desktop\MeuRag\data\palette\¸ö\'Å¸Á¶·¹ÀÎÁ®_¿©_3.pal","C:\Users\wesley\Desktop\MeuRag\data\palette\¸ö\'Å¸Á¶·¹ÀÎÁ®_¿©_639.pal"
"'Å¸Á¶·¹ÀÎÁ®_¿©","640","3","C:\Users\wesley\Desktop\MeuRag\data\palette\¸ö\'Å¸Á¶·¹ÀÎÁ®_¿©_3.pal","C:\Users\wesley\Desktop\MeuRag\data\palette\¸ö\'Å¸Á¶·¹ÀÎÁ®_¿©_640.pal"
"'Å¸Á¶·¹ÀÎÁ®_¿©","641","3","C:\Users\wesley\Desktop\MeuRag\data\palette\¸ö\'Å¸Á¶·¹ÀÎÁ®_¿©_3.pal","C:\Users\wesley\Desktop\MeuRag\data\palette\¸ö\'Å¸Á¶·¹ÀÎÁ®_¿©_641.pal"
"'Å¸Á¶·¹ÀÎÁ®_¿©","642","3","C:\Users\wesley\Desktop\MeuRag\data\palette\¸ö\'Å¸Á¶·¹ÀÎÁ®_¿©_3.pal","C:\Users\wesley\Desktop\MeuRag\data\palette\¸ö\'Å¸Á¶·¹ÀÎÁ®_¿©_642.pal"
"'Å¸Á¶·¹ÀÎÁ®_¿©","643","3","C:\Users\wesley\Desktop\MeuRag\data\palette\¸ö\'Å¸Á¶·¹ÀÎÁ®_¿©_3.pal","C:\Users\wesley\Desktop\MeuRag\data\palette\¸ö\'Å¸Á¶·¹ÀÎÁ®_¿©_643.pal"
"'Å¸Á¶·¹ÀÎÁ®_¿©","644","3","C:\Users\wesley\Desktop\MeuRag\data\palette\¸ö\'Å¸Á¶·¹ÀÎÁ®_¿©_3.pal","C:\Users\wesley\Desktop\MeuRag\data\palette\¸ö\'Å¸Á¶·¹ÀÎÁ®_¿©_644.pal"
"'Å¸Á¶·¹ÀÎÁ®_¿©","645","3","C:\Users\wesley\Desktop\MeuRag\data\palette\¸ö\'Å¸Á¶·¹ÀÎÁ®_¿©_3.pal","C:\Users\wesley\Desktop\MeuRag\data\palette\¸ö\'Å¸Á¶·¹ÀÎÁ®_¿©_645.pal"
"'Å¸Á¶·¹ÀÎÁ®_¿©","646","3","C:\Users\wesley\Desktop\MeuRag\data\palette\¸ö\'Å¸Á¶·¹ÀÎÁ®_¿©_3.pal","C:\Users\wesley\Desktop\MeuRag\data\palette\¸ö\'Å¸Á¶·¹ÀÎÁ®_¿©_646.pal"
"'Å¸Á¶·¹ÀÎÁ®_¿©","647","3","C:\Users\wesley\Desktop\MeuRag\data\palette\¸ö\'Å¸Á¶·¹ÀÎÁ®_¿©_3.pal","C:\Users\wesley\Desktop\MeuRag\data\palette\¸ö\'Å¸Á¶·¹ÀÎÁ®_¿©_647.pal"
"'Å¸Á¶·¹ÀÎÁ®_¿©","648","3","C:\Users\wesley\Desktop\MeuRag\data\palette\¸ö\'Å¸Á¶·¹ÀÎÁ®_¿©_3.pal","C:\Users\wesley\Desktop\MeuRag\data\palette\¸ö\'Å¸Á¶·¹ÀÎÁ®_¿©_648.pal"
"'Å¸Á¶·¹ÀÎÁ®_¿©","649","3","C:\Users\wesley\Desktop\MeuRag\data\palette\¸ö\'Å¸Á¶·¹ÀÎÁ®_¿©_3.pal","C:\Users\wesley\Desktop\MeuRag\data\palette\¸ö\'Å¸Á¶·¹ÀÎÁ®_¿©_649.pal"
"'Å¸Á¶·¹ÀÎÁ®_¿©","650","3","C:\Users\wesley\Desktop\MeuRag\data\palette\¸ö\'Å¸Á¶·¹ÀÎÁ®_¿©_3.pal","C:\Users\wesley\Desktop\MeuRag\data\palette\¸ö\'Å¸Á¶·¹ÀÎÁ®_¿©_650.pal"
"'Å¸Á¶·¹ÀÎÁ®_¿©","651","3","C:\Users\wesley\Desktop\MeuRag\data\palette\¸ö\'Å¸Á¶·¹ÀÎÁ®_¿©_3.pal","C:\Users\wesley\Desktop\MeuRag\data\palette\¸ö\'Å¸Á¶·¹ÀÎÁ®_¿©_651.pal"
"'Å¸Á¶·¹ÀÎÁ®_¿©","652","3","C:\Users\wesley\Desktop\MeuRag\data\palette\¸ö\'Å¸Á¶·¹ÀÎÁ®_¿©_3.pal","C:\Users\wesley\Desktop\MeuRag\data\palette\¸ö\'Å¸Á¶·¹ÀÎÁ®_¿©_652.pal"
"'Å¸Á¶·¹ÀÎÁ®_¿©","653","3","C:\Users\wesley\Desktop\MeuRag\data\palette\¸ö\'Å¸Á¶·¹ÀÎÁ®_¿©_3.pal","C:\Users\wesley\Desktop\MeuRag\data\palette\¸ö\'Å¸Á¶·¹ÀÎÁ®_¿©_653.pal"
"'Å¸Á¶·¹ÀÎÁ®_¿©","654","3","C:\Users\wesley\Desktop\MeuRag\data\palette\¸ö\'Å¸Á¶·¹ÀÎÁ®_¿©_3.pal","C:\Users\wesley\Desktop\MeuRag\data\palette\¸ö\'Å¸Á¶·¹ÀÎÁ®_¿©_654.pal"
"'Å¸Á¶·¹ÀÎÁ®_¿©","655","3","C:\Users\wesley\Desktop\MeuRag\data\palette\¸ö\'Å¸Á¶·¹ÀÎÁ®_¿©_3.pal","C:\Users\wesley\Desktop\MeuRag\data\palette\¸ö\'Å¸Á¶·¹ÀÎÁ®_¿©_655.pal"
"'Å¸Á¶·¹ÀÎÁ®_¿©","656","3","C:\Users\wesley\Desktop\MeuRag\data\palette\¸ö\'Å¸Á¶·¹ÀÎÁ®_¿©_3.pal","C:\Users\wesley\Desktop\MeuRag\data\palette\¸ö\'Å¸Á¶·¹ÀÎÁ®_¿©_656.pal"
"'Å¸Á¶·¹ÀÎÁ®_¿©","657","3","C:\Users\wesley\Desktop\MeuRag\data\palette\¸ö\'Å¸Á¶·¹ÀÎÁ®_¿©_3.pal","C:\Users\wesley\Desktop\MeuRag\data\palette\¸ö\'Å¸Á¶·¹ÀÎÁ®_¿©_657.pal"
"'Å¸Á¶·¹ÀÎÁ®_¿©","658","3","C:\Users\wesley\Desktop\MeuRag\data\palette\¸ö\'Å¸Á¶·¹ÀÎÁ®_¿©_3.pal","C:\Users\wesley\Desktop\MeuRag\data\palette\¸ö\'Å¸Á¶·¹ÀÎÁ®_¿©_658.pal"
"'Å¸Á¶·¹ÀÎÁ®_¿©","659","3","C:\Users\wesley\Desktop\MeuRag\data\palette\¸ö\'Å¸Á¶·¹ÀÎÁ®_¿©_3.pal","C:\Users\wesley\Desktop\MeuRag\data\palette\¸ö\'Å¸Á¶·¹ÀÎÁ®_¿©_659.pal"
"'Å¸Á¶·¹ÀÎÁ®_¿©","660","3","C:\Users\wesley\Desktop\MeuRag\data\palette\¸ö\'Å¸Á¶·¹ÀÎÁ®_¿©_3.pal","C:\Users\wesley\Desktop\MeuRag\data\palette\¸ö\'Å¸Á¶·¹ÀÎÁ®_¿©_660.pal"
"'Å¸Á¶·¹ÀÎÁ®_¿©","661","3","C:\Users\wesley\Desktop\MeuRag\data\palette\¸ö\'Å¸Á¶·¹ÀÎÁ®_¿©_3.pal","C:\Users\wesley\Desktop\MeuRag\data\palette\¸ö\'Å¸Á¶·¹ÀÎÁ®_¿©_661.pal"
"'Å¸Á¶·¹ÀÎÁ®_¿©","662","3","C:\Users\wesley\Desktop\MeuRag\data\palette\¸ö\'Å¸Á¶·¹ÀÎÁ®_¿©_3.pal","C:\Users\wesley\Desktop\MeuRag\data\palette\¸ö\'Å¸Á¶·¹ÀÎÁ®_¿©_662.pal"
"'Å¸Á¶·¹ÀÎÁ®_¿©","663","3","C:\Users\wesley\Desktop\MeuRag\data\palette\¸ö\'Å¸Á¶·¹ÀÎÁ®_¿©_3.pal","C:\Users\wesley\Desktop\MeuRag\data\palette\¸ö\'Å¸Á¶·¹ÀÎÁ®_¿©_663.pal"
"'Å¸Á¶·¹ÀÎÁ®_¿©","664","3","C:\Users\wesley\Desktop\MeuRag\data\palette\¸ö\'Å¸Á¶·¹ÀÎÁ®_¿©_3.pal","C:\Users\wesley\Desktop\MeuRag\data\palette\¸ö\'Å¸Á¶·¹ÀÎÁ®_¿©_664.pal"
"'Å¸Á¶·¹ÀÎÁ®_¿©","665","3","C:\Users\wesley\Desktop\MeuRag\data\palette\¸ö\'Å¸Á¶·¹ÀÎÁ®_¿©_3.pal","C:\Users\wesley\Desktop\MeuRag\data\palette\¸ö\'Å¸Á¶·¹ÀÎÁ®_¿©_665.pal"
"'Å¸Á¶·¹ÀÎÁ®_¿©","666","3","C:\Users\wesley\Desktop\MeuRag\data\palette\¸ö\'Å¸Á¶·¹ÀÎÁ®_¿©_3.pal","C:\Users\wesley\Desktop\MeuRag\data\palette\¸ö\'Å¸Á¶·¹ÀÎÁ®_¿©_666.pal"
"'Å¸Á¶·¹ÀÎÁ®_¿©","667","3","C:\Users\wesley\Desktop\MeuRag\data\palette\¸ö\'Å¸Á¶·¹ÀÎÁ®_¿©_3.pal","C:\Users\wesley\Desktop\MeuRag\data\palette\¸ö\'Å¸Á¶·¹ÀÎÁ®_¿©_667.pal"
"'Å¸Á¶·¹ÀÎÁ®_¿©","668","3","C:\Users\wesley\Desktop\MeuRag\data\palette\¸ö\'Å¸Á¶·¹ÀÎÁ®_¿©_3.pal","C:\Users\wesley\Desktop\MeuRag\data\palette\¸ö\'Å¸Á¶·¹ÀÎÁ®_¿©_668.pal"
"'Å¸Á¶·¹ÀÎÁ®_¿©","669","3","C:\Users\wesley\Desktop\MeuRag\data\palette\¸ö\'Å¸Á¶·¹ÀÎÁ®_¿©_3.pal","C:\Users\wesley\Desktop\MeuRag\data\palette\¸ö\'Å¸Á¶·¹ÀÎÁ®_¿©_669.pal"
"'Å¸Á¶·¹ÀÎÁ®_¿©","670","3","C:\Users\wesley\Desktop\MeuRag\data\palette\¸ö\'Å¸Á¶·¹ÀÎÁ®_¿©_3.pal","C:\Users\wesley\Desktop\MeuRag\data\palette\¸ö\'Å¸Á¶·¹ÀÎÁ®_¿©_670.pal"
"'Å¸Á¶·¹ÀÎÁ®_¿©","671","3","C:\Users\wesley\Desktop\MeuRag\data\palette\¸ö\'Å¸Á¶·¹ÀÎÁ®_¿©_3.pal","C:\Users\wesley\Desktop\MeuRag\data\palette\¸ö\'Å¸Á¶·¹ÀÎÁ®_¿©_671.pal"
"'Å¸Á¶·¹ÀÎÁ®_¿©","672","3","C:\Users\wesley\Desktop\MeuRag\data\palette\¸ö\'Å¸Á¶·¹ÀÎÁ®_¿©_3.pal","C:\Users\wesley\Desktop\MeuRag\data\palette\¸ö\'Å¸Á¶·¹ÀÎÁ®_¿©_672.pal"
"'Å¸Á¶·¹ÀÎÁ®_¿©","673","3","C:\Users\wesley\Desktop\MeuRag\data\palette\¸ö\'Å¸Á¶·¹ÀÎÁ®_¿©_3.pal","C:\Users\wesley\Desktop\MeuRag\data\palette\¸ö\'Å¸Á¶·¹ÀÎÁ®_¿©_673.pal"
"'Å¸Á¶·¹ÀÎÁ®_¿©","674","3","C:\Users\wesley\Desktop\MeuRag\data\palette\¸ö\'Å¸Á¶·¹ÀÎÁ®_¿©_3.pal","C:\Users\wesley\Desktop\MeuRag\data\palette\¸ö\'Å¸Á¶·¹ÀÎÁ®_¿©_674.pal"
"'Å¸Á¶·¹ÀÎÁ®_¿©","675","3","C:\Users\wesley\Desktop\MeuRag\data\palette\¸ö\'Å¸Á¶·¹ÀÎÁ®_¿©_3.pal","C:\Users\wesley\Desktop\MeuRag\data\palette\¸ö\'Å¸Á¶·¹ÀÎÁ®_¿©_675.pal"
"'Å¸Á¶·¹ÀÎÁ®_¿©","676","3","C:\Users\wesley\Desktop\MeuRag\data\palette\¸ö\'Å¸Á¶·¹ÀÎÁ®_¿©_3.pal","C:\Users\wesley\Desktop\MeuRag\data\palette\¸ö\'Å¸Á¶·¹ÀÎÁ®_¿©_676.pal"
"'Å¸Á¶·¹ÀÎÁ®_¿©","677","3","C:\Users\wesley\Desktop\MeuRag\data\palette\¸ö\'Å¸Á¶·¹ÀÎÁ®_¿©_3.pal","C:\Users\wesley\Desktop\MeuRag\data\palette\¸ö\'Å¸Á¶·¹ÀÎÁ®_¿©_677.pal"
"'Å¸Á¶·¹ÀÎÁ®_¿©","678","3","C:\Users\wesley\Desktop\MeuRag\data\palette\¸ö\'Å¸Á¶·¹ÀÎÁ®_¿©_3.pal","C:\Users\wesley\Desktop\MeuRag\data\palette\¸ö\'Å¸Á¶·¹ÀÎÁ®_¿©_678.pal"
"'Å¸Á¶·¹ÀÎÁ®_¿©","679","3","C:\Users\wesley\Desktop\MeuRag\data\palette\¸ö\'Å¸Á¶·¹ÀÎÁ®_¿©_3.pal","C:\Users\wesley\Desktop\MeuRag\data\palette\¸ö\'Å¸Á¶·¹ÀÎÁ®_¿©_679.pal"
"'Å¸Á¶·¹ÀÎÁ®_¿©","680","3","C:\Users\wesley\Desktop\MeuRag\data\palette\¸ö\'Å¸Á¶·¹ÀÎÁ®_¿©_3.pal","C:\Users\wesley\Desktop\MeuRag\data\palette\¸ö\'Å¸Á¶·¹ÀÎÁ®_¿©_680.pal"
"'Å¸Á¶·¹ÀÎÁ®_¿©","681","3","C:\Users\wesley\Desktop\MeuRag\data\palette\¸ö\'Å¸Á¶·¹ÀÎÁ®_¿©_3.pal","C:\Users\wesley\Desktop\MeuRag\data\palette\¸ö\'Å¸Á¶·¹ÀÎÁ®_¿©_681.pal"
"'Å¸Á¶·¹ÀÎÁ®_¿©","682","3","C:\Users\wesley\Desktop\MeuRag\data\palette\¸ö\'Å¸Á¶·¹ÀÎÁ®_¿©_3.pal","C:\Users\wesley\Desktop\MeuRag\data\palette\¸ö\'Å¸Á¶·¹ÀÎÁ®_¿©_682.pal"
"'Å¸Á¶·¹ÀÎÁ®_¿©","683","3","C:\Users\wesley\Desktop\MeuRag\data\palette\¸ö\'Å¸Á¶·¹ÀÎÁ®_¿©_3.pal","C:\Users\wesley\Desktop\MeuRag\data\palette\¸ö\'Å¸Á¶·¹ÀÎÁ®_¿©_683.pal"
"'Å¸Á¶·¹ÀÎÁ®_¿©","684","3","C:\Users\wesley\Desktop\MeuRag\data\palette\¸ö\'Å¸Á¶·¹ÀÎÁ®_¿©_3.pal","C:\Users\wesley\Desktop\MeuRag\data\palette\¸ö\'Å¸Á¶·¹ÀÎÁ®_¿©_684.pal"
"'Å¸Á¶·¹ÀÎÁ®_¿©","685","3","C:\Users\wesley\Desktop\MeuRag\data\palette\¸ö\'Å¸Á¶·¹ÀÎÁ®_¿©_3.pal","C:\Users\wesley\Desktop\MeuRag\data\palette\¸ö\'Å¸Á¶·¹ÀÎÁ®_¿©_685.pal"
"'Å¸Á¶·¹ÀÎÁ®_¿©","686","3","C:\Users\wesley\Desktop\MeuRag\data\palette\¸ö\'Å¸Á¶·¹ÀÎÁ®_¿©_3.pal","C:\Users\wesley\Desktop\MeuRag\data\palette\¸ö\'Å¸Á¶·¹ÀÎÁ®_¿©_686.pal"
"'Å¸Á¶·¹ÀÎÁ®_¿©","687","3","C:\Users\wesley\Desktop\MeuRag\data\palette\¸ö\'Å¸Á¶·¹ÀÎÁ®_¿©_3.pal","C:\Users\wesley\Desktop\MeuRag\data\palette\¸ö\'Å¸Á¶·¹ÀÎÁ®_¿©_687.pal"
"'Å¸Á¶·¹ÀÎÁ®_¿©","688","3","C:\Users\wesley\Desktop\MeuRag\data\palette\¸ö\'Å¸Á¶·¹ÀÎÁ®_¿©_3.pal","C:\Users\wesley\Desktop\MeuRag\data\palette\¸ö\'Å¸Á¶·¹ÀÎÁ®_¿©_688.pal"
"'Å¸Á¶·¹ÀÎÁ®_¿©","689","3","C:\Users\wesley\Desktop\MeuRag\data\palette\¸ö\'Å¸Á¶·¹ÀÎÁ®_¿©_3.pal","C:\Users\wesley\Desktop\MeuRag\data\palette\¸ö\'Å¸Á¶·¹ÀÎÁ®_¿©_689.pal"
"'Å¸Á¶·¹ÀÎÁ®_¿©","690","3","C:\Users\wesley\Desktop\MeuRag\data\palette\¸ö\'Å¸Á¶·¹ÀÎÁ®_¿©_3.pal","C:\Users\wesley\Desktop\MeuRag\data\palette\¸ö\'Å¸Á¶·¹ÀÎÁ®_¿©_690.pal"
"'Å¸Á¶·¹ÀÎÁ®_¿©","691","3","C:\Users\wesley\Desktop\MeuRag\data\palette\¸ö\'Å¸Á¶·¹ÀÎÁ®_¿©_3.pal","C:\Users\wesley\Desktop\MeuRag\data\palette\¸ö\'Å¸Á¶·¹ÀÎÁ®_¿©_691.pal"
"'Å¸Á¶·¹ÀÎÁ®_¿©","692","3","C:\Users\wesley\Desktop\MeuRag\data\palette\¸ö\'Å¸Á¶·¹ÀÎÁ®_¿©_3.pal","C:\Users\wesley\Desktop\MeuRag\data\palette\¸ö\'Å¸Á¶·¹ÀÎÁ®_¿©_692.pal"
"'Å¸Á¶·¹ÀÎÁ®_¿©","693","3","C:\Users\wesley\Desktop\MeuRag\data\palette\¸ö\'Å¸Á¶·¹ÀÎÁ®_¿©_3.pal","C:\Users\wesley\Desktop\MeuRag\data\palette\¸ö\'Å¸Á¶·¹ÀÎÁ®_¿©_693.pal"
"'Å¸Á¶·¹ÀÎÁ®_¿©","694","3","C:\Users\wesley\Desktop\MeuRag\data\palette\¸ö\'Å¸Á¶·¹ÀÎÁ®_¿©_3.pal","C:\Users\wesley\Desktop\MeuRag\data\palette\¸ö\'Å¸Á¶·¹ÀÎÁ®_¿©_694.pal"
"'Å¸Á¶·¹ÀÎÁ®_¿©","695","3","C:\Users\wesley\Desktop\MeuRag\data\palette\¸ö\'Å¸Á¶·¹ÀÎÁ®_¿©_3.pal","C:\Users\wesley\Desktop\MeuRag\data\palette\¸ö\'Å¸Á¶·¹ÀÎÁ®_¿©_695.pal"
"'Å¸Á¶·¹ÀÎÁ®_¿©","696","3","C:\Users\wesley\Desktop\MeuRag\data\palette\¸ö\'Å¸Á¶·¹ÀÎÁ®_¿©_3.pal","C:\Users\wesley\Desktop\MeuRag\data\palette\¸ö\'Å¸Á¶·¹ÀÎÁ®_¿©_696.pal"
"'Å¸Á¶·¹ÀÎÁ®_¿©","697","3","C:\Users\wesley\Desktop\MeuRag\data\palette\¸ö\'Å¸Á¶·¹ÀÎÁ®_¿©_3.pal","C:\Users\wesley\Desktop\MeuRag\data\palette\¸ö\'Å¸Á¶·¹ÀÎÁ®_¿©_697.pal"
"'Å¸Á¶·¹ÀÎÁ®_¿©","698","3","C:\Users\wesley\Desktop\MeuRag\data\palette\¸ö\'Å¸Á¶·¹ÀÎÁ®_¿©_3.pal","C:\Users\wesley\Desktop\MeuRag\data\palette\¸ö\'Å¸Á¶·¹ÀÎÁ®_¿©_698.pal"
"'Å¸Á¶·¹ÀÎÁ®_¿©","699","3","C:\Users\wesley\Desktop\MeuRag\data\palette\¸ö\'Å¸Á¶·¹ÀÎÁ®_¿©_3.pal","C:\Users\wesley\Desktop\MeuRag\data\palette\¸ö\'Å¸Á¶·¹ÀÎÁ®_¿©_699.pal"
"cartsummoner_³²","10","9","C:\Users\wesley\Desktop\MeuRag\data\palette\¸ö\cartsummoner_³²_9.pal","C:\Users\wesley\Desktop\MeuRag\data\palette\¸ö\cartsummoner_³²_10.pal"
"kagerou_³²","0","4","C:\Users\wesley\Desktop\MeuRag\data\palette\¸ö\kagerou_³²_4.pal","C:\Users\wesley\Desktop\MeuRag\data\palette\¸ö\kagerou_³²_0.pal"
"kagerou_³²","1","4","C:\Users\wesley\Desktop\MeuRag\data\palette\¸ö\kagerou_³²_4.pal","C:\Users\wesley\Desktop\MeuRag\data\palette\¸ö\kagerou_³²_1.pal"
"kagerou_³²","2","4","C:\Users\wesley\Desktop\MeuRag\data\palette\¸ö\kagerou_³²_4.pal","C:\Users\wesley\Desktop\MeuRag\data\palette\¸ö\kagerou_³²_2.pal"
"kagerou_³²","3","4","C:\Users\wesley\Desktop\MeuRag\data\palette\¸ö\kagerou_³²_4.pal","C:\Users\wesley\Desktop\MeuRag\data\palette\¸ö\kagerou_³²_3.pal"
"oboro_¿©","0","4","C:\Users\wesley\Desktop\MeuRag\data\palette\¸ö\oboro_¿©_4.pal","C:\Users\wesley\Desktop\MeuRag\data\palette\¸ö\oboro_¿©_0.pal"
"oboro_¿©","1","4","C:\Users\wesley\Desktop\MeuRag\data\palette\¸ö\oboro_¿©_4.pal","C:\Users\wesley\Desktop\MeuRag\data\palette\¸ö\oboro_¿©_1.pal"
"oboro_¿©","2","4","C:\Users\wesley\Desktop\MeuRag\data\palette\¸ö\oboro_¿©_4.pal","C:\Users\wesley\Desktop\MeuRag\data\palette\¸ö\oboro_¿©_2.pal"
"oboro_¿©","3","4","C:\Users\wesley\Desktop\MeuRag\data\palette\¸ö\oboro_¿©_4.pal","C:\Users\wesley\Desktop\MeuRag\data\palette\¸ö\oboro_¿©_3.pal"
"¸®º§¸®¿Â_³²","0","4","C:\Users\wesley\Desktop\MeuRag\data\palette\¸ö\¸®º§¸®¿Â_³²_4.pal","C:\Users\wesley\Desktop\MeuRag\data\palette\¸ö\¸®º§¸®¿Â_³²_0.pal"
"¸®º§¸®¿Â_³²","1","4","C:\Users\wesley\Desktop\MeuRag\data\palette\¸ö\¸®º§¸®¿Â_³²_4.pal","C:\Users\wesley\Desktop\MeuRag\data\palette\¸ö\¸®º§¸®¿Â_³²_1.pal"
"¸®º§¸®¿Â_³²","2","4","C:\Users\wesley\Desktop\MeuRag\data\palette\¸ö\¸®º§¸®¿Â_³²_4.pal","C:\Users\wesley\Desktop\MeuRag\data\palette\¸ö\¸®º§¸®¿Â_³²_2.pal"
"¸®º§¸®¿Â_³²","3","4","C:\Users\wesley\Desktop\MeuRag\data\palette\¸ö\¸®º§¸®¿Â_³²_4.pal","C:\Users\wesley\Desktop\MeuRag\data\palette\¸ö\¸®º§¸®¿Â_³²_3.pal"
"¸®º§¸®¿Â_¿©","0","4","C:\Users\wesley\Desktop\MeuRag\data\palette\¸ö\¸®º§¸®¿Â_¿©_4.pal","C:\Users\wesley\Desktop\MeuRag\data\palette\¸ö\¸®º§¸®¿Â_¿©_0.pal"
"¸®º§¸®¿Â_¿©","1","4","C:\Users\wesley\Desktop\MeuRag\data\palette\¸ö\¸®º§¸®¿Â_¿©_4.pal","C:\Users\wesley\Desktop\MeuRag\data\palette\¸ö\¸®º§¸®¿Â_¿©_1.pal"
"¸®º§¸®¿Â_¿©","2","4","C:\Users\wesley\Desktop\MeuRag\data\palette\¸ö\¸®º§¸®¿Â_¿©_4.pal","C:\Users\wesley\Desktop\MeuRag\data\palette\¸ö\¸®º§¸®¿Â_¿©_2.pal"
"¸®º§¸®¿Â_¿©","3","4","C:\Users\wesley\Desktop\MeuRag\data\palette\¸ö\¸®º§¸®¿Â_¿©_4.pal","C:\Users\wesley\Desktop\MeuRag\data\palette\¸ö\¸®º§¸®¿Â_¿©_3.pal"
"¹Î½ºÆ®·²_¿©","4","3","C:\Users\wesley\Desktop\MeuRag\data\palette\¸ö\¹Î½ºÆ®·²_¿©_3.pal","C:\Users\wesley\Desktop\MeuRag\data\palette\¸ö\¹Î½ºÆ®·²_¿©_4.pal"
"¹Î½ºÆ®·²_¿©","5","3","C:\Users\wesley\Desktop\MeuRag\data\palette\¸ö\¹Î½ºÆ®·²_¿©_3.pal","C:\Users\wesley\Desktop\MeuRag\data\palette\¸ö\¹Î½ºÆ®·²_¿©_5.pal"
"¹Î½ºÆ®·²_¿©","6","3","C:\Users\wesley\Desktop\MeuRag\data\palette\¸ö\¹Î½ºÆ®·²_¿©_3.pal","C:\Users\wesley\Desktop\MeuRag\data\palette\¸ö\¹Î½ºÆ®·²_¿©_6.pal"
"¹Î½ºÆ®·²_¿©","7","3","C:\Users\wesley\Desktop\MeuRag\data\palette\¸ö\¹Î½ºÆ®·²_¿©_3.pal","C:\Users\wesley\Desktop\MeuRag\data\palette\¸ö\¹Î½ºÆ®·²_¿©_7.pal"
"¹Î½ºÆ®·²_¿©","8","3","C:\Users\wesley\Desktop\MeuRag\data\palette\¸ö\¹Î½ºÆ®·²_¿©_3.pal","C:\Users\wesley\Desktop\MeuRag\data\palette\¸ö\¹Î½ºÆ®·²_¿©_8.pal"
"¹Î½ºÆ®·²_¿©","9","3","C:\Users\wesley\Desktop\MeuRag\data\palette\¸ö\¹Î½ºÆ®·²_¿©_3.pal","C:\Users\wesley\Desktop\MeuRag\data\palette\¸ö\¹Î½ºÆ®·²_¿©_9.pal"
"¹Î½ºÆ®·²_¿©","10","3","C:\Users\wesley\Desktop\MeuRag\data\palette\¸ö\¹Î½ºÆ®·²_¿©_3.pal","C:\Users\wesley\Desktop\MeuRag\data\palette\¸ö\¹Î½ºÆ®·²_¿©_10.pal"
"¹Î½ºÆ®·²_¿©","11","3","C:\Users\wesley\Desktop\MeuRag\data\palette\¸ö\¹Î½ºÆ®·²_¿©_3.pal","C:\Users\wesley\Desktop\MeuRag\data\palette\¸ö\¹Î½ºÆ®·²_¿©_11.pal"
"¹Î½ºÆ®·²_¿©","12","3","C:\Users\wesley\Desktop\MeuRag\data\palette\¸ö\¹Î½ºÆ®·²_¿©_3.pal","C:\Users\wesley\Desktop\MeuRag\data\palette\¸ö\¹Î½ºÆ®·²_¿©_12.pal"
"¹Î½ºÆ®·²_¿©","13","3","C:\Users\wesley\Desktop\MeuRag\data\palette\¸ö\¹Î½ºÆ®·²_¿©_3.pal","C:\Users\wesley\Desktop\MeuRag\data\palette\¸ö\¹Î½ºÆ®·²_¿©_13.pal"
"¹Î½ºÆ®·²_¿©","14","3","C:\Users\wesley\Desktop\MeuRag\data\palette\¸ö\¹Î½ºÆ®·²_¿©_3.pal","C:\Users\wesley\Desktop\MeuRag\data\palette\¸ö\¹Î½ºÆ®·²_¿©_14.pal"
"¹Î½ºÆ®·²_¿©","15","3","C:\Users\wesley\Desktop\MeuRag\data\palette\¸ö\¹Î½ºÆ®·²_¿©_3.pal","C:\Users\wesley\Desktop\MeuRag\data\palette\¸ö\¹Î½ºÆ®·²_¿©_15.pal"
"¹Î½ºÆ®·²_¿©","16","3","C:\Users\wesley\Desktop\MeuRag\data\palette\¸ö\¹Î½ºÆ®·²_¿©_3.pal","C:\Users\wesley\Desktop\MeuRag\data\palette\¸ö\¹Î½ºÆ®·²_¿©_16.pal"
"¹Î½ºÆ®·²_¿©","17","3","C:\Users\wesley\Desktop\MeuRag\data\palette\¸ö\¹Î½ºÆ®·²_¿©_3.pal","C:\Users\wesley\Desktop\MeuRag\data\palette\¸ö\¹Î½ºÆ®·²_¿©_17.pal"
"¹Î½ºÆ®·²_¿©","18","3","C:\Users\wesley\Desktop\MeuRag\data\palette\¸ö\¹Î½ºÆ®·²_¿©_3.pal","C:\Users\wesley\Desktop\MeuRag\data\palette\¸ö\¹Î½ºÆ®·²_¿©_18.pal"
"¹Î½ºÆ®·²_¿©","19","3","C:\Users\wesley\Desktop\MeuRag\data\palette\¸ö\¹Î½ºÆ®·²_¿©_3.pal","C:\Users\wesley\Desktop\MeuRag\data\palette\¸ö\¹Î½ºÆ®·²_¿©_19.pal"
"¹Î½ºÆ®·²_¿©","20","3","C:\Users\wesley\Desktop\MeuRag\data\palette\¸ö\¹Î½ºÆ®·²_¿©_3.pal","C:\Users\wesley\Desktop\MeuRag\data\palette\¸ö\¹Î½ºÆ®·²_¿©_20.pal"
"¹Î½ºÆ®·²_¿©","21","3","C:\Users\wesley\Desktop\MeuRag\data\palette\¸ö\¹Î½ºÆ®·²_¿©_3.pal","C:\Users\wesley\Desktop\MeuRag\data\palette\¸ö\¹Î½ºÆ®·²_¿©_21.pal"
"¹Î½ºÆ®·²_¿©","22","3","C:\Users\wesley\Desktop\MeuRag\data\palette\¸ö\¹Î½ºÆ®·²_¿©_3.pal","C:\Users\wesley\Desktop\MeuRag\data\palette\¸ö\¹Î½ºÆ®·²_¿©_22.pal"
"¹Î½ºÆ®·²_¿©","23","3","C:\Users\wesley\Desktop\MeuRag\data\palette\¸ö\¹Î½ºÆ®·²_¿©_3.pal","C:\Users\wesley\Desktop\MeuRag\data\palette\¸ö\¹Î½ºÆ®·²_¿©_23.pal"
"¹Î½ºÆ®·²_¿©","24","3","C:\Users\wesley\Desktop\MeuRag\data\palette\¸ö\¹Î½ºÆ®·²_¿©_3.pal","C:\Users\wesley\Desktop\MeuRag\data\palette\¸ö\¹Î½ºÆ®·²_¿©_24.pal"
"¹Î½ºÆ®·²_¿©","25","3","C:\Users\wesley\Desktop\MeuRag\data\palette\¸ö\¹Î½ºÆ®·²_¿©_3.pal","C:\Users\wesley\Desktop\MeuRag\data\palette\¸ö\¹Î½ºÆ®·²_¿©_25.pal"
"¹Î½ºÆ®·²_¿©","26","3","C:\Users\wesley\Desktop\MeuRag\data\palette\¸ö\¹Î½ºÆ®·²_¿©_3.pal","C:\Users\wesley\Desktop\MeuRag\data\palette\¸ö\¹Î½ºÆ®·²_¿©_26.pal"
"¹Î½ºÆ®·²_¿©","27","3","C:\Users\wesley\Desktop\MeuRag\data\palette\¸ö\¹Î½ºÆ®·²_¿©_3.pal","C:\Users\wesley\Desktop\MeuRag\data\palette\¸ö\¹Î½ºÆ®·²_¿©_27.pal"
"¹Î½ºÆ®·²_¿©","28","3","C:\Users\wesley\Desktop\MeuRag\data\palette\¸ö\¹Î½ºÆ®·²_¿©_3.pal","C:\Users\wesley\Desktop\MeuRag\data\palette\¸ö\¹Î½ºÆ®·²_¿©_28.pal"
"¹Î½ºÆ®·²_¿©","29","3","C:\Users\wesley\Desktop\MeuRag\data\palette\¸ö\¹Î½ºÆ®·²_¿©_3.pal","C:\Users\wesley\Desktop\MeuRag\data\palette\¸ö\¹Î½ºÆ®·²_¿©_29.pal"
"¹Î½ºÆ®·²_¿©","30","3","C:\Users\wesley\Desktop\MeuRag\data\palette\¸ö\¹Î½ºÆ®·²_¿©_3.pal","C:\Users\wesley\Desktop\MeuRag\data\palette\¸ö\¹Î½ºÆ®·²_¿©_30.pal"
"¹Î½ºÆ®·²_¿©","31","3","C:\Users\wesley\Desktop\MeuRag\data\palette\¸ö\¹Î½ºÆ®·²_¿©_3.pal","C:\Users\wesley\Desktop\MeuRag\data\palette\¸ö\¹Î½ºÆ®·²_¿©_31.pal"
"¹Î½ºÆ®·²_¿©","32","3","C:\Users\wesley\Desktop\MeuRag\data\palette\¸ö\¹Î½ºÆ®·²_¿©_3.pal","C:\Users\wesley\Desktop\MeuRag\data\palette\¸ö\¹Î½ºÆ®·²_¿©_32.pal"
"¹Î½ºÆ®·²_¿©","33","3","C:\Users\wesley\Desktop\MeuRag\data\palette\¸ö\¹Î½ºÆ®·²_¿©_3.pal","C:\Users\wesley\Desktop\MeuRag\data\palette\¸ö\¹Î½ºÆ®·²_¿©_33.pal"
"¹Î½ºÆ®·²_¿©","34","3","C:\Users\wesley\Desktop\MeuRag\data\palette\¸ö\¹Î½ºÆ®·²_¿©_3.pal","C:\Users\wesley\Desktop\MeuRag\data\palette\¸ö\¹Î½ºÆ®·²_¿©_34.pal"
"¹Î½ºÆ®·²_¿©","35","3","C:\Users\wesley\Desktop\MeuRag\data\palette\¸ö\¹Î½ºÆ®·²_¿©_3.pal","C:\Users\wesley\Desktop\MeuRag\data\palette\¸ö\¹Î½ºÆ®·²_¿©_35.pal"
"¹Î½ºÆ®·²_¿©","36","3","C:\Users\wesley\Desktop\MeuRag\data\palette\¸ö\¹Î½ºÆ®·²_¿©_3.pal","C:\Users\wesley\Desktop\MeuRag\data\palette\¸ö\¹Î½ºÆ®·²_¿©_36.pal"
"¹Î½ºÆ®·²_¿©","37","3","C:\Users\wesley\Desktop\MeuRag\data\palette\¸ö\¹Î½ºÆ®·²_¿©_3.pal","C:\Users\wesley\Desktop\MeuRag\data\palette\¸ö\¹Î½ºÆ®·²_¿©_37.pal"
"¹Î½ºÆ®·²_¿©","38","3","C:\Users\wesley\Desktop\MeuRag\data\palette\¸ö\¹Î½ºÆ®·²_¿©_3.pal","C:\Users\wesley\Desktop\MeuRag\data\palette\¸ö\¹Î½ºÆ®·²_¿©_38.pal"
"¹Î½ºÆ®·²_¿©","39","3","C:\Users\wesley\Desktop\MeuRag\data\palette\¸ö\¹Î½ºÆ®·²_¿©_3.pal","C:\Users\wesley\Desktop\MeuRag\data\palette\¸ö\¹Î½ºÆ®·²_¿©_39.pal"
"¹Î½ºÆ®·²_¿©","40","3","C:\Users\wesley\Desktop\MeuRag\data\palette\¸ö\¹Î½ºÆ®·²_¿©_3.pal","C:\Users\wesley\Desktop\MeuRag\data\palette\¸ö\¹Î½ºÆ®·²_¿©_40.pal"
"¹Î½ºÆ®·²_¿©","41","3","C:\Users\wesley\Desktop\MeuRag\data\palette\¸ö\¹Î½ºÆ®·²_¿©_3.pal","C:\Users\wesley\Desktop\MeuRag\data\palette\¸ö\¹Î½ºÆ®·²_¿©_41.pal"
"¹Î½ºÆ®·²_¿©","42","3","C:\Users\wesley\Desktop\MeuRag\data\palette\¸ö\¹Î½ºÆ®·²_¿©_3.pal","C:\Users\wesley\Desktop\MeuRag\data\palette\¸ö\¹Î½ºÆ®·²_¿©_42.pal"
"¹Î½ºÆ®·²_¿©","43","3","C:\Users\wesley\Desktop\MeuRag\data\palette\¸ö\¹Î½ºÆ®·²_¿©_3.pal","C:\Users\wesley\Desktop\MeuRag\data\palette\¸ö\¹Î½ºÆ®·²_¿©_43.pal"
"¹Î½ºÆ®·²_¿©","44","3","C:\Users\wesley\Desktop\MeuRag\data\palette\¸ö\¹Î½ºÆ®·²_¿©_3.pal","C:\Users\wesley\Desktop\MeuRag\data\palette\¸ö\¹Î½ºÆ®·²_¿©_44.pal"
"¹Î½ºÆ®·²_¿©","45","3","C:\Users\wesley\Desktop\MeuRag\data\palette\¸ö\¹Î½ºÆ®·²_¿©_3.pal","C:\Users\wesley\Desktop\MeuRag\data\palette\¸ö\¹Î½ºÆ®·²_¿©_45.pal"
"¹Î½ºÆ®·²_¿©","46","3","C:\Users\wesley\Desktop\MeuRag\data\palette\¸ö\¹Î½ºÆ®·²_¿©_3.pal","C:\Users\wesley\Desktop\MeuRag\data\palette\¸ö\¹Î½ºÆ®·²_¿©_46.pal"
"¹Î½ºÆ®·²_¿©","47","3","C:\Users\wesley\Desktop\MeuRag\data\palette\¸ö\¹Î½ºÆ®·²_¿©_3.pal","C:\Users\wesley\Desktop\MeuRag\data\palette\¸ö\¹Î½ºÆ®·²_¿©_47.pal"
"¹Î½ºÆ®·²_¿©","48","3","C:\Users\wesley\Desktop\MeuRag\data\palette\¸ö\¹Î½ºÆ®·²_¿©_3.pal","C:\Users\wesley\Desktop\MeuRag\data\palette\¸ö\¹Î½ºÆ®·²_¿©_48.pal"
"¹Î½ºÆ®·²_¿©","49","3","C:\Users\wesley\Desktop\MeuRag\data\palette\¸ö\¹Î½ºÆ®·²_¿©_3.pal","C:\Users\wesley\Desktop\MeuRag\data\palette\¸ö\¹Î½ºÆ®·²_¿©_49.pal"
"¹Î½ºÆ®·²_¿©","50","3","C:\Users\wesley\Desktop\MeuRag\data\palette\¸ö\¹Î½ºÆ®·²_¿©_3.pal","C:\Users\wesley\Desktop\MeuRag\data\palette\¸ö\¹Î½ºÆ®·²_¿©_50.pal"
"¹Î½ºÆ®·²_¿©","51","3","C:\Users\wesley\Desktop\MeuRag\data\palette\¸ö\¹Î½ºÆ®·²_¿©_3.pal","C:\Users\wesley\Desktop\MeuRag\data\palette\¸ö\¹Î½ºÆ®·²_¿©_51.pal"
"¹Î½ºÆ®·²_¿©","52","3","C:\Users\wesley\Desktop\MeuRag\data\palette\¸ö\¹Î½ºÆ®·²_¿©_3.pal","C:\Users\wesley\Desktop\MeuRag\data\palette\¸ö\¹Î½ºÆ®·²_¿©_52.pal"
"¹Î½ºÆ®·²_¿©","53","3","C:\Users\wesley\Desktop\MeuRag\data\palette\¸ö\¹Î½ºÆ®·²_¿©_3.pal","C:\Users\wesley\Desktop\MeuRag\data\palette\¸ö\¹Î½ºÆ®·²_¿©_53.pal"
"¹Î½ºÆ®·²_¿©","54","3","C:\Users\wesley\Desktop\MeuRag\data\palette\¸ö\¹Î½ºÆ®·²_¿©_3.pal","C:\Users\wesley\Desktop\MeuRag\data\palette\¸ö\¹Î½ºÆ®·²_¿©_54.pal"
"¹Î½ºÆ®·²_¿©","55","3","C:\Users\wesley\Desktop\MeuRag\data\palette\¸ö\¹Î½ºÆ®·²_¿©_3.pal","C:\Users\wesley\Desktop\MeuRag\data\palette\¸ö\¹Î½ºÆ®·²_¿©_55.pal"
"¹Î½ºÆ®·²_¿©","56","3","C:\Users\wesley\Desktop\MeuRag\data\palette\¸ö\¹Î½ºÆ®·²_¿©_3.pal","C:\Users\wesley\Desktop\MeuRag\data\palette\¸ö\¹Î½ºÆ®·²_¿©_56.pal"
"¹Î½ºÆ®·²_¿©","57","3","C:\Users\wesley\Desktop\MeuRag\data\palette\¸ö\¹Î½ºÆ®·²_¿©_3.pal","C:\Users\wesley\Desktop\MeuRag\data\palette\¸ö\¹Î½ºÆ®·²_¿©_57.pal"
"¹Î½ºÆ®·²_¿©","58","3","C:\Users\wesley\Desktop\MeuRag\data\palette\¸ö\¹Î½ºÆ®·²_¿©_3.pal","C:\Users\wesley\Desktop\MeuRag\data\palette\¸ö\¹Î½ºÆ®·²_¿©_58.pal"
"¹Î½ºÆ®·²_¿©","59","3","C:\Users\wesley\Desktop\MeuRag\data\palette\¸ö\¹Î½ºÆ®·²_¿©_3.pal","C:\Users\wesley\Desktop\MeuRag\data\palette\¸ö\¹Î½ºÆ®·²_¿©_59.pal"
"¹Î½ºÆ®·²_¿©","60","3","C:\Users\wesley\Desktop\MeuRag\data\palette\¸ö\¹Î½ºÆ®·²_¿©_3.pal","C:\Users\wesley\Desktop\MeuRag\data\palette\¸ö\¹Î½ºÆ®·²_¿©_60.pal"
"¹Î½ºÆ®·²_¿©","61","3","C:\Users\wesley\Desktop\MeuRag\data\palette\¸ö\¹Î½ºÆ®·²_¿©_3.pal","C:\Users\wesley\Desktop\MeuRag\data\palette\¸ö\¹Î½ºÆ®·²_¿©_61.pal"
"¹Î½ºÆ®·²_¿©","62","3","C:\Users\wesley\Desktop\MeuRag\data\palette\¸ö\¹Î½ºÆ®·²_¿©_3.pal","C:\Users\wesley\Desktop\MeuRag\data\palette\¸ö\¹Î½ºÆ®·²_¿©_62.pal"
"¹Î½ºÆ®·²_¿©","63","3","C:\Users\wesley\Desktop\MeuRag\data\palette\¸ö\¹Î½ºÆ®·²_¿©_3.pal","C:\Users\wesley\Desktop\MeuRag\data\palette\¸ö\¹Î½ºÆ®·²_¿©_63.pal"
"¹Î½ºÆ®·²_¿©","64","3","C:\Users\wesley\Desktop\MeuRag\data\palette\¸ö\¹Î½ºÆ®·²_¿©_3.pal","C:\Users\wesley\Desktop\MeuRag\data\palette\¸ö\¹Î½ºÆ®·²_¿©_64.pal"
"¹Î½ºÆ®·²_¿©","65","3","C:\Users\wesley\Desktop\MeuRag\data\palette\¸ö\¹Î½ºÆ®·²_¿©_3.pal","C:\Users\wesley\Desktop\MeuRag\data\palette\¸ö\¹Î½ºÆ®·²_¿©_65.pal"
"¹Î½ºÆ®·²_¿©","66","3","C:\Users\wesley\Desktop\MeuRag\data\palette\¸ö\¹Î½ºÆ®·²_¿©_3.pal","C:\Users\wesley\Desktop\MeuRag\data\palette\¸ö\¹Î½ºÆ®·²_¿©_66.pal"
"¹Î½ºÆ®·²_¿©","67","3","C:\Users\wesley\Desktop\MeuRag\data\palette\¸ö\¹Î½ºÆ®·²_¿©_3.pal","C:\Users\wesley\Desktop\MeuRag\data\palette\¸ö\¹Î½ºÆ®·²_¿©_67.pal"
"¹Î½ºÆ®·²_¿©","68","3","C:\Users\wesley\Desktop\MeuRag\data\palette\¸ö\¹Î½ºÆ®·²_¿©_3.pal","C:\Users\wesley\Desktop\MeuRag\data\palette\¸ö\¹Î½ºÆ®·²_¿©_68.pal"
"¹Î½ºÆ®·²_¿©","69","3","C:\Users\wesley\Desktop\MeuRag\data\palette\¸ö\¹Î½ºÆ®·²_¿©_3.pal","C:\Users\wesley\Desktop\MeuRag\data\palette\¸ö\¹Î½ºÆ®·²_¿©_69.pal"
"¹Î½ºÆ®·²_¿©","70","3","C:\Users\wesley\Desktop\MeuRag\data\palette\¸ö\¹Î½ºÆ®·²_¿©_3.pal","C:\Users\wesley\Desktop\MeuRag\data\palette\¸ö\¹Î½ºÆ®·²_¿©_70.pal"
"¹Î½ºÆ®·²_¿©","71","3","C:\Users\wesley\Desktop\MeuRag\data\palette\¸ö\¹Î½ºÆ®·²_¿©_3.pal","C:\Users\wesley\Desktop\MeuRag\data\palette\¸ö\¹Î½ºÆ®·²_¿©_71.pal"
"¹Î½ºÆ®·²_¿©","72","3","C:\Users\wesley\Desktop\MeuRag\data\palette\¸ö\¹Î½ºÆ®·²_¿©_3.pal","C:\Users\wesley\Desktop\MeuRag\data\palette\¸ö\¹Î½ºÆ®·²_¿©_72.pal"
"¹Î½ºÆ®·²_¿©","73","3","C:\Users\wesley\Desktop\MeuRag\data\palette\¸ö\¹Î½ºÆ®·²_¿©_3.pal","C:\Users\wesley\Desktop\MeuRag\data\palette\¸ö\¹Î½ºÆ®·²_¿©_73.pal"
"¹Î½ºÆ®·²_¿©","74","3","C:\Users\wesley\Desktop\MeuRag\data\palette\¸ö\¹Î½ºÆ®·²_¿©_3.pal","C:\Users\wesley\Desktop\MeuRag\data\palette\¸ö\¹Î½ºÆ®·²_¿©_74.pal"
"¹Î½ºÆ®·²_¿©","75","3","C:\Users\wesley\Desktop\MeuRag\data\palette\¸ö\¹Î½ºÆ®·²_¿©_3.pal","C:\Users\wesley\Desktop\MeuRag\data\palette\¸ö\¹Î½ºÆ®·²_¿©_75.pal"
"¹Î½ºÆ®·²_¿©","76","3","C:\Users\wesley\Desktop\MeuRag\data\palette\¸ö\¹Î½ºÆ®·²_¿©_3.pal","C:\Users\wesley\Desktop\MeuRag\data\palette\¸ö\¹Î½ºÆ®·²_¿©_76.pal"
"¹Î½ºÆ®·²_¿©","77","3","C:\Users\wesley\Desktop\MeuRag\data\palette\¸ö\¹Î½ºÆ®·²_¿©_3.pal","C:\Users\wesley\Desktop\MeuRag\data\palette\¸ö\¹Î½ºÆ®·²_¿©_77.pal"
"¹Î½ºÆ®·²_¿©","78","3","C:\Users\wesley\Desktop\MeuRag\data\palette\¸ö\¹Î½ºÆ®·²_¿©_3.pal","C:\Users\wesley\Desktop\MeuRag\data\palette\¸ö\¹Î½ºÆ®·²_¿©_78.pal"
"¹Î½ºÆ®·²_¿©","79","3","C:\Users\wesley\Desktop\MeuRag\data\palette\¸ö\¹Î½ºÆ®·²_¿©_3.pal","C:\Users\wesley\Desktop\MeuRag\data\palette\¸ö\¹Î½ºÆ®·²_¿©_79.pal"
"¹Î½ºÆ®·²_¿©","80","3","C:\Users\wesley\Desktop\MeuRag\data\palette\¸ö\¹Î½ºÆ®·²_¿©_3.pal","C:\Users\wesley\Desktop\MeuRag\data\palette\¸ö\¹Î½ºÆ®·²_¿©_80.pal"
"¹Î½ºÆ®·²_¿©","81","3","C:\Users\wesley\Desktop\MeuRag\data\palette\¸ö\¹Î½ºÆ®·²_¿©_3.pal","C:\Users\wesley\Desktop\MeuRag\data\palette\¸ö\¹Î½ºÆ®·²_¿©_81.pal"
"¹Î½ºÆ®·²_¿©","82","3","C:\Users\wesley\Desktop\MeuRag\data\palette\¸ö\¹Î½ºÆ®·²_¿©_3.pal","C:\Users\wesley\Desktop\MeuRag\data\palette\¸ö\¹Î½ºÆ®·²_¿©_82.pal"
"¹Î½ºÆ®·²_¿©","83","3","C:\Users\wesley\Desktop\MeuRag\data\palette\¸ö\¹Î½ºÆ®·²_¿©_3.pal","C:\Users\wesley\Desktop\MeuRag\data\palette\¸ö\¹Î½ºÆ®·²_¿©_83.pal"
"¹Î½ºÆ®·²_¿©","84","3","C:\Users\wesley\Desktop\MeuRag\data\palette\¸ö\¹Î½ºÆ®·²_¿©_3.pal","C:\Users\wesley\Desktop\MeuRag\data\palette\¸ö\¹Î½ºÆ®·²_¿©_84.pal"
"¹Î½ºÆ®·²_¿©","85","3","C:\Users\wesley\Desktop\MeuRag\data\palette\¸ö\¹Î½ºÆ®·²_¿©_3.pal","C:\Users\wesley\Desktop\MeuRag\data\palette\¸ö\¹Î½ºÆ®·²_¿©_85.pal"
"¹Î½ºÆ®·²_¿©","86","3","C:\Users\wesley\Desktop\MeuRag\data\palette\¸ö\¹Î½ºÆ®·²_¿©_3.pal","C:\Users\wesley\Desktop\MeuRag\data\palette\¸ö\¹Î½ºÆ®·²_¿©_86.pal"
"¹Î½ºÆ®·²_¿©","87","3","C:\Users\wesley\Desktop\MeuRag\data\palette\¸ö\¹Î½ºÆ®·²_¿©_3.pal","C:\Users\wesley\Desktop\MeuRag\data\palette\¸ö\¹Î½ºÆ®·²_¿©_87.pal"
"¹Î½ºÆ®·²_¿©","88","3","C:\Users\wesley\Desktop\MeuRag\data\palette\¸ö\¹Î½ºÆ®·²_¿©_3.pal","C:\Users\wesley\Desktop\MeuRag\data\palette\¸ö\¹Î½ºÆ®·²_¿©_88.pal"
"¹Î½ºÆ®·²_¿©","89","3","C:\Users\wesley\Desktop\MeuRag\data\palette\¸ö\¹Î½ºÆ®·²_¿©_3.pal","C:\Users\wesley\Desktop\MeuRag\data\palette\¸ö\¹Î½ºÆ®·²_¿©_89.pal"
"¹Î½ºÆ®·²_¿©","90","3","C:\Users\wesley\Desktop\MeuRag\data\palette\¸ö\¹Î½ºÆ®·²_¿©_3.pal","C:\Users\wesley\Desktop\MeuRag\data\palette\¸ö\¹Î½ºÆ®·²_¿©_90.pal"
"¹Î½ºÆ®·²_¿©","91","3","C:\Users\wesley\Desktop\MeuRag\data\palette\¸ö\¹Î½ºÆ®·²_¿©_3.pal","C:\Users\wesley\Desktop\MeuRag\data\palette\¸ö\¹Î½ºÆ®·²_¿©_91.pal"
"¹Î½ºÆ®·²_¿©","92","3","C:\Users\wesley\Desktop\MeuRag\data\palette\¸ö\¹Î½ºÆ®·²_¿©_3.pal","C:\Users\wesley\Desktop\MeuRag\data\palette\¸ö\¹Î½ºÆ®·²_¿©_92.pal"
"¹Î½ºÆ®·²_¿©","93","3","C:\Users\wesley\Desktop\MeuRag\data\palette\¸ö\¹Î½ºÆ®·²_¿©_3.pal","C:\Users\wesley\Desktop\MeuRag\data\palette\¸ö\¹Î½ºÆ®·²_¿©_93.pal"
"¹Î½ºÆ®·²_¿©","94","3","C:\Users\wesley\Desktop\MeuRag\data\palette\¸ö\¹Î½ºÆ®·²_¿©_3.pal","C:\Users\wesley\Desktop\MeuRag\data\palette\¸ö\¹Î½ºÆ®·²_¿©_94.pal"
"¹Î½ºÆ®·²_¿©","95","3","C:\Users\wesley\Desktop\MeuRag\data\palette\¸ö\¹Î½ºÆ®·²_¿©_3.pal","C:\Users\wesley\Desktop\MeuRag\data\palette\¸ö\¹Î½ºÆ®·²_¿©_95.pal"
"¹Î½ºÆ®·²_¿©","96","3","C:\Users\wesley\Desktop\MeuRag\data\palette\¸ö\¹Î½ºÆ®·²_¿©_3.pal","C:\Users\wesley\Desktop\MeuRag\data\palette\¸ö\¹Î½ºÆ®·²_¿©_96.pal"
"¹Î½ºÆ®·²_¿©","97","3","C:\Users\wesley\Desktop\MeuRag\data\palette\¸ö\¹Î½ºÆ®·²_¿©_3.pal","C:\Users\wesley\Desktop\MeuRag\data\palette\¸ö\¹Î½ºÆ®·²_¿©_97.pal"
"¹Î½ºÆ®·²_¿©","98","3","C:\Users\wesley\Desktop\MeuRag\data\palette\¸ö\¹Î½ºÆ®·²_¿©_3.pal","C:\Users\wesley\Desktop\MeuRag\data\palette\¸ö\¹Î½ºÆ®·²_¿©_98.pal"
"¹Î½ºÆ®·²_¿©","99","3","C:\Users\wesley\Desktop\MeuRag\data\palette\¸ö\¹Î½ºÆ®·²_¿©_3.pal","C:\Users\wesley\Desktop\MeuRag\data\palette\¸ö\¹Î½ºÆ®·²_¿©_99.pal"
"¹Î½ºÆ®·²_¿©","100","3","C:\Users\wesley\Desktop\MeuRag\data\palette\¸ö\¹Î½ºÆ®·²_¿©_3.pal","C:\Users\wesley\Desktop\MeuRag\data\palette\¸ö\¹Î½ºÆ®·²_¿©_100.pal"
"¹Î½ºÆ®·²_¿©","101","3","C:\Users\wesley\Desktop\MeuRag\data\palette\¸ö\¹Î½ºÆ®·²_¿©_3.pal","C:\Users\wesley\Desktop\MeuRag\data\palette\¸ö\¹Î½ºÆ®·²_¿©_101.pal"
"¹Î½ºÆ®·²_¿©","102","3","C:\Users\wesley\Desktop\MeuRag\data\palette\¸ö\¹Î½ºÆ®·²_¿©_3.pal","C:\Users\wesley\Desktop\MeuRag\data\palette\¸ö\¹Î½ºÆ®·²_¿©_102.pal"
"¹Î½ºÆ®·²_¿©","103","3","C:\Users\wesley\Desktop\MeuRag\data\palette\¸ö\¹Î½ºÆ®·²_¿©_3.pal","C:\Users\wesley\Desktop\MeuRag\data\palette\¸ö\¹Î½ºÆ®·²_¿©_103.pal"
"¹Î½ºÆ®·²_¿©","104","3","C:\Users\wesley\Desktop\MeuRag\data\palette\¸ö\¹Î½ºÆ®·²_¿©_3.pal","C:\Users\wesley\Desktop\MeuRag\data\palette\¸ö\¹Î½ºÆ®·²_¿©_104.pal"
"¹Î½ºÆ®·²_¿©","105","3","C:\Users\wesley\Desktop\MeuRag\data\palette\¸ö\¹Î½ºÆ®·²_¿©_3.pal","C:\Users\wesley\Desktop\MeuRag\data\palette\¸ö\¹Î½ºÆ®·²_¿©_105.pal"
"¹Î½ºÆ®·²_¿©","106","3","C:\Users\wesley\Desktop\MeuRag\data\palette\¸ö\¹Î½ºÆ®·²_¿©_3.pal","C:\Users\wesley\Desktop\MeuRag\data\palette\¸ö\¹Î½ºÆ®·²_¿©_106.pal"
"¹Î½ºÆ®·²_¿©","107","3","C:\Users\wesley\Desktop\MeuRag\data\palette\¸ö\¹Î½ºÆ®·²_¿©_3.pal","C:\Users\wesley\Desktop\MeuRag\data\palette\¸ö\¹Î½ºÆ®·²_¿©_107.pal"
"¹Î½ºÆ®·²_¿©","108","3","C:\Users\wesley\Desktop\MeuRag\data\palette\¸ö\¹Î½ºÆ®·²_¿©_3.pal","C:\Users\wesley\Desktop\MeuRag\data\palette\¸ö\¹Î½ºÆ®·²_¿©_108.pal"
"¹Î½ºÆ®·²_¿©","109","3","C:\Users\wesley\Desktop\MeuRag\data\palette\¸ö\¹Î½ºÆ®·²_¿©_3.pal","C:\Users\wesley\Desktop\MeuRag\data\palette\¸ö\¹Î½ºÆ®·²_¿©_109.pal"
"¹Î½ºÆ®·²_¿©","110","3","C:\Users\wesley\Desktop\MeuRag\data\palette\¸ö\¹Î½ºÆ®·²_¿©_3.pal","C:\Users\wesley\Desktop\MeuRag\data\palette\¸ö\¹Î½ºÆ®·²_¿©_110.pal"
"¹Î½ºÆ®·²_¿©","111","3","C:\Users\wesley\Desktop\MeuRag\data\palette\¸ö\¹Î½ºÆ®·²_¿©_3.pal","C:\Users\wesley\Desktop\MeuRag\data\palette\¸ö\¹Î½ºÆ®·²_¿©_111.pal"
"¹Î½ºÆ®·²_¿©","112","3","C:\Users\wesley\Desktop\MeuRag\data\palette\¸ö\¹Î½ºÆ®·²_¿©_3.pal","C:\Users\wesley\Desktop\MeuRag\data\palette\¸ö\¹Î½ºÆ®·²_¿©_112.pal"
"¹Î½ºÆ®·²_¿©","113","3","C:\Users\wesley\Desktop\MeuRag\data\palette\¸ö\¹Î½ºÆ®·²_¿©_3.pal","C:\Users\wesley\Desktop\MeuRag\data\palette\¸ö\¹Î½ºÆ®·²_¿©_113.pal"
"¹Î½ºÆ®·²_¿©","114","3","C:\Users\wesley\Desktop\MeuRag\data\palette\¸ö\¹Î½ºÆ®·²_¿©_3.pal","C:\Users\wesley\Desktop\MeuRag\data\palette\¸ö\¹Î½ºÆ®·²_¿©_114.pal"
"¹Î½ºÆ®·²_¿©","115","3","C:\Users\wesley\Desktop\MeuRag\data\palette\¸ö\¹Î½ºÆ®·²_¿©_3.pal","C:\Users\wesley\Desktop\MeuRag\data\palette\¸ö\¹Î½ºÆ®·²_¿©_115.pal"
"¹Î½ºÆ®·²_¿©","116","3","C:\Users\wesley\Desktop\MeuRag\data\palette\¸ö\¹Î½ºÆ®·²_¿©_3.pal","C:\Users\wesley\Desktop\MeuRag\data\palette\¸ö\¹Î½ºÆ®·²_¿©_116.pal"
"¹Î½ºÆ®·²_¿©","117","3","C:\Users\wesley\Desktop\MeuRag\data\palette\¸ö\¹Î½ºÆ®·²_¿©_3.pal","C:\Users\wesley\Desktop\MeuRag\data\palette\¸ö\¹Î½ºÆ®·²_¿©_117.pal"
"¹Î½ºÆ®·²_¿©","118","3","C:\Users\wesley\Desktop\MeuRag\data\palette\¸ö\¹Î½ºÆ®·²_¿©_3.pal","C:\Users\wesley\Desktop\MeuRag\data\palette\¸ö\¹Î½ºÆ®·²_¿©_118.pal"
"¹Î½ºÆ®·²_¿©","119","3","C:\Users\wesley\Desktop\MeuRag\data\palette\¸ö\¹Î½ºÆ®·²_¿©_3.pal","C:\Users\wesley\Desktop\MeuRag\data\palette\¸ö\¹Î½ºÆ®·²_¿©_119.pal"
"¹Î½ºÆ®·²_¿©","120","3","C:\Users\wesley\Desktop\MeuRag\data\palette\¸ö\¹Î½ºÆ®·²_¿©_3.pal","C:\Users\wesley\Desktop\MeuRag\data\palette\¸ö\¹Î½ºÆ®·²_¿©_120.pal"
"¹Î½ºÆ®·²_¿©","121","3","C:\Users\wesley\Desktop\MeuRag\data\palette\¸ö\¹Î½ºÆ®·²_¿©_3.pal","C:\Users\wesley\Desktop\MeuRag\data\palette\¸ö\¹Î½ºÆ®·²_¿©_121.pal"
"¹Î½ºÆ®·²_¿©","122","3","C:\Users\wesley\Desktop\MeuRag\data\palette\¸ö\¹Î½ºÆ®·²_¿©_3.pal","C:\Users\wesley\Desktop\MeuRag\data\palette\¸ö\¹Î½ºÆ®·²_¿©_122.pal"
"¹Î½ºÆ®·²_¿©","123","3","C:\Users\wesley\Desktop\MeuRag\data\palette\¸ö\¹Î½ºÆ®·²_¿©_3.pal","C:\Users\wesley\Desktop\MeuRag\data\palette\¸ö\¹Î½ºÆ®·²_¿©_123.pal"
"¹Î½ºÆ®·²_¿©","124","3","C:\Users\wesley\Desktop\MeuRag\data\palette\¸ö\¹Î½ºÆ®·²_¿©_3.pal","C:\Users\wesley\Desktop\MeuRag\data\palette\¸ö\¹Î½ºÆ®·²_¿©_124.pal"
"¹Î½ºÆ®·²_¿©","125","3","C:\Users\wesley\Desktop\MeuRag\data\palette\¸ö\¹Î½ºÆ®·²_¿©_3.pal","C:\Users\wesley\Desktop\MeuRag\data\palette\¸ö\¹Î½ºÆ®·²_¿©_125.pal"
"¹Î½ºÆ®·²_¿©","126","3","C:\Users\wesley\Desktop\MeuRag\data\palette\¸ö\¹Î½ºÆ®·²_¿©_3.pal","C:\Users\wesley\Desktop\MeuRag\data\palette\¸ö\¹Î½ºÆ®·²_¿©_126.pal"
"¹Î½ºÆ®·²_¿©","127","3","C:\Users\wesley\Desktop\MeuRag\data\palette\¸ö\¹Î½ºÆ®·²_¿©_3.pal","C:\Users\wesley\Desktop\MeuRag\data\palette\¸ö\¹Î½ºÆ®·²_¿©_127.pal"
"¹Î½ºÆ®·²_¿©","128","3","C:\Users\wesley\Desktop\MeuRag\data\palette\¸ö\¹Î½ºÆ®·²_¿©_3.pal","C:\Users\wesley\Desktop\MeuRag\data\palette\¸ö\¹Î½ºÆ®·²_¿©_128.pal"
"¹Î½ºÆ®·²_¿©","129","3","C:\Users\wesley\Desktop\MeuRag\data\palette\¸ö\¹Î½ºÆ®·²_¿©_3.pal","C:\Users\wesley\Desktop\MeuRag\data\palette\¸ö\¹Î½ºÆ®·²_¿©_129.pal"
"¹Î½ºÆ®·²_¿©","130","3","C:\Users\wesley\Desktop\MeuRag\data\palette\¸ö\¹Î½ºÆ®·²_¿©_3.pal","C:\Users\wesley\Desktop\MeuRag\data\palette\¸ö\¹Î½ºÆ®·²_¿©_130.pal"
"¹Î½ºÆ®·²_¿©","131","3","C:\Users\wesley\Desktop\MeuRag\data\palette\¸ö\¹Î½ºÆ®·²_¿©_3.pal","C:\Users\wesley\Desktop\MeuRag\data\palette\¸ö\¹Î½ºÆ®·²_¿©_131.pal"
"¹Î½ºÆ®·²_¿©","132","3","C:\Users\wesley\Desktop\MeuRag\data\palette\¸ö\¹Î½ºÆ®·²_¿©_3.pal","C:\Users\wesley\Desktop\MeuRag\data\palette\¸ö\¹Î½ºÆ®·²_¿©_132.pal"
"¹Î½ºÆ®·²_¿©","133","3","C:\Users\wesley\Desktop\MeuRag\data\palette\¸ö\¹Î½ºÆ®·²_¿©_3.pal","C:\Users\wesley\Desktop\MeuRag\data\palette\¸ö\¹Î½ºÆ®·²_¿©_133.pal"
"¹Î½ºÆ®·²_¿©","134","3","C:\Users\wesley\Desktop\MeuRag\data\palette\¸ö\¹Î½ºÆ®·²_¿©_3.pal","C:\Users\wesley\Desktop\MeuRag\data\palette\¸ö\¹Î½ºÆ®·²_¿©_134.pal"
"¹Î½ºÆ®·²_¿©","135","3","C:\Users\wesley\Desktop\MeuRag\data\palette\¸ö\¹Î½ºÆ®·²_¿©_3.pal","C:\Users\wesley\Desktop\MeuRag\data\palette\¸ö\¹Î½ºÆ®·²_¿©_135.pal"
"¹Î½ºÆ®·²_¿©","136","3","C:\Users\wesley\Desktop\MeuRag\data\palette\¸ö\¹Î½ºÆ®·²_¿©_3.pal","C:\Users\wesley\Desktop\MeuRag\data\palette\¸ö\¹Î½ºÆ®·²_¿©_136.pal"
"¹Î½ºÆ®·²_¿©","137","3","C:\Users\wesley\Desktop\MeuRag\data\palette\¸ö\¹Î½ºÆ®·²_¿©_3.pal","C:\Users\wesley\Desktop\MeuRag\data\palette\¸ö\¹Î½ºÆ®·²_¿©_137.pal"
"¹Î½ºÆ®·²_¿©","138","3","C:\Users\wesley\Desktop\MeuRag\data\palette\¸ö\¹Î½ºÆ®·²_¿©_3.pal","C:\Users\wesley\Desktop\MeuRag\data\palette\¸ö\¹Î½ºÆ®·²_¿©_138.pal"
"¹Î½ºÆ®·²_¿©","139","3","C:\Users\wesley\Desktop\MeuRag\data\palette\¸ö\¹Î½ºÆ®·²_¿©_3.pal","C:\Users\wesley\Desktop\MeuRag\data\palette\¸ö\¹Î½ºÆ®·²_¿©_139.pal"
"¹Î½ºÆ®·²_¿©","140","3","C:\Users\wesley\Desktop\MeuRag\data\palette\¸ö\¹Î½ºÆ®·²_¿©_3.pal","C:\Users\wesley\Desktop\MeuRag\data\palette\¸ö\¹Î½ºÆ®·²_¿©_140.pal"
"¹Î½ºÆ®·²_¿©","141","3","C:\Users\wesley\Desktop\MeuRag\data\palette\¸ö\¹Î½ºÆ®·²_¿©_3.pal","C:\Users\wesley\Desktop\MeuRag\data\palette\¸ö\¹Î½ºÆ®·²_¿©_141.pal"
"¹Î½ºÆ®·²_¿©","142","3","C:\Users\wesley\Desktop\MeuRag\data\palette\¸ö\¹Î½ºÆ®·²_¿©_3.pal","C:\Users\wesley\Desktop\MeuRag\data\palette\¸ö\¹Î½ºÆ®·²_¿©_142.pal"
"¹Î½ºÆ®·²_¿©","143","3","C:\Users\wesley\Desktop\MeuRag\data\palette\¸ö\¹Î½ºÆ®·²_¿©_3.pal","C:\Users\wesley\Desktop\MeuRag\data\palette\¸ö\¹Î½ºÆ®·²_¿©_143.pal"
"¹Î½ºÆ®·²_¿©","144","3","C:\Users\wesley\Desktop\MeuRag\data\palette\¸ö\¹Î½ºÆ®·²_¿©_3.pal","C:\Users\wesley\Desktop\MeuRag\data\palette\¸ö\¹Î½ºÆ®·²_¿©_144.pal"
"¹Î½ºÆ®·²_¿©","145","3","C:\Users\wesley\Desktop\MeuRag\data\palette\¸ö\¹Î½ºÆ®·²_¿©_3.pal","C:\Users\wesley\Desktop\MeuRag\data\palette\¸ö\¹Î½ºÆ®·²_¿©_145.pal"
"¹Î½ºÆ®·²_¿©","146","3","C:\Users\wesley\Desktop\MeuRag\data\palette\¸ö\¹Î½ºÆ®·²_¿©_3.pal","C:\Users\wesley\Desktop\MeuRag\data\palette\¸ö\¹Î½ºÆ®·²_¿©_146.pal"
"¹Î½ºÆ®·²_¿©","147","3","C:\Users\wesley\Desktop\MeuRag\data\palette\¸ö\¹Î½ºÆ®·²_¿©_3.pal","C:\Users\wesley\Desktop\MeuRag\data\palette\¸ö\¹Î½ºÆ®·²_¿©_147.pal"
"¹Î½ºÆ®·²_¿©","148","3","C:\Users\wesley\Desktop\MeuRag\data\palette\¸ö\¹Î½ºÆ®·²_¿©_3.pal","C:\Users\wesley\Desktop\MeuRag\data\palette\¸ö\¹Î½ºÆ®·²_¿©_148.pal"
"¹Î½ºÆ®·²_¿©","149","3","C:\Users\wesley\Desktop\MeuRag\data\palette\¸ö\¹Î½ºÆ®·²_¿©_3.pal","C:\Users\wesley\Desktop\MeuRag\data\palette\¸ö\¹Î½ºÆ®·²_¿©_149.pal"
"¹Î½ºÆ®·²_¿©","150","3","C:\Users\wesley\Desktop\MeuRag\data\palette\¸ö\¹Î½ºÆ®·²_¿©_3.pal","C:\Users\wesley\Desktop\MeuRag\data\palette\¸ö\¹Î½ºÆ®·²_¿©_150.pal"
"¹Î½ºÆ®·²_¿©","151","3","C:\Users\wesley\Desktop\MeuRag\data\palette\¸ö\¹Î½ºÆ®·²_¿©_3.pal","C:\Users\wesley\Desktop\MeuRag\data\palette\¸ö\¹Î½ºÆ®·²_¿©_151.pal"
"¹Î½ºÆ®·²_¿©","152","3","C:\Users\wesley\Desktop\MeuRag\data\palette\¸ö\¹Î½ºÆ®·²_¿©_3.pal","C:\Users\wesley\Desktop\MeuRag\data\palette\¸ö\¹Î½ºÆ®·²_¿©_152.pal"
"¹Î½ºÆ®·²_¿©","153","3","C:\Users\wesley\Desktop\MeuRag\data\palette\¸ö\¹Î½ºÆ®·²_¿©_3.pal","C:\Users\wesley\Desktop\MeuRag\data\palette\¸ö\¹Î½ºÆ®·²_¿©_153.pal"
"¹Î½ºÆ®·²_¿©","154","3","C:\Users\wesley\Desktop\MeuRag\data\palette\¸ö\¹Î½ºÆ®·²_¿©_3.pal","C:\Users\wesley\Desktop\MeuRag\data\palette\¸ö\¹Î½ºÆ®·²_¿©_154.pal"
"¹Î½ºÆ®·²_¿©","155","3","C:\Users\wesley\Desktop\MeuRag\data\palette\¸ö\¹Î½ºÆ®·²_¿©_3.pal","C:\Users\wesley\Desktop\MeuRag\data\palette\¸ö\¹Î½ºÆ®·²_¿©_155.pal"
"¹Î½ºÆ®·²_¿©","156","3","C:\Users\wesley\Desktop\MeuRag\data\palette\¸ö\¹Î½ºÆ®·²_¿©_3.pal","C:\Users\wesley\Desktop\MeuRag\data\palette\¸ö\¹Î½ºÆ®·²_¿©_156.pal"
"¹Î½ºÆ®·²_¿©","157","3","C:\Users\wesley\Desktop\MeuRag\data\palette\¸ö\¹Î½ºÆ®·²_¿©_3.pal","C:\Users\wesley\Desktop\MeuRag\data\palette\¸ö\¹Î½ºÆ®·²_¿©_157.pal"
"¹Î½ºÆ®·²_¿©","158","3","C:\Users\wesley\Desktop\MeuRag\data\palette\¸ö\¹Î½ºÆ®·²_¿©_3.pal","C:\Users\wesley\Desktop\MeuRag\data\palette\¸ö\¹Î½ºÆ®·²_¿©_158.pal"
"¹Î½ºÆ®·²_¿©","159","3","C:\Users\wesley\Desktop\MeuRag\data\palette\¸ö\¹Î½ºÆ®·²_¿©_3.pal","C:\Users\wesley\Desktop\MeuRag\data\palette\¸ö\¹Î½ºÆ®·²_¿©_159.pal"
"¹Î½ºÆ®·²_¿©","160","3","C:\Users\wesley\Desktop\MeuRag\data\palette\¸ö\¹Î½ºÆ®·²_¿©_3.pal","C:\Users\wesley\Desktop\MeuRag\data\palette\¸ö\¹Î½ºÆ®·²_¿©_160.pal"
"¹Î½ºÆ®·²_¿©","161","3","C:\Users\wesley\Desktop\MeuRag\data\palette\¸ö\¹Î½ºÆ®·²_¿©_3.pal","C:\Users\wesley\Desktop\MeuRag\data\palette\¸ö\¹Î½ºÆ®·²_¿©_161.pal"
"¹Î½ºÆ®·²_¿©","162","3","C:\Users\wesley\Desktop\MeuRag\data\palette\¸ö\¹Î½ºÆ®·²_¿©_3.pal","C:\Users\wesley\Desktop\MeuRag\data\palette\¸ö\¹Î½ºÆ®·²_¿©_162.pal"
"¹Î½ºÆ®·²_¿©","163","3","C:\Users\wesley\Desktop\MeuRag\data\palette\¸ö\¹Î½ºÆ®·²_¿©_3.pal","C:\Users\wesley\Desktop\MeuRag\data\palette\¸ö\¹Î½ºÆ®·²_¿©_163.pal"
"¹Î½ºÆ®·²_¿©","164","3","C:\Users\wesley\Desktop\MeuRag\data\palette\¸ö\¹Î½ºÆ®·²_¿©_3.pal","C:\Users\wesley\Desktop\MeuRag\data\palette\¸ö\¹Î½ºÆ®·²_¿©_164.pal"
"¹Î½ºÆ®·²_¿©","165","3","C:\Users\wesley\Desktop\MeuRag\data\palette\¸ö\¹Î½ºÆ®·²_¿©_3.pal","C:\Users\wesley\Desktop\MeuRag\data\palette\¸ö\¹Î½ºÆ®·²_¿©_165.pal"
"¹Î½ºÆ®·²_¿©","166","3","C:\Users\wesley\Desktop\MeuRag\data\palette\¸ö\¹Î½ºÆ®·²_¿©_3.pal","C:\Users\wesley\Desktop\MeuRag\data\palette\¸ö\¹Î½ºÆ®·²_¿©_166.pal"
"¹Î½ºÆ®·²_¿©","167","3","C:\Users\wesley\Desktop\MeuRag\data\palette\¸ö\¹Î½ºÆ®·²_¿©_3.pal","C:\Users\wesley\Desktop\MeuRag\data\palette\¸ö\¹Î½ºÆ®·²_¿©_167.pal"
"¹Î½ºÆ®·²_¿©","168","3","C:\Users\wesley\Desktop\MeuRag\data\palette\¸ö\¹Î½ºÆ®·²_¿©_3.pal","C:\Users\wesley\Desktop\MeuRag\data\palette\¸ö\¹Î½ºÆ®·²_¿©_168.pal"
"¹Î½ºÆ®·²_¿©","169","3","C:\Users\wesley\Desktop\MeuRag\data\palette\¸ö\¹Î½ºÆ®·²_¿©_3.pal","C:\Users\wesley\Desktop\MeuRag\data\palette\¸ö\¹Î½ºÆ®·²_¿©_169.pal"
"¹Î½ºÆ®·²_¿©","170","3","C:\Users\wesley\Desktop\MeuRag\data\palette\¸ö\¹Î½ºÆ®·²_¿©_3.pal","C:\Users\wesley\Desktop\MeuRag\data\palette\¸ö\¹Î½ºÆ®·²_¿©_170.pal"
"¹Î½ºÆ®·²_¿©","171","3","C:\Users\wesley\Desktop\MeuRag\data\palette\¸ö\¹Î½ºÆ®·²_¿©_3.pal","C:\Users\wesley\Desktop\MeuRag\data\palette\¸ö\¹Î½ºÆ®·²_¿©_171.pal"
"¹Î½ºÆ®·²_¿©","172","3","C:\Users\wesley\Desktop\MeuRag\data\palette\¸ö\¹Î½ºÆ®·²_¿©_3.pal","C:\Users\wesley\Desktop\MeuRag\data\palette\¸ö\¹Î½ºÆ®·²_¿©_172.pal"
"¹Î½ºÆ®·²_¿©","173","3","C:\Users\wesley\Desktop\MeuRag\data\palette\¸ö\¹Î½ºÆ®·²_¿©_3.pal","C:\Users\wesley\Desktop\MeuRag\data\palette\¸ö\¹Î½ºÆ®·²_¿©_173.pal"
"¹Î½ºÆ®·²_¿©","174","3","C:\Users\wesley\Desktop\MeuRag\data\palette\¸ö\¹Î½ºÆ®·²_¿©_3.pal","C:\Users\wesley\Desktop\MeuRag\data\palette\¸ö\¹Î½ºÆ®·²_¿©_174.pal"
"¹Î½ºÆ®·²_¿©","175","3","C:\Users\wesley\Desktop\MeuRag\data\palette\¸ö\¹Î½ºÆ®·²_¿©_3.pal","C:\Users\wesley\Desktop\MeuRag\data\palette\¸ö\¹Î½ºÆ®·²_¿©_175.pal"
"¹Î½ºÆ®·²_¿©","176","3","C:\Users\wesley\Desktop\MeuRag\data\palette\¸ö\¹Î½ºÆ®·²_¿©_3.pal","C:\Users\wesley\Desktop\MeuRag\data\palette\¸ö\¹Î½ºÆ®·²_¿©_176.pal"
"¹Î½ºÆ®·²_¿©","177","3","C:\Users\wesley\Desktop\MeuRag\data\palette\¸ö\¹Î½ºÆ®·²_¿©_3.pal","C:\Users\wesley\Desktop\MeuRag\data\palette\¸ö\¹Î½ºÆ®·²_¿©_177.pal"
"¹Î½ºÆ®·²_¿©","178","3","C:\Users\wesley\Desktop\MeuRag\data\palette\¸ö\¹Î½ºÆ®·²_¿©_3.pal","C:\Users\wesley\Desktop\MeuRag\data\palette\¸ö\¹Î½ºÆ®·²_¿©_178.pal"
"¹Î½ºÆ®·²_¿©","179","3","C:\Users\wesley\Desktop\MeuRag\data\palette\¸ö\¹Î½ºÆ®·²_¿©_3.pal","C:\Users\wesley\Desktop\MeuRag\data\palette\¸ö\¹Î½ºÆ®·²_¿©_179.pal"
"¹Î½ºÆ®·²_¿©","180","3","C:\Users\wesley\Desktop\MeuRag\data\palette\¸ö\¹Î½ºÆ®·²_¿©_3.pal","C:\Users\wesley\Desktop\MeuRag\data\palette\¸ö\¹Î½ºÆ®·²_¿©_180.pal"
"¹Î½ºÆ®·²_¿©","181","3","C:\Users\wesley\Desktop\MeuRag\data\palette\¸ö\¹Î½ºÆ®·²_¿©_3.pal","C:\Users\wesley\Desktop\MeuRag\data\palette\¸ö\¹Î½ºÆ®·²_¿©_181.pal"
"¹Î½ºÆ®·²_¿©","182","3","C:\Users\wesley\Desktop\MeuRag\data\palette\¸ö\¹Î½ºÆ®·²_¿©_3.pal","C:\Users\wesley\Desktop\MeuRag\data\palette\¸ö\¹Î½ºÆ®·²_¿©_182.pal"
"¹Î½ºÆ®·²_¿©","183","3","C:\Users\wesley\Desktop\MeuRag\data\palette\¸ö\¹Î½ºÆ®·²_¿©_3.pal","C:\Users\wesley\Desktop\MeuRag\data\palette\¸ö\¹Î½ºÆ®·²_¿©_183.pal"
"¹Î½ºÆ®·²_¿©","184","3","C:\Users\wesley\Desktop\MeuRag\data\palette\¸ö\¹Î½ºÆ®·²_¿©_3.pal","C:\Users\wesley\Desktop\MeuRag\data\palette\¸ö\¹Î½ºÆ®·²_¿©_184.pal"
"¹Î½ºÆ®·²_¿©","185","3","C:\Users\wesley\Desktop\MeuRag\data\palette\¸ö\¹Î½ºÆ®·²_¿©_3.pal","C:\Users\wesley\Desktop\MeuRag\data\palette\¸ö\¹Î½ºÆ®·²_¿©_185.pal"
"¹Î½ºÆ®·²_¿©","186","3","C:\Users\wesley\Desktop\MeuRag\data\palette\¸ö\¹Î½ºÆ®·²_¿©_3.pal","C:\Users\wesley\Desktop\MeuRag\data\palette\¸ö\¹Î½ºÆ®·²_¿©_186.pal"
"¹Î½ºÆ®·²_¿©","187","3","C:\Users\wesley\Desktop\MeuRag\data\palette\¸ö\¹Î½ºÆ®·²_¿©_3.pal","C:\Users\wesley\Desktop\MeuRag\data\palette\¸ö\¹Î½ºÆ®·²_¿©_187.pal"
"¹Î½ºÆ®·²_¿©","188","3","C:\Users\wesley\Desktop\MeuRag\data\palette\¸ö\¹Î½ºÆ®·²_¿©_3.pal","C:\Users\wesley\Desktop\MeuRag\data\palette\¸ö\¹Î½ºÆ®·²_¿©_188.pal"
"¹Î½ºÆ®·²_¿©","189","3","C:\Users\wesley\Desktop\MeuRag\data\palette\¸ö\¹Î½ºÆ®·²_¿©_3.pal","C:\Users\wesley\Desktop\MeuRag\data\palette\¸ö\¹Î½ºÆ®·²_¿©_189.pal"
"¹Î½ºÆ®·²_¿©","190","3","C:\Users\wesley\Desktop\MeuRag\data\palette\¸ö\¹Î½ºÆ®·²_¿©_3.pal","C:\Users\wesley\Desktop\MeuRag\data\palette\¸ö\¹Î½ºÆ®·²_¿©_190.pal"
"¹Î½ºÆ®·²_¿©","191","3","C:\Users\wesley\Desktop\MeuRag\data\palette\¸ö\¹Î½ºÆ®·²_¿©_3.pal","C:\Users\wesley\Desktop\MeuRag\data\palette\¸ö\¹Î½ºÆ®·²_¿©_191.pal"
"¹Î½ºÆ®·²_¿©","192","3","C:\Users\wesley\Desktop\MeuRag\data\palette\¸ö\¹Î½ºÆ®·²_¿©_3.pal","C:\Users\wesley\Desktop\MeuRag\data\palette\¸ö\¹Î½ºÆ®·²_¿©_192.pal"
"¹Î½ºÆ®·²_¿©","193","3","C:\Users\wesley\Desktop\MeuRag\data\palette\¸ö\¹Î½ºÆ®·²_¿©_3.pal","C:\Users\wesley\Desktop\MeuRag\data\palette\¸ö\¹Î½ºÆ®·²_¿©_193.pal"
"¹Î½ºÆ®·²_¿©","194","3","C:\Users\wesley\Desktop\MeuRag\data\palette\¸ö\¹Î½ºÆ®·²_¿©_3.pal","C:\Users\wesley\Desktop\MeuRag\data\palette\¸ö\¹Î½ºÆ®·²_¿©_194.pal"
"¹Î½ºÆ®·²_¿©","195","3","C:\Users\wesley\Desktop\MeuRag\data\palette\¸ö\¹Î½ºÆ®·²_¿©_3.pal","C:\Users\wesley\Desktop\MeuRag\data\palette\¸ö\¹Î½ºÆ®·²_¿©_195.pal"
"¹Î½ºÆ®·²_¿©","196","3","C:\Users\wesley\Desktop\MeuRag\data\palette\¸ö\¹Î½ºÆ®·²_¿©_3.pal","C:\Users\wesley\Desktop\MeuRag\data\palette\¸ö\¹Î½ºÆ®·²_¿©_196.pal"
"¹Î½ºÆ®·²_¿©","197","3","C:\Users\wesley\Desktop\MeuRag\data\palette\¸ö\¹Î½ºÆ®·²_¿©_3.pal","C:\Users\wesley\Desktop\MeuRag\data\palette\¸ö\¹Î½ºÆ®·²_¿©_197.pal"
"¹Î½ºÆ®·²_¿©","198","3","C:\Users\wesley\Desktop\MeuRag\data\palette\¸ö\¹Î½ºÆ®·²_¿©_3.pal","C:\Users\wesley\Desktop\MeuRag\data\palette\¸ö\¹Î½ºÆ®·²_¿©_198.pal"
"¹Î½ºÆ®·²_¿©","199","3","C:\Users\wesley\Desktop\MeuRag\data\palette\¸ö\¹Î½ºÆ®·²_¿©_3.pal","C:\Users\wesley\Desktop\MeuRag\data\palette\¸ö\¹Î½ºÆ®·²_¿©_199.pal"
"¹Î½ºÆ®·²_¿©","200","3","C:\Users\wesley\Desktop\MeuRag\data\palette\¸ö\¹Î½ºÆ®·²_¿©_3.pal","C:\Users\wesley\Desktop\MeuRag\data\palette\¸ö\¹Î½ºÆ®·²_¿©_200.pal"
"¹Î½ºÆ®·²_¿©","201","3","C:\Users\wesley\Desktop\MeuRag\data\palette\¸ö\¹Î½ºÆ®·²_¿©_3.pal","C:\Users\wesley\Desktop\MeuRag\data\palette\¸ö\¹Î½ºÆ®·²_¿©_201.pal"
"¹Î½ºÆ®·²_¿©","202","3","C:\Users\wesley\Desktop\MeuRag\data\palette\¸ö\¹Î½ºÆ®·²_¿©_3.pal","C:\Users\wesley\Desktop\MeuRag\data\palette\¸ö\¹Î½ºÆ®·²_¿©_202.pal"
"¹Î½ºÆ®·²_¿©","203","3","C:\Users\wesley\Desktop\MeuRag\data\palette\¸ö\¹Î½ºÆ®·²_¿©_3.pal","C:\Users\wesley\Desktop\MeuRag\data\palette\¸ö\¹Î½ºÆ®·²_¿©_203.pal"
"¹Î½ºÆ®·²_¿©","204","3","C:\Users\wesley\Desktop\MeuRag\data\palette\¸ö\¹Î½ºÆ®·²_¿©_3.pal","C:\Users\wesley\Desktop\MeuRag\data\palette\¸ö\¹Î½ºÆ®·²_¿©_204.pal"
"¹Î½ºÆ®·²_¿©","205","3","C:\Users\wesley\Desktop\MeuRag\data\palette\¸ö\¹Î½ºÆ®·²_¿©_3.pal","C:\Users\wesley\Desktop\MeuRag\data\palette\¸ö\¹Î½ºÆ®·²_¿©_205.pal"
"¹Î½ºÆ®·²_¿©","206","3","C:\Users\wesley\Desktop\MeuRag\data\palette\¸ö\¹Î½ºÆ®·²_¿©_3.pal","C:\Users\wesley\Desktop\MeuRag\data\palette\¸ö\¹Î½ºÆ®·²_¿©_206.pal"
"¹Î½ºÆ®·²_¿©","207","3","C:\Users\wesley\Desktop\MeuRag\data\palette\¸ö\¹Î½ºÆ®·²_¿©_3.pal","C:\Users\wesley\Desktop\MeuRag\data\palette\¸ö\¹Î½ºÆ®·²_¿©_207.pal"
"¹Î½ºÆ®·²_¿©","208","3","C:\Users\wesley\Desktop\MeuRag\data\palette\¸ö\¹Î½ºÆ®·²_¿©_3.pal","C:\Users\wesley\Desktop\MeuRag\data\palette\¸ö\¹Î½ºÆ®·²_¿©_208.pal"
"¹Î½ºÆ®·²_¿©","209","3","C:\Users\wesley\Desktop\MeuRag\data\palette\¸ö\¹Î½ºÆ®·²_¿©_3.pal","C:\Users\wesley\Desktop\MeuRag\data\palette\¸ö\¹Î½ºÆ®·²_¿©_209.pal"
"¹Î½ºÆ®·²_¿©","210","3","C:\Users\wesley\Desktop\MeuRag\data\palette\¸ö\¹Î½ºÆ®·²_¿©_3.pal","C:\Users\wesley\Desktop\MeuRag\data\palette\¸ö\¹Î½ºÆ®·²_¿©_210.pal"
"¹Î½ºÆ®·²_¿©","211","3","C:\Users\wesley\Desktop\MeuRag\data\palette\¸ö\¹Î½ºÆ®·²_¿©_3.pal","C:\Users\wesley\Desktop\MeuRag\data\palette\¸ö\¹Î½ºÆ®·²_¿©_211.pal"
"¹Î½ºÆ®·²_¿©","212","3","C:\Users\wesley\Desktop\MeuRag\data\palette\¸ö\¹Î½ºÆ®·²_¿©_3.pal","C:\Users\wesley\Desktop\MeuRag\data\palette\¸ö\¹Î½ºÆ®·²_¿©_212.pal"
"¹Î½ºÆ®·²_¿©","213","3","C:\Users\wesley\Desktop\MeuRag\data\palette\¸ö\¹Î½ºÆ®·²_¿©_3.pal","C:\Users\wesley\Desktop\MeuRag\data\palette\¸ö\¹Î½ºÆ®·²_¿©_213.pal"
"¹Î½ºÆ®·²_¿©","214","3","C:\Users\wesley\Desktop\MeuRag\data\palette\¸ö\¹Î½ºÆ®·²_¿©_3.pal","C:\Users\wesley\Desktop\MeuRag\data\palette\¸ö\¹Î½ºÆ®·²_¿©_214.pal"
"¹Î½ºÆ®·²_¿©","215","3","C:\Users\wesley\Desktop\MeuRag\data\palette\¸ö\¹Î½ºÆ®·²_¿©_3.pal","C:\Users\wesley\Desktop\MeuRag\data\palette\¸ö\¹Î½ºÆ®·²_¿©_215.pal"
"¹Î½ºÆ®·²_¿©","216","3","C:\Users\wesley\Desktop\MeuRag\data\palette\¸ö\¹Î½ºÆ®·²_¿©_3.pal","C:\Users\wesley\Desktop\MeuRag\data\palette\¸ö\¹Î½ºÆ®·²_¿©_216.pal"
"¹Î½ºÆ®·²_¿©","217","3","C:\Users\wesley\Desktop\MeuRag\data\palette\¸ö\¹Î½ºÆ®·²_¿©_3.pal","C:\Users\wesley\Desktop\MeuRag\data\palette\¸ö\¹Î½ºÆ®·²_¿©_217.pal"
"¹Î½ºÆ®·²_¿©","218","3","C:\Users\wesley\Desktop\MeuRag\data\palette\¸ö\¹Î½ºÆ®·²_¿©_3.pal","C:\Users\wesley\Desktop\MeuRag\data\palette\¸ö\¹Î½ºÆ®·²_¿©_218.pal"
"¹Î½ºÆ®·²_¿©","219","3","C:\Users\wesley\Desktop\MeuRag\data\palette\¸ö\¹Î½ºÆ®·²_¿©_3.pal","C:\Users\wesley\Desktop\MeuRag\data\palette\¸ö\¹Î½ºÆ®·²_¿©_219.pal"
"¹Î½ºÆ®·²_¿©","220","3","C:\Users\wesley\Desktop\MeuRag\data\palette\¸ö\¹Î½ºÆ®·²_¿©_3.pal","C:\Users\wesley\Desktop\MeuRag\data\palette\¸ö\¹Î½ºÆ®·²_¿©_220.pal"
"¹Î½ºÆ®·²_¿©","221","3","C:\Users\wesley\Desktop\MeuRag\data\palette\¸ö\¹Î½ºÆ®·²_¿©_3.pal","C:\Users\wesley\Desktop\MeuRag\data\palette\¸ö\¹Î½ºÆ®·²_¿©_221.pal"
"¹Î½ºÆ®·²_¿©","222","3","C:\Users\wesley\Desktop\MeuRag\data\palette\¸ö\¹Î½ºÆ®·²_¿©_3.pal","C:\Users\wesley\Desktop\MeuRag\data\palette\¸ö\¹Î½ºÆ®·²_¿©_222.pal"
"¹Î½ºÆ®·²_¿©","223","3","C:\Users\wesley\Desktop\MeuRag\data\palette\¸ö\¹Î½ºÆ®·²_¿©_3.pal","C:\Users\wesley\Desktop\MeuRag\data\palette\¸ö\¹Î½ºÆ®·²_¿©_223.pal"
"¹Î½ºÆ®·²_¿©","224","3","C:\Users\wesley\Desktop\MeuRag\data\palette\¸ö\¹Î½ºÆ®·²_¿©_3.pal","C:\Users\wesley\Desktop\MeuRag\data\palette\¸ö\¹Î½ºÆ®·²_¿©_224.pal"
"¹Î½ºÆ®·²_¿©","225","3","C:\Users\wesley\Desktop\MeuRag\data\palette\¸ö\¹Î½ºÆ®·²_¿©_3.pal","C:\Users\wesley\Desktop\MeuRag\data\palette\¸ö\¹Î½ºÆ®·²_¿©_225.pal"
"¹Î½ºÆ®·²_¿©","226","3","C:\Users\wesley\Desktop\MeuRag\data\palette\¸ö\¹Î½ºÆ®·²_¿©_3.pal","C:\Users\wesley\Desktop\MeuRag\data\palette\¸ö\¹Î½ºÆ®·²_¿©_226.pal"
"¹Î½ºÆ®·²_¿©","227","3","C:\Users\wesley\Desktop\MeuRag\data\palette\¸ö\¹Î½ºÆ®·²_¿©_3.pal","C:\Users\wesley\Desktop\MeuRag\data\palette\¸ö\¹Î½ºÆ®·²_¿©_227.pal"
"¹Î½ºÆ®·²_¿©","228","3","C:\Users\wesley\Desktop\MeuRag\data\palette\¸ö\¹Î½ºÆ®·²_¿©_3.pal","C:\Users\wesley\Desktop\MeuRag\data\palette\¸ö\¹Î½ºÆ®·²_¿©_228.pal"
"¹Î½ºÆ®·²_¿©","229","3","C:\Users\wesley\Desktop\MeuRag\data\palette\¸ö\¹Î½ºÆ®·²_¿©_3.pal","C:\Users\wesley\Desktop\MeuRag\data\palette\¸ö\¹Î½ºÆ®·²_¿©_229.pal"
"¹Î½ºÆ®·²_¿©","230","3","C:\Users\wesley\Desktop\MeuRag\data\palette\¸ö\¹Î½ºÆ®·²_¿©_3.pal","C:\Users\wesley\Desktop\MeuRag\data\palette\¸ö\¹Î½ºÆ®·²_¿©_230.pal"
"¹Î½ºÆ®·²_¿©","231","3","C:\Users\wesley\Desktop\MeuRag\data\palette\¸ö\¹Î½ºÆ®·²_¿©_3.pal","C:\Users\wesley\Desktop\MeuRag\data\palette\¸ö\¹Î½ºÆ®·²_¿©_231.pal"
"¹Î½ºÆ®·²_¿©","232","3","C:\Users\wesley\Desktop\MeuRag\data\palette\¸ö\¹Î½ºÆ®·²_¿©_3.pal","C:\Users\wesley\Desktop\MeuRag\data\palette\¸ö\¹Î½ºÆ®·²_¿©_232.pal"
"¹Î½ºÆ®·²_¿©","233","3","C:\Users\wesley\Desktop\MeuRag\data\palette\¸ö\¹Î½ºÆ®·²_¿©_3.pal","C:\Users\wesley\Desktop\MeuRag\data\palette\¸ö\¹Î½ºÆ®·²_¿©_233.pal"
"¹Î½ºÆ®·²_¿©","234","3","C:\Users\wesley\Desktop\MeuRag\data\palette\¸ö\¹Î½ºÆ®·²_¿©_3.pal","C:\Users\wesley\Desktop\MeuRag\data\palette\¸ö\¹Î½ºÆ®·²_¿©_234.pal"
"¹Î½ºÆ®·²_¿©","235","3","C:\Users\wesley\Desktop\MeuRag\data\palette\¸ö\¹Î½ºÆ®·²_¿©_3.pal","C:\Users\wesley\Desktop\MeuRag\data\palette\¸ö\¹Î½ºÆ®·²_¿©_235.pal"
"¹Î½ºÆ®·²_¿©","236","3","C:\Users\wesley\Desktop\MeuRag\data\palette\¸ö\¹Î½ºÆ®·²_¿©_3.pal","C:\Users\wesley\Desktop\MeuRag\data\palette\¸ö\¹Î½ºÆ®·²_¿©_236.pal"
"¹Î½ºÆ®·²_¿©","237","3","C:\Users\wesley\Desktop\MeuRag\data\palette\¸ö\¹Î½ºÆ®·²_¿©_3.pal","C:\Users\wesley\Desktop\MeuRag\data\palette\¸ö\¹Î½ºÆ®·²_¿©_237.pal"
"¹Î½ºÆ®·²_¿©","238","3","C:\Users\wesley\Desktop\MeuRag\data\palette\¸ö\¹Î½ºÆ®·²_¿©_3.pal","C:\Users\wesley\Desktop\MeuRag\data\palette\¸ö\¹Î½ºÆ®·²_¿©_238.pal"
"¹Î½ºÆ®·²_¿©","239","3","C:\Users\wesley\Desktop\MeuRag\data\palette\¸ö\¹Î½ºÆ®·²_¿©_3.pal","C:\Users\wesley\Desktop\MeuRag\data\palette\¸ö\¹Î½ºÆ®·²_¿©_239.pal"
"¹Î½ºÆ®·²_¿©","240","3","C:\Users\wesley\Desktop\MeuRag\data\palette\¸ö\¹Î½ºÆ®·²_¿©_3.pal","C:\Users\wesley\Desktop\MeuRag\data\palette\¸ö\¹Î½ºÆ®·²_¿©_240.pal"
"¹Î½ºÆ®·²_¿©","241","3","C:\Users\wesley\Desktop\MeuRag\data\palette\¸ö\¹Î½ºÆ®·²_¿©_3.pal","C:\Users\wesley\Desktop\MeuRag\data\palette\¸ö\¹Î½ºÆ®·²_¿©_241.pal"
"¹Î½ºÆ®·²_¿©","242","3","C:\Users\wesley\Desktop\MeuRag\data\palette\¸ö\¹Î½ºÆ®·²_¿©_3.pal","C:\Users\wesley\Desktop\MeuRag\data\palette\¸ö\¹Î½ºÆ®·²_¿©_242.pal"
"¹Î½ºÆ®·²_¿©","243","3","C:\Users\wesley\Desktop\MeuRag\data\palette\¸ö\¹Î½ºÆ®·²_¿©_3.pal","C:\Users\wesley\Desktop\MeuRag\data\palette\¸ö\¹Î½ºÆ®·²_¿©_243.pal"
"¹Î½ºÆ®·²_¿©","244","3","C:\Users\wesley\Desktop\MeuRag\data\palette\¸ö\¹Î½ºÆ®·²_¿©_3.pal","C:\Users\wesley\Desktop\MeuRag\data\palette\¸ö\¹Î½ºÆ®·²_¿©_244.pal"
"¹Î½ºÆ®·²_¿©","245","3","C:\Users\wesley\Desktop\MeuRag\data\palette\¸ö\¹Î½ºÆ®·²_¿©_3.pal","C:\Users\wesley\Desktop\MeuRag\data\palette\¸ö\¹Î½ºÆ®·²_¿©_245.pal"
"¹Î½ºÆ®·²_¿©","246","3","C:\Users\wesley\Desktop\MeuRag\data\palette\¸ö\¹Î½ºÆ®·²_¿©_3.pal","C:\Users\wesley\Desktop\MeuRag\data\palette\¸ö\¹Î½ºÆ®·²_¿©_246.pal"
"¹Î½ºÆ®·²_¿©","247","3","C:\Users\wesley\Desktop\MeuRag\data\palette\¸ö\¹Î½ºÆ®·²_¿©_3.pal","C:\Users\wesley\Desktop\MeuRag\data\palette\¸ö\¹Î½ºÆ®·²_¿©_247.pal"
"¹Î½ºÆ®·²_¿©","248","3","C:\Users\wesley\Desktop\MeuRag\data\palette\¸ö\¹Î½ºÆ®·²_¿©_3.pal","C:\Users\wesley\Desktop\MeuRag\data\palette\¸ö\¹Î½ºÆ®·²_¿©_248.pal"
"¹Î½ºÆ®·²_¿©","249","3","C:\Users\wesley\Desktop\MeuRag\data\palette\¸ö\¹Î½ºÆ®·²_¿©_3.pal","C:\Users\wesley\Desktop\MeuRag\data\palette\¸ö\¹Î½ºÆ®·²_¿©_249.pal"
"¹Î½ºÆ®·²_¿©","250","3","C:\Users\wesley\Desktop\MeuRag\data\palette\¸ö\¹Î½ºÆ®·²_¿©_3.pal","C:\Users\wesley\Desktop\MeuRag\data\palette\¸ö\¹Î½ºÆ®·²_¿©_250.pal"
"¹Î½ºÆ®·²_¿©","251","3","C:\Users\wesley\Desktop\MeuRag\data\palette\¸ö\¹Î½ºÆ®·²_¿©_3.pal","C:\Users\wesley\Desktop\MeuRag\data\palette\¸ö\¹Î½ºÆ®·²_¿©_251.pal"
"¹Î½ºÆ®·²_¿©","252","3","C:\Users\wesley\Desktop\MeuRag\data\palette\¸ö\¹Î½ºÆ®·²_¿©_3.pal","C:\Users\wesley\Desktop\MeuRag\data\palette\¸ö\¹Î½ºÆ®·²_¿©_252.pal"
"¹Î½ºÆ®·²_¿©","253","3","C:\Users\wesley\Desktop\MeuRag\data\palette\¸ö\¹Î½ºÆ®·²_¿©_3.pal","C:\Users\wesley\Desktop\MeuRag\data\palette\¸ö\¹Î½ºÆ®·²_¿©_253.pal"
"¹Î½ºÆ®·²_¿©","254","3","C:\Users\wesley\Desktop\MeuRag\data\palette\¸ö\¹Î½ºÆ®·²_¿©_3.pal","C:\Users\wesley\Desktop\MeuRag\data\palette\¸ö\¹Î½ºÆ®·²_¿©_254.pal"
"¹Î½ºÆ®·²_¿©","255","3","C:\Users\wesley\Desktop\MeuRag\data\palette\¸ö\¹Î½ºÆ®·²_¿©_3.pal","C:\Users\wesley\Desktop\MeuRag\data\palette\¸ö\¹Î½ºÆ®·²_¿©_255.pal"
"¹Î½ºÆ®·²_¿©","256","3","C:\Users\wesley\Desktop\MeuRag\data\palette\¸ö\¹Î½ºÆ®·²_¿©_3.pal","C:\Users\wesley\Desktop\MeuRag\data\palette\¸ö\¹Î½ºÆ®·²_¿©_256.pal"
"¹Î½ºÆ®·²_¿©","257","3","C:\Users\wesley\Desktop\MeuRag\data\palette\¸ö\¹Î½ºÆ®·²_¿©_3.pal","C:\Users\wesley\Desktop\MeuRag\data\palette\¸ö\¹Î½ºÆ®·²_¿©_257.pal"
"¹Î½ºÆ®·²_¿©","258","3","C:\Users\wesley\Desktop\MeuRag\data\palette\¸ö\¹Î½ºÆ®·²_¿©_3.pal","C:\Users\wesley\Desktop\MeuRag\data\palette\¸ö\¹Î½ºÆ®·²_¿©_258.pal"
"¹Î½ºÆ®·²_¿©","259","3","C:\Users\wesley\Desktop\MeuRag\data\palette\¸ö\¹Î½ºÆ®·²_¿©_3.pal","C:\Users\wesley\Desktop\MeuRag\data\palette\¸ö\¹Î½ºÆ®·²_¿©_259.pal"
"¹Î½ºÆ®·²_¿©","260","3","C:\Users\wesley\Desktop\MeuRag\data\palette\¸ö\¹Î½ºÆ®·²_¿©_3.pal","C:\Users\wesley\Desktop\MeuRag\data\palette\¸ö\¹Î½ºÆ®·²_¿©_260.pal"
"¹Î½ºÆ®·²_¿©","261","3","C:\Users\wesley\Desktop\MeuRag\data\palette\¸ö\¹Î½ºÆ®·²_¿©_3.pal","C:\Users\wesley\Desktop\MeuRag\data\palette\¸ö\¹Î½ºÆ®·²_¿©_261.pal"
"¹Î½ºÆ®·²_¿©","262","3","C:\Users\wesley\Desktop\MeuRag\data\palette\¸ö\¹Î½ºÆ®·²_¿©_3.pal","C:\Users\wesley\Desktop\MeuRag\data\palette\¸ö\¹Î½ºÆ®·²_¿©_262.pal"
"¹Î½ºÆ®·²_¿©","263","3","C:\Users\wesley\Desktop\MeuRag\data\palette\¸ö\¹Î½ºÆ®·²_¿©_3.pal","C:\Users\wesley\Desktop\MeuRag\data\palette\¸ö\¹Î½ºÆ®·²_¿©_263.pal"
"¹Î½ºÆ®·²_¿©","264","3","C:\Users\wesley\Desktop\MeuRag\data\palette\¸ö\¹Î½ºÆ®·²_¿©_3.pal","C:\Users\wesley\Desktop\MeuRag\data\palette\¸ö\¹Î½ºÆ®·²_¿©_264.pal"
"¹Î½ºÆ®·²_¿©","265","3","C:\Users\wesley\Desktop\MeuRag\data\palette\¸ö\¹Î½ºÆ®·²_¿©_3.pal","C:\Users\wesley\Desktop\MeuRag\data\palette\¸ö\¹Î½ºÆ®·²_¿©_265.pal"
"¹Î½ºÆ®·²_¿©","266","3","C:\Users\wesley\Desktop\MeuRag\data\palette\¸ö\¹Î½ºÆ®·²_¿©_3.pal","C:\Users\wesley\Desktop\MeuRag\data\palette\¸ö\¹Î½ºÆ®·²_¿©_266.pal"
"¹Î½ºÆ®·²_¿©","267","3","C:\Users\wesley\Desktop\MeuRag\data\palette\¸ö\¹Î½ºÆ®·²_¿©_3.pal","C:\Users\wesley\Desktop\MeuRag\data\palette\¸ö\¹Î½ºÆ®·²_¿©_267.pal"
"¹Î½ºÆ®·²_¿©","268","3","C:\Users\wesley\Desktop\MeuRag\data\palette\¸ö\¹Î½ºÆ®·²_¿©_3.pal","C:\Users\wesley\Desktop\MeuRag\data\palette\¸ö\¹Î½ºÆ®·²_¿©_268.pal"
"¹Î½ºÆ®·²_¿©","269","3","C:\Users\wesley\Desktop\MeuRag\data\palette\¸ö\¹Î½ºÆ®·²_¿©_3.pal","C:\Users\wesley\Desktop\MeuRag\data\palette\¸ö\¹Î½ºÆ®·²_¿©_269.pal"
"¹Î½ºÆ®·²_¿©","270","3","C:\Users\wesley\Desktop\MeuRag\data\palette\¸ö\¹Î½ºÆ®·²_¿©_3.pal","C:\Users\wesley\Desktop\MeuRag\data\palette\¸ö\¹Î½ºÆ®·²_¿©_270.pal"
"¹Î½ºÆ®·²_¿©","271","3","C:\Users\wesley\Desktop\MeuRag\data\palette\¸ö\¹Î½ºÆ®·²_¿©_3.pal","C:\Users\wesley\Desktop\MeuRag\data\palette\¸ö\¹Î½ºÆ®·²_¿©_271.pal"
"¹Î½ºÆ®·²_¿©","272","3","C:\Users\wesley\Desktop\MeuRag\data\palette\¸ö\¹Î½ºÆ®·²_¿©_3.pal","C:\Users\wesley\Desktop\MeuRag\data\palette\¸ö\¹Î½ºÆ®·²_¿©_272.pal"
"¹Î½ºÆ®·²_¿©","273","3","C:\Users\wesley\Desktop\MeuRag\data\palette\¸ö\¹Î½ºÆ®·²_¿©_3.pal","C:\Users\wesley\Desktop\MeuRag\data\palette\¸ö\¹Î½ºÆ®·²_¿©_273.pal"
"¹Î½ºÆ®·²_¿©","274","3","C:\Users\wesley\Desktop\MeuRag\data\palette\¸ö\¹Î½ºÆ®·²_¿©_3.pal","C:\Users\wesley\Desktop\MeuRag\data\palette\¸ö\¹Î½ºÆ®·²_¿©_274.pal"
"¹Î½ºÆ®·²_¿©","275","3","C:\Users\wesley\Desktop\MeuRag\data\palette\¸ö\¹Î½ºÆ®·²_¿©_3.pal","C:\Users\wesley\Desktop\MeuRag\data\palette\¸ö\¹Î½ºÆ®·²_¿©_275.pal"
"¹Î½ºÆ®·²_¿©","276","3","C:\Users\wesley\Desktop\MeuRag\data\palette\¸ö\¹Î½ºÆ®·²_¿©_3.pal","C:\Users\wesley\Desktop\MeuRag\data\palette\¸ö\¹Î½ºÆ®·²_¿©_276.pal"
"¹Î½ºÆ®·²_¿©","277","3","C:\Users\wesley\Desktop\MeuRag\data\palette\¸ö\¹Î½ºÆ®·²_¿©_3.pal","C:\Users\wesley\Desktop\MeuRag\data\palette\¸ö\¹Î½ºÆ®·²_¿©_277.pal"
"¹Î½ºÆ®·²_¿©","278","3","C:\Users\wesley\Desktop\MeuRag\data\palette\¸ö\¹Î½ºÆ®·²_¿©_3.pal","C:\Users\wesley\Desktop\MeuRag\data\palette\¸ö\¹Î½ºÆ®·²_¿©_278.pal"
"¹Î½ºÆ®·²_¿©","279","3","C:\Users\wesley\Desktop\MeuRag\data\palette\¸ö\¹Î½ºÆ®·²_¿©_3.pal","C:\Users\wesley\Desktop\MeuRag\data\palette\¸ö\¹Î½ºÆ®·²_¿©_279.pal"
"¹Î½ºÆ®·²_¿©","280","3","C:\Users\wesley\Desktop\MeuRag\data\palette\¸ö\¹Î½ºÆ®·²_¿©_3.pal","C:\Users\wesley\Desktop\MeuRag\data\palette\¸ö\¹Î½ºÆ®·²_¿©_280.pal"
"¹Î½ºÆ®·²_¿©","281","3","C:\Users\wesley\Desktop\MeuRag\data\palette\¸ö\¹Î½ºÆ®·²_¿©_3.pal","C:\Users\wesley\Desktop\MeuRag\data\palette\¸ö\¹Î½ºÆ®·²_¿©_281.pal"
"¹Î½ºÆ®·²_¿©","282","3","C:\Users\wesley\Desktop\MeuRag\data\palette\¸ö\¹Î½ºÆ®·²_¿©_3.pal","C:\Users\wesley\Desktop\MeuRag\data\palette\¸ö\¹Î½ºÆ®·²_¿©_282.pal"
"¹Î½ºÆ®·²_¿©","283","3","C:\Users\wesley\Desktop\MeuRag\data\palette\¸ö\¹Î½ºÆ®·²_¿©_3.pal","C:\Users\wesley\Desktop\MeuRag\data\palette\¸ö\¹Î½ºÆ®·²_¿©_283.pal"
"¹Î½ºÆ®·²_¿©","284","3","C:\Users\wesley\Desktop\MeuRag\data\palette\¸ö\¹Î½ºÆ®·²_¿©_3.pal","C:\Users\wesley\Desktop\MeuRag\data\palette\¸ö\¹Î½ºÆ®·²_¿©_284.pal"
"¹Î½ºÆ®·²_¿©","285","3","C:\Users\wesley\Desktop\MeuRag\data\palette\¸ö\¹Î½ºÆ®·²_¿©_3.pal","C:\Users\wesley\Desktop\MeuRag\data\palette\¸ö\¹Î½ºÆ®·²_¿©_285.pal"
"¹Î½ºÆ®·²_¿©","286","3","C:\Users\wesley\Desktop\MeuRag\data\palette\¸ö\¹Î½ºÆ®·²_¿©_3.pal","C:\Users\wesley\Desktop\MeuRag\data\palette\¸ö\¹Î½ºÆ®·²_¿©_286.pal"
"¹Î½ºÆ®·²_¿©","287","3","C:\Users\wesley\Desktop\MeuRag\data\palette\¸ö\¹Î½ºÆ®·²_¿©_3.pal","C:\Users\wesley\Desktop\MeuRag\data\palette\¸ö\¹Î½ºÆ®·²_¿©_287.pal"
"¹Î½ºÆ®·²_¿©","288","3","C:\Users\wesley\Desktop\MeuRag\data\palette\¸ö\¹Î½ºÆ®·²_¿©_3.pal","C:\Users\wesley\Desktop\MeuRag\data\palette\¸ö\¹Î½ºÆ®·²_¿©_288.pal"
"¹Î½ºÆ®·²_¿©","289","3","C:\Users\wesley\Desktop\MeuRag\data\palette\¸ö\¹Î½ºÆ®·²_¿©_3.pal","C:\Users\wesley\Desktop\MeuRag\data\palette\¸ö\¹Î½ºÆ®·²_¿©_289.pal"
"¹Î½ºÆ®·²_¿©","290","3","C:\Users\wesley\Desktop\MeuRag\data\palette\¸ö\¹Î½ºÆ®·²_¿©_3.pal","C:\Users\wesley\Desktop\MeuRag\data\palette\¸ö\¹Î½ºÆ®·²_¿©_290.pal"
"¹Î½ºÆ®·²_¿©","291","3","C:\Users\wesley\Desktop\MeuRag\data\palette\¸ö\¹Î½ºÆ®·²_¿©_3.pal","C:\Users\wesley\Desktop\MeuRag\data\palette\¸ö\¹Î½ºÆ®·²_¿©_291.pal"
"¹Î½ºÆ®·²_¿©","292","3","C:\Users\wesley\Desktop\MeuRag\data\palette\¸ö\¹Î½ºÆ®·²_¿©_3.pal","C:\Users\wesley\Desktop\MeuRag\data\palette\¸ö\¹Î½ºÆ®·²_¿©_292.pal"
"¹Î½ºÆ®·²_¿©","293","3","C:\Users\wesley\Desktop\MeuRag\data\palette\¸ö\¹Î½ºÆ®·²_¿©_3.pal","C:\Users\wesley\Desktop\MeuRag\data\palette\¸ö\¹Î½ºÆ®·²_¿©_293.pal"
"¹Î½ºÆ®·²_¿©","294","3","C:\Users\wesley\Desktop\MeuRag\data\palette\¸ö\¹Î½ºÆ®·²_¿©_3.pal","C:\Users\wesley\Desktop\MeuRag\data\palette\¸ö\¹Î½ºÆ®·²_¿©_294.pal"
"¹Î½ºÆ®·²_¿©","295","3","C:\Users\wesley\Desktop\MeuRag\data\palette\¸ö\¹Î½ºÆ®·²_¿©_3.pal","C:\Users\wesley\Desktop\MeuRag\data\palette\¸ö\¹Î½ºÆ®·²_¿©_295.pal"
"¹Î½ºÆ®·²_¿©","296","3","C:\Users\wesley\Desktop\MeuRag\data\palette\¸ö\¹Î½ºÆ®·²_¿©_3.pal","C:\Users\wesley\Desktop\MeuRag\data\palette\¸ö\¹Î½ºÆ®·²_¿©_296.pal"
"¹Î½ºÆ®·²_¿©","297","3","C:\Users\wesley\Desktop\MeuRag\data\palette\¸ö\¹Î½ºÆ®·²_¿©_3.pal","C:\Users\wesley\Desktop\MeuRag\data\palette\¸ö\¹Î½ºÆ®·²_¿©_297.pal"
"¹Î½ºÆ®·²_¿©","298","3","C:\Users\wesley\Desktop\MeuRag\data\palette\¸ö\¹Î½ºÆ®·²_¿©_3.pal","C:\Users\wesley\Desktop\MeuRag\data\palette\¸ö\¹Î½ºÆ®·²_¿©_298.pal"
"¹Î½ºÆ®·²_¿©","299","3","C:\Users\wesley\Desktop\MeuRag\data\palette\¸ö\¹Î½ºÆ®·²_¿©_3.pal","C:\Users\wesley\Desktop\MeuRag\data\palette\¸ö\¹Î½ºÆ®·²_¿©_299.pal"
"¹Î½ºÆ®·²_¿©","300","3","C:\Users\wesley\Desktop\MeuRag\data\palette\¸ö\¹Î½ºÆ®·²_¿©_3.pal","C:\Users\wesley\Desktop\MeuRag\data\palette\¸ö\¹Î½ºÆ®·²_¿©_300.pal"
"¹Î½ºÆ®·²_¿©","301","3","C:\Users\wesley\Desktop\MeuRag\data\palette\¸ö\¹Î½ºÆ®·²_¿©_3.pal","C:\Users\wesley\Desktop\MeuRag\data\palette\¸ö\¹Î½ºÆ®·²_¿©_301.pal"
"¹Î½ºÆ®·²_¿©","302","3","C:\Users\wesley\Desktop\MeuRag\data\palette\¸ö\¹Î½ºÆ®·²_¿©_3.pal","C:\Users\wesley\Desktop\MeuRag\data\palette\¸ö\¹Î½ºÆ®·²_¿©_302.pal"
"¹Î½ºÆ®·²_¿©","303","3","C:\Users\wesley\Desktop\MeuRag\data\palette\¸ö\¹Î½ºÆ®·²_¿©_3.pal","C:\Users\wesley\Desktop\MeuRag\data\palette\¸ö\¹Î½ºÆ®·²_¿©_303.pal"
"¹Î½ºÆ®·²_¿©","304","3","C:\Users\wesley\Desktop\MeuRag\data\palette\¸ö\¹Î½ºÆ®·²_¿©_3.pal","C:\Users\wesley\Desktop\MeuRag\data\palette\¸ö\¹Î½ºÆ®·²_¿©_304.pal"
"¹Î½ºÆ®·²_¿©","305","3","C:\Users\wesley\Desktop\MeuRag\data\palette\¸ö\¹Î½ºÆ®·²_¿©_3.pal","C:\Users\wesley\Desktop\MeuRag\data\palette\¸ö\¹Î½ºÆ®·²_¿©_305.pal"
"¹Î½ºÆ®·²_¿©","306","3","C:\Users\wesley\Desktop\MeuRag\data\palette\¸ö\¹Î½ºÆ®·²_¿©_3.pal","C:\Users\wesley\Desktop\MeuRag\data\palette\¸ö\¹Î½ºÆ®·²_¿©_306.pal"
"¹Î½ºÆ®·²_¿©","307","3","C:\Users\wesley\Desktop\MeuRag\data\palette\¸ö\¹Î½ºÆ®·²_¿©_3.pal","C:\Users\wesley\Desktop\MeuRag\data\palette\¸ö\¹Î½ºÆ®·²_¿©_307.pal"
"¹Î½ºÆ®·²_¿©","308","3","C:\Users\wesley\Desktop\MeuRag\data\palette\¸ö\¹Î½ºÆ®·²_¿©_3.pal","C:\Users\wesley\Desktop\MeuRag\data\palette\¸ö\¹Î½ºÆ®·²_¿©_308.pal"
"¹Î½ºÆ®·²_¿©","309","3","C:\Users\wesley\Desktop\MeuRag\data\palette\¸ö\¹Î½ºÆ®·²_¿©_3.pal","C:\Users\wesley\Desktop\MeuRag\data\palette\¸ö\¹Î½ºÆ®·²_¿©_309.pal"
"¹Î½ºÆ®·²_¿©","310","3","C:\Users\wesley\Desktop\MeuRag\data\palette\¸ö\¹Î½ºÆ®·²_¿©_3.pal","C:\Users\wesley\Desktop\MeuRag\data\palette\¸ö\¹Î½ºÆ®·²_¿©_310.pal"
"¹Î½ºÆ®·²_¿©","311","3","C:\Users\wesley\Desktop\MeuRag\data\palette\¸ö\¹Î½ºÆ®·²_¿©_3.pal","C:\Users\wesley\Desktop\MeuRag\data\palette\¸ö\¹Î½ºÆ®·²_¿©_311.pal"
"¹Î½ºÆ®·²_¿©","312","3","C:\Users\wesley\Desktop\MeuRag\data\palette\¸ö\¹Î½ºÆ®·²_¿©_3.pal","C:\Users\wesley\Desktop\MeuRag\data\palette\¸ö\¹Î½ºÆ®·²_¿©_312.pal"
"¹Î½ºÆ®·²_¿©","313","3","C:\Users\wesley\Desktop\MeuRag\data\palette\¸ö\¹Î½ºÆ®·²_¿©_3.pal","C:\Users\wesley\Desktop\MeuRag\data\palette\¸ö\¹Î½ºÆ®·²_¿©_313.pal"
"¹Î½ºÆ®·²_¿©","314","3","C:\Users\wesley\Desktop\MeuRag\data\palette\¸ö\¹Î½ºÆ®·²_¿©_3.pal","C:\Users\wesley\Desktop\MeuRag\data\palette\¸ö\¹Î½ºÆ®·²_¿©_314.pal"
"¹Î½ºÆ®·²_¿©","315","3","C:\Users\wesley\Desktop\MeuRag\data\palette\¸ö\¹Î½ºÆ®·²_¿©_3.pal","C:\Users\wesley\Desktop\MeuRag\data\palette\¸ö\¹Î½ºÆ®·²_¿©_315.pal"
"¹Î½ºÆ®·²_¿©","316","3","C:\Users\wesley\Desktop\MeuRag\data\palette\¸ö\¹Î½ºÆ®·²_¿©_3.pal","C:\Users\wesley\Desktop\MeuRag\data\palette\¸ö\¹Î½ºÆ®·²_¿©_316.pal"
"¹Î½ºÆ®·²_¿©","317","3","C:\Users\wesley\Desktop\MeuRag\data\palette\¸ö\¹Î½ºÆ®·²_¿©_3.pal","C:\Users\wesley\Desktop\MeuRag\data\palette\¸ö\¹Î½ºÆ®·²_¿©_317.pal"
"¹Î½ºÆ®·²_¿©","318","3","C:\Users\wesley\Desktop\MeuRag\data\palette\¸ö\¹Î½ºÆ®·²_¿©_3.pal","C:\Users\wesley\Desktop\MeuRag\data\palette\¸ö\¹Î½ºÆ®·²_¿©_318.pal"
"¹Î½ºÆ®·²_¿©","319","3","C:\Users\wesley\Desktop\MeuRag\data\palette\¸ö\¹Î½ºÆ®·²_¿©_3.pal","C:\Users\wesley\Desktop\MeuRag\data\palette\¸ö\¹Î½ºÆ®·²_¿©_319.pal"
"¹Î½ºÆ®·²_¿©","320","3","C:\Users\wesley\Desktop\MeuRag\data\palette\¸ö\¹Î½ºÆ®·²_¿©_3.pal","C:\Users\wesley\Desktop\MeuRag\data\palette\¸ö\¹Î½ºÆ®·²_¿©_320.pal"
"¹Î½ºÆ®·²_¿©","321","3","C:\Users\wesley\Desktop\MeuRag\data\palette\¸ö\¹Î½ºÆ®·²_¿©_3.pal","C:\Users\wesley\Desktop\MeuRag\data\palette\¸ö\¹Î½ºÆ®·²_¿©_321.pal"
"¹Î½ºÆ®·²_¿©","322","3","C:\Users\wesley\Desktop\MeuRag\data\palette\¸ö\¹Î½ºÆ®·²_¿©_3.pal","C:\Users\wesley\Desktop\MeuRag\data\palette\¸ö\¹Î½ºÆ®·²_¿©_322.pal"
"¹Î½ºÆ®·²_¿©","323","3","C:\Users\wesley\Desktop\MeuRag\data\palette\¸ö\¹Î½ºÆ®·²_¿©_3.pal","C:\Users\wesley\Desktop\MeuRag\data\palette\¸ö\¹Î½ºÆ®·²_¿©_323.pal"
"¹Î½ºÆ®·²_¿©","324","3","C:\Users\wesley\Desktop\MeuRag\data\palette\¸ö\¹Î½ºÆ®·²_¿©_3.pal","C:\Users\wesley\Desktop\MeuRag\data\palette\¸ö\¹Î½ºÆ®·²_¿©_324.pal"
"¹Î½ºÆ®·²_¿©","325","3","C:\Users\wesley\Desktop\MeuRag\data\palette\¸ö\¹Î½ºÆ®·²_¿©_3.pal","C:\Users\wesley\Desktop\MeuRag\data\palette\¸ö\¹Î½ºÆ®·²_¿©_325.pal"
"¹Î½ºÆ®·²_¿©","326","3","C:\Users\wesley\Desktop\MeuRag\data\palette\¸ö\¹Î½ºÆ®·²_¿©_3.pal","C:\Users\wesley\Desktop\MeuRag\data\palette\¸ö\¹Î½ºÆ®·²_¿©_326.pal"
"¹Î½ºÆ®·²_¿©","327","3","C:\Users\wesley\Desktop\MeuRag\data\palette\¸ö\¹Î½ºÆ®·²_¿©_3.pal","C:\Users\wesley\Desktop\MeuRag\data\palette\¸ö\¹Î½ºÆ®·²_¿©_327.pal"
"¹Î½ºÆ®·²_¿©","328","3","C:\Users\wesley\Desktop\MeuRag\data\palette\¸ö\¹Î½ºÆ®·²_¿©_3.pal","C:\Users\wesley\Desktop\MeuRag\data\palette\¸ö\¹Î½ºÆ®·²_¿©_328.pal"
"¹Î½ºÆ®·²_¿©","329","3","C:\Users\wesley\Desktop\MeuRag\data\palette\¸ö\¹Î½ºÆ®·²_¿©_3.pal","C:\Users\wesley\Desktop\MeuRag\data\palette\¸ö\¹Î½ºÆ®·²_¿©_329.pal"
"¹Î½ºÆ®·²_¿©","330","3","C:\Users\wesley\Desktop\MeuRag\data\palette\¸ö\¹Î½ºÆ®·²_¿©_3.pal","C:\Users\wesley\Desktop\MeuRag\data\palette\¸ö\¹Î½ºÆ®·²_¿©_330.pal"
"¹Î½ºÆ®·²_¿©","331","3","C:\Users\wesley\Desktop\MeuRag\data\palette\¸ö\¹Î½ºÆ®·²_¿©_3.pal","C:\Users\wesley\Desktop\MeuRag\data\palette\¸ö\¹Î½ºÆ®·²_¿©_331.pal"
"¹Î½ºÆ®·²_¿©","332","3","C:\Users\wesley\Desktop\MeuRag\data\palette\¸ö\¹Î½ºÆ®·²_¿©_3.pal","C:\Users\wesley\Desktop\MeuRag\data\palette\¸ö\¹Î½ºÆ®·²_¿©_332.pal"
"¹Î½ºÆ®·²_¿©","333","3","C:\Users\wesley\Desktop\MeuRag\data\palette\¸ö\¹Î½ºÆ®·²_¿©_3.pal","C:\Users\wesley\Desktop\MeuRag\data\palette\¸ö\¹Î½ºÆ®·²_¿©_333.pal"
"¹Î½ºÆ®·²_¿©","334","3","C:\Users\wesley\Desktop\MeuRag\data\palette\¸ö\¹Î½ºÆ®·²_¿©_3.pal","C:\Users\wesley\Desktop\MeuRag\data\palette\¸ö\¹Î½ºÆ®·²_¿©_334.pal"
"¹Î½ºÆ®·²_¿©","335","3","C:\Users\wesley\Desktop\MeuRag\data\palette\¸ö\¹Î½ºÆ®·²_¿©_3.pal","C:\Users\wesley\Desktop\MeuRag\data\palette\¸ö\¹Î½ºÆ®·²_¿©_335.pal"
"¹Î½ºÆ®·²_¿©","336","3","C:\Users\wesley\Desktop\MeuRag\data\palette\¸ö\¹Î½ºÆ®·²_¿©_3.pal","C:\Users\wesley\Desktop\MeuRag\data\palette\¸ö\¹Î½ºÆ®·²_¿©_336.pal"
"¹Î½ºÆ®·²_¿©","337","3","C:\Users\wesley\Desktop\MeuRag\data\palette\¸ö\¹Î½ºÆ®·²_¿©_3.pal","C:\Users\wesley\Desktop\MeuRag\data\palette\¸ö\¹Î½ºÆ®·²_¿©_337.pal"
"¹Î½ºÆ®·²_¿©","338","3","C:\Users\wesley\Desktop\MeuRag\data\palette\¸ö\¹Î½ºÆ®·²_¿©_3.pal","C:\Users\wesley\Desktop\MeuRag\data\palette\¸ö\¹Î½ºÆ®·²_¿©_338.pal"
"¹Î½ºÆ®·²_¿©","339","3","C:\Users\wesley\Desktop\MeuRag\data\palette\¸ö\¹Î½ºÆ®·²_¿©_3.pal","C:\Users\wesley\Desktop\MeuRag\data\palette\¸ö\¹Î½ºÆ®·²_¿©_339.pal"
"¹Î½ºÆ®·²_¿©","340","3","C:\Users\wesley\Desktop\MeuRag\data\palette\¸ö\¹Î½ºÆ®·²_¿©_3.pal","C:\Users\wesley\Desktop\MeuRag\data\palette\¸ö\¹Î½ºÆ®·²_¿©_340.pal"
"¹Î½ºÆ®·²_¿©","341","3","C:\Users\wesley\Desktop\MeuRag\data\palette\¸ö\¹Î½ºÆ®·²_¿©_3.pal","C:\Users\wesley\Desktop\MeuRag\data\palette\¸ö\¹Î½ºÆ®·²_¿©_341.pal"
"¹Î½ºÆ®·²_¿©","342","3","C:\Users\wesley\Desktop\MeuRag\data\palette\¸ö\¹Î½ºÆ®·²_¿©_3.pal","C:\Users\wesley\Desktop\MeuRag\data\palette\¸ö\¹Î½ºÆ®·²_¿©_342.pal"
"¹Î½ºÆ®·²_¿©","343","3","C:\Users\wesley\Desktop\MeuRag\data\palette\¸ö\¹Î½ºÆ®·²_¿©_3.pal","C:\Users\wesley\Desktop\MeuRag\data\palette\¸ö\¹Î½ºÆ®·²_¿©_343.pal"
"¹Î½ºÆ®·²_¿©","344","3","C:\Users\wesley\Desktop\MeuRag\data\palette\¸ö\¹Î½ºÆ®·²_¿©_3.pal","C:\Users\wesley\Desktop\MeuRag\data\palette\¸ö\¹Î½ºÆ®·²_¿©_344.pal"
"¹Î½ºÆ®·²_¿©","345","3","C:\Users\wesley\Desktop\MeuRag\data\palette\¸ö\¹Î½ºÆ®·²_¿©_3.pal","C:\Users\wesley\Desktop\MeuRag\data\palette\¸ö\¹Î½ºÆ®·²_¿©_345.pal"
"¹Î½ºÆ®·²_¿©","346","3","C:\Users\wesley\Desktop\MeuRag\data\palette\¸ö\¹Î½ºÆ®·²_¿©_3.pal","C:\Users\wesley\Desktop\MeuRag\data\palette\¸ö\¹Î½ºÆ®·²_¿©_346.pal"
"¹Î½ºÆ®·²_¿©","347","3","C:\Users\wesley\Desktop\MeuRag\data\palette\¸ö\¹Î½ºÆ®·²_¿©_3.pal","C:\Users\wesley\Desktop\MeuRag\data\palette\¸ö\¹Î½ºÆ®·²_¿©_347.pal"
"¹Î½ºÆ®·²_¿©","348","3","C:\Users\wesley\Desktop\MeuRag\data\palette\¸ö\¹Î½ºÆ®·²_¿©_3.pal","C:\Users\wesley\Desktop\MeuRag\data\palette\¸ö\¹Î½ºÆ®·²_¿©_348.pal"
"¹Î½ºÆ®·²_¿©","349","3","C:\Users\wesley\Desktop\MeuRag\data\palette\¸ö\¹Î½ºÆ®·²_¿©_3.pal","C:\Users\wesley\Desktop\MeuRag\data\palette\¸ö\¹Î½ºÆ®·²_¿©_349.pal"
"¹Î½ºÆ®·²_¿©","350","3","C:\Users\wesley\Desktop\MeuRag\data\palette\¸ö\¹Î½ºÆ®·²_¿©_3.pal","C:\Users\wesley\Desktop\MeuRag\data\palette\¸ö\¹Î½ºÆ®·²_¿©_350.pal"
"¹Î½ºÆ®·²_¿©","351","3","C:\Users\wesley\Desktop\MeuRag\data\palette\¸ö\¹Î½ºÆ®·²_¿©_3.pal","C:\Users\wesley\Desktop\MeuRag\data\palette\¸ö\¹Î½ºÆ®·²_¿©_351.pal"
"¹Î½ºÆ®·²_¿©","352","3","C:\Users\wesley\Desktop\MeuRag\data\palette\¸ö\¹Î½ºÆ®·²_¿©_3.pal","C:\Users\wesley\Desktop\MeuRag\data\palette\¸ö\¹Î½ºÆ®·²_¿©_352.pal"
"¹Î½ºÆ®·²_¿©","353","3","C:\Users\wesley\Desktop\MeuRag\data\palette\¸ö\¹Î½ºÆ®·²_¿©_3.pal","C:\Users\wesley\Desktop\MeuRag\data\palette\¸ö\¹Î½ºÆ®·²_¿©_353.pal"
"¹Î½ºÆ®·²_¿©","354","3","C:\Users\wesley\Desktop\MeuRag\data\palette\¸ö\¹Î½ºÆ®·²_¿©_3.pal","C:\Users\wesley\Desktop\MeuRag\data\palette\¸ö\¹Î½ºÆ®·²_¿©_354.pal"
"¹Î½ºÆ®·²_¿©","355","3","C:\Users\wesley\Desktop\MeuRag\data\palette\¸ö\¹Î½ºÆ®·²_¿©_3.pal","C:\Users\wesley\Desktop\MeuRag\data\palette\¸ö\¹Î½ºÆ®·²_¿©_355.pal"
"¹Î½ºÆ®·²_¿©","356","3","C:\Users\wesley\Desktop\MeuRag\data\palette\¸ö\¹Î½ºÆ®·²_¿©_3.pal","C:\Users\wesley\Desktop\MeuRag\data\palette\¸ö\¹Î½ºÆ®·²_¿©_356.pal"
"¹Î½ºÆ®·²_¿©","357","3","C:\Users\wesley\Desktop\MeuRag\data\palette\¸ö\¹Î½ºÆ®·²_¿©_3.pal","C:\Users\wesley\Desktop\MeuRag\data\palette\¸ö\¹Î½ºÆ®·²_¿©_357.pal"
"¹Î½ºÆ®·²_¿©","358","3","C:\Users\wesley\Desktop\MeuRag\data\palette\¸ö\¹Î½ºÆ®·²_¿©_3.pal","C:\Users\wesley\Desktop\MeuRag\data\palette\¸ö\¹Î½ºÆ®·²_¿©_358.pal"
"¹Î½ºÆ®·²_¿©","359","3","C:\Users\wesley\Desktop\MeuRag\data\palette\¸ö\¹Î½ºÆ®·²_¿©_3.pal","C:\Users\wesley\Desktop\MeuRag\data\palette\¸ö\¹Î½ºÆ®·²_¿©_359.pal"
"¹Î½ºÆ®·²_¿©","360","3","C:\Users\wesley\Desktop\MeuRag\data\palette\¸ö\¹Î½ºÆ®·²_¿©_3.pal","C:\Users\wesley\Desktop\MeuRag\data\palette\¸ö\¹Î½ºÆ®·²_¿©_360.pal"
"¹Î½ºÆ®·²_¿©","361","3","C:\Users\wesley\Desktop\MeuRag\data\palette\¸ö\¹Î½ºÆ®·²_¿©_3.pal","C:\Users\wesley\Desktop\MeuRag\data\palette\¸ö\¹Î½ºÆ®·²_¿©_361.pal"
"¹Î½ºÆ®·²_¿©","362","3","C:\Users\wesley\Desktop\MeuRag\data\palette\¸ö\¹Î½ºÆ®·²_¿©_3.pal","C:\Users\wesley\Desktop\MeuRag\data\palette\¸ö\¹Î½ºÆ®·²_¿©_362.pal"
"¹Î½ºÆ®·²_¿©","363","3","C:\Users\wesley\Desktop\MeuRag\data\palette\¸ö\¹Î½ºÆ®·²_¿©_3.pal","C:\Users\wesley\Desktop\MeuRag\data\palette\¸ö\¹Î½ºÆ®·²_¿©_363.pal"
"¹Î½ºÆ®·²_¿©","364","3","C:\Users\wesley\Desktop\MeuRag\data\palette\¸ö\¹Î½ºÆ®·²_¿©_3.pal","C:\Users\wesley\Desktop\MeuRag\data\palette\¸ö\¹Î½ºÆ®·²_¿©_364.pal"
"¹Î½ºÆ®·²_¿©","365","3","C:\Users\wesley\Desktop\MeuRag\data\palette\¸ö\¹Î½ºÆ®·²_¿©_3.pal","C:\Users\wesley\Desktop\MeuRag\data\palette\¸ö\¹Î½ºÆ®·²_¿©_365.pal"
"¹Î½ºÆ®·²_¿©","366","3","C:\Users\wesley\Desktop\MeuRag\data\palette\¸ö\¹Î½ºÆ®·²_¿©_3.pal","C:\Users\wesley\Desktop\MeuRag\data\palette\¸ö\¹Î½ºÆ®·²_¿©_366.pal"
"¹Î½ºÆ®·²_¿©","367","3","C:\Users\wesley\Desktop\MeuRag\data\palette\¸ö\¹Î½ºÆ®·²_¿©_3.pal","C:\Users\wesley\Desktop\MeuRag\data\palette\¸ö\¹Î½ºÆ®·²_¿©_367.pal"
"¹Î½ºÆ®·²_¿©","368","3","C:\Users\wesley\Desktop\MeuRag\data\palette\¸ö\¹Î½ºÆ®·²_¿©_3.pal","C:\Users\wesley\Desktop\MeuRag\data\palette\¸ö\¹Î½ºÆ®·²_¿©_368.pal"
"¹Î½ºÆ®·²_¿©","369","3","C:\Users\wesley\Desktop\MeuRag\data\palette\¸ö\¹Î½ºÆ®·²_¿©_3.pal","C:\Users\wesley\Desktop\MeuRag\data\palette\¸ö\¹Î½ºÆ®·²_¿©_369.pal"
"¹Î½ºÆ®·²_¿©","370","3","C:\Users\wesley\Desktop\MeuRag\data\palette\¸ö\¹Î½ºÆ®·²_¿©_3.pal","C:\Users\wesley\Desktop\MeuRag\data\palette\¸ö\¹Î½ºÆ®·²_¿©_370.pal"
"¹Î½ºÆ®·²_¿©","371","3","C:\Users\wesley\Desktop\MeuRag\data\palette\¸ö\¹Î½ºÆ®·²_¿©_3.pal","C:\Users\wesley\Desktop\MeuRag\data\palette\¸ö\¹Î½ºÆ®·²_¿©_371.pal"
"¹Î½ºÆ®·²_¿©","372","3","C:\Users\wesley\Desktop\MeuRag\data\palette\¸ö\¹Î½ºÆ®·²_¿©_3.pal","C:\Users\wesley\Desktop\MeuRag\data\palette\¸ö\¹Î½ºÆ®·²_¿©_372.pal"
"¹Î½ºÆ®·²_¿©","373","3","C:\Users\wesley\Desktop\MeuRag\data\palette\¸ö\¹Î½ºÆ®·²_¿©_3.pal","C:\Users\wesley\Desktop\MeuRag\data\palette\¸ö\¹Î½ºÆ®·²_¿©_373.pal"
"¹Î½ºÆ®·²_¿©","374","3","C:\Users\wesley\Desktop\MeuRag\data\palette\¸ö\¹Î½ºÆ®·²_¿©_3.pal","C:\Users\wesley\Desktop\MeuRag\data\palette\¸ö\¹Î½ºÆ®·²_¿©_374.pal"
"¹Î½ºÆ®·²_¿©","375","3","C:\Users\wesley\Desktop\MeuRag\data\palette\¸ö\¹Î½ºÆ®·²_¿©_3.pal","C:\Users\wesley\Desktop\MeuRag\data\palette\¸ö\¹Î½ºÆ®·²_¿©_375.pal"
"¹Î½ºÆ®·²_¿©","376","3","C:\Users\wesley\Desktop\MeuRag\data\palette\¸ö\¹Î½ºÆ®·²_¿©_3.pal","C:\Users\wesley\Desktop\MeuRag\data\palette\¸ö\¹Î½ºÆ®·²_¿©_376.pal"
"¹Î½ºÆ®·²_¿©","377","3","C:\Users\wesley\Desktop\MeuRag\data\palette\¸ö\¹Î½ºÆ®·²_¿©_3.pal","C:\Users\wesley\Desktop\MeuRag\data\palette\¸ö\¹Î½ºÆ®·²_¿©_377.pal"
"¹Î½ºÆ®·²_¿©","378","3","C:\Users\wesley\Desktop\MeuRag\data\palette\¸ö\¹Î½ºÆ®·²_¿©_3.pal","C:\Users\wesley\Desktop\MeuRag\data\palette\¸ö\¹Î½ºÆ®·²_¿©_378.pal"
"¹Î½ºÆ®·²_¿©","379","3","C:\Users\wesley\Desktop\MeuRag\data\palette\¸ö\¹Î½ºÆ®·²_¿©_3.pal","C:\Users\wesley\Desktop\MeuRag\data\palette\¸ö\¹Î½ºÆ®·²_¿©_379.pal"
"¹Î½ºÆ®·²_¿©","380","3","C:\Users\wesley\Desktop\MeuRag\data\palette\¸ö\¹Î½ºÆ®·²_¿©_3.pal","C:\Users\wesley\Desktop\MeuRag\data\palette\¸ö\¹Î½ºÆ®·²_¿©_380.pal"
"¹Î½ºÆ®·²_¿©","381","3","C:\Users\wesley\Desktop\MeuRag\data\palette\¸ö\¹Î½ºÆ®·²_¿©_3.pal","C:\Users\wesley\Desktop\MeuRag\data\palette\¸ö\¹Î½ºÆ®·²_¿©_381.pal"
"¹Î½ºÆ®·²_¿©","382","3","C:\Users\wesley\Desktop\MeuRag\data\palette\¸ö\¹Î½ºÆ®·²_¿©_3.pal","C:\Users\wesley\Desktop\MeuRag\data\palette\¸ö\¹Î½ºÆ®·²_¿©_382.pal"
"¹Î½ºÆ®·²_¿©","383","3","C:\Users\wesley\Desktop\MeuRag\data\palette\¸ö\¹Î½ºÆ®·²_¿©_3.pal","C:\Users\wesley\Desktop\MeuRag\data\palette\¸ö\¹Î½ºÆ®·²_¿©_383.pal"
"¹Î½ºÆ®·²_¿©","384","3","C:\Users\wesley\Desktop\MeuRag\data\palette\¸ö\¹Î½ºÆ®·²_¿©_3.pal","C:\Users\wesley\Desktop\MeuRag\data\palette\¸ö\¹Î½ºÆ®·²_¿©_384.pal"
"¹Î½ºÆ®·²_¿©","385","3","C:\Users\wesley\Desktop\MeuRag\data\palette\¸ö\¹Î½ºÆ®·²_¿©_3.pal","C:\Users\wesley\Desktop\MeuRag\data\palette\¸ö\¹Î½ºÆ®·²_¿©_385.pal"
"¹Î½ºÆ®·²_¿©","386","3","C:\Users\wesley\Desktop\MeuRag\data\palette\¸ö\¹Î½ºÆ®·²_¿©_3.pal","C:\Users\wesley\Desktop\MeuRag\data\palette\¸ö\¹Î½ºÆ®·²_¿©_386.pal"
"¹Î½ºÆ®·²_¿©","387","3","C:\Users\wesley\Desktop\MeuRag\data\palette\¸ö\¹Î½ºÆ®·²_¿©_3.pal","C:\Users\wesley\Desktop\MeuRag\data\palette\¸ö\¹Î½ºÆ®·²_¿©_387.pal"
"¹Î½ºÆ®·²_¿©","388","3","C:\Users\wesley\Desktop\MeuRag\data\palette\¸ö\¹Î½ºÆ®·²_¿©_3.pal","C:\Users\wesley\Desktop\MeuRag\data\palette\¸ö\¹Î½ºÆ®·²_¿©_388.pal"
"¹Î½ºÆ®·²_¿©","389","3","C:\Users\wesley\Desktop\MeuRag\data\palette\¸ö\¹Î½ºÆ®·²_¿©_3.pal","C:\Users\wesley\Desktop\MeuRag\data\palette\¸ö\¹Î½ºÆ®·²_¿©_389.pal"
"¹Î½ºÆ®·²_¿©","390","3","C:\Users\wesley\Desktop\MeuRag\data\palette\¸ö\¹Î½ºÆ®·²_¿©_3.pal","C:\Users\wesley\Desktop\MeuRag\data\palette\¸ö\¹Î½ºÆ®·²_¿©_390.pal"
"¹Î½ºÆ®·²_¿©","391","3","C:\Users\wesley\Desktop\MeuRag\data\palette\¸ö\¹Î½ºÆ®·²_¿©_3.pal","C:\Users\wesley\Desktop\MeuRag\data\palette\¸ö\¹Î½ºÆ®·²_¿©_391.pal"
"¹Î½ºÆ®·²_¿©","392","3","C:\Users\wesley\Desktop\MeuRag\data\palette\¸ö\¹Î½ºÆ®·²_¿©_3.pal","C:\Users\wesley\Desktop\MeuRag\data\palette\¸ö\¹Î½ºÆ®·²_¿©_392.pal"
"¹Î½ºÆ®·²_¿©","393","3","C:\Users\wesley\Desktop\MeuRag\data\palette\¸ö\¹Î½ºÆ®·²_¿©_3.pal","C:\Users\wesley\Desktop\MeuRag\data\palette\¸ö\¹Î½ºÆ®·²_¿©_393.pal"
"¹Î½ºÆ®·²_¿©","394","3","C:\Users\wesley\Desktop\MeuRag\data\palette\¸ö\¹Î½ºÆ®·²_¿©_3.pal","C:\Users\wesley\Desktop\MeuRag\data\palette\¸ö\¹Î½ºÆ®·²_¿©_394.pal"
"¹Î½ºÆ®·²_¿©","395","3","C:\Users\wesley\Desktop\MeuRag\data\palette\¸ö\¹Î½ºÆ®·²_¿©_3.pal","C:\Users\wesley\Desktop\MeuRag\data\palette\¸ö\¹Î½ºÆ®·²_¿©_395.pal"
"¹Î½ºÆ®·²_¿©","396","3","C:\Users\wesley\Desktop\MeuRag\data\palette\¸ö\¹Î½ºÆ®·²_¿©_3.pal","C:\Users\wesley\Desktop\MeuRag\data\palette\¸ö\¹Î½ºÆ®·²_¿©_396.pal"
"¹Î½ºÆ®·²_¿©","397","3","C:\Users\wesley\Desktop\MeuRag\data\palette\¸ö\¹Î½ºÆ®·²_¿©_3.pal","C:\Users\wesley\Desktop\MeuRag\data\palette\¸ö\¹Î½ºÆ®·²_¿©_397.pal"
"¹Î½ºÆ®·²_¿©","398","3","C:\Users\wesley\Desktop\MeuRag\data\palette\¸ö\¹Î½ºÆ®·²_¿©_3.pal","C:\Users\wesley\Desktop\MeuRag\data\palette\¸ö\¹Î½ºÆ®·²_¿©_398.pal"
"¹Î½ºÆ®·²_¿©","399","3","C:\Users\wesley\Desktop\MeuRag\data\palette\¸ö\¹Î½ºÆ®·²_¿©_3.pal","C:\Users\wesley\Desktop\MeuRag\data\palette\¸ö\¹Î½ºÆ®·²_¿©_399.pal"
"¹Î½ºÆ®·²_¿©","400","3","C:\Users\wesley\Desktop\MeuRag\data\palette\¸ö\¹Î½ºÆ®·²_¿©_3.pal","C:\Users\wesley\Desktop\MeuRag\data\palette\¸ö\¹Î½ºÆ®·²_¿©_400.pal"
"¹Î½ºÆ®·²_¿©","401","3","C:\Users\wesley\Desktop\MeuRag\data\palette\¸ö\¹Î½ºÆ®·²_¿©_3.pal","C:\Users\wesley\Desktop\MeuRag\data\palette\¸ö\¹Î½ºÆ®·²_¿©_401.pal"
"¹Î½ºÆ®·²_¿©","402","3","C:\Users\wesley\Desktop\MeuRag\data\palette\¸ö\¹Î½ºÆ®·²_¿©_3.pal","C:\Users\wesley\Desktop\MeuRag\data\palette\¸ö\¹Î½ºÆ®·²_¿©_402.pal"
"¹Î½ºÆ®·²_¿©","403","3","C:\Users\wesley\Desktop\MeuRag\data\palette\¸ö\¹Î½ºÆ®·²_¿©_3.pal","C:\Users\wesley\Desktop\MeuRag\data\palette\¸ö\¹Î½ºÆ®·²_¿©_403.pal"
"¹Î½ºÆ®·²_¿©","404","3","C:\Users\wesley\Desktop\MeuRag\data\palette\¸ö\¹Î½ºÆ®·²_¿©_3.pal","C:\Users\wesley\Desktop\MeuRag\data\palette\¸ö\¹Î½ºÆ®·²_¿©_404.pal"
"¹Î½ºÆ®·²_¿©","405","3","C:\Users\wesley\Desktop\MeuRag\data\palette\¸ö\¹Î½ºÆ®·²_¿©_3.pal","C:\Users\wesley\Desktop\MeuRag\data\palette\¸ö\¹Î½ºÆ®·²_¿©_405.pal"
"¹Î½ºÆ®·²_¿©","406","3","C:\Users\wesley\Desktop\MeuRag\data\palette\¸ö\¹Î½ºÆ®·²_¿©_3.pal","C:\Users\wesley\Desktop\MeuRag\data\palette\¸ö\¹Î½ºÆ®·²_¿©_406.pal"
"¹Î½ºÆ®·²_¿©","407","3","C:\Users\wesley\Desktop\MeuRag\data\palette\¸ö\¹Î½ºÆ®·²_¿©_3.pal","C:\Users\wesley\Desktop\MeuRag\data\palette\¸ö\¹Î½ºÆ®·²_¿©_407.pal"
"¹Î½ºÆ®·²_¿©","408","3","C:\Users\wesley\Desktop\MeuRag\data\palette\¸ö\¹Î½ºÆ®·²_¿©_3.pal","C:\Users\wesley\Desktop\MeuRag\data\palette\¸ö\¹Î½ºÆ®·²_¿©_408.pal"
"¹Î½ºÆ®·²_¿©","409","3","C:\Users\wesley\Desktop\MeuRag\data\palette\¸ö\¹Î½ºÆ®·²_¿©_3.pal","C:\Users\wesley\Desktop\MeuRag\data\palette\¸ö\¹Î½ºÆ®·²_¿©_409.pal"
"¹Î½ºÆ®·²_¿©","410","3","C:\Users\wesley\Desktop\MeuRag\data\palette\¸ö\¹Î½ºÆ®·²_¿©_3.pal","C:\Users\wesley\Desktop\MeuRag\data\palette\¸ö\¹Î½ºÆ®·²_¿©_410.pal"
"¹Î½ºÆ®·²_¿©","411","3","C:\Users\wesley\Desktop\MeuRag\data\palette\¸ö\¹Î½ºÆ®·²_¿©_3.pal","C:\Users\wesley\Desktop\MeuRag\data\palette\¸ö\¹Î½ºÆ®·²_¿©_411.pal"
"¹Î½ºÆ®·²_¿©","412","3","C:\Users\wesley\Desktop\MeuRag\data\palette\¸ö\¹Î½ºÆ®·²_¿©_3.pal","C:\Users\wesley\Desktop\MeuRag\data\palette\¸ö\¹Î½ºÆ®·²_¿©_412.pal"
"¹Î½ºÆ®·²_¿©","413","3","C:\Users\wesley\Desktop\MeuRag\data\palette\¸ö\¹Î½ºÆ®·²_¿©_3.pal","C:\Users\wesley\Desktop\MeuRag\data\palette\¸ö\¹Î½ºÆ®·²_¿©_413.pal"
"¹Î½ºÆ®·²_¿©","414","3","C:\Users\wesley\Desktop\MeuRag\data\palette\¸ö\¹Î½ºÆ®·²_¿©_3.pal","C:\Users\wesley\Desktop\MeuRag\data\palette\¸ö\¹Î½ºÆ®·²_¿©_414.pal"
"¹Î½ºÆ®·²_¿©","415","3","C:\Users\wesley\Desktop\MeuRag\data\palette\¸ö\¹Î½ºÆ®·²_¿©_3.pal","C:\Users\wesley\Desktop\MeuRag\data\palette\¸ö\¹Î½ºÆ®·²_¿©_415.pal"
"¹Î½ºÆ®·²_¿©","416","3","C:\Users\wesley\Desktop\MeuRag\data\palette\¸ö\¹Î½ºÆ®·²_¿©_3.pal","C:\Users\wesley\Desktop\MeuRag\data\palette\¸ö\¹Î½ºÆ®·²_¿©_416.pal"
"¹Î½ºÆ®·²_¿©","417","3","C:\Users\wesley\Desktop\MeuRag\data\palette\¸ö\¹Î½ºÆ®·²_¿©_3.pal","C:\Users\wesley\Desktop\MeuRag\data\palette\¸ö\¹Î½ºÆ®·²_¿©_417.pal"
"¹Î½ºÆ®·²_¿©","418","3","C:\Users\wesley\Desktop\MeuRag\data\palette\¸ö\¹Î½ºÆ®·²_¿©_3.pal","C:\Users\wesley\Desktop\MeuRag\data\palette\¸ö\¹Î½ºÆ®·²_¿©_418.pal"
"¹Î½ºÆ®·²_¿©","419","3","C:\Users\wesley\Desktop\MeuRag\data\palette\¸ö\¹Î½ºÆ®·²_¿©_3.pal","C:\Users\wesley\Desktop\MeuRag\data\palette\¸ö\¹Î½ºÆ®·²_¿©_419.pal"
"¹Î½ºÆ®·²_¿©","420","3","C:\Users\wesley\Desktop\MeuRag\data\palette\¸ö\¹Î½ºÆ®·²_¿©_3.pal","C:\Users\wesley\Desktop\MeuRag\data\palette\¸ö\¹Î½ºÆ®·²_¿©_420.pal"
"¹Î½ºÆ®·²_¿©","421","3","C:\Users\wesley\Desktop\MeuRag\data\palette\¸ö\¹Î½ºÆ®·²_¿©_3.pal","C:\Users\wesley\Desktop\MeuRag\data\palette\¸ö\¹Î½ºÆ®·²_¿©_421.pal"
"¹Î½ºÆ®·²_¿©","422","3","C:\Users\wesley\Desktop\MeuRag\data\palette\¸ö\¹Î½ºÆ®·²_¿©_3.pal","C:\Users\wesley\Desktop\MeuRag\data\palette\¸ö\¹Î½ºÆ®·²_¿©_422.pal"
"¹Î½ºÆ®·²_¿©","423","3","C:\Users\wesley\Desktop\MeuRag\data\palette\¸ö\¹Î½ºÆ®·²_¿©_3.pal","C:\Users\wesley\Desktop\MeuRag\data\palette\¸ö\¹Î½ºÆ®·²_¿©_423.pal"
"¹Î½ºÆ®·²_¿©","424","3","C:\Users\wesley\Desktop\MeuRag\data\palette\¸ö\¹Î½ºÆ®·²_¿©_3.pal","C:\Users\wesley\Desktop\MeuRag\data\palette\¸ö\¹Î½ºÆ®·²_¿©_424.pal"
"¹Î½ºÆ®·²_¿©","425","3","C:\Users\wesley\Desktop\MeuRag\data\palette\¸ö\¹Î½ºÆ®·²_¿©_3.pal","C:\Users\wesley\Desktop\MeuRag\data\palette\¸ö\¹Î½ºÆ®·²_¿©_425.pal"
"¹Î½ºÆ®·²_¿©","426","3","C:\Users\wesley\Desktop\MeuRag\data\palette\¸ö\¹Î½ºÆ®·²_¿©_3.pal","C:\Users\wesley\Desktop\MeuRag\data\palette\¸ö\¹Î½ºÆ®·²_¿©_426.pal"
"¹Î½ºÆ®·²_¿©","427","3","C:\Users\wesley\Desktop\MeuRag\data\palette\¸ö\¹Î½ºÆ®·²_¿©_3.pal","C:\Users\wesley\Desktop\MeuRag\data\palette\¸ö\¹Î½ºÆ®·²_¿©_427.pal"
"¹Î½ºÆ®·²_¿©","428","3","C:\Users\wesley\Desktop\MeuRag\data\palette\¸ö\¹Î½ºÆ®·²_¿©_3.pal","C:\Users\wesley\Desktop\MeuRag\data\palette\¸ö\¹Î½ºÆ®·²_¿©_428.pal"
"¹Î½ºÆ®·²_¿©","429","3","C:\Users\wesley\Desktop\MeuRag\data\palette\¸ö\¹Î½ºÆ®·²_¿©_3.pal","C:\Users\wesley\Desktop\MeuRag\data\palette\¸ö\¹Î½ºÆ®·²_¿©_429.pal"
"¹Î½ºÆ®·²_¿©","430","3","C:\Users\wesley\Desktop\MeuRag\data\palette\¸ö\¹Î½ºÆ®·²_¿©_3.pal","C:\Users\wesley\Desktop\MeuRag\data\palette\¸ö\¹Î½ºÆ®·²_¿©_430.pal"
"¹Î½ºÆ®·²_¿©","431","3","C:\Users\wesley\Desktop\MeuRag\data\palette\¸ö\¹Î½ºÆ®·²_¿©_3.pal","C:\Users\wesley\Desktop\MeuRag\data\palette\¸ö\¹Î½ºÆ®·²_¿©_431.pal"
"¹Î½ºÆ®·²_¿©","432","3","C:\Users\wesley\Desktop\MeuRag\data\palette\¸ö\¹Î½ºÆ®·²_¿©_3.pal","C:\Users\wesley\Desktop\MeuRag\data\palette\¸ö\¹Î½ºÆ®·²_¿©_432.pal"
"¹Î½ºÆ®·²_¿©","433","3","C:\Users\wesley\Desktop\MeuRag\data\palette\¸ö\¹Î½ºÆ®·²_¿©_3.pal","C:\Users\wesley\Desktop\MeuRag\data\palette\¸ö\¹Î½ºÆ®·²_¿©_433.pal"
"¹Î½ºÆ®·²_¿©","434","3","C:\Users\wesley\Desktop\MeuRag\data\palette\¸ö\¹Î½ºÆ®·²_¿©_3.pal","C:\Users\wesley\Desktop\MeuRag\data\palette\¸ö\¹Î½ºÆ®·²_¿©_434.pal"
"¹Î½ºÆ®·²_¿©","435","3","C:\Users\wesley\Desktop\MeuRag\data\palette\¸ö\¹Î½ºÆ®·²_¿©_3.pal","C:\Users\wesley\Desktop\MeuRag\data\palette\¸ö\¹Î½ºÆ®·²_¿©_435.pal"
"¹Î½ºÆ®·²_¿©","436","3","C:\Users\wesley\Desktop\MeuRag\data\palette\¸ö\¹Î½ºÆ®·²_¿©_3.pal","C:\Users\wesley\Desktop\MeuRag\data\palette\¸ö\¹Î½ºÆ®·²_¿©_436.pal"
"¹Î½ºÆ®·²_¿©","437","3","C:\Users\wesley\Desktop\MeuRag\data\palette\¸ö\¹Î½ºÆ®·²_¿©_3.pal","C:\Users\wesley\Desktop\MeuRag\data\palette\¸ö\¹Î½ºÆ®·²_¿©_437.pal"
"¹Î½ºÆ®·²_¿©","438","3","C:\Users\wesley\Desktop\MeuRag\data\palette\¸ö\¹Î½ºÆ®·²_¿©_3.pal","C:\Users\wesley\Desktop\MeuRag\data\palette\¸ö\¹Î½ºÆ®·²_¿©_438.pal"
"¹Î½ºÆ®·²_¿©","439","3","C:\Users\wesley\Desktop\MeuRag\data\palette\¸ö\¹Î½ºÆ®·²_¿©_3.pal","C:\Users\wesley\Desktop\MeuRag\data\palette\¸ö\¹Î½ºÆ®·²_¿©_439.pal"
"¹Î½ºÆ®·²_¿©","440","3","C:\Users\wesley\Desktop\MeuRag\data\palette\¸ö\¹Î½ºÆ®·²_¿©_3.pal","C:\Users\wesley\Desktop\MeuRag\data\palette\¸ö\¹Î½ºÆ®·²_¿©_440.pal"
"¹Î½ºÆ®·²_¿©","441","3","C:\Users\wesley\Desktop\MeuRag\data\palette\¸ö\¹Î½ºÆ®·²_¿©_3.pal","C:\Users\wesley\Desktop\MeuRag\data\palette\¸ö\¹Î½ºÆ®·²_¿©_441.pal"
"¹Î½ºÆ®·²_¿©","442","3","C:\Users\wesley\Desktop\MeuRag\data\palette\¸ö\¹Î½ºÆ®·²_¿©_3.pal","C:\Users\wesley\Desktop\MeuRag\data\palette\¸ö\¹Î½ºÆ®·²_¿©_442.pal"
"¹Î½ºÆ®·²_¿©","443","3","C:\Users\wesley\Desktop\MeuRag\data\palette\¸ö\¹Î½ºÆ®·²_¿©_3.pal","C:\Users\wesley\Desktop\MeuRag\data\palette\¸ö\¹Î½ºÆ®·²_¿©_443.pal"
"¹Î½ºÆ®·²_¿©","444","3","C:\Users\wesley\Desktop\MeuRag\data\palette\¸ö\¹Î½ºÆ®·²_¿©_3.pal","C:\Users\wesley\Desktop\MeuRag\data\palette\¸ö\¹Î½ºÆ®·²_¿©_444.pal"
"¹Î½ºÆ®·²_¿©","445","3","C:\Users\wesley\Desktop\MeuRag\data\palette\¸ö\¹Î½ºÆ®·²_¿©_3.pal","C:\Users\wesley\Desktop\MeuRag\data\palette\¸ö\¹Î½ºÆ®·²_¿©_445.pal"
"¹Î½ºÆ®·²_¿©","446","3","C:\Users\wesley\Desktop\MeuRag\data\palette\¸ö\¹Î½ºÆ®·²_¿©_3.pal","C:\Users\wesley\Desktop\MeuRag\data\palette\¸ö\¹Î½ºÆ®·²_¿©_446.pal"
"¹Î½ºÆ®·²_¿©","447","3","C:\Users\wesley\Desktop\MeuRag\data\palette\¸ö\¹Î½ºÆ®·²_¿©_3.pal","C:\Users\wesley\Desktop\MeuRag\data\palette\¸ö\¹Î½ºÆ®·²_¿©_447.pal"
"¹Î½ºÆ®·²_¿©","448","3","C:\Users\wesley\Desktop\MeuRag\data\palette\¸ö\¹Î½ºÆ®·²_¿©_3.pal","C:\Users\wesley\Desktop\MeuRag\data\palette\¸ö\¹Î½ºÆ®·²_¿©_448.pal"
"¹Î½ºÆ®·²_¿©","449","3","C:\Users\wesley\Desktop\MeuRag\data\palette\¸ö\¹Î½ºÆ®·²_¿©_3.pal","C:\Users\wesley\Desktop\MeuRag\data\palette\¸ö\¹Î½ºÆ®·²_¿©_449.pal"
"¹Î½ºÆ®·²_¿©","450","3","C:\Users\wesley\Desktop\MeuRag\data\palette\¸ö\¹Î½ºÆ®·²_¿©_3.pal","C:\Users\wesley\Desktop\MeuRag\data\palette\¸ö\¹Î½ºÆ®·²_¿©_450.pal"
"¹Î½ºÆ®·²_¿©","451","3","C:\Users\wesley\Desktop\MeuRag\data\palette\¸ö\¹Î½ºÆ®·²_¿©_3.pal","C:\Users\wesley\Desktop\MeuRag\data\palette\¸ö\¹Î½ºÆ®·²_¿©_451.pal"
"¹Î½ºÆ®·²_¿©","452","3","C:\Users\wesley\Desktop\MeuRag\data\palette\¸ö\¹Î½ºÆ®·²_¿©_3.pal","C:\Users\wesley\Desktop\MeuRag\data\palette\¸ö\¹Î½ºÆ®·²_¿©_452.pal"
"¹Î½ºÆ®·²_¿©","453","3","C:\Users\wesley\Desktop\MeuRag\data\palette\¸ö\¹Î½ºÆ®·²_¿©_3.pal","C:\Users\wesley\Desktop\MeuRag\data\palette\¸ö\¹Î½ºÆ®·²_¿©_453.pal"
"¹Î½ºÆ®·²_¿©","454","3","C:\Users\wesley\Desktop\MeuRag\data\palette\¸ö\¹Î½ºÆ®·²_¿©_3.pal","C:\Users\wesley\Desktop\MeuRag\data\palette\¸ö\¹Î½ºÆ®·²_¿©_454.pal"
"¹Î½ºÆ®·²_¿©","455","3","C:\Users\wesley\Desktop\MeuRag\data\palette\¸ö\¹Î½ºÆ®·²_¿©_3.pal","C:\Users\wesley\Desktop\MeuRag\data\palette\¸ö\¹Î½ºÆ®·²_¿©_455.pal"
"¹Î½ºÆ®·²_¿©","456","3","C:\Users\wesley\Desktop\MeuRag\data\palette\¸ö\¹Î½ºÆ®·²_¿©_3.pal","C:\Users\wesley\Desktop\MeuRag\data\palette\¸ö\¹Î½ºÆ®·²_¿©_456.pal"
"¹Î½ºÆ®·²_¿©","457","3","C:\Users\wesley\Desktop\MeuRag\data\palette\¸ö\¹Î½ºÆ®·²_¿©_3.pal","C:\Users\wesley\Desktop\MeuRag\data\palette\¸ö\¹Î½ºÆ®·²_¿©_457.pal"
"¹Î½ºÆ®·²_¿©","458","3","C:\Users\wesley\Desktop\MeuRag\data\palette\¸ö\¹Î½ºÆ®·²_¿©_3.pal","C:\Users\wesley\Desktop\MeuRag\data\palette\¸ö\¹Î½ºÆ®·²_¿©_458.pal"
"¹Î½ºÆ®·²_¿©","459","3","C:\Users\wesley\Desktop\MeuRag\data\palette\¸ö\¹Î½ºÆ®·²_¿©_3.pal","C:\Users\wesley\Desktop\MeuRag\data\palette\¸ö\¹Î½ºÆ®·²_¿©_459.pal"
"¹Î½ºÆ®·²_¿©","460","3","C:\Users\wesley\Desktop\MeuRag\data\palette\¸ö\¹Î½ºÆ®·²_¿©_3.pal","C:\Users\wesley\Desktop\MeuRag\data\palette\¸ö\¹Î½ºÆ®·²_¿©_460.pal"
"¹Î½ºÆ®·²_¿©","461","3","C:\Users\wesley\Desktop\MeuRag\data\palette\¸ö\¹Î½ºÆ®·²_¿©_3.pal","C:\Users\wesley\Desktop\MeuRag\data\palette\¸ö\¹Î½ºÆ®·²_¿©_461.pal"
"¹Î½ºÆ®·²_¿©","462","3","C:\Users\wesley\Desktop\MeuRag\data\palette\¸ö\¹Î½ºÆ®·²_¿©_3.pal","C:\Users\wesley\Desktop\MeuRag\data\palette\¸ö\¹Î½ºÆ®·²_¿©_462.pal"
"¹Î½ºÆ®·²_¿©","463","3","C:\Users\wesley\Desktop\MeuRag\data\palette\¸ö\¹Î½ºÆ®·²_¿©_3.pal","C:\Users\wesley\Desktop\MeuRag\data\palette\¸ö\¹Î½ºÆ®·²_¿©_463.pal"
"¹Î½ºÆ®·²_¿©","464","3","C:\Users\wesley\Desktop\MeuRag\data\palette\¸ö\¹Î½ºÆ®·²_¿©_3.pal","C:\Users\wesley\Desktop\MeuRag\data\palette\¸ö\¹Î½ºÆ®·²_¿©_464.pal"
"¹Î½ºÆ®·²_¿©","465","3","C:\Users\wesley\Desktop\MeuRag\data\palette\¸ö\¹Î½ºÆ®·²_¿©_3.pal","C:\Users\wesley\Desktop\MeuRag\data\palette\¸ö\¹Î½ºÆ®·²_¿©_465.pal"
"¹Î½ºÆ®·²_¿©","466","3","C:\Users\wesley\Desktop\MeuRag\data\palette\¸ö\¹Î½ºÆ®·²_¿©_3.pal","C:\Users\wesley\Desktop\MeuRag\data\palette\¸ö\¹Î½ºÆ®·²_¿©_466.pal"
"¹Î½ºÆ®·²_¿©","467","3","C:\Users\wesley\Desktop\MeuRag\data\palette\¸ö\¹Î½ºÆ®·²_¿©_3.pal","C:\Users\wesley\Desktop\MeuRag\data\palette\¸ö\¹Î½ºÆ®·²_¿©_467.pal"
"¹Î½ºÆ®·²_¿©","468","3","C:\Users\wesley\Desktop\MeuRag\data\palette\¸ö\¹Î½ºÆ®·²_¿©_3.pal","C:\Users\wesley\Desktop\MeuRag\data\palette\¸ö\¹Î½ºÆ®·²_¿©_468.pal"
"¹Î½ºÆ®·²_¿©","469","3","C:\Users\wesley\Desktop\MeuRag\data\palette\¸ö\¹Î½ºÆ®·²_¿©_3.pal","C:\Users\wesley\Desktop\MeuRag\data\palette\¸ö\¹Î½ºÆ®·²_¿©_469.pal"
"¹Î½ºÆ®·²_¿©","470","3","C:\Users\wesley\Desktop\MeuRag\data\palette\¸ö\¹Î½ºÆ®·²_¿©_3.pal","C:\Users\wesley\Desktop\MeuRag\data\palette\¸ö\¹Î½ºÆ®·²_¿©_470.pal"
"¹Î½ºÆ®·²_¿©","471","3","C:\Users\wesley\Desktop\MeuRag\data\palette\¸ö\¹Î½ºÆ®·²_¿©_3.pal","C:\Users\wesley\Desktop\MeuRag\data\palette\¸ö\¹Î½ºÆ®·²_¿©_471.pal"
"¹Î½ºÆ®·²_¿©","472","3","C:\Users\wesley\Desktop\MeuRag\data\palette\¸ö\¹Î½ºÆ®·²_¿©_3.pal","C:\Users\wesley\Desktop\MeuRag\data\palette\¸ö\¹Î½ºÆ®·²_¿©_472.pal"
"¹Î½ºÆ®·²_¿©","473","3","C:\Users\wesley\Desktop\MeuRag\data\palette\¸ö\¹Î½ºÆ®·²_¿©_3.pal","C:\Users\wesley\Desktop\MeuRag\data\palette\¸ö\¹Î½ºÆ®·²_¿©_473.pal"
"¹Î½ºÆ®·²_¿©","474","3","C:\Users\wesley\Desktop\MeuRag\data\palette\¸ö\¹Î½ºÆ®·²_¿©_3.pal","C:\Users\wesley\Desktop\MeuRag\data\palette\¸ö\¹Î½ºÆ®·²_¿©_474.pal"
"¹Î½ºÆ®·²_¿©","475","3","C:\Users\wesley\Desktop\MeuRag\data\palette\¸ö\¹Î½ºÆ®·²_¿©_3.pal","C:\Users\wesley\Desktop\MeuRag\data\palette\¸ö\¹Î½ºÆ®·²_¿©_475.pal"
"¹Î½ºÆ®·²_¿©","476","3","C:\Users\wesley\Desktop\MeuRag\data\palette\¸ö\¹Î½ºÆ®·²_¿©_3.pal","C:\Users\wesley\Desktop\MeuRag\data\palette\¸ö\¹Î½ºÆ®·²_¿©_476.pal"
"¹Î½ºÆ®·²_¿©","477","3","C:\Users\wesley\Desktop\MeuRag\data\palette\¸ö\¹Î½ºÆ®·²_¿©_3.pal","C:\Users\wesley\Desktop\MeuRag\data\palette\¸ö\¹Î½ºÆ®·²_¿©_477.pal"
"¹Î½ºÆ®·²_¿©","478","3","C:\Users\wesley\Desktop\MeuRag\data\palette\¸ö\¹Î½ºÆ®·²_¿©_3.pal","C:\Users\wesley\Desktop\MeuRag\data\palette\¸ö\¹Î½ºÆ®·²_¿©_478.pal"
"¹Î½ºÆ®·²_¿©","479","3","C:\Users\wesley\Desktop\MeuRag\data\palette\¸ö\¹Î½ºÆ®·²_¿©_3.pal","C:\Users\wesley\Desktop\MeuRag\data\palette\¸ö\¹Î½ºÆ®·²_¿©_479.pal"
"¹Î½ºÆ®·²_¿©","480","3","C:\Users\wesley\Desktop\MeuRag\data\palette\¸ö\¹Î½ºÆ®·²_¿©_3.pal","C:\Users\wesley\Desktop\MeuRag\data\palette\¸ö\¹Î½ºÆ®·²_¿©_480.pal"
"¹Î½ºÆ®·²_¿©","481","3","C:\Users\wesley\Desktop\MeuRag\data\palette\¸ö\¹Î½ºÆ®·²_¿©_3.pal","C:\Users\wesley\Desktop\MeuRag\data\palette\¸ö\¹Î½ºÆ®·²_¿©_481.pal"
"¹Î½ºÆ®·²_¿©","482","3","C:\Users\wesley\Desktop\MeuRag\data\palette\¸ö\¹Î½ºÆ®·²_¿©_3.pal","C:\Users\wesley\Desktop\MeuRag\data\palette\¸ö\¹Î½ºÆ®·²_¿©_482.pal"
"¹Î½ºÆ®·²_¿©","483","3","C:\Users\wesley\Desktop\MeuRag\data\palette\¸ö\¹Î½ºÆ®·²_¿©_3.pal","C:\Users\wesley\Desktop\MeuRag\data\palette\¸ö\¹Î½ºÆ®·²_¿©_483.pal"
"¹Î½ºÆ®·²_¿©","484","3","C:\Users\wesley\Desktop\MeuRag\data\palette\¸ö\¹Î½ºÆ®·²_¿©_3.pal","C:\Users\wesley\Desktop\MeuRag\data\palette\¸ö\¹Î½ºÆ®·²_¿©_484.pal"
"¹Î½ºÆ®·²_¿©","485","3","C:\Users\wesley\Desktop\MeuRag\data\palette\¸ö\¹Î½ºÆ®·²_¿©_3.pal","C:\Users\wesley\Desktop\MeuRag\data\palette\¸ö\¹Î½ºÆ®·²_¿©_485.pal"
"¹Î½ºÆ®·²_¿©","486","3","C:\Users\wesley\Desktop\MeuRag\data\palette\¸ö\¹Î½ºÆ®·²_¿©_3.pal","C:\Users\wesley\Desktop\MeuRag\data\palette\¸ö\¹Î½ºÆ®·²_¿©_486.pal"
"¹Î½ºÆ®·²_¿©","487","3","C:\Users\wesley\Desktop\MeuRag\data\palette\¸ö\¹Î½ºÆ®·²_¿©_3.pal","C:\Users\wesley\Desktop\MeuRag\data\palette\¸ö\¹Î½ºÆ®·²_¿©_487.pal"
"¹Î½ºÆ®·²_¿©","488","3","C:\Users\wesley\Desktop\MeuRag\data\palette\¸ö\¹Î½ºÆ®·²_¿©_3.pal","C:\Users\wesley\Desktop\MeuRag\data\palette\¸ö\¹Î½ºÆ®·²_¿©_488.pal"
"¹Î½ºÆ®·²_¿©","489","3","C:\Users\wesley\Desktop\MeuRag\data\palette\¸ö\¹Î½ºÆ®·²_¿©_3.pal","C:\Users\wesley\Desktop\MeuRag\data\palette\¸ö\¹Î½ºÆ®·²_¿©_489.pal"
"¹Î½ºÆ®·²_¿©","490","3","C:\Users\wesley\Desktop\MeuRag\data\palette\¸ö\¹Î½ºÆ®·²_¿©_3.pal","C:\Users\wesley\Desktop\MeuRag\data\palette\¸ö\¹Î½ºÆ®·²_¿©_490.pal"
"¹Î½ºÆ®·²_¿©","491","3","C:\Users\wesley\Desktop\MeuRag\data\palette\¸ö\¹Î½ºÆ®·²_¿©_3.pal","C:\Users\wesley\Desktop\MeuRag\data\palette\¸ö\¹Î½ºÆ®·²_¿©_491.pal"
"¹Î½ºÆ®·²_¿©","492","3","C:\Users\wesley\Desktop\MeuRag\data\palette\¸ö\¹Î½ºÆ®·²_¿©_3.pal","C:\Users\wesley\Desktop\MeuRag\data\palette\¸ö\¹Î½ºÆ®·²_¿©_492.pal"
"¹Î½ºÆ®·²_¿©","493","3","C:\Users\wesley\Desktop\MeuRag\data\palette\¸ö\¹Î½ºÆ®·²_¿©_3.pal","C:\Users\wesley\Desktop\MeuRag\data\palette\¸ö\¹Î½ºÆ®·²_¿©_493.pal"
"¹Î½ºÆ®·²_¿©","494","3","C:\Users\wesley\Desktop\MeuRag\data\palette\¸ö\¹Î½ºÆ®·²_¿©_3.pal","C:\Users\wesley\Desktop\MeuRag\data\palette\¸ö\¹Î½ºÆ®·²_¿©_494.pal"
"¹Î½ºÆ®·²_¿©","495","3","C:\Users\wesley\Desktop\MeuRag\data\palette\¸ö\¹Î½ºÆ®·²_¿©_3.pal","C:\Users\wesley\Desktop\MeuRag\data\palette\¸ö\¹Î½ºÆ®·²_¿©_495.pal"
"¹Î½ºÆ®·²_¿©","496","3","C:\Users\wesley\Desktop\MeuRag\data\palette\¸ö\¹Î½ºÆ®·²_¿©_3.pal","C:\Users\wesley\Desktop\MeuRag\data\palette\¸ö\¹Î½ºÆ®·²_¿©_496.pal"
"¹Î½ºÆ®·²_¿©","497","3","C:\Users\wesley\Desktop\MeuRag\data\palette\¸ö\¹Î½ºÆ®·²_¿©_3.pal","C:\Users\wesley\Desktop\MeuRag\data\palette\¸ö\¹Î½ºÆ®·²_¿©_497.pal"
"¹Î½ºÆ®·²_¿©","498","3","C:\Users\wesley\Desktop\MeuRag\data\palette\¸ö\¹Î½ºÆ®·²_¿©_3.pal","C:\Users\wesley\Desktop\MeuRag\data\palette\¸ö\¹Î½ºÆ®·²_¿©_498.pal"
"¹Î½ºÆ®·²_¿©","499","3","C:\Users\wesley\Desktop\MeuRag\data\palette\¸ö\¹Î½ºÆ®·²_¿©_3.pal","C:\Users\wesley\Desktop\MeuRag\data\palette\¸ö\¹Î½ºÆ®·²_¿©_499.pal"
"¹Î½ºÆ®·²_¿©","500","3","C:\Users\wesley\Desktop\MeuRag\data\palette\¸ö\¹Î½ºÆ®·²_¿©_3.pal","C:\Users\wesley\Desktop\MeuRag\data\palette\¸ö\¹Î½ºÆ®·²_¿©_500.pal"
"¹Î½ºÆ®·²_¿©","501","3","C:\Users\wesley\Desktop\MeuRag\data\palette\¸ö\¹Î½ºÆ®·²_¿©_3.pal","C:\Users\wesley\Desktop\MeuRag\data\palette\¸ö\¹Î½ºÆ®·²_¿©_501.pal"
"¹Î½ºÆ®·²_¿©","502","3","C:\Users\wesley\Desktop\MeuRag\data\palette\¸ö\¹Î½ºÆ®·²_¿©_3.pal","C:\Users\wesley\Desktop\MeuRag\data\palette\¸ö\¹Î½ºÆ®·²_¿©_502.pal"
"¹Î½ºÆ®·²_¿©","503","3","C:\Users\wesley\Desktop\MeuRag\data\palette\¸ö\¹Î½ºÆ®·²_¿©_3.pal","C:\Users\wesley\Desktop\MeuRag\data\palette\¸ö\¹Î½ºÆ®·²_¿©_503.pal"
"¹Î½ºÆ®·²_¿©","504","3","C:\Users\wesley\Desktop\MeuRag\data\palette\¸ö\¹Î½ºÆ®·²_¿©_3.pal","C:\Users\wesley\Desktop\MeuRag\data\palette\¸ö\¹Î½ºÆ®·²_¿©_504.pal"
"¹Î½ºÆ®·²_¿©","505","3","C:\Users\wesley\Desktop\MeuRag\data\palette\¸ö\¹Î½ºÆ®·²_¿©_3.pal","C:\Users\wesley\Desktop\MeuRag\data\palette\¸ö\¹Î½ºÆ®·²_¿©_505.pal"
"¹Î½ºÆ®·²_¿©","506","3","C:\Users\wesley\Desktop\MeuRag\data\palette\¸ö\¹Î½ºÆ®·²_¿©_3.pal","C:\Users\wesley\Desktop\MeuRag\data\palette\¸ö\¹Î½ºÆ®·²_¿©_506.pal"
"¹Î½ºÆ®·²_¿©","507","3","C:\Users\wesley\Desktop\MeuRag\data\palette\¸ö\¹Î½ºÆ®·²_¿©_3.pal","C:\Users\wesley\Desktop\MeuRag\data\palette\¸ö\¹Î½ºÆ®·²_¿©_507.pal"
"¹Î½ºÆ®·²_¿©","508","3","C:\Users\wesley\Desktop\MeuRag\data\palette\¸ö\¹Î½ºÆ®·²_¿©_3.pal","C:\Users\wesley\Desktop\MeuRag\data\palette\¸ö\¹Î½ºÆ®·²_¿©_508.pal"
"¹Î½ºÆ®·²_¿©","509","3","C:\Users\wesley\Desktop\MeuRag\data\palette\¸ö\¹Î½ºÆ®·²_¿©_3.pal","C:\Users\wesley\Desktop\MeuRag\data\palette\¸ö\¹Î½ºÆ®·²_¿©_509.pal"
"¹Î½ºÆ®·²_¿©","510","3","C:\Users\wesley\Desktop\MeuRag\data\palette\¸ö\¹Î½ºÆ®·²_¿©_3.pal","C:\Users\wesley\Desktop\MeuRag\data\palette\¸ö\¹Î½ºÆ®·²_¿©_510.pal"
"¹Î½ºÆ®·²_¿©","511","3","C:\Users\wesley\Desktop\MeuRag\data\palette\¸ö\¹Î½ºÆ®·²_¿©_3.pal","C:\Users\wesley\Desktop\MeuRag\data\palette\¸ö\¹Î½ºÆ®·²_¿©_511.pal"
"¹Î½ºÆ®·²_¿©","512","3","C:\Users\wesley\Desktop\MeuRag\data\palette\¸ö\¹Î½ºÆ®·²_¿©_3.pal","C:\Users\wesley\Desktop\MeuRag\data\palette\¸ö\¹Î½ºÆ®·²_¿©_512.pal"
"¹Î½ºÆ®·²_¿©","513","3","C:\Users\wesley\Desktop\MeuRag\data\palette\¸ö\¹Î½ºÆ®·²_¿©_3.pal","C:\Users\wesley\Desktop\MeuRag\data\palette\¸ö\¹Î½ºÆ®·²_¿©_513.pal"
"¹Î½ºÆ®·²_¿©","514","3","C:\Users\wesley\Desktop\MeuRag\data\palette\¸ö\¹Î½ºÆ®·²_¿©_3.pal","C:\Users\wesley\Desktop\MeuRag\data\palette\¸ö\¹Î½ºÆ®·²_¿©_514.pal"
"¹Î½ºÆ®·²_¿©","515","3","C:\Users\wesley\Desktop\MeuRag\data\palette\¸ö\¹Î½ºÆ®·²_¿©_3.pal","C:\Users\wesley\Desktop\MeuRag\data\palette\¸ö\¹Î½ºÆ®·²_¿©_515.pal"
"¹Î½ºÆ®·²_¿©","516","3","C:\Users\wesley\Desktop\MeuRag\data\palette\¸ö\¹Î½ºÆ®·²_¿©_3.pal","C:\Users\wesley\Desktop\MeuRag\data\palette\¸ö\¹Î½ºÆ®·²_¿©_516.pal"
"¹Î½ºÆ®·²_¿©","517","3","C:\Users\wesley\Desktop\MeuRag\data\palette\¸ö\¹Î½ºÆ®·²_¿©_3.pal","C:\Users\wesley\Desktop\MeuRag\data\palette\¸ö\¹Î½ºÆ®·²_¿©_517.pal"
"¹Î½ºÆ®·²_¿©","518","3","C:\Users\wesley\Desktop\MeuRag\data\palette\¸ö\¹Î½ºÆ®·²_¿©_3.pal","C:\Users\wesley\Desktop\MeuRag\data\palette\¸ö\¹Î½ºÆ®·²_¿©_518.pal"
"¹Î½ºÆ®·²_¿©","519","3","C:\Users\wesley\Desktop\MeuRag\data\palette\¸ö\¹Î½ºÆ®·²_¿©_3.pal","C:\Users\wesley\Desktop\MeuRag\data\palette\¸ö\¹Î½ºÆ®·²_¿©_519.pal"
"¹Î½ºÆ®·²_¿©","520","3","C:\Users\wesley\Desktop\MeuRag\data\palette\¸ö\¹Î½ºÆ®·²_¿©_3.pal","C:\Users\wesley\Desktop\MeuRag\data\palette\¸ö\¹Î½ºÆ®·²_¿©_520.pal"
"¹Î½ºÆ®·²_¿©","521","3","C:\Users\wesley\Desktop\MeuRag\data\palette\¸ö\¹Î½ºÆ®·²_¿©_3.pal","C:\Users\wesley\Desktop\MeuRag\data\palette\¸ö\¹Î½ºÆ®·²_¿©_521.pal"
"¹Î½ºÆ®·²_¿©","522","3","C:\Users\wesley\Desktop\MeuRag\data\palette\¸ö\¹Î½ºÆ®·²_¿©_3.pal","C:\Users\wesley\Desktop\MeuRag\data\palette\¸ö\¹Î½ºÆ®·²_¿©_522.pal"
"¹Î½ºÆ®·²_¿©","523","3","C:\Users\wesley\Desktop\MeuRag\data\palette\¸ö\¹Î½ºÆ®·²_¿©_3.pal","C:\Users\wesley\Desktop\MeuRag\data\palette\¸ö\¹Î½ºÆ®·²_¿©_523.pal"
"¹Î½ºÆ®·²_¿©","524","3","C:\Users\wesley\Desktop\MeuRag\data\palette\¸ö\¹Î½ºÆ®·²_¿©_3.pal","C:\Users\wesley\Desktop\MeuRag\data\palette\¸ö\¹Î½ºÆ®·²_¿©_524.pal"
"¹Î½ºÆ®·²_¿©","525","3","C:\Users\wesley\Desktop\MeuRag\data\palette\¸ö\¹Î½ºÆ®·²_¿©_3.pal","C:\Users\wesley\Desktop\MeuRag\data\palette\¸ö\¹Î½ºÆ®·²_¿©_525.pal"
"¹Î½ºÆ®·²_¿©","526","3","C:\Users\wesley\Desktop\MeuRag\data\palette\¸ö\¹Î½ºÆ®·²_¿©_3.pal","C:\Users\wesley\Desktop\MeuRag\data\palette\¸ö\¹Î½ºÆ®·²_¿©_526.pal"
"¹Î½ºÆ®·²_¿©","527","3","C:\Users\wesley\Desktop\MeuRag\data\palette\¸ö\¹Î½ºÆ®·²_¿©_3.pal","C:\Users\wesley\Desktop\MeuRag\data\palette\¸ö\¹Î½ºÆ®·²_¿©_527.pal"
"¹Î½ºÆ®·²_¿©","528","3","C:\Users\wesley\Desktop\MeuRag\data\palette\¸ö\¹Î½ºÆ®·²_¿©_3.pal","C:\Users\wesley\Desktop\MeuRag\data\palette\¸ö\¹Î½ºÆ®·²_¿©_528.pal"
"¹Î½ºÆ®·²_¿©","529","3","C:\Users\wesley\Desktop\MeuRag\data\palette\¸ö\¹Î½ºÆ®·²_¿©_3.pal","C:\Users\wesley\Desktop\MeuRag\data\palette\¸ö\¹Î½ºÆ®·²_¿©_529.pal"
"¹Î½ºÆ®·²_¿©","530","3","C:\Users\wesley\Desktop\MeuRag\data\palette\¸ö\¹Î½ºÆ®·²_¿©_3.pal","C:\Users\wesley\Desktop\MeuRag\data\palette\¸ö\¹Î½ºÆ®·²_¿©_530.pal"
"¹Î½ºÆ®·²_¿©","531","3","C:\Users\wesley\Desktop\MeuRag\data\palette\¸ö\¹Î½ºÆ®·²_¿©_3.pal","C:\Users\wesley\Desktop\MeuRag\data\palette\¸ö\¹Î½ºÆ®·²_¿©_531.pal"
"¹Î½ºÆ®·²_¿©","532","3","C:\Users\wesley\Desktop\MeuRag\data\palette\¸ö\¹Î½ºÆ®·²_¿©_3.pal","C:\Users\wesley\Desktop\MeuRag\data\palette\¸ö\¹Î½ºÆ®·²_¿©_532.pal"
"¹Î½ºÆ®·²_¿©","533","3","C:\Users\wesley\Desktop\MeuRag\data\palette\¸ö\¹Î½ºÆ®·²_¿©_3.pal","C:\Users\wesley\Desktop\MeuRag\data\palette\¸ö\¹Î½ºÆ®·²_¿©_533.pal"
"¹Î½ºÆ®·²_¿©","534","3","C:\Users\wesley\Desktop\MeuRag\data\palette\¸ö\¹Î½ºÆ®·²_¿©_3.pal","C:\Users\wesley\Desktop\MeuRag\data\palette\¸ö\¹Î½ºÆ®·²_¿©_534.pal"
"¹Î½ºÆ®·²_¿©","535","3","C:\Users\wesley\Desktop\MeuRag\data\palette\¸ö\¹Î½ºÆ®·²_¿©_3.pal","C:\Users\wesley\Desktop\MeuRag\data\palette\¸ö\¹Î½ºÆ®·²_¿©_535.pal"
"¹Î½ºÆ®·²_¿©","536","3","C:\Users\wesley\Desktop\MeuRag\data\palette\¸ö\¹Î½ºÆ®·²_¿©_3.pal","C:\Users\wesley\Desktop\MeuRag\data\palette\¸ö\¹Î½ºÆ®·²_¿©_536.pal"
"¹Î½ºÆ®·²_¿©","537","3","C:\Users\wesley\Desktop\MeuRag\data\palette\¸ö\¹Î½ºÆ®·²_¿©_3.pal","C:\Users\wesley\Desktop\MeuRag\data\palette\¸ö\¹Î½ºÆ®·²_¿©_537.pal"
"¹Î½ºÆ®·²_¿©","538","3","C:\Users\wesley\Desktop\MeuRag\data\palette\¸ö\¹Î½ºÆ®·²_¿©_3.pal","C:\Users\wesley\Desktop\MeuRag\data\palette\¸ö\¹Î½ºÆ®·²_¿©_538.pal"
"¹Î½ºÆ®·²_¿©","539","3","C:\Users\wesley\Desktop\MeuRag\data\palette\¸ö\¹Î½ºÆ®·²_¿©_3.pal","C:\Users\wesley\Desktop\MeuRag\data\palette\¸ö\¹Î½ºÆ®·²_¿©_539.pal"
"¹Î½ºÆ®·²_¿©","540","3","C:\Users\wesley\Desktop\MeuRag\data\palette\¸ö\¹Î½ºÆ®·²_¿©_3.pal","C:\Users\wesley\Desktop\MeuRag\data\palette\¸ö\¹Î½ºÆ®·²_¿©_540.pal"
"¹Î½ºÆ®·²_¿©","541","3","C:\Users\wesley\Desktop\MeuRag\data\palette\¸ö\¹Î½ºÆ®·²_¿©_3.pal","C:\Users\wesley\Desktop\MeuRag\data\palette\¸ö\¹Î½ºÆ®·²_¿©_541.pal"
"¹Î½ºÆ®·²_¿©","542","3","C:\Users\wesley\Desktop\MeuRag\data\palette\¸ö\¹Î½ºÆ®·²_¿©_3.pal","C:\Users\wesley\Desktop\MeuRag\data\palette\¸ö\¹Î½ºÆ®·²_¿©_542.pal"
"¹Î½ºÆ®·²_¿©","543","3","C:\Users\wesley\Desktop\MeuRag\data\palette\¸ö\¹Î½ºÆ®·²_¿©_3.pal","C:\Users\wesley\Desktop\MeuRag\data\palette\¸ö\¹Î½ºÆ®·²_¿©_543.pal"
"¹Î½ºÆ®·²_¿©","544","3","C:\Users\wesley\Desktop\MeuRag\data\palette\¸ö\¹Î½ºÆ®·²_¿©_3.pal","C:\Users\wesley\Desktop\MeuRag\data\palette\¸ö\¹Î½ºÆ®·²_¿©_544.pal"
"¹Î½ºÆ®·²_¿©","545","3","C:\Users\wesley\Desktop\MeuRag\data\palette\¸ö\¹Î½ºÆ®·²_¿©_3.pal","C:\Users\wesley\Desktop\MeuRag\data\palette\¸ö\¹Î½ºÆ®·²_¿©_545.pal"
"¹Î½ºÆ®·²_¿©","546","3","C:\Users\wesley\Desktop\MeuRag\data\palette\¸ö\¹Î½ºÆ®·²_¿©_3.pal","C:\Users\wesley\Desktop\MeuRag\data\palette\¸ö\¹Î½ºÆ®·²_¿©_546.pal"
"¹Î½ºÆ®·²_¿©","547","3","C:\Users\wesley\Desktop\MeuRag\data\palette\¸ö\¹Î½ºÆ®·²_¿©_3.pal","C:\Users\wesley\Desktop\MeuRag\data\palette\¸ö\¹Î½ºÆ®·²_¿©_547.pal"
"¹Î½ºÆ®·²_¿©","548","3","C:\Users\wesley\Desktop\MeuRag\data\palette\¸ö\¹Î½ºÆ®·²_¿©_3.pal","C:\Users\wesley\Desktop\MeuRag\data\palette\¸ö\¹Î½ºÆ®·²_¿©_548.pal"
"¹Î½ºÆ®·²_¿©","549","3","C:\Users\wesley\Desktop\MeuRag\data\palette\¸ö\¹Î½ºÆ®·²_¿©_3.pal","C:\Users\wesley\Desktop\MeuRag\data\palette\¸ö\¹Î½ºÆ®·²_¿©_549.pal"
"¹Î½ºÆ®·²_¿©","550","3","C:\Users\wesley\Desktop\MeuRag\data\palette\¸ö\¹Î½ºÆ®·²_¿©_3.pal","C:\Users\wesley\Desktop\MeuRag\data\palette\¸ö\¹Î½ºÆ®·²_¿©_550.pal"
"¹Î½ºÆ®·²_¿©","551","3","C:\Users\wesley\Desktop\MeuRag\data\palette\¸ö\¹Î½ºÆ®·²_¿©_3.pal","C:\Users\wesley\Desktop\MeuRag\data\palette\¸ö\¹Î½ºÆ®·²_¿©_551.pal"
"¹Î½ºÆ®·²_¿©","552","3","C:\Users\wesley\Desktop\MeuRag\data\palette\¸ö\¹Î½ºÆ®·²_¿©_3.pal","C:\Users\wesley\Desktop\MeuRag\data\palette\¸ö\¹Î½ºÆ®·²_¿©_552.pal"
"¹Î½ºÆ®·²_¿©","553","3","C:\Users\wesley\Desktop\MeuRag\data\palette\¸ö\¹Î½ºÆ®·²_¿©_3.pal","C:\Users\wesley\Desktop\MeuRag\data\palette\¸ö\¹Î½ºÆ®·²_¿©_553.pal"
"¹Î½ºÆ®·²_¿©","554","3","C:\Users\wesley\Desktop\MeuRag\data\palette\¸ö\¹Î½ºÆ®·²_¿©_3.pal","C:\Users\wesley\Desktop\MeuRag\data\palette\¸ö\¹Î½ºÆ®·²_¿©_554.pal"
"¹Î½ºÆ®·²_¿©","555","3","C:\Users\wesley\Desktop\MeuRag\data\palette\¸ö\¹Î½ºÆ®·²_¿©_3.pal","C:\Users\wesley\Desktop\MeuRag\data\palette\¸ö\¹Î½ºÆ®·²_¿©_555.pal"
"¹Î½ºÆ®·²_¿©","556","3","C:\Users\wesley\Desktop\MeuRag\data\palette\¸ö\¹Î½ºÆ®·²_¿©_3.pal","C:\Users\wesley\Desktop\MeuRag\data\palette\¸ö\¹Î½ºÆ®·²_¿©_556.pal"
"¹Î½ºÆ®·²_¿©","557","3","C:\Users\wesley\Desktop\MeuRag\data\palette\¸ö\¹Î½ºÆ®·²_¿©_3.pal","C:\Users\wesley\Desktop\MeuRag\data\palette\¸ö\¹Î½ºÆ®·²_¿©_557.pal"
"¹Î½ºÆ®·²_¿©","558","3","C:\Users\wesley\Desktop\MeuRag\data\palette\¸ö\¹Î½ºÆ®·²_¿©_3.pal","C:\Users\wesley\Desktop\MeuRag\data\palette\¸ö\¹Î½ºÆ®·²_¿©_558.pal"
"¹Î½ºÆ®·²_¿©","559","3","C:\Users\wesley\Desktop\MeuRag\data\palette\¸ö\¹Î½ºÆ®·²_¿©_3.pal","C:\Users\wesley\Desktop\MeuRag\data\palette\¸ö\¹Î½ºÆ®·²_¿©_559.pal"
"¹Î½ºÆ®·²_¿©","560","3","C:\Users\wesley\Desktop\MeuRag\data\palette\¸ö\¹Î½ºÆ®·²_¿©_3.pal","C:\Users\wesley\Desktop\MeuRag\data\palette\¸ö\¹Î½ºÆ®·²_¿©_560.pal"
"¹Î½ºÆ®·²_¿©","561","3","C:\Users\wesley\Desktop\MeuRag\data\palette\¸ö\¹Î½ºÆ®·²_¿©_3.pal","C:\Users\wesley\Desktop\MeuRag\data\palette\¸ö\¹Î½ºÆ®·²_¿©_561.pal"
"¹Î½ºÆ®·²_¿©","562","3","C:\Users\wesley\Desktop\MeuRag\data\palette\¸ö\¹Î½ºÆ®·²_¿©_3.pal","C:\Users\wesley\Desktop\MeuRag\data\palette\¸ö\¹Î½ºÆ®·²_¿©_562.pal"
"¹Î½ºÆ®·²_¿©","563","3","C:\Users\wesley\Desktop\MeuRag\data\palette\¸ö\¹Î½ºÆ®·²_¿©_3.pal","C:\Users\wesley\Desktop\MeuRag\data\palette\¸ö\¹Î½ºÆ®·²_¿©_563.pal"
"¹Î½ºÆ®·²_¿©","564","3","C:\Users\wesley\Desktop\MeuRag\data\palette\¸ö\¹Î½ºÆ®·²_¿©_3.pal","C:\Users\wesley\Desktop\MeuRag\data\palette\¸ö\¹Î½ºÆ®·²_¿©_564.pal"
"¹Î½ºÆ®·²_¿©","565","3","C:\Users\wesley\Desktop\MeuRag\data\palette\¸ö\¹Î½ºÆ®·²_¿©_3.pal","C:\Users\wesley\Desktop\MeuRag\data\palette\¸ö\¹Î½ºÆ®·²_¿©_565.pal"
"¹Î½ºÆ®·²_¿©","566","3","C:\Users\wesley\Desktop\MeuRag\data\palette\¸ö\¹Î½ºÆ®·²_¿©_3.pal","C:\Users\wesley\Desktop\MeuRag\data\palette\¸ö\¹Î½ºÆ®·²_¿©_566.pal"
"¹Î½ºÆ®·²_¿©","567","3","C:\Users\wesley\Desktop\MeuRag\data\palette\¸ö\¹Î½ºÆ®·²_¿©_3.pal","C:\Users\wesley\Desktop\MeuRag\data\palette\¸ö\¹Î½ºÆ®·²_¿©_567.pal"
"¹Î½ºÆ®·²_¿©","568","3","C:\Users\wesley\Desktop\MeuRag\data\palette\¸ö\¹Î½ºÆ®·²_¿©_3.pal","C:\Users\wesley\Desktop\MeuRag\data\palette\¸ö\¹Î½ºÆ®·²_¿©_568.pal"
"¹Î½ºÆ®·²_¿©","569","3","C:\Users\wesley\Desktop\MeuRag\data\palette\¸ö\¹Î½ºÆ®·²_¿©_3.pal","C:\Users\wesley\Desktop\MeuRag\data\palette\¸ö\¹Î½ºÆ®·²_¿©_569.pal"
"¹Î½ºÆ®·²_¿©","570","3","C:\Users\wesley\Desktop\MeuRag\data\palette\¸ö\¹Î½ºÆ®·²_¿©_3.pal","C:\Users\wesley\Desktop\MeuRag\data\palette\¸ö\¹Î½ºÆ®·²_¿©_570.pal"
"¹Î½ºÆ®·²_¿©","571","3","C:\Users\wesley\Desktop\MeuRag\data\palette\¸ö\¹Î½ºÆ®·²_¿©_3.pal","C:\Users\wesley\Desktop\MeuRag\data\palette\¸ö\¹Î½ºÆ®·²_¿©_571.pal"
"¹Î½ºÆ®·²_¿©","572","3","C:\Users\wesley\Desktop\MeuRag\data\palette\¸ö\¹Î½ºÆ®·²_¿©_3.pal","C:\Users\wesley\Desktop\MeuRag\data\palette\¸ö\¹Î½ºÆ®·²_¿©_572.pal"
"¹Î½ºÆ®·²_¿©","573","3","C:\Users\wesley\Desktop\MeuRag\data\palette\¸ö\¹Î½ºÆ®·²_¿©_3.pal","C:\Users\wesley\Desktop\MeuRag\data\palette\¸ö\¹Î½ºÆ®·²_¿©_573.pal"
"¹Î½ºÆ®·²_¿©","574","3","C:\Users\wesley\Desktop\MeuRag\data\palette\¸ö\¹Î½ºÆ®·²_¿©_3.pal","C:\Users\wesley\Desktop\MeuRag\data\palette\¸ö\¹Î½ºÆ®·²_¿©_574.pal"
"¹Î½ºÆ®·²_¿©","575","3","C:\Users\wesley\Desktop\MeuRag\data\palette\¸ö\¹Î½ºÆ®·²_¿©_3.pal","C:\Users\wesley\Desktop\MeuRag\data\palette\¸ö\¹Î½ºÆ®·²_¿©_575.pal"
"¹Î½ºÆ®·²_¿©","576","3","C:\Users\wesley\Desktop\MeuRag\data\palette\¸ö\¹Î½ºÆ®·²_¿©_3.pal","C:\Users\wesley\Desktop\MeuRag\data\palette\¸ö\¹Î½ºÆ®·²_¿©_576.pal"
"¹Î½ºÆ®·²_¿©","577","3","C:\Users\wesley\Desktop\MeuRag\data\palette\¸ö\¹Î½ºÆ®·²_¿©_3.pal","C:\Users\wesley\Desktop\MeuRag\data\palette\¸ö\¹Î½ºÆ®·²_¿©_577.pal"
"¹Î½ºÆ®·²_¿©","578","3","C:\Users\wesley\Desktop\MeuRag\data\palette\¸ö\¹Î½ºÆ®·²_¿©_3.pal","C:\Users\wesley\Desktop\MeuRag\data\palette\¸ö\¹Î½ºÆ®·²_¿©_578.pal"
"¹Î½ºÆ®·²_¿©","579","3","C:\Users\wesley\Desktop\MeuRag\data\palette\¸ö\¹Î½ºÆ®·²_¿©_3.pal","C:\Users\wesley\Desktop\MeuRag\data\palette\¸ö\¹Î½ºÆ®·²_¿©_579.pal"
"¹Î½ºÆ®·²_¿©","580","3","C:\Users\wesley\Desktop\MeuRag\data\palette\¸ö\¹Î½ºÆ®·²_¿©_3.pal","C:\Users\wesley\Desktop\MeuRag\data\palette\¸ö\¹Î½ºÆ®·²_¿©_580.pal"
"¹Î½ºÆ®·²_¿©","581","3","C:\Users\wesley\Desktop\MeuRag\data\palette\¸ö\¹Î½ºÆ®·²_¿©_3.pal","C:\Users\wesley\Desktop\MeuRag\data\palette\¸ö\¹Î½ºÆ®·²_¿©_581.pal"
"¹Î½ºÆ®·²_¿©","582","3","C:\Users\wesley\Desktop\MeuRag\data\palette\¸ö\¹Î½ºÆ®·²_¿©_3.pal","C:\Users\wesley\Desktop\MeuRag\data\palette\¸ö\¹Î½ºÆ®·²_¿©_582.pal"
"¹Î½ºÆ®·²_¿©","583","3","C:\Users\wesley\Desktop\MeuRag\data\palette\¸ö\¹Î½ºÆ®·²_¿©_3.pal","C:\Users\wesley\Desktop\MeuRag\data\palette\¸ö\¹Î½ºÆ®·²_¿©_583.pal"
"¹Î½ºÆ®·²_¿©","584","3","C:\Users\wesley\Desktop\MeuRag\data\palette\¸ö\¹Î½ºÆ®·²_¿©_3.pal","C:\Users\wesley\Desktop\MeuRag\data\palette\¸ö\¹Î½ºÆ®·²_¿©_584.pal"
"¹Î½ºÆ®·²_¿©","585","3","C:\Users\wesley\Desktop\MeuRag\data\palette\¸ö\¹Î½ºÆ®·²_¿©_3.pal","C:\Users\wesley\Desktop\MeuRag\data\palette\¸ö\¹Î½ºÆ®·²_¿©_585.pal"
"¹Î½ºÆ®·²_¿©","586","3","C:\Users\wesley\Desktop\MeuRag\data\palette\¸ö\¹Î½ºÆ®·²_¿©_3.pal","C:\Users\wesley\Desktop\MeuRag\data\palette\¸ö\¹Î½ºÆ®·²_¿©_586.pal"
"¹Î½ºÆ®·²_¿©","587","3","C:\Users\wesley\Desktop\MeuRag\data\palette\¸ö\¹Î½ºÆ®·²_¿©_3.pal","C:\Users\wesley\Desktop\MeuRag\data\palette\¸ö\¹Î½ºÆ®·²_¿©_587.pal"
"¹Î½ºÆ®·²_¿©","588","3","C:\Users\wesley\Desktop\MeuRag\data\palette\¸ö\¹Î½ºÆ®·²_¿©_3.pal","C:\Users\wesley\Desktop\MeuRag\data\palette\¸ö\¹Î½ºÆ®·²_¿©_588.pal"
"¹Î½ºÆ®·²_¿©","589","3","C:\Users\wesley\Desktop\MeuRag\data\palette\¸ö\¹Î½ºÆ®·²_¿©_3.pal","C:\Users\wesley\Desktop\MeuRag\data\palette\¸ö\¹Î½ºÆ®·²_¿©_589.pal"
"¹Î½ºÆ®·²_¿©","590","3","C:\Users\wesley\Desktop\MeuRag\data\palette\¸ö\¹Î½ºÆ®·²_¿©_3.pal","C:\Users\wesley\Desktop\MeuRag\data\palette\¸ö\¹Î½ºÆ®·²_¿©_590.pal"
"¹Î½ºÆ®·²_¿©","591","3","C:\Users\wesley\Desktop\MeuRag\data\palette\¸ö\¹Î½ºÆ®·²_¿©_3.pal","C:\Users\wesley\Desktop\MeuRag\data\palette\¸ö\¹Î½ºÆ®·²_¿©_591.pal"
"¹Î½ºÆ®·²_¿©","592","3","C:\Users\wesley\Desktop\MeuRag\data\palette\¸ö\¹Î½ºÆ®·²_¿©_3.pal","C:\Users\wesley\Desktop\MeuRag\data\palette\¸ö\¹Î½ºÆ®·²_¿©_592.pal"
"¹Î½ºÆ®·²_¿©","593","3","C:\Users\wesley\Desktop\MeuRag\data\palette\¸ö\¹Î½ºÆ®·²_¿©_3.pal","C:\Users\wesley\Desktop\MeuRag\data\palette\¸ö\¹Î½ºÆ®·²_¿©_593.pal"
"¹Î½ºÆ®·²_¿©","594","3","C:\Users\wesley\Desktop\MeuRag\data\palette\¸ö\¹Î½ºÆ®·²_¿©_3.pal","C:\Users\wesley\Desktop\MeuRag\data\palette\¸ö\¹Î½ºÆ®·²_¿©_594.pal"
"¹Î½ºÆ®·²_¿©","595","3","C:\Users\wesley\Desktop\MeuRag\data\palette\¸ö\¹Î½ºÆ®·²_¿©_3.pal","C:\Users\wesley\Desktop\MeuRag\data\palette\¸ö\¹Î½ºÆ®·²_¿©_595.pal"
"¹Î½ºÆ®·²_¿©","596","3","C:\Users\wesley\Desktop\MeuRag\data\palette\¸ö\¹Î½ºÆ®·²_¿©_3.pal","C:\Users\wesley\Desktop\MeuRag\data\palette\¸ö\¹Î½ºÆ®·²_¿©_596.pal"
"¹Î½ºÆ®·²_¿©","597","3","C:\Users\wesley\Desktop\MeuRag\data\palette\¸ö\¹Î½ºÆ®·²_¿©_3.pal","C:\Users\wesley\Desktop\MeuRag\data\palette\¸ö\¹Î½ºÆ®·²_¿©_597.pal"
"¹Î½ºÆ®·²_¿©","598","3","C:\Users\wesley\Desktop\MeuRag\data\palette\¸ö\¹Î½ºÆ®·²_¿©_3.pal","C:\Users\wesley\Desktop\MeuRag\data\palette\¸ö\¹Î½ºÆ®·²_¿©_598.pal"
"¹Î½ºÆ®·²_¿©","599","3","C:\Users\wesley\Desktop\MeuRag\data\palette\¸ö\¹Î½ºÆ®·²_¿©_3.pal","C:\Users\wesley\Desktop\MeuRag\data\palette\¸ö\¹Î½ºÆ®·²_¿©_599.pal"
"¹Î½ºÆ®·²_¿©","600","3","C:\Users\wesley\Desktop\MeuRag\data\palette\¸ö\¹Î½ºÆ®·²_¿©_3.pal","C:\Users\wesley\Desktop\MeuRag\data\palette\¸ö\¹Î½ºÆ®·²_¿©_600.pal"
"¹Î½ºÆ®·²_¿©","601","3","C:\Users\wesley\Desktop\MeuRag\data\palette\¸ö\¹Î½ºÆ®·²_¿©_3.pal","C:\Users\wesley\Desktop\MeuRag\data\palette\¸ö\¹Î½ºÆ®·²_¿©_601.pal"
"¹Î½ºÆ®·²_¿©","602","3","C:\Users\wesley\Desktop\MeuRag\data\palette\¸ö\¹Î½ºÆ®·²_¿©_3.pal","C:\Users\wesley\Desktop\MeuRag\data\palette\¸ö\¹Î½ºÆ®·²_¿©_602.pal"
"¹Î½ºÆ®·²_¿©","603","3","C:\Users\wesley\Desktop\MeuRag\data\palette\¸ö\¹Î½ºÆ®·²_¿©_3.pal","C:\Users\wesley\Desktop\MeuRag\data\palette\¸ö\¹Î½ºÆ®·²_¿©_603.pal"
"¹Î½ºÆ®·²_¿©","604","3","C:\Users\wesley\Desktop\MeuRag\data\palette\¸ö\¹Î½ºÆ®·²_¿©_3.pal","C:\Users\wesley\Desktop\MeuRag\data\palette\¸ö\¹Î½ºÆ®·²_¿©_604.pal"
"¹Î½ºÆ®·²_¿©","605","3","C:\Users\wesley\Desktop\MeuRag\data\palette\¸ö\¹Î½ºÆ®·²_¿©_3.pal","C:\Users\wesley\Desktop\MeuRag\data\palette\¸ö\¹Î½ºÆ®·²_¿©_605.pal"
"¹Î½ºÆ®·²_¿©","606","3","C:\Users\wesley\Desktop\MeuRag\data\palette\¸ö\¹Î½ºÆ®·²_¿©_3.pal","C:\Users\wesley\Desktop\MeuRag\data\palette\¸ö\¹Î½ºÆ®·²_¿©_606.pal"
"¹Î½ºÆ®·²_¿©","607","3","C:\Users\wesley\Desktop\MeuRag\data\palette\¸ö\¹Î½ºÆ®·²_¿©_3.pal","C:\Users\wesley\Desktop\MeuRag\data\palette\¸ö\¹Î½ºÆ®·²_¿©_607.pal"
"¹Î½ºÆ®·²_¿©","608","3","C:\Users\wesley\Desktop\MeuRag\data\palette\¸ö\¹Î½ºÆ®·²_¿©_3.pal","C:\Users\wesley\Desktop\MeuRag\data\palette\¸ö\¹Î½ºÆ®·²_¿©_608.pal"
"¹Î½ºÆ®·²_¿©","609","3","C:\Users\wesley\Desktop\MeuRag\data\palette\¸ö\¹Î½ºÆ®·²_¿©_3.pal","C:\Users\wesley\Desktop\MeuRag\data\palette\¸ö\¹Î½ºÆ®·²_¿©_609.pal"
"¹Î½ºÆ®·²_¿©","610","3","C:\Users\wesley\Desktop\MeuRag\data\palette\¸ö\¹Î½ºÆ®·²_¿©_3.pal","C:\Users\wesley\Desktop\MeuRag\data\palette\¸ö\¹Î½ºÆ®·²_¿©_610.pal"
"¹Î½ºÆ®·²_¿©","611","3","C:\Users\wesley\Desktop\MeuRag\data\palette\¸ö\¹Î½ºÆ®·²_¿©_3.pal","C:\Users\wesley\Desktop\MeuRag\data\palette\¸ö\¹Î½ºÆ®·²_¿©_611.pal"
"¹Î½ºÆ®·²_¿©","612","3","C:\Users\wesley\Desktop\MeuRag\data\palette\¸ö\¹Î½ºÆ®·²_¿©_3.pal","C:\Users\wesley\Desktop\MeuRag\data\palette\¸ö\¹Î½ºÆ®·²_¿©_612.pal"
"¹Î½ºÆ®·²_¿©","613","3","C:\Users\wesley\Desktop\MeuRag\data\palette\¸ö\¹Î½ºÆ®·²_¿©_3.pal","C:\Users\wesley\Desktop\MeuRag\data\palette\¸ö\¹Î½ºÆ®·²_¿©_613.pal"
"¹Î½ºÆ®·²_¿©","614","3","C:\Users\wesley\Desktop\MeuRag\data\palette\¸ö\¹Î½ºÆ®·²_¿©_3.pal","C:\Users\wesley\Desktop\MeuRag\data\palette\¸ö\¹Î½ºÆ®·²_¿©_614.pal"
"¹Î½ºÆ®·²_¿©","615","3","C:\Users\wesley\Desktop\MeuRag\data\palette\¸ö\¹Î½ºÆ®·²_¿©_3.pal","C:\Users\wesley\Desktop\MeuRag\data\palette\¸ö\¹Î½ºÆ®·²_¿©_615.pal"
"¹Î½ºÆ®·²_¿©","616","3","C:\Users\wesley\Desktop\MeuRag\data\palette\¸ö\¹Î½ºÆ®·²_¿©_3.pal","C:\Users\wesley\Desktop\MeuRag\data\palette\¸ö\¹Î½ºÆ®·²_¿©_616.pal"
"¹Î½ºÆ®·²_¿©","617","3","C:\Users\wesley\Desktop\MeuRag\data\palette\¸ö\¹Î½ºÆ®·²_¿©_3.pal","C:\Users\wesley\Desktop\MeuRag\data\palette\¸ö\¹Î½ºÆ®·²_¿©_617.pal"
"¹Î½ºÆ®·²_¿©","618","3","C:\Users\wesley\Desktop\MeuRag\data\palette\¸ö\¹Î½ºÆ®·²_¿©_3.pal","C:\Users\wesley\Desktop\MeuRag\data\palette\¸ö\¹Î½ºÆ®·²_¿©_618.pal"
"¹Î½ºÆ®·²_¿©","619","3","C:\Users\wesley\Desktop\MeuRag\data\palette\¸ö\¹Î½ºÆ®·²_¿©_3.pal","C:\Users\wesley\Desktop\MeuRag\data\palette\¸ö\¹Î½ºÆ®·²_¿©_619.pal"
"¹Î½ºÆ®·²_¿©","620","3","C:\Users\wesley\Desktop\MeuRag\data\palette\¸ö\¹Î½ºÆ®·²_¿©_3.pal","C:\Users\wesley\Desktop\MeuRag\data\palette\¸ö\¹Î½ºÆ®·²_¿©_620.pal"
"¹Î½ºÆ®·²_¿©","621","3","C:\Users\wesley\Desktop\MeuRag\data\palette\¸ö\¹Î½ºÆ®·²_¿©_3.pal","C:\Users\wesley\Desktop\MeuRag\data\palette\¸ö\¹Î½ºÆ®·²_¿©_621.pal"
"¹Î½ºÆ®·²_¿©","622","3","C:\Users\wesley\Desktop\MeuRag\data\palette\¸ö\¹Î½ºÆ®·²_¿©_3.pal","C:\Users\wesley\Desktop\MeuRag\data\palette\¸ö\¹Î½ºÆ®·²_¿©_622.pal"
"¹Î½ºÆ®·²_¿©","623","3","C:\Users\wesley\Desktop\MeuRag\data\palette\¸ö\¹Î½ºÆ®·²_¿©_3.pal","C:\Users\wesley\Desktop\MeuRag\data\palette\¸ö\¹Î½ºÆ®·²_¿©_623.pal"
"¹Î½ºÆ®·²_¿©","624","3","C:\Users\wesley\Desktop\MeuRag\data\palette\¸ö\¹Î½ºÆ®·²_¿©_3.pal","C:\Users\wesley\Desktop\MeuRag\data\palette\¸ö\¹Î½ºÆ®·²_¿©_624.pal"
"¹Î½ºÆ®·²_¿©","625","3","C:\Users\wesley\Desktop\MeuRag\data\palette\¸ö\¹Î½ºÆ®·²_¿©_3.pal","C:\Users\wesley\Desktop\MeuRag\data\palette\¸ö\¹Î½ºÆ®·²_¿©_625.pal"
"¹Î½ºÆ®·²_¿©","626","3","C:\Users\wesley\Desktop\MeuRag\data\palette\¸ö\¹Î½ºÆ®·²_¿©_3.pal","C:\Users\wesley\Desktop\MeuRag\data\palette\¸ö\¹Î½ºÆ®·²_¿©_626.pal"
"¹Î½ºÆ®·²_¿©","627","3","C:\Users\wesley\Desktop\MeuRag\data\palette\¸ö\¹Î½ºÆ®·²_¿©_3.pal","C:\Users\wesley\Desktop\MeuRag\data\palette\¸ö\¹Î½ºÆ®·²_¿©_627.pal"
"¹Î½ºÆ®·²_¿©","628","3","C:\Users\wesley\Desktop\MeuRag\data\palette\¸ö\¹Î½ºÆ®·²_¿©_3.pal","C:\Users\wesley\Desktop\MeuRag\data\palette\¸ö\¹Î½ºÆ®·²_¿©_628.pal"
"¹Î½ºÆ®·²_¿©","629","3","C:\Users\wesley\Desktop\MeuRag\data\palette\¸ö\¹Î½ºÆ®·²_¿©_3.pal","C:\Users\wesley\Desktop\MeuRag\data\palette\¸ö\¹Î½ºÆ®·²_¿©_629.pal"
"¹Î½ºÆ®·²_¿©","630","3","C:\Users\wesley\Desktop\MeuRag\data\palette\¸ö\¹Î½ºÆ®·²_¿©_3.pal","C:\Users\wesley\Desktop\MeuRag\data\palette\¸ö\¹Î½ºÆ®·²_¿©_630.pal"
"¹Î½ºÆ®·²_¿©","631","3","C:\Users\wesley\Desktop\MeuRag\data\palette\¸ö\¹Î½ºÆ®·²_¿©_3.pal","C:\Users\wesley\Desktop\MeuRag\data\palette\¸ö\¹Î½ºÆ®·²_¿©_631.pal"
"¹Î½ºÆ®·²_¿©","632","3","C:\Users\wesley\Desktop\MeuRag\data\palette\¸ö\¹Î½ºÆ®·²_¿©_3.pal","C:\Users\wesley\Desktop\MeuRag\data\palette\¸ö\¹Î½ºÆ®·²_¿©_632.pal"
"¹Î½ºÆ®·²_¿©","633","3","C:\Users\wesley\Desktop\MeuRag\data\palette\¸ö\¹Î½ºÆ®·²_¿©_3.pal","C:\Users\wesley\Desktop\MeuRag\data\palette\¸ö\¹Î½ºÆ®·²_¿©_633.pal"
"¹Î½ºÆ®·²_¿©","634","3","C:\Users\wesley\Desktop\MeuRag\data\palette\¸ö\¹Î½ºÆ®·²_¿©_3.pal","C:\Users\wesley\Desktop\MeuRag\data\palette\¸ö\¹Î½ºÆ®·²_¿©_634.pal"
"¹Î½ºÆ®·²_¿©","635","3","C:\Users\wesley\Desktop\MeuRag\data\palette\¸ö\¹Î½ºÆ®·²_¿©_3.pal","C:\Users\wesley\Desktop\MeuRag\data\palette\¸ö\¹Î½ºÆ®·²_¿©_635.pal"
"¹Î½ºÆ®·²_¿©","636","3","C:\Users\wesley\Desktop\MeuRag\data\palette\¸ö\¹Î½ºÆ®·²_¿©_3.pal","C:\Users\wesley\Desktop\MeuRag\data\palette\¸ö\¹Î½ºÆ®·²_¿©_636.pal"
"¹Î½ºÆ®·²_¿©","637","3","C:\Users\wesley\Desktop\MeuRag\data\palette\¸ö\¹Î½ºÆ®·²_¿©_3.pal","C:\Users\wesley\Desktop\MeuRag\data\palette\¸ö\¹Î½ºÆ®·²_¿©_637.pal"
"¹Î½ºÆ®·²_¿©","638","3","C:\Users\wesley\Desktop\MeuRag\data\palette\¸ö\¹Î½ºÆ®·²_¿©_3.pal","C:\Users\wesley\Desktop\MeuRag\data\palette\¸ö\¹Î½ºÆ®·²_¿©_638.pal"
"¹Î½ºÆ®·²_¿©","639","3","C:\Users\wesley\Desktop\MeuRag\data\palette\¸ö\¹Î½ºÆ®·²_¿©_3.pal","C:\Users\wesley\Desktop\MeuRag\data\palette\¸ö\¹Î½ºÆ®·²_¿©_639.pal"
"¹Î½ºÆ®·²_¿©","640","3","C:\Users\wesley\Desktop\MeuRag\data\palette\¸ö\¹Î½ºÆ®·²_¿©_3.pal","C:\Users\wesley\Desktop\MeuRag\data\palette\¸ö\¹Î½ºÆ®·²_¿©_640.pal"
"¹Î½ºÆ®·²_¿©","641","3","C:\Users\wesley\Desktop\MeuRag\data\palette\¸ö\¹Î½ºÆ®·²_¿©_3.pal","C:\Users\wesley\Desktop\MeuRag\data\palette\¸ö\¹Î½ºÆ®·²_¿©_641.pal"
"¹Î½ºÆ®·²_¿©","642","3","C:\Users\wesley\Desktop\MeuRag\data\palette\¸ö\¹Î½ºÆ®·²_¿©_3.pal","C:\Users\wesley\Desktop\MeuRag\data\palette\¸ö\¹Î½ºÆ®·²_¿©_642.pal"
"¹Î½ºÆ®·²_¿©","643","3","C:\Users\wesley\Desktop\MeuRag\data\palette\¸ö\¹Î½ºÆ®·²_¿©_3.pal","C:\Users\wesley\Desktop\MeuRag\data\palette\¸ö\¹Î½ºÆ®·²_¿©_643.pal"
"¹Î½ºÆ®·²_¿©","644","3","C:\Users\wesley\Desktop\MeuRag\data\palette\¸ö\¹Î½ºÆ®·²_¿©_3.pal","C:\Users\wesley\Desktop\MeuRag\data\palette\¸ö\¹Î½ºÆ®·²_¿©_644.pal"
"¹Î½ºÆ®·²_¿©","645","3","C:\Users\wesley\Desktop\MeuRag\data\palette\¸ö\¹Î½ºÆ®·²_¿©_3.pal","C:\Users\wesley\Desktop\MeuRag\data\palette\¸ö\¹Î½ºÆ®·²_¿©_645.pal"
"¹Î½ºÆ®·²_¿©","646","3","C:\Users\wesley\Desktop\MeuRag\data\palette\¸ö\¹Î½ºÆ®·²_¿©_3.pal","C:\Users\wesley\Desktop\MeuRag\data\palette\¸ö\¹Î½ºÆ®·²_¿©_646.pal"
"¹Î½ºÆ®·²_¿©","647","3","C:\Users\wesley\Desktop\MeuRag\data\palette\¸ö\¹Î½ºÆ®·²_¿©_3.pal","C:\Users\wesley\Desktop\MeuRag\data\palette\¸ö\¹Î½ºÆ®·²_¿©_647.pal"
"¹Î½ºÆ®·²_¿©","648","3","C:\Users\wesley\Desktop\MeuRag\data\palette\¸ö\¹Î½ºÆ®·²_¿©_3.pal","C:\Users\wesley\Desktop\MeuRag\data\palette\¸ö\¹Î½ºÆ®·²_¿©_648.pal"
"¹Î½ºÆ®·²_¿©","649","3","C:\Users\wesley\Desktop\MeuRag\data\palette\¸ö\¹Î½ºÆ®·²_¿©_3.pal","C:\Users\wesley\Desktop\MeuRag\data\palette\¸ö\¹Î½ºÆ®·²_¿©_649.pal"
"¹Î½ºÆ®·²_¿©","650","3","C:\Users\wesley\Desktop\MeuRag\data\palette\¸ö\¹Î½ºÆ®·²_¿©_3.pal","C:\Users\wesley\Desktop\MeuRag\data\palette\¸ö\¹Î½ºÆ®·²_¿©_650.pal"
"¹Î½ºÆ®·²_¿©","651","3","C:\Users\wesley\Desktop\MeuRag\data\palette\¸ö\¹Î½ºÆ®·²_¿©_3.pal","C:\Users\wesley\Desktop\MeuRag\data\palette\¸ö\¹Î½ºÆ®·²_¿©_651.pal"
"¹Î½ºÆ®·²_¿©","652","3","C:\Users\wesley\Desktop\MeuRag\data\palette\¸ö\¹Î½ºÆ®·²_¿©_3.pal","C:\Users\wesley\Desktop\MeuRag\data\palette\¸ö\¹Î½ºÆ®·²_¿©_652.pal"
"¹Î½ºÆ®·²_¿©","653","3","C:\Users\wesley\Desktop\MeuRag\data\palette\¸ö\¹Î½ºÆ®·²_¿©_3.pal","C:\Users\wesley\Desktop\MeuRag\data\palette\¸ö\¹Î½ºÆ®·²_¿©_653.pal"
"¹Î½ºÆ®·²_¿©","654","3","C:\Users\wesley\Desktop\MeuRag\data\palette\¸ö\¹Î½ºÆ®·²_¿©_3.pal","C:\Users\wesley\Desktop\MeuRag\data\palette\¸ö\¹Î½ºÆ®·²_¿©_654.pal"
"¹Î½ºÆ®·²_¿©","655","3","C:\Users\wesley\Desktop\MeuRag\data\palette\¸ö\¹Î½ºÆ®·²_¿©_3.pal","C:\Users\wesley\Desktop\MeuRag\data\palette\¸ö\¹Î½ºÆ®·²_¿©_655.pal"
"¹Î½ºÆ®·²_¿©","656","3","C:\Users\wesley\Desktop\MeuRag\data\palette\¸ö\¹Î½ºÆ®·²_¿©_3.pal","C:\Users\wesley\Desktop\MeuRag\data\palette\¸ö\¹Î½ºÆ®·²_¿©_656.pal"
"¹Î½ºÆ®·²_¿©","657","3","C:\Users\wesley\Desktop\MeuRag\data\palette\¸ö\¹Î½ºÆ®·²_¿©_3.pal","C:\Users\wesley\Desktop\MeuRag\data\palette\¸ö\¹Î½ºÆ®·²_¿©_657.pal"
"¹Î½ºÆ®·²_¿©","658","3","C:\Users\wesley\Desktop\MeuRag\data\palette\¸ö\¹Î½ºÆ®·²_¿©_3.pal","C:\Users\wesley\Desktop\MeuRag\data\palette\¸ö\¹Î½ºÆ®·²_¿©_658.pal"
"¹Î½ºÆ®·²_¿©","659","3","C:\Users\wesley\Desktop\MeuRag\data\palette\¸ö\¹Î½ºÆ®·²_¿©_3.pal","C:\Users\wesley\Desktop\MeuRag\data\palette\¸ö\¹Î½ºÆ®·²_¿©_659.pal"
"¹Î½ºÆ®·²_¿©","660","3","C:\Users\wesley\Desktop\MeuRag\data\palette\¸ö\¹Î½ºÆ®·²_¿©_3.pal","C:\Users\wesley\Desktop\MeuRag\data\palette\¸ö\¹Î½ºÆ®·²_¿©_660.pal"
"¹Î½ºÆ®·²_¿©","661","3","C:\Users\wesley\Desktop\MeuRag\data\palette\¸ö\¹Î½ºÆ®·²_¿©_3.pal","C:\Users\wesley\Desktop\MeuRag\data\palette\¸ö\¹Î½ºÆ®·²_¿©_661.pal"
"¹Î½ºÆ®·²_¿©","662","3","C:\Users\wesley\Desktop\MeuRag\data\palette\¸ö\¹Î½ºÆ®·²_¿©_3.pal","C:\Users\wesley\Desktop\MeuRag\data\palette\¸ö\¹Î½ºÆ®·²_¿©_662.pal"
"¹Î½ºÆ®·²_¿©","663","3","C:\Users\wesley\Desktop\MeuRag\data\palette\¸ö\¹Î½ºÆ®·²_¿©_3.pal","C:\Users\wesley\Desktop\MeuRag\data\palette\¸ö\¹Î½ºÆ®·²_¿©_663.pal"
"¹Î½ºÆ®·²_¿©","664","3","C:\Users\wesley\Desktop\MeuRag\data\palette\¸ö\¹Î½ºÆ®·²_¿©_3.pal","C:\Users\wesley\Desktop\MeuRag\data\palette\¸ö\¹Î½ºÆ®·²_¿©_664.pal"
"¹Î½ºÆ®·²_¿©","665","3","C:\Users\wesley\Desktop\MeuRag\data\palette\¸ö\¹Î½ºÆ®·²_¿©_3.pal","C:\Users\wesley\Desktop\MeuRag\data\palette\¸ö\¹Î½ºÆ®·²_¿©_665.pal"
"¹Î½ºÆ®·²_¿©","666","3","C:\Users\wesley\Desktop\MeuRag\data\palette\¸ö\¹Î½ºÆ®·²_¿©_3.pal","C:\Users\wesley\Desktop\MeuRag\data\palette\¸ö\¹Î½ºÆ®·²_¿©_666.pal"
"¹Î½ºÆ®·²_¿©","667","3","C:\Users\wesley\Desktop\MeuRag\data\palette\¸ö\¹Î½ºÆ®·²_¿©_3.pal","C:\Users\wesley\Desktop\MeuRag\data\palette\¸ö\¹Î½ºÆ®·²_¿©_667.pal"
"¹Î½ºÆ®·²_¿©","668","3","C:\Users\wesley\Desktop\MeuRag\data\palette\¸ö\¹Î½ºÆ®·²_¿©_3.pal","C:\Users\wesley\Desktop\MeuRag\data\palette\¸ö\¹Î½ºÆ®·²_¿©_668.pal"
"¹Î½ºÆ®·²_¿©","669","3","C:\Users\wesley\Desktop\MeuRag\data\palette\¸ö\¹Î½ºÆ®·²_¿©_3.pal","C:\Users\wesley\Desktop\MeuRag\data\palette\¸ö\¹Î½ºÆ®·²_¿©_669.pal"
"¹Î½ºÆ®·²_¿©","670","3","C:\Users\wesley\Desktop\MeuRag\data\palette\¸ö\¹Î½ºÆ®·²_¿©_3.pal","C:\Users\wesley\Desktop\MeuRag\data\palette\¸ö\¹Î½ºÆ®·²_¿©_670.pal"
"¹Î½ºÆ®·²_¿©","671","3","C:\Users\wesley\Desktop\MeuRag\data\palette\¸ö\¹Î½ºÆ®·²_¿©_3.pal","C:\Users\wesley\Desktop\MeuRag\data\palette\¸ö\¹Î½ºÆ®·²_¿©_671.pal"
"¹Î½ºÆ®·²_¿©","672","3","C:\Users\wesley\Desktop\MeuRag\data\palette\¸ö\¹Î½ºÆ®·²_¿©_3.pal","C:\Users\wesley\Desktop\MeuRag\data\palette\¸ö\¹Î½ºÆ®·²_¿©_672.pal"
"¹Î½ºÆ®·²_¿©","673","3","C:\Users\wesley\Desktop\MeuRag\data\palette\¸ö\¹Î½ºÆ®·²_¿©_3.pal","C:\Users\wesley\Desktop\MeuRag\data\palette\¸ö\¹Î½ºÆ®·²_¿©_673.pal"
"¹Î½ºÆ®·²_¿©","674","3","C:\Users\wesley\Desktop\MeuRag\data\palette\¸ö\¹Î½ºÆ®·²_¿©_3.pal","C:\Users\wesley\Desktop\MeuRag\data\palette\¸ö\¹Î½ºÆ®·²_¿©_674.pal"
"¹Î½ºÆ®·²_¿©","675","3","C:\Users\wesley\Desktop\MeuRag\data\palette\¸ö\¹Î½ºÆ®·²_¿©_3.pal","C:\Users\wesley\Desktop\MeuRag\data\palette\¸ö\¹Î½ºÆ®·²_¿©_675.pal"
"¹Î½ºÆ®·²_¿©","676","3","C:\Users\wesley\Desktop\MeuRag\data\palette\¸ö\¹Î½ºÆ®·²_¿©_3.pal","C:\Users\wesley\Desktop\MeuRag\data\palette\¸ö\¹Î½ºÆ®·²_¿©_676.pal"
"¹Î½ºÆ®·²_¿©","677","3","C:\Users\wesley\Desktop\MeuRag\data\palette\¸ö\¹Î½ºÆ®·²_¿©_3.pal","C:\Users\wesley\Desktop\MeuRag\data\palette\¸ö\¹Î½ºÆ®·²_¿©_677.pal"
"¹Î½ºÆ®·²_¿©","678","3","C:\Users\wesley\Desktop\MeuRag\data\palette\¸ö\¹Î½ºÆ®·²_¿©_3.pal","C:\Users\wesley\Desktop\MeuRag\data\palette\¸ö\¹Î½ºÆ®·²_¿©_678.pal"
"¹Î½ºÆ®·²_¿©","679","3","C:\Users\wesley\Desktop\MeuRag\data\palette\¸ö\¹Î½ºÆ®·²_¿©_3.pal","C:\Users\wesley\Desktop\MeuRag\data\palette\¸ö\¹Î½ºÆ®·²_¿©_679.pal"
"¹Î½ºÆ®·²_¿©","680","3","C:\Users\wesley\Desktop\MeuRag\data\palette\¸ö\¹Î½ºÆ®·²_¿©_3.pal","C:\Users\wesley\Desktop\MeuRag\data\palette\¸ö\¹Î½ºÆ®·²_¿©_680.pal"
"¹Î½ºÆ®·²_¿©","681","3","C:\Users\wesley\Desktop\MeuRag\data\palette\¸ö\¹Î½ºÆ®·²_¿©_3.pal","C:\Users\wesley\Desktop\MeuRag\data\palette\¸ö\¹Î½ºÆ®·²_¿©_681.pal"
"¹Î½ºÆ®·²_¿©","682","3","C:\Users\wesley\Desktop\MeuRag\data\palette\¸ö\¹Î½ºÆ®·²_¿©_3.pal","C:\Users\wesley\Desktop\MeuRag\data\palette\¸ö\¹Î½ºÆ®·²_¿©_682.pal"
"¹Î½ºÆ®·²_¿©","683","3","C:\Users\wesley\Desktop\MeuRag\data\palette\¸ö\¹Î½ºÆ®·²_¿©_3.pal","C:\Users\wesley\Desktop\MeuRag\data\palette\¸ö\¹Î½ºÆ®·²_¿©_683.pal"
"¹Î½ºÆ®·²_¿©","684","3","C:\Users\wesley\Desktop\MeuRag\data\palette\¸ö\¹Î½ºÆ®·²_¿©_3.pal","C:\Users\wesley\Desktop\MeuRag\data\palette\¸ö\¹Î½ºÆ®·²_¿©_684.pal"
"¹Î½ºÆ®·²_¿©","685","3","C:\Users\wesley\Desktop\MeuRag\data\palette\¸ö\¹Î½ºÆ®·²_¿©_3.pal","C:\Users\wesley\Desktop\MeuRag\data\palette\¸ö\¹Î½ºÆ®·²_¿©_685.pal"
"¹Î½ºÆ®·²_¿©","686","3","C:\Users\wesley\Desktop\MeuRag\data\palette\¸ö\¹Î½ºÆ®·²_¿©_3.pal","C:\Users\wesley\Desktop\MeuRag\data\palette\¸ö\¹Î½ºÆ®·²_¿©_686.pal"
"¹Î½ºÆ®·²_¿©","687","3","C:\Users\wesley\Desktop\MeuRag\data\palette\¸ö\¹Î½ºÆ®·²_¿©_3.pal","C:\Users\wesley\Desktop\MeuRag\data\palette\¸ö\¹Î½ºÆ®·²_¿©_687.pal"
"¹Î½ºÆ®·²_¿©","688","3","C:\Users\wesley\Desktop\MeuRag\data\palette\¸ö\¹Î½ºÆ®·²_¿©_3.pal","C:\Users\wesley\Desktop\MeuRag\data\palette\¸ö\¹Î½ºÆ®·²_¿©_688.pal"
"¹Î½ºÆ®·²_¿©","689","3","C:\Users\wesley\Desktop\MeuRag\data\palette\¸ö\¹Î½ºÆ®·²_¿©_3.pal","C:\Users\wesley\Desktop\MeuRag\data\palette\¸ö\¹Î½ºÆ®·²_¿©_689.pal"
"¹Î½ºÆ®·²_¿©","690","3","C:\Users\wesley\Desktop\MeuRag\data\palette\¸ö\¹Î½ºÆ®·²_¿©_3.pal","C:\Users\wesley\Desktop\MeuRag\data\palette\¸ö\¹Î½ºÆ®·²_¿©_690.pal"
"¹Î½ºÆ®·²_¿©","691","3","C:\Users\wesley\Desktop\MeuRag\data\palette\¸ö\¹Î½ºÆ®·²_¿©_3.pal","C:\Users\wesley\Desktop\MeuRag\data\palette\¸ö\¹Î½ºÆ®·²_¿©_691.pal"
"¹Î½ºÆ®·²_¿©","692","3","C:\Users\wesley\Desktop\MeuRag\data\palette\¸ö\¹Î½ºÆ®·²_¿©_3.pal","C:\Users\wesley\Desktop\MeuRag\data\palette\¸ö\¹Î½ºÆ®·²_¿©_692.pal"
"¹Î½ºÆ®·²_¿©","693","3","C:\Users\wesley\Desktop\MeuRag\data\palette\¸ö\¹Î½ºÆ®·²_¿©_3.pal","C:\Users\wesley\Desktop\MeuRag\data\palette\¸ö\¹Î½ºÆ®·²_¿©_693.pal"
"¹Î½ºÆ®·²_¿©","694","3","C:\Users\wesley\Desktop\MeuRag\data\palette\¸ö\¹Î½ºÆ®·²_¿©_3.pal","C:\Users\wesley\Desktop\MeuRag\data\palette\¸ö\¹Î½ºÆ®·²_¿©_694.pal"
"¹Î½ºÆ®·²_¿©","695","3","C:\Users\wesley\Desktop\MeuRag\data\palette\¸ö\¹Î½ºÆ®·²_¿©_3.pal","C:\Users\wesley\Desktop\MeuRag\data\palette\¸ö\¹Î½ºÆ®·²_¿©_695.pal"
"¹Î½ºÆ®·²_¿©","696","3","C:\Users\wesley\Desktop\MeuRag\data\palette\¸ö\¹Î½ºÆ®·²_¿©_3.pal","C:\Users\wesley\Desktop\MeuRag\data\palette\¸ö\¹Î½ºÆ®·²_¿©_696.pal"
"¹Î½ºÆ®·²_¿©","697","3","C:\Users\wesley\Desktop\MeuRag\data\palette\¸ö\¹Î½ºÆ®·²_¿©_3.pal","C:\Users\wesley\Desktop\MeuRag\data\palette\¸ö\¹Î½ºÆ®·²_¿©_697.pal"
"¹Î½ºÆ®·²_¿©","698","3","C:\Users\wesley\Desktop\MeuRag\data\palette\¸ö\¹Î½ºÆ®·²_¿©_3.pal","C:\Users\wesley\Desktop\MeuRag\data\palette\¸ö\¹Î½ºÆ®·²_¿©_698.pal"
"¹Î½ºÆ®·²_¿©","699","3","C:\Users\wesley\Desktop\MeuRag\data\palette\¸ö\¹Î½ºÆ®·²_¿©_3.pal","C:\Users\wesley\Desktop\MeuRag\data\palette\¸ö\¹Î½ºÆ®·²_¿©_699.pal"
"¼ºÅõ»ç2_³²","2","1","C:\Users\wesley\Desktop\MeuRag\data\palette\¸ö\¼ºÅõ»ç2_³²_1.pal","C:\Users\wesley\Desktop\MeuRag\data\palette\¸ö\¼ºÅõ»ç2_³²_2.pal"
"¼ºÅõ»ç2_³²","3","4","C:\Users\wesley\Desktop\MeuRag\data\palette\¸ö\¼ºÅõ»ç2_³²_4.pal","C:\Users\wesley\Desktop\MeuRag\data\palette\¸ö\¼ºÅõ»ç2_³²_3.pal"
"¼ºÅõ»ç2_¿©","2","1","C:\Users\wesley\Desktop\MeuRag\data\palette\¸ö\¼ºÅõ»ç2_¿©_1.pal","C:\Users\wesley\Desktop\MeuRag\data\palette\¸ö\¼ºÅõ»ç2_¿©_2.pal"
"¼ºÅõ»ç2_¿©","3","4","C:\Users\wesley\Desktop\MeuRag\data\palette\¸ö\¼ºÅõ»ç2_¿©_4.pal","C:\Users\wesley\Desktop\MeuRag\data\palette\¸ö\¼ºÅõ»ç2_¿©_3.pal"
"¼ºÅõ»ç_³²","2","1","C:\Users\wesley\Desktop\MeuRag\data\palette\¸ö\¼ºÅõ»ç_³²_1.pal","C:\Users\wesley\Desktop\MeuRag\data\palette\¸ö\¼ºÅõ»ç_³²_2.pal"
"¼ºÅõ»ç_³²","3","4","C:\Users\wesley\Desktop\MeuRag\data\palette\¸ö\¼ºÅõ»ç_³²_4.pal","C:\Users\wesley\Desktop\MeuRag\data\palette\¸ö\¼ºÅõ»ç_³²_3.pal"
"¼ºÅõ»ç_¿©","2","1","C:\Users\wesley\Desktop\MeuRag\data\palette\¸ö\¼ºÅõ»ç_¿©_1.pal","C:\Users\wesley\Desktop\MeuRag\data\palette\¸ö\¼ºÅõ»ç_¿©_2.pal"
"¼ºÅõ»ç_¿©","3","4","C:\Users\wesley\Desktop\MeuRag\data\palette\¸ö\¼ºÅõ»ç_¿©_4.pal","C:\Users\wesley\Desktop\MeuRag\data\palette\¸ö\¼ºÅõ»ç_¿©_3.pal"
"ÇØÅÂ¼Ò¿ï¸®ÆÛ_²","0","3","C:\Users\wesley\Desktop\MeuRag\data\palette\¸ö\ÇØÅÂ¼Ò¿ï¸®ÆÛ_²_3.pal","C:\Users\wesley\Desktop\MeuRag\data\palette\¸ö\ÇØÅÂ¼Ò¿ï¸®ÆÛ_²_0.pal"
"ÇØÅÂ¼Ò¿ï¸®ÆÛ_²","1","3","C:\Users\wesley\Desktop\MeuRag\data\palette\¸ö\ÇØÅÂ¼Ò¿ï¸®ÆÛ_²_3.pal","C:\Users\wesley\Desktop\MeuRag\data\palette\¸ö\ÇØÅÂ¼Ò¿ï¸®ÆÛ_²_1.pal"
"ÇØÅÂ¼Ò¿ï¸®ÆÛ_²","2","3","C:\Users\wesley\Desktop\MeuRag\data\palette\¸ö\ÇØÅÂ¼Ò¿ï¸®ÆÛ_²_3.pal","C:\Users\wesley\Desktop\MeuRag\data\palette\¸ö\ÇØÅÂ¼Ò¿ï¸®ÆÛ_²_2.pal"
"ÇØÅÂ¼Ò¿ï¸®ÆÛ_²","4","3","C:\Users\wesley\Desktop\MeuRag\data\palette\¸ö\ÇØÅÂ¼Ò¿ï¸®ÆÛ_²_3.pal","C:\Users\wesley\Desktop\MeuRag\data\palette\¸ö\ÇØÅÂ¼Ò¿ï¸®ÆÛ_²_4.pal"
"ÇØÅÂ¼Ò¿ï¸®ÆÛ_²","5","3","C:\Users\wesley\Desktop\MeuRag\data\palette\¸ö\ÇØÅÂ¼Ò¿ï¸®ÆÛ_²_3.pal","C:\Users\wesley\Desktop\MeuRag\data\palette\¸ö\ÇØÅÂ¼Ò¿ï¸®ÆÛ_²_5.pal"
"ÇØÅÂ¼Ò¿ï¸®ÆÛ_²","6","3","C:\Users\wesley\Desktop\MeuRag\data\palette\¸ö\ÇØÅÂ¼Ò¿ï¸®ÆÛ_²_3.pal","C:\Users\wesley\Desktop\MeuRag\data\palette\¸ö\ÇØÅÂ¼Ò¿ï¸®ÆÛ_²_6.pal"
"ÇØÅÂ¼Ò¿ï¸®ÆÛ_²","7","3","C:\Users\wesley\Desktop\MeuRag\data\palette\¸ö\ÇØÅÂ¼Ò¿ï¸®ÆÛ_²_3.pal","C:\Users\wesley\Desktop\MeuRag\data\palette\¸ö\ÇØÅÂ¼Ò¿ï¸®ÆÛ_²_7.pal"
"ÇØÅÂ¼Ò¿ï¸®ÆÛ_²","8","3","C:\Users\wesley\Desktop\MeuRag\data\palette\¸ö\ÇØÅÂ¼Ò¿ï¸®ÆÛ_²_3.pal","C:\Users\wesley\Desktop\MeuRag\data\palette\¸ö\ÇØÅÂ¼Ò¿ï¸®ÆÛ_²_8.pal"
"ÇØÅÂ¼Ò¿ï¸®ÆÛ_²","9","3","C:\Users\wesley\Desktop\MeuRag\data\palette\¸ö\ÇØÅÂ¼Ò¿ï¸®ÆÛ_²_3.pal","C:\Users\wesley\Desktop\MeuRag\data\palette\¸ö\ÇØÅÂ¼Ò¿ï¸®ÆÛ_²_9.pal"
"ÇØÅÂ¼Ò¿ï¸®ÆÛ_²","10","3","C:\Users\wesley\Desktop\MeuRag\data\palette\¸ö\ÇØÅÂ¼Ò¿ï¸®ÆÛ_²_3.pal","C:\Users\wesley\Desktop\MeuRag\data\palette\¸ö\ÇØÅÂ¼Ò¿ï¸®ÆÛ_²_10.pal"
"ÇØÅÂ¼Ò¿ï¸®ÆÛ_²","11","3","C:\Users\wesley\Desktop\MeuRag\data\palette\¸ö\ÇØÅÂ¼Ò¿ï¸®ÆÛ_²_3.pal","C:\Users\wesley\Desktop\MeuRag\data\palette\¸ö\ÇØÅÂ¼Ò¿ï¸®ÆÛ_²_11.pal"
"ÇØÅÂ¼Ò¿ï¸®ÆÛ_²","12","3","C:\Users\wesley\Desktop\MeuRag\data\palette\¸ö\ÇØÅÂ¼Ò¿ï¸®ÆÛ_²_3.pal","C:\Users\wesley\Desktop\MeuRag\data\palette\¸ö\ÇØÅÂ¼Ò¿ï¸®ÆÛ_²_12.pal"
"ÇØÅÂ¼Ò¿ï¸®ÆÛ_²","13","3","C:\Users\wesley\Desktop\MeuRag\data\palette\¸ö\ÇØÅÂ¼Ò¿ï¸®ÆÛ_²_3.pal","C:\Users\wesley\Desktop\MeuRag\data\palette\¸ö\ÇØÅÂ¼Ò¿ï¸®ÆÛ_²_13.pal"
"ÇØÅÂ¼Ò¿ï¸®ÆÛ_²","14","3","C:\Users\wesley\Desktop\MeuRag\data\palette\¸ö\ÇØÅÂ¼Ò¿ï¸®ÆÛ_²_3.pal","C:\Users\wesley\Desktop\MeuRag\data\palette\¸ö\ÇØÅÂ¼Ò¿ï¸®ÆÛ_²_14.pal"
"ÇØÅÂ¼Ò¿ï¸®ÆÛ_²","15","3","C:\Users\wesley\Desktop\MeuRag\data\palette\¸ö\ÇØÅÂ¼Ò¿ï¸®ÆÛ_²_3.pal","C:\Users\wesley\Desktop\MeuRag\data\palette\¸ö\ÇØÅÂ¼Ò¿ï¸®ÆÛ_²_15.pal"
"ÇØÅÂ¼Ò¿ï¸®ÆÛ_²","16","3","C:\Users\wesley\Desktop\MeuRag\data\palette\¸ö\ÇØÅÂ¼Ò¿ï¸®ÆÛ_²_3.pal","C:\Users\wesley\Desktop\MeuRag\data\palette\¸ö\ÇØÅÂ¼Ò¿ï¸®ÆÛ_²_16.pal"
"ÇØÅÂ¼Ò¿ï¸®ÆÛ_²","17","3","C:\Users\wesley\Desktop\MeuRag\data\palette\¸ö\ÇØÅÂ¼Ò¿ï¸®ÆÛ_²_3.pal","C:\Users\wesley\Desktop\MeuRag\data\palette\¸ö\ÇØÅÂ¼Ò¿ï¸®ÆÛ_²_17.pal"
"ÇØÅÂ¼Ò¿ï¸®ÆÛ_²","18","3","C:\Users\wesley\Desktop\MeuRag\data\palette\¸ö\ÇØÅÂ¼Ò¿ï¸®ÆÛ_²_3.pal","C:\Users\wesley\Desktop\MeuRag\data\palette\¸ö\ÇØÅÂ¼Ò¿ï¸®ÆÛ_²_18.pal"
"ÇØÅÂ¼Ò¿ï¸®ÆÛ_²","19","3","C:\Users\wesley\Desktop\MeuRag\data\palette\¸ö\ÇØÅÂ¼Ò¿ï¸®ÆÛ_²_3.pal","C:\Users\wesley\Desktop\MeuRag\data\palette\¸ö\ÇØÅÂ¼Ò¿ï¸®ÆÛ_²_19.pal"
"ÇØÅÂ¼Ò¿ï¸®ÆÛ_²","20","3","C:\Users\wesley\Desktop\MeuRag\data\palette\¸ö\ÇØÅÂ¼Ò¿ï¸®ÆÛ_²_3.pal","C:\Users\wesley\Desktop\MeuRag\data\palette\¸ö\ÇØÅÂ¼Ò¿ï¸®ÆÛ_²_20.pal"
"ÇØÅÂ¼Ò¿ï¸®ÆÛ_²","21","3","C:\Users\wesley\Desktop\MeuRag\data\palette\¸ö\ÇØÅÂ¼Ò¿ï¸®ÆÛ_²_3.pal","C:\Users\wesley\Desktop\MeuRag\data\palette\¸ö\ÇØÅÂ¼Ò¿ï¸®ÆÛ_²_21.pal"
"ÇØÅÂ¼Ò¿ï¸®ÆÛ_²","22","3","C:\Users\wesley\Desktop\MeuRag\data\palette\¸ö\ÇØÅÂ¼Ò¿ï¸®ÆÛ_²_3.pal","C:\Users\wesley\Desktop\MeuRag\data\palette\¸ö\ÇØÅÂ¼Ò¿ï¸®ÆÛ_²_22.pal"
"ÇØÅÂ¼Ò¿ï¸®ÆÛ_²","23","3","C:\Users\wesley\Desktop\MeuRag\data\palette\¸ö\ÇØÅÂ¼Ò¿ï¸®ÆÛ_²_3.pal","C:\Users\wesley\Desktop\MeuRag\data\palette\¸ö\ÇØÅÂ¼Ò¿ï¸®ÆÛ_²_23.pal"
"ÇØÅÂ¼Ò¿ï¸®ÆÛ_²","24","3","C:\Users\wesley\Desktop\MeuRag\data\palette\¸ö\ÇØÅÂ¼Ò¿ï¸®ÆÛ_²_3.pal","C:\Users\wesley\Desktop\MeuRag\data\palette\¸ö\ÇØÅÂ¼Ò¿ï¸®ÆÛ_²_24.pal"
"ÇØÅÂ¼Ò¿ï¸®ÆÛ_²","25","3","C:\Users\wesley\Desktop\MeuRag\data\palette\¸ö\ÇØÅÂ¼Ò¿ï¸®ÆÛ_²_3.pal","C:\Users\wesley\Desktop\MeuRag\data\palette\¸ö\ÇØÅÂ¼Ò¿ï¸®ÆÛ_²_25.pal"
"ÇØÅÂ¼Ò¿ï¸®ÆÛ_²","26","3","C:\Users\wesley\Desktop\MeuRag\data\palette\¸ö\ÇØÅÂ¼Ò¿ï¸®ÆÛ_²_3.pal","C:\Users\wesley\Desktop\MeuRag\data\palette\¸ö\ÇØÅÂ¼Ò¿ï¸®ÆÛ_²_26.pal"
"ÇØÅÂ¼Ò¿ï¸®ÆÛ_²","27","3","C:\Users\wesley\Desktop\MeuRag\data\palette\¸ö\ÇØÅÂ¼Ò¿ï¸®ÆÛ_²_3.pal","C:\Users\wesley\Desktop\MeuRag\data\palette\¸ö\ÇØÅÂ¼Ò¿ï¸®ÆÛ_²_27.pal"
"ÇØÅÂ¼Ò¿ï¸®ÆÛ_²","28","3","C:\Users\wesley\Desktop\MeuRag\data\palette\¸ö\ÇØÅÂ¼Ò¿ï¸®ÆÛ_²_3.pal","C:\Users\wesley\Desktop\MeuRag\data\palette\¸ö\ÇØÅÂ¼Ò¿ï¸®ÆÛ_²_28.pal"
"ÇØÅÂ¼Ò¿ï¸®ÆÛ_²","29","3","C:\Users\wesley\Desktop\MeuRag\data\palette\¸ö\ÇØÅÂ¼Ò¿ï¸®ÆÛ_²_3.pal","C:\Users\wesley\Desktop\MeuRag\data\palette\¸ö\ÇØÅÂ¼Ò¿ï¸®ÆÛ_²_29.pal"
"ÇØÅÂ¼Ò¿ï¸®ÆÛ_²","30","3","C:\Users\wesley\Desktop\MeuRag\data\palette\¸ö\ÇØÅÂ¼Ò¿ï¸®ÆÛ_²_3.pal","C:\Users\wesley\Desktop\MeuRag\data\palette\¸ö\ÇØÅÂ¼Ò¿ï¸®ÆÛ_²_30.pal"
"ÇØÅÂ¼Ò¿ï¸®ÆÛ_²","31","3","C:\Users\wesley\Desktop\MeuRag\data\palette\¸ö\ÇØÅÂ¼Ò¿ï¸®ÆÛ_²_3.pal","C:\Users\wesley\Desktop\MeuRag\data\palette\¸ö\ÇØÅÂ¼Ò¿ï¸®ÆÛ_²_31.pal"
"ÇØÅÂ¼Ò¿ï¸®ÆÛ_²","32","3","C:\Users\wesley\Desktop\MeuRag\data\palette\¸ö\ÇØÅÂ¼Ò¿ï¸®ÆÛ_²_3.pal","C:\Users\wesley\Desktop\MeuRag\data\palette\¸ö\ÇØÅÂ¼Ò¿ï¸®ÆÛ_²_32.pal"
"ÇØÅÂ¼Ò¿ï¸®ÆÛ_²","33","3","C:\Users\wesley\Desktop\MeuRag\data\palette\¸ö\ÇØÅÂ¼Ò¿ï¸®ÆÛ_²_3.pal","C:\Users\wesley\Desktop\MeuRag\data\palette\¸ö\ÇØÅÂ¼Ò¿ï¸®ÆÛ_²_33.pal"
"ÇØÅÂ¼Ò¿ï¸®ÆÛ_²","34","3","C:\Users\wesley\Desktop\MeuRag\data\palette\¸ö\ÇØÅÂ¼Ò¿ï¸®ÆÛ_²_3.pal","C:\Users\wesley\Desktop\MeuRag\data\palette\¸ö\ÇØÅÂ¼Ò¿ï¸®ÆÛ_²_34.pal"
"ÇØÅÂ¼Ò¿ï¸®ÆÛ_²","35","3","C:\Users\wesley\Desktop\MeuRag\data\palette\¸ö\ÇØÅÂ¼Ò¿ï¸®ÆÛ_²_3.pal","C:\Users\wesley\Desktop\MeuRag\data\palette\¸ö\ÇØÅÂ¼Ò¿ï¸®ÆÛ_²_35.pal"
"ÇØÅÂ¼Ò¿ï¸®ÆÛ_²","36","3","C:\Users\wesley\Desktop\MeuRag\data\palette\¸ö\ÇØÅÂ¼Ò¿ï¸®ÆÛ_²_3.pal","C:\Users\wesley\Desktop\MeuRag\data\palette\¸ö\ÇØÅÂ¼Ò¿ï¸®ÆÛ_²_36.pal"
"ÇØÅÂ¼Ò¿ï¸®ÆÛ_²","37","3","C:\Users\wesley\Desktop\MeuRag\data\palette\¸ö\ÇØÅÂ¼Ò¿ï¸®ÆÛ_²_3.pal","C:\Users\wesley\Desktop\MeuRag\data\palette\¸ö\ÇØÅÂ¼Ò¿ï¸®ÆÛ_²_37.pal"
"ÇØÅÂ¼Ò¿ï¸®ÆÛ_²","38","3","C:\Users\wesley\Desktop\MeuRag\data\palette\¸ö\ÇØÅÂ¼Ò¿ï¸®ÆÛ_²_3.pal","C:\Users\wesley\Desktop\MeuRag\data\palette\¸ö\ÇØÅÂ¼Ò¿ï¸®ÆÛ_²_38.pal"
"ÇØÅÂ¼Ò¿ï¸®ÆÛ_²","39","3","C:\Users\wesley\Desktop\MeuRag\data\palette\¸ö\ÇØÅÂ¼Ò¿ï¸®ÆÛ_²_3.pal","C:\Users\wesley\Desktop\MeuRag\data\palette\¸ö\ÇØÅÂ¼Ò¿ï¸®ÆÛ_²_39.pal"
"ÇØÅÂ¼Ò¿ï¸®ÆÛ_²","40","3","C:\Users\wesley\Desktop\MeuRag\data\palette\¸ö\ÇØÅÂ¼Ò¿ï¸®ÆÛ_²_3.pal","C:\Users\wesley\Desktop\MeuRag\data\palette\¸ö\ÇØÅÂ¼Ò¿ï¸®ÆÛ_²_40.pal"
"ÇØÅÂ¼Ò¿ï¸®ÆÛ_²","41","3","C:\Users\wesley\Desktop\MeuRag\data\palette\¸ö\ÇØÅÂ¼Ò¿ï¸®ÆÛ_²_3.pal","C:\Users\wesley\Desktop\MeuRag\data\palette\¸ö\ÇØÅÂ¼Ò¿ï¸®ÆÛ_²_41.pal"
"ÇØÅÂ¼Ò¿ï¸®ÆÛ_²","42","3","C:\Users\wesley\Desktop\MeuRag\data\palette\¸ö\ÇØÅÂ¼Ò¿ï¸®ÆÛ_²_3.pal","C:\Users\wesley\Desktop\MeuRag\data\palette\¸ö\ÇØÅÂ¼Ò¿ï¸®ÆÛ_²_42.pal"
"ÇØÅÂ¼Ò¿ï¸®ÆÛ_²","43","3","C:\Users\wesley\Desktop\MeuRag\data\palette\¸ö\ÇØÅÂ¼Ò¿ï¸®ÆÛ_²_3.pal","C:\Users\wesley\Desktop\MeuRag\data\palette\¸ö\ÇØÅÂ¼Ò¿ï¸®ÆÛ_²_43.pal"
"ÇØÅÂ¼Ò¿ï¸®ÆÛ_²","44","3","C:\Users\wesley\Desktop\MeuRag\data\palette\¸ö\ÇØÅÂ¼Ò¿ï¸®ÆÛ_²_3.pal","C:\Users\wesley\Desktop\MeuRag\data\palette\¸ö\ÇØÅÂ¼Ò¿ï¸®ÆÛ_²_44.pal"
"ÇØÅÂ¼Ò¿ï¸®ÆÛ_²","45","3","C:\Users\wesley\Desktop\MeuRag\data\palette\¸ö\ÇØÅÂ¼Ò¿ï¸®ÆÛ_²_3.pal","C:\Users\wesley\Desktop\MeuRag\data\palette\¸ö\ÇØÅÂ¼Ò¿ï¸®ÆÛ_²_45.pal"
"ÇØÅÂ¼Ò¿ï¸®ÆÛ_²","46","3","C:\Users\wesley\Desktop\MeuRag\data\palette\¸ö\ÇØÅÂ¼Ò¿ï¸®ÆÛ_²_3.pal","C:\Users\wesley\Desktop\MeuRag\data\palette\¸ö\ÇØÅÂ¼Ò¿ï¸®ÆÛ_²_46.pal"
"ÇØÅÂ¼Ò¿ï¸®ÆÛ_²","47","3","C:\Users\wesley\Desktop\MeuRag\data\palette\¸ö\ÇØÅÂ¼Ò¿ï¸®ÆÛ_²_3.pal","C:\Users\wesley\Desktop\MeuRag\data\palette\¸ö\ÇØÅÂ¼Ò¿ï¸®ÆÛ_²_47.pal"
"ÇØÅÂ¼Ò¿ï¸®ÆÛ_²","48","3","C:\Users\wesley\Desktop\MeuRag\data\palette\¸ö\ÇØÅÂ¼Ò¿ï¸®ÆÛ_²_3.pal","C:\Users\wesley\Desktop\MeuRag\data\palette\¸ö\ÇØÅÂ¼Ò¿ï¸®ÆÛ_²_48.pal"
"ÇØÅÂ¼Ò¿ï¸®ÆÛ_²","49","3","C:\Users\wesley\Desktop\MeuRag\data\palette\¸ö\ÇØÅÂ¼Ò¿ï¸®ÆÛ_²_3.pal","C:\Users\wesley\Desktop\MeuRag\data\palette\¸ö\ÇØÅÂ¼Ò¿ï¸®ÆÛ_²_49.pal"
"ÇØÅÂ¼Ò¿ï¸®ÆÛ_²","50","3","C:\Users\wesley\Desktop\MeuRag\data\palette\¸ö\ÇØÅÂ¼Ò¿ï¸®ÆÛ_²_3.pal","C:\Users\wesley\Desktop\MeuRag\data\palette\¸ö\ÇØÅÂ¼Ò¿ï¸®ÆÛ_²_50.pal"
"ÇØÅÂ¼Ò¿ï¸®ÆÛ_²","51","3","C:\Users\wesley\Desktop\MeuRag\data\palette\¸ö\ÇØÅÂ¼Ò¿ï¸®ÆÛ_²_3.pal","C:\Users\wesley\Desktop\MeuRag\data\palette\¸ö\ÇØÅÂ¼Ò¿ï¸®ÆÛ_²_51.pal"
"ÇØÅÂ¼Ò¿ï¸®ÆÛ_²","52","3","C:\Users\wesley\Desktop\MeuRag\data\palette\¸ö\ÇØÅÂ¼Ò¿ï¸®ÆÛ_²_3.pal","C:\Users\wesley\Desktop\MeuRag\data\palette\¸ö\ÇØÅÂ¼Ò¿ï¸®ÆÛ_²_52.pal"
"ÇØÅÂ¼Ò¿ï¸®ÆÛ_²","53","3","C:\Users\wesley\Desktop\MeuRag\data\palette\¸ö\ÇØÅÂ¼Ò¿ï¸®ÆÛ_²_3.pal","C:\Users\wesley\Desktop\MeuRag\data\palette\¸ö\ÇØÅÂ¼Ò¿ï¸®ÆÛ_²_53.pal"
"ÇØÅÂ¼Ò¿ï¸®ÆÛ_²","54","3","C:\Users\wesley\Desktop\MeuRag\data\palette\¸ö\ÇØÅÂ¼Ò¿ï¸®ÆÛ_²_3.pal","C:\Users\wesley\Desktop\MeuRag\data\palette\¸ö\ÇØÅÂ¼Ò¿ï¸®ÆÛ_²_54.pal"
"ÇØÅÂ¼Ò¿ï¸®ÆÛ_²","55","3","C:\Users\wesley\Desktop\MeuRag\data\palette\¸ö\ÇØÅÂ¼Ò¿ï¸®ÆÛ_²_3.pal","C:\Users\wesley\Desktop\MeuRag\data\palette\¸ö\ÇØÅÂ¼Ò¿ï¸®ÆÛ_²_55.pal"
"ÇØÅÂ¼Ò¿ï¸®ÆÛ_²","56","3","C:\Users\wesley\Desktop\MeuRag\data\palette\¸ö\ÇØÅÂ¼Ò¿ï¸®ÆÛ_²_3.pal","C:\Users\wesley\Desktop\MeuRag\data\palette\¸ö\ÇØÅÂ¼Ò¿ï¸®ÆÛ_²_56.pal"
"ÇØÅÂ¼Ò¿ï¸®ÆÛ_²","57","3","C:\Users\wesley\Desktop\MeuRag\data\palette\¸ö\ÇØÅÂ¼Ò¿ï¸®ÆÛ_²_3.pal","C:\Users\wesley\Desktop\MeuRag\data\palette\¸ö\ÇØÅÂ¼Ò¿ï¸®ÆÛ_²_57.pal"
"ÇØÅÂ¼Ò¿ï¸®ÆÛ_²","58","3","C:\Users\wesley\Desktop\MeuRag\data\palette\¸ö\ÇØÅÂ¼Ò¿ï¸®ÆÛ_²_3.pal","C:\Users\wesley\Desktop\MeuRag\data\palette\¸ö\ÇØÅÂ¼Ò¿ï¸®ÆÛ_²_58.pal"
"ÇØÅÂ¼Ò¿ï¸®ÆÛ_²","59","3","C:\Users\wesley\Desktop\MeuRag\data\palette\¸ö\ÇØÅÂ¼Ò¿ï¸®ÆÛ_²_3.pal","C:\Users\wesley\Desktop\MeuRag\data\palette\¸ö\ÇØÅÂ¼Ò¿ï¸®ÆÛ_²_59.pal"
"ÇØÅÂ¼Ò¿ï¸®ÆÛ_²","60","3","C:\Users\wesley\Desktop\MeuRag\data\palette\¸ö\ÇØÅÂ¼Ò¿ï¸®ÆÛ_²_3.pal","C:\Users\wesley\Desktop\MeuRag\data\palette\¸ö\ÇØÅÂ¼Ò¿ï¸®ÆÛ_²_60.pal"
"ÇØÅÂ¼Ò¿ï¸®ÆÛ_²","61","3","C:\Users\wesley\Desktop\MeuRag\data\palette\¸ö\ÇØÅÂ¼Ò¿ï¸®ÆÛ_²_3.pal","C:\Users\wesley\Desktop\MeuRag\data\palette\¸ö\ÇØÅÂ¼Ò¿ï¸®ÆÛ_²_61.pal"
"ÇØÅÂ¼Ò¿ï¸®ÆÛ_²","62","3","C:\Users\wesley\Desktop\MeuRag\data\palette\¸ö\ÇØÅÂ¼Ò¿ï¸®ÆÛ_²_3.pal","C:\Users\wesley\Desktop\MeuRag\data\palette\¸ö\ÇØÅÂ¼Ò¿ï¸®ÆÛ_²_62.pal"
"ÇØÅÂ¼Ò¿ï¸®ÆÛ_²","63","3","C:\Users\wesley\Desktop\MeuRag\data\palette\¸ö\ÇØÅÂ¼Ò¿ï¸®ÆÛ_²_3.pal","C:\Users\wesley\Desktop\MeuRag\data\palette\¸ö\ÇØÅÂ¼Ò¿ï¸®ÆÛ_²_63.pal"
"ÇØÅÂ¼Ò¿ï¸®ÆÛ_²","64","3","C:\Users\wesley\Desktop\MeuRag\data\palette\¸ö\ÇØÅÂ¼Ò¿ï¸®ÆÛ_²_3.pal","C:\Users\wesley\Desktop\MeuRag\data\palette\¸ö\ÇØÅÂ¼Ò¿ï¸®ÆÛ_²_64.pal"
"ÇØÅÂ¼Ò¿ï¸®ÆÛ_²","65","3","C:\Users\wesley\Desktop\MeuRag\data\palette\¸ö\ÇØÅÂ¼Ò¿ï¸®ÆÛ_²_3.pal","C:\Users\wesley\Desktop\MeuRag\data\palette\¸ö\ÇØÅÂ¼Ò¿ï¸®ÆÛ_²_65.pal"
"ÇØÅÂ¼Ò¿ï¸®ÆÛ_²","66","3","C:\Users\wesley\Desktop\MeuRag\data\palette\¸ö\ÇØÅÂ¼Ò¿ï¸®ÆÛ_²_3.pal","C:\Users\wesley\Desktop\MeuRag\data\palette\¸ö\ÇØÅÂ¼Ò¿ï¸®ÆÛ_²_66.pal"
"ÇØÅÂ¼Ò¿ï¸®ÆÛ_²","67","3","C:\Users\wesley\Desktop\MeuRag\data\palette\¸ö\ÇØÅÂ¼Ò¿ï¸®ÆÛ_²_3.pal","C:\Users\wesley\Desktop\MeuRag\data\palette\¸ö\ÇØÅÂ¼Ò¿ï¸®ÆÛ_²_67.pal"
"ÇØÅÂ¼Ò¿ï¸®ÆÛ_²","68","3","C:\Users\wesley\Desktop\MeuRag\data\palette\¸ö\ÇØÅÂ¼Ò¿ï¸®ÆÛ_²_3.pal","C:\Users\wesley\Desktop\MeuRag\data\palette\¸ö\ÇØÅÂ¼Ò¿ï¸®ÆÛ_²_68.pal"
"ÇØÅÂ¼Ò¿ï¸®ÆÛ_²","69","3","C:\Users\wesley\Desktop\MeuRag\data\palette\¸ö\ÇØÅÂ¼Ò¿ï¸®ÆÛ_²_3.pal","C:\Users\wesley\Desktop\MeuRag\data\palette\¸ö\ÇØÅÂ¼Ò¿ï¸®ÆÛ_²_69.pal"
"ÇØÅÂ¼Ò¿ï¸®ÆÛ_²","70","3","C:\Users\wesley\Desktop\MeuRag\data\palette\¸ö\ÇØÅÂ¼Ò¿ï¸®ÆÛ_²_3.pal","C:\Users\wesley\Desktop\MeuRag\data\palette\¸ö\ÇØÅÂ¼Ò¿ï¸®ÆÛ_²_70.pal"
"ÇØÅÂ¼Ò¿ï¸®ÆÛ_²","71","3","C:\Users\wesley\Desktop\MeuRag\data\palette\¸ö\ÇØÅÂ¼Ò¿ï¸®ÆÛ_²_3.pal","C:\Users\wesley\Desktop\MeuRag\data\palette\¸ö\ÇØÅÂ¼Ò¿ï¸®ÆÛ_²_71.pal"
"ÇØÅÂ¼Ò¿ï¸®ÆÛ_²","72","3","C:\Users\wesley\Desktop\MeuRag\data\palette\¸ö\ÇØÅÂ¼Ò¿ï¸®ÆÛ_²_3.pal","C:\Users\wesley\Desktop\MeuRag\data\palette\¸ö\ÇØÅÂ¼Ò¿ï¸®ÆÛ_²_72.pal"
"ÇØÅÂ¼Ò¿ï¸®ÆÛ_²","73","3","C:\Users\wesley\Desktop\MeuRag\data\palette\¸ö\ÇØÅÂ¼Ò¿ï¸®ÆÛ_²_3.pal","C:\Users\wesley\Desktop\MeuRag\data\palette\¸ö\ÇØÅÂ¼Ò¿ï¸®ÆÛ_²_73.pal"
"ÇØÅÂ¼Ò¿ï¸®ÆÛ_²","74","3","C:\Users\wesley\Desktop\MeuRag\data\palette\¸ö\ÇØÅÂ¼Ò¿ï¸®ÆÛ_²_3.pal","C:\Users\wesley\Desktop\MeuRag\data\palette\¸ö\ÇØÅÂ¼Ò¿ï¸®ÆÛ_²_74.pal"
"ÇØÅÂ¼Ò¿ï¸®ÆÛ_²","75","3","C:\Users\wesley\Desktop\MeuRag\data\palette\¸ö\ÇØÅÂ¼Ò¿ï¸®ÆÛ_²_3.pal","C:\Users\wesley\Desktop\MeuRag\data\palette\¸ö\ÇØÅÂ¼Ò¿ï¸®ÆÛ_²_75.pal"
"ÇØÅÂ¼Ò¿ï¸®ÆÛ_²","76","3","C:\Users\wesley\Desktop\MeuRag\data\palette\¸ö\ÇØÅÂ¼Ò¿ï¸®ÆÛ_²_3.pal","C:\Users\wesley\Desktop\MeuRag\data\palette\¸ö\ÇØÅÂ¼Ò¿ï¸®ÆÛ_²_76.pal"
"ÇØÅÂ¼Ò¿ï¸®ÆÛ_²","77","3","C:\Users\wesley\Desktop\MeuRag\data\palette\¸ö\ÇØÅÂ¼Ò¿ï¸®ÆÛ_²_3.pal","C:\Users\wesley\Desktop\MeuRag\data\palette\¸ö\ÇØÅÂ¼Ò¿ï¸®ÆÛ_²_77.pal"
"ÇØÅÂ¼Ò¿ï¸®ÆÛ_²","78","3","C:\Users\wesley\Desktop\MeuRag\data\palette\¸ö\ÇØÅÂ¼Ò¿ï¸®ÆÛ_²_3.pal","C:\Users\wesley\Desktop\MeuRag\data\palette\¸ö\ÇØÅÂ¼Ò¿ï¸®ÆÛ_²_78.pal"
"ÇØÅÂ¼Ò¿ï¸®ÆÛ_²","79","3","C:\Users\wesley\Desktop\MeuRag\data\palette\¸ö\ÇØÅÂ¼Ò¿ï¸®ÆÛ_²_3.pal","C:\Users\wesley\Desktop\MeuRag\data\palette\¸ö\ÇØÅÂ¼Ò¿ï¸®ÆÛ_²_79.pal"
"ÇØÅÂ¼Ò¿ï¸®ÆÛ_²","80","3","C:\Users\wesley\Desktop\MeuRag\data\palette\¸ö\ÇØÅÂ¼Ò¿ï¸®ÆÛ_²_3.pal","C:\Users\wesley\Desktop\MeuRag\data\palette\¸ö\ÇØÅÂ¼Ò¿ï¸®ÆÛ_²_80.pal"
"ÇØÅÂ¼Ò¿ï¸®ÆÛ_²","81","3","C:\Users\wesley\Desktop\MeuRag\data\palette\¸ö\ÇØÅÂ¼Ò¿ï¸®ÆÛ_²_3.pal","C:\Users\wesley\Desktop\MeuRag\data\palette\¸ö\ÇØÅÂ¼Ò¿ï¸®ÆÛ_²_81.pal"
"ÇØÅÂ¼Ò¿ï¸®ÆÛ_²","82","3","C:\Users\wesley\Desktop\MeuRag\data\palette\¸ö\ÇØÅÂ¼Ò¿ï¸®ÆÛ_²_3.pal","C:\Users\wesley\Desktop\MeuRag\data\palette\¸ö\ÇØÅÂ¼Ò¿ï¸®ÆÛ_²_82.pal"
"ÇØÅÂ¼Ò¿ï¸®ÆÛ_²","83","3","C:\Users\wesley\Desktop\MeuRag\data\palette\¸ö\ÇØÅÂ¼Ò¿ï¸®ÆÛ_²_3.pal","C:\Users\wesley\Desktop\MeuRag\data\palette\¸ö\ÇØÅÂ¼Ò¿ï¸®ÆÛ_²_83.pal"
"ÇØÅÂ¼Ò¿ï¸®ÆÛ_²","84","3","C:\Users\wesley\Desktop\MeuRag\data\palette\¸ö\ÇØÅÂ¼Ò¿ï¸®ÆÛ_²_3.pal","C:\Users\wesley\Desktop\MeuRag\data\palette\¸ö\ÇØÅÂ¼Ò¿ï¸®ÆÛ_²_84.pal"
"ÇØÅÂ¼Ò¿ï¸®ÆÛ_²","85","3","C:\Users\wesley\Desktop\MeuRag\data\palette\¸ö\ÇØÅÂ¼Ò¿ï¸®ÆÛ_²_3.pal","C:\Users\wesley\Desktop\MeuRag\data\palette\¸ö\ÇØÅÂ¼Ò¿ï¸®ÆÛ_²_85.pal"
"ÇØÅÂ¼Ò¿ï¸®ÆÛ_²","86","3","C:\Users\wesley\Desktop\MeuRag\data\palette\¸ö\ÇØÅÂ¼Ò¿ï¸®ÆÛ_²_3.pal","C:\Users\wesley\Desktop\MeuRag\data\palette\¸ö\ÇØÅÂ¼Ò¿ï¸®ÆÛ_²_86.pal"
"ÇØÅÂ¼Ò¿ï¸®ÆÛ_²","87","3","C:\Users\wesley\Desktop\MeuRag\data\palette\¸ö\ÇØÅÂ¼Ò¿ï¸®ÆÛ_²_3.pal","C:\Users\wesley\Desktop\MeuRag\data\palette\¸ö\ÇØÅÂ¼Ò¿ï¸®ÆÛ_²_87.pal"
"ÇØÅÂ¼Ò¿ï¸®ÆÛ_²","88","3","C:\Users\wesley\Desktop\MeuRag\data\palette\¸ö\ÇØÅÂ¼Ò¿ï¸®ÆÛ_²_3.pal","C:\Users\wesley\Desktop\MeuRag\data\palette\¸ö\ÇØÅÂ¼Ò¿ï¸®ÆÛ_²_88.pal"
"ÇØÅÂ¼Ò¿ï¸®ÆÛ_²","89","3","C:\Users\wesley\Desktop\MeuRag\data\palette\¸ö\ÇØÅÂ¼Ò¿ï¸®ÆÛ_²_3.pal","C:\Users\wesley\Desktop\MeuRag\data\palette\¸ö\ÇØÅÂ¼Ò¿ï¸®ÆÛ_²_89.pal"
"ÇØÅÂ¼Ò¿ï¸®ÆÛ_²","90","3","C:\Users\wesley\Desktop\MeuRag\data\palette\¸ö\ÇØÅÂ¼Ò¿ï¸®ÆÛ_²_3.pal","C:\Users\wesley\Desktop\MeuRag\data\palette\¸ö\ÇØÅÂ¼Ò¿ï¸®ÆÛ_²_90.pal"
"ÇØÅÂ¼Ò¿ï¸®ÆÛ_²","91","3","C:\Users\wesley\Desktop\MeuRag\data\palette\¸ö\ÇØÅÂ¼Ò¿ï¸®ÆÛ_²_3.pal","C:\Users\wesley\Desktop\MeuRag\data\palette\¸ö\ÇØÅÂ¼Ò¿ï¸®ÆÛ_²_91.pal"
"ÇØÅÂ¼Ò¿ï¸®ÆÛ_²","92","3","C:\Users\wesley\Desktop\MeuRag\data\palette\¸ö\ÇØÅÂ¼Ò¿ï¸®ÆÛ_²_3.pal","C:\Users\wesley\Desktop\MeuRag\data\palette\¸ö\ÇØÅÂ¼Ò¿ï¸®ÆÛ_²_92.pal"
"ÇØÅÂ¼Ò¿ï¸®ÆÛ_²","93","3","C:\Users\wesley\Desktop\MeuRag\data\palette\¸ö\ÇØÅÂ¼Ò¿ï¸®ÆÛ_²_3.pal","C:\Users\wesley\Desktop\MeuRag\data\palette\¸ö\ÇØÅÂ¼Ò¿ï¸®ÆÛ_²_93.pal"
"ÇØÅÂ¼Ò¿ï¸®ÆÛ_²","94","3","C:\Users\wesley\Desktop\MeuRag\data\palette\¸ö\ÇØÅÂ¼Ò¿ï¸®ÆÛ_²_3.pal","C:\Users\wesley\Desktop\MeuRag\data\palette\¸ö\ÇØÅÂ¼Ò¿ï¸®ÆÛ_²_94.pal"
"ÇØÅÂ¼Ò¿ï¸®ÆÛ_²","95","3","C:\Users\wesley\Desktop\MeuRag\data\palette\¸ö\ÇØÅÂ¼Ò¿ï¸®ÆÛ_²_3.pal","C:\Users\wesley\Desktop\MeuRag\data\palette\¸ö\ÇØÅÂ¼Ò¿ï¸®ÆÛ_²_95.pal"
"ÇØÅÂ¼Ò¿ï¸®ÆÛ_²","96","3","C:\Users\wesley\Desktop\MeuRag\data\palette\¸ö\ÇØÅÂ¼Ò¿ï¸®ÆÛ_²_3.pal","C:\Users\wesley\Desktop\MeuRag\data\palette\¸ö\ÇØÅÂ¼Ò¿ï¸®ÆÛ_²_96.pal"
"ÇØÅÂ¼Ò¿ï¸®ÆÛ_²","97","3","C:\Users\wesley\Desktop\MeuRag\data\palette\¸ö\ÇØÅÂ¼Ò¿ï¸®ÆÛ_²_3.pal","C:\Users\wesley\Desktop\MeuRag\data\palette\¸ö\ÇØÅÂ¼Ò¿ï¸®ÆÛ_²_97.pal"
"ÇØÅÂ¼Ò¿ï¸®ÆÛ_²","98","3","C:\Users\wesley\Desktop\MeuRag\data\palette\¸ö\ÇØÅÂ¼Ò¿ï¸®ÆÛ_²_3.pal","C:\Users\wesley\Desktop\MeuRag\data\palette\¸ö\ÇØÅÂ¼Ò¿ï¸®ÆÛ_²_98.pal"
"ÇØÅÂ¼Ò¿ï¸®ÆÛ_²","99","3","C:\Users\wesley\Desktop\MeuRag\data\palette\¸ö\ÇØÅÂ¼Ò¿ï¸®ÆÛ_²_3.pal","C:\Users\wesley\Desktop\MeuRag\data\palette\¸ö\ÇØÅÂ¼Ò¿ï¸®ÆÛ_²_99.pal"
"ÇØÅÂ¼Ò¿ï¸®ÆÛ_²","100","3","C:\Users\wesley\Desktop\MeuRag\data\palette\¸ö\ÇØÅÂ¼Ò¿ï¸®ÆÛ_²_3.pal","C:\Users\wesley\Desktop\MeuRag\data\palette\¸ö\ÇØÅÂ¼Ò¿ï¸®ÆÛ_²_100.pal"
"ÇØÅÂ¼Ò¿ï¸®ÆÛ_²","101","3","C:\Users\wesley\Desktop\MeuRag\data\palette\¸ö\ÇØÅÂ¼Ò¿ï¸®ÆÛ_²_3.pal","C:\Users\wesley\Desktop\MeuRag\data\palette\¸ö\ÇØÅÂ¼Ò¿ï¸®ÆÛ_²_101.pal"
"ÇØÅÂ¼Ò¿ï¸®ÆÛ_²","102","3","C:\Users\wesley\Desktop\MeuRag\data\palette\¸ö\ÇØÅÂ¼Ò¿ï¸®ÆÛ_²_3.pal","C:\Users\wesley\Desktop\MeuRag\data\palette\¸ö\ÇØÅÂ¼Ò¿ï¸®ÆÛ_²_102.pal"
"ÇØÅÂ¼Ò¿ï¸®ÆÛ_²","103","3","C:\Users\wesley\Desktop\MeuRag\data\palette\¸ö\ÇØÅÂ¼Ò¿ï¸®ÆÛ_²_3.pal","C:\Users\wesley\Desktop\MeuRag\data\palette\¸ö\ÇØÅÂ¼Ò¿ï¸®ÆÛ_²_103.pal"
"ÇØÅÂ¼Ò¿ï¸®ÆÛ_²","104","3","C:\Users\wesley\Desktop\MeuRag\data\palette\¸ö\ÇØÅÂ¼Ò¿ï¸®ÆÛ_²_3.pal","C:\Users\wesley\Desktop\MeuRag\data\palette\¸ö\ÇØÅÂ¼Ò¿ï¸®ÆÛ_²_104.pal"
"ÇØÅÂ¼Ò¿ï¸®ÆÛ_²","105","3","C:\Users\wesley\Desktop\MeuRag\data\palette\¸ö\ÇØÅÂ¼Ò¿ï¸®ÆÛ_²_3.pal","C:\Users\wesley\Desktop\MeuRag\data\palette\¸ö\ÇØÅÂ¼Ò¿ï¸®ÆÛ_²_105.pal"
"ÇØÅÂ¼Ò¿ï¸®ÆÛ_²","106","3","C:\Users\wesley\Desktop\MeuRag\data\palette\¸ö\ÇØÅÂ¼Ò¿ï¸®ÆÛ_²_3.pal","C:\Users\wesley\Desktop\MeuRag\data\palette\¸ö\ÇØÅÂ¼Ò¿ï¸®ÆÛ_²_106.pal"
"ÇØÅÂ¼Ò¿ï¸®ÆÛ_²","107","3","C:\Users\wesley\Desktop\MeuRag\data\palette\¸ö\ÇØÅÂ¼Ò¿ï¸®ÆÛ_²_3.pal","C:\Users\wesley\Desktop\MeuRag\data\palette\¸ö\ÇØÅÂ¼Ò¿ï¸®ÆÛ_²_107.pal"
"ÇØÅÂ¼Ò¿ï¸®ÆÛ_²","108","3","C:\Users\wesley\Desktop\MeuRag\data\palette\¸ö\ÇØÅÂ¼Ò¿ï¸®ÆÛ_²_3.pal","C:\Users\wesley\Desktop\MeuRag\data\palette\¸ö\ÇØÅÂ¼Ò¿ï¸®ÆÛ_²_108.pal"
"ÇØÅÂ¼Ò¿ï¸®ÆÛ_²","109","3","C:\Users\wesley\Desktop\MeuRag\data\palette\¸ö\ÇØÅÂ¼Ò¿ï¸®ÆÛ_²_3.pal","C:\Users\wesley\Desktop\MeuRag\data\palette\¸ö\ÇØÅÂ¼Ò¿ï¸®ÆÛ_²_109.pal"
"ÇØÅÂ¼Ò¿ï¸®ÆÛ_²","110","3","C:\Users\wesley\Desktop\MeuRag\data\palette\¸ö\ÇØÅÂ¼Ò¿ï¸®ÆÛ_²_3.pal","C:\Users\wesley\Desktop\MeuRag\data\palette\¸ö\ÇØÅÂ¼Ò¿ï¸®ÆÛ_²_110.pal"
"ÇØÅÂ¼Ò¿ï¸®ÆÛ_²","111","3","C:\Users\wesley\Desktop\MeuRag\data\palette\¸ö\ÇØÅÂ¼Ò¿ï¸®ÆÛ_²_3.pal","C:\Users\wesley\Desktop\MeuRag\data\palette\¸ö\ÇØÅÂ¼Ò¿ï¸®ÆÛ_²_111.pal"
"ÇØÅÂ¼Ò¿ï¸®ÆÛ_²","112","3","C:\Users\wesley\Desktop\MeuRag\data\palette\¸ö\ÇØÅÂ¼Ò¿ï¸®ÆÛ_²_3.pal","C:\Users\wesley\Desktop\MeuRag\data\palette\¸ö\ÇØÅÂ¼Ò¿ï¸®ÆÛ_²_112.pal"
"ÇØÅÂ¼Ò¿ï¸®ÆÛ_²","113","3","C:\Users\wesley\Desktop\MeuRag\data\palette\¸ö\ÇØÅÂ¼Ò¿ï¸®ÆÛ_²_3.pal","C:\Users\wesley\Desktop\MeuRag\data\palette\¸ö\ÇØÅÂ¼Ò¿ï¸®ÆÛ_²_113.pal"
"ÇØÅÂ¼Ò¿ï¸®ÆÛ_²","114","3","C:\Users\wesley\Desktop\MeuRag\data\palette\¸ö\ÇØÅÂ¼Ò¿ï¸®ÆÛ_²_3.pal","C:\Users\wesley\Desktop\MeuRag\data\palette\¸ö\ÇØÅÂ¼Ò¿ï¸®ÆÛ_²_114.pal"
"ÇØÅÂ¼Ò¿ï¸®ÆÛ_²","115","3","C:\Users\wesley\Desktop\MeuRag\data\palette\¸ö\ÇØÅÂ¼Ò¿ï¸®ÆÛ_²_3.pal","C:\Users\wesley\Desktop\MeuRag\data\palette\¸ö\ÇØÅÂ¼Ò¿ï¸®ÆÛ_²_115.pal"
"ÇØÅÂ¼Ò¿ï¸®ÆÛ_²","116","3","C:\Users\wesley\Desktop\MeuRag\data\palette\¸ö\ÇØÅÂ¼Ò¿ï¸®ÆÛ_²_3.pal","C:\Users\wesley\Desktop\MeuRag\data\palette\¸ö\ÇØÅÂ¼Ò¿ï¸®ÆÛ_²_116.pal"
"ÇØÅÂ¼Ò¿ï¸®ÆÛ_²","117","3","C:\Users\wesley\Desktop\MeuRag\data\palette\¸ö\ÇØÅÂ¼Ò¿ï¸®ÆÛ_²_3.pal","C:\Users\wesley\Desktop\MeuRag\data\palette\¸ö\ÇØÅÂ¼Ò¿ï¸®ÆÛ_²_117.pal"
"ÇØÅÂ¼Ò¿ï¸®ÆÛ_²","118","3","C:\Users\wesley\Desktop\MeuRag\data\palette\¸ö\ÇØÅÂ¼Ò¿ï¸®ÆÛ_²_3.pal","C:\Users\wesley\Desktop\MeuRag\data\palette\¸ö\ÇØÅÂ¼Ò¿ï¸®ÆÛ_²_118.pal"
"ÇØÅÂ¼Ò¿ï¸®ÆÛ_²","119","3","C:\Users\wesley\Desktop\MeuRag\data\palette\¸ö\ÇØÅÂ¼Ò¿ï¸®ÆÛ_²_3.pal","C:\Users\wesley\Desktop\MeuRag\data\palette\¸ö\ÇØÅÂ¼Ò¿ï¸®ÆÛ_²_119.pal"
"ÇØÅÂ¼Ò¿ï¸®ÆÛ_²","120","3","C:\Users\wesley\Desktop\MeuRag\data\palette\¸ö\ÇØÅÂ¼Ò¿ï¸®ÆÛ_²_3.pal","C:\Users\wesley\Desktop\MeuRag\data\palette\¸ö\ÇØÅÂ¼Ò¿ï¸®ÆÛ_²_120.pal"
"ÇØÅÂ¼Ò¿ï¸®ÆÛ_²","121","3","C:\Users\wesley\Desktop\MeuRag\data\palette\¸ö\ÇØÅÂ¼Ò¿ï¸®ÆÛ_²_3.pal","C:\Users\wesley\Desktop\MeuRag\data\palette\¸ö\ÇØÅÂ¼Ò¿ï¸®ÆÛ_²_121.pal"
"ÇØÅÂ¼Ò¿ï¸®ÆÛ_²","122","3","C:\Users\wesley\Desktop\MeuRag\data\palette\¸ö\ÇØÅÂ¼Ò¿ï¸®ÆÛ_²_3.pal","C:\Users\wesley\Desktop\MeuRag\data\palette\¸ö\ÇØÅÂ¼Ò¿ï¸®ÆÛ_²_122.pal"
"ÇØÅÂ¼Ò¿ï¸®ÆÛ_²","123","3","C:\Users\wesley\Desktop\MeuRag\data\palette\¸ö\ÇØÅÂ¼Ò¿ï¸®ÆÛ_²_3.pal","C:\Users\wesley\Desktop\MeuRag\data\palette\¸ö\ÇØÅÂ¼Ò¿ï¸®ÆÛ_²_123.pal"
"ÇØÅÂ¼Ò¿ï¸®ÆÛ_²","124","3","C:\Users\wesley\Desktop\MeuRag\data\palette\¸ö\ÇØÅÂ¼Ò¿ï¸®ÆÛ_²_3.pal","C:\Users\wesley\Desktop\MeuRag\data\palette\¸ö\ÇØÅÂ¼Ò¿ï¸®ÆÛ_²_124.pal"
"ÇØÅÂ¼Ò¿ï¸®ÆÛ_²","125","3","C:\Users\wesley\Desktop\MeuRag\data\palette\¸ö\ÇØÅÂ¼Ò¿ï¸®ÆÛ_²_3.pal","C:\Users\wesley\Desktop\MeuRag\data\palette\¸ö\ÇØÅÂ¼Ò¿ï¸®ÆÛ_²_125.pal"
"ÇØÅÂ¼Ò¿ï¸®ÆÛ_²","126","3","C:\Users\wesley\Desktop\MeuRag\data\palette\¸ö\ÇØÅÂ¼Ò¿ï¸®ÆÛ_²_3.pal","C:\Users\wesley\Desktop\MeuRag\data\palette\¸ö\ÇØÅÂ¼Ò¿ï¸®ÆÛ_²_126.pal"
"ÇØÅÂ¼Ò¿ï¸®ÆÛ_²","127","3","C:\Users\wesley\Desktop\MeuRag\data\palette\¸ö\ÇØÅÂ¼Ò¿ï¸®ÆÛ_²_3.pal","C:\Users\wesley\Desktop\MeuRag\data\palette\¸ö\ÇØÅÂ¼Ò¿ï¸®ÆÛ_²_127.pal"
"ÇØÅÂ¼Ò¿ï¸®ÆÛ_²","128","3","C:\Users\wesley\Desktop\MeuRag\data\palette\¸ö\ÇØÅÂ¼Ò¿ï¸®ÆÛ_²_3.pal","C:\Users\wesley\Desktop\MeuRag\data\palette\¸ö\ÇØÅÂ¼Ò¿ï¸®ÆÛ_²_128.pal"
"ÇØÅÂ¼Ò¿ï¸®ÆÛ_²","129","3","C:\Users\wesley\Desktop\MeuRag\data\palette\¸ö\ÇØÅÂ¼Ò¿ï¸®ÆÛ_²_3.pal","C:\Users\wesley\Desktop\MeuRag\data\palette\¸ö\ÇØÅÂ¼Ò¿ï¸®ÆÛ_²_129.pal"
"ÇØÅÂ¼Ò¿ï¸®ÆÛ_²","130","3","C:\Users\wesley\Desktop\MeuRag\data\palette\¸ö\ÇØÅÂ¼Ò¿ï¸®ÆÛ_²_3.pal","C:\Users\wesley\Desktop\MeuRag\data\palette\¸ö\ÇØÅÂ¼Ò¿ï¸®ÆÛ_²_130.pal"
"ÇØÅÂ¼Ò¿ï¸®ÆÛ_²","131","3","C:\Users\wesley\Desktop\MeuRag\data\palette\¸ö\ÇØÅÂ¼Ò¿ï¸®ÆÛ_²_3.pal","C:\Users\wesley\Desktop\MeuRag\data\palette\¸ö\ÇØÅÂ¼Ò¿ï¸®ÆÛ_²_131.pal"
"ÇØÅÂ¼Ò¿ï¸®ÆÛ_²","132","3","C:\Users\wesley\Desktop\MeuRag\data\palette\¸ö\ÇØÅÂ¼Ò¿ï¸®ÆÛ_²_3.pal","C:\Users\wesley\Desktop\MeuRag\data\palette\¸ö\ÇØÅÂ¼Ò¿ï¸®ÆÛ_²_132.pal"
"ÇØÅÂ¼Ò¿ï¸®ÆÛ_²","133","3","C:\Users\wesley\Desktop\MeuRag\data\palette\¸ö\ÇØÅÂ¼Ò¿ï¸®ÆÛ_²_3.pal","C:\Users\wesley\Desktop\MeuRag\data\palette\¸ö\ÇØÅÂ¼Ò¿ï¸®ÆÛ_²_133.pal"
"ÇØÅÂ¼Ò¿ï¸®ÆÛ_²","134","3","C:\Users\wesley\Desktop\MeuRag\data\palette\¸ö\ÇØÅÂ¼Ò¿ï¸®ÆÛ_²_3.pal","C:\Users\wesley\Desktop\MeuRag\data\palette\¸ö\ÇØÅÂ¼Ò¿ï¸®ÆÛ_²_134.pal"
"ÇØÅÂ¼Ò¿ï¸®ÆÛ_²","135","3","C:\Users\wesley\Desktop\MeuRag\data\palette\¸ö\ÇØÅÂ¼Ò¿ï¸®ÆÛ_²_3.pal","C:\Users\wesley\Desktop\MeuRag\data\palette\¸ö\ÇØÅÂ¼Ò¿ï¸®ÆÛ_²_135.pal"
"ÇØÅÂ¼Ò¿ï¸®ÆÛ_²","136","3","C:\Users\wesley\Desktop\MeuRag\data\palette\¸ö\ÇØÅÂ¼Ò¿ï¸®ÆÛ_²_3.pal","C:\Users\wesley\Desktop\MeuRag\data\palette\¸ö\ÇØÅÂ¼Ò¿ï¸®ÆÛ_²_136.pal"
"ÇØÅÂ¼Ò¿ï¸®ÆÛ_²","137","3","C:\Users\wesley\Desktop\MeuRag\data\palette\¸ö\ÇØÅÂ¼Ò¿ï¸®ÆÛ_²_3.pal","C:\Users\wesley\Desktop\MeuRag\data\palette\¸ö\ÇØÅÂ¼Ò¿ï¸®ÆÛ_²_137.pal"
"ÇØÅÂ¼Ò¿ï¸®ÆÛ_²","138","3","C:\Users\wesley\Desktop\MeuRag\data\palette\¸ö\ÇØÅÂ¼Ò¿ï¸®ÆÛ_²_3.pal","C:\Users\wesley\Desktop\MeuRag\data\palette\¸ö\ÇØÅÂ¼Ò¿ï¸®ÆÛ_²_138.pal"
"ÇØÅÂ¼Ò¿ï¸®ÆÛ_²","139","3","C:\Users\wesley\Desktop\MeuRag\data\palette\¸ö\ÇØÅÂ¼Ò¿ï¸®ÆÛ_²_3.pal","C:\Users\wesley\Desktop\MeuRag\data\palette\¸ö\ÇØÅÂ¼Ò¿ï¸®ÆÛ_²_139.pal"
"ÇØÅÂ¼Ò¿ï¸®ÆÛ_²","140","3","C:\Users\wesley\Desktop\MeuRag\data\palette\¸ö\ÇØÅÂ¼Ò¿ï¸®ÆÛ_²_3.pal","C:\Users\wesley\Desktop\MeuRag\data\palette\¸ö\ÇØÅÂ¼Ò¿ï¸®ÆÛ_²_140.pal"
"ÇØÅÂ¼Ò¿ï¸®ÆÛ_²","141","3","C:\Users\wesley\Desktop\MeuRag\data\palette\¸ö\ÇØÅÂ¼Ò¿ï¸®ÆÛ_²_3.pal","C:\Users\wesley\Desktop\MeuRag\data\palette\¸ö\ÇØÅÂ¼Ò¿ï¸®ÆÛ_²_141.pal"
"ÇØÅÂ¼Ò¿ï¸®ÆÛ_²","142","3","C:\Users\wesley\Desktop\MeuRag\data\palette\¸ö\ÇØÅÂ¼Ò¿ï¸®ÆÛ_²_3.pal","C:\Users\wesley\Desktop\MeuRag\data\palette\¸ö\ÇØÅÂ¼Ò¿ï¸®ÆÛ_²_142.pal"
"ÇØÅÂ¼Ò¿ï¸®ÆÛ_²","143","3","C:\Users\wesley\Desktop\MeuRag\data\palette\¸ö\ÇØÅÂ¼Ò¿ï¸®ÆÛ_²_3.pal","C:\Users\wesley\Desktop\MeuRag\data\palette\¸ö\ÇØÅÂ¼Ò¿ï¸®ÆÛ_²_143.pal"
"ÇØÅÂ¼Ò¿ï¸®ÆÛ_²","144","3","C:\Users\wesley\Desktop\MeuRag\data\palette\¸ö\ÇØÅÂ¼Ò¿ï¸®ÆÛ_²_3.pal","C:\Users\wesley\Desktop\MeuRag\data\palette\¸ö\ÇØÅÂ¼Ò¿ï¸®ÆÛ_²_144.pal"
"ÇØÅÂ¼Ò¿ï¸®ÆÛ_²","145","3","C:\Users\wesley\Desktop\MeuRag\data\palette\¸ö\ÇØÅÂ¼Ò¿ï¸®ÆÛ_²_3.pal","C:\Users\wesley\Desktop\MeuRag\data\palette\¸ö\ÇØÅÂ¼Ò¿ï¸®ÆÛ_²_145.pal"
"ÇØÅÂ¼Ò¿ï¸®ÆÛ_²","146","3","C:\Users\wesley\Desktop\MeuRag\data\palette\¸ö\ÇØÅÂ¼Ò¿ï¸®ÆÛ_²_3.pal","C:\Users\wesley\Desktop\MeuRag\data\palette\¸ö\ÇØÅÂ¼Ò¿ï¸®ÆÛ_²_146.pal"
"ÇØÅÂ¼Ò¿ï¸®ÆÛ_²","147","3","C:\Users\wesley\Desktop\MeuRag\data\palette\¸ö\ÇØÅÂ¼Ò¿ï¸®ÆÛ_²_3.pal","C:\Users\wesley\Desktop\MeuRag\data\palette\¸ö\ÇØÅÂ¼Ò¿ï¸®ÆÛ_²_147.pal"
"ÇØÅÂ¼Ò¿ï¸®ÆÛ_²","148","3","C:\Users\wesley\Desktop\MeuRag\data\palette\¸ö\ÇØÅÂ¼Ò¿ï¸®ÆÛ_²_3.pal","C:\Users\wesley\Desktop\MeuRag\data\palette\¸ö\ÇØÅÂ¼Ò¿ï¸®ÆÛ_²_148.pal"
"ÇØÅÂ¼Ò¿ï¸®ÆÛ_²","149","3","C:\Users\wesley\Desktop\MeuRag\data\palette\¸ö\ÇØÅÂ¼Ò¿ï¸®ÆÛ_²_3.pal","C:\Users\wesley\Desktop\MeuRag\data\palette\¸ö\ÇØÅÂ¼Ò¿ï¸®ÆÛ_²_149.pal"
"ÇØÅÂ¼Ò¿ï¸®ÆÛ_²","150","3","C:\Users\wesley\Desktop\MeuRag\data\palette\¸ö\ÇØÅÂ¼Ò¿ï¸®ÆÛ_²_3.pal","C:\Users\wesley\Desktop\MeuRag\data\palette\¸ö\ÇØÅÂ¼Ò¿ï¸®ÆÛ_²_150.pal"
"ÇØÅÂ¼Ò¿ï¸®ÆÛ_²","151","3","C:\Users\wesley\Desktop\MeuRag\data\palette\¸ö\ÇØÅÂ¼Ò¿ï¸®ÆÛ_²_3.pal","C:\Users\wesley\Desktop\MeuRag\data\palette\¸ö\ÇØÅÂ¼Ò¿ï¸®ÆÛ_²_151.pal"
"ÇØÅÂ¼Ò¿ï¸®ÆÛ_²","152","3","C:\Users\wesley\Desktop\MeuRag\data\palette\¸ö\ÇØÅÂ¼Ò¿ï¸®ÆÛ_²_3.pal","C:\Users\wesley\Desktop\MeuRag\data\palette\¸ö\ÇØÅÂ¼Ò¿ï¸®ÆÛ_²_152.pal"
"ÇØÅÂ¼Ò¿ï¸®ÆÛ_²","153","3","C:\Users\wesley\Desktop\MeuRag\data\palette\¸ö\ÇØÅÂ¼Ò¿ï¸®ÆÛ_²_3.pal","C:\Users\wesley\Desktop\MeuRag\data\palette\¸ö\ÇØÅÂ¼Ò¿ï¸®ÆÛ_²_153.pal"
"ÇØÅÂ¼Ò¿ï¸®ÆÛ_²","154","3","C:\Users\wesley\Desktop\MeuRag\data\palette\¸ö\ÇØÅÂ¼Ò¿ï¸®ÆÛ_²_3.pal","C:\Users\wesley\Desktop\MeuRag\data\palette\¸ö\ÇØÅÂ¼Ò¿ï¸®ÆÛ_²_154.pal"
"ÇØÅÂ¼Ò¿ï¸®ÆÛ_²","155","3","C:\Users\wesley\Desktop\MeuRag\data\palette\¸ö\ÇØÅÂ¼Ò¿ï¸®ÆÛ_²_3.pal","C:\Users\wesley\Desktop\MeuRag\data\palette\¸ö\ÇØÅÂ¼Ò¿ï¸®ÆÛ_²_155.pal"
"ÇØÅÂ¼Ò¿ï¸®ÆÛ_²","156","3","C:\Users\wesley\Desktop\MeuRag\data\palette\¸ö\ÇØÅÂ¼Ò¿ï¸®ÆÛ_²_3.pal","C:\Users\wesley\Desktop\MeuRag\data\palette\¸ö\ÇØÅÂ¼Ò¿ï¸®ÆÛ_²_156.pal"
"ÇØÅÂ¼Ò¿ï¸®ÆÛ_²","157","3","C:\Users\wesley\Desktop\MeuRag\data\palette\¸ö\ÇØÅÂ¼Ò¿ï¸®ÆÛ_²_3.pal","C:\Users\wesley\Desktop\MeuRag\data\palette\¸ö\ÇØÅÂ¼Ò¿ï¸®ÆÛ_²_157.pal"
"ÇØÅÂ¼Ò¿ï¸®ÆÛ_²","158","3","C:\Users\wesley\Desktop\MeuRag\data\palette\¸ö\ÇØÅÂ¼Ò¿ï¸®ÆÛ_²_3.pal","C:\Users\wesley\Desktop\MeuRag\data\palette\¸ö\ÇØÅÂ¼Ò¿ï¸®ÆÛ_²_158.pal"
"ÇØÅÂ¼Ò¿ï¸®ÆÛ_²","159","3","C:\Users\wesley\Desktop\MeuRag\data\palette\¸ö\ÇØÅÂ¼Ò¿ï¸®ÆÛ_²_3.pal","C:\Users\wesley\Desktop\MeuRag\data\palette\¸ö\ÇØÅÂ¼Ò¿ï¸®ÆÛ_²_159.pal"
"ÇØÅÂ¼Ò¿ï¸®ÆÛ_²","160","3","C:\Users\wesley\Desktop\MeuRag\data\palette\¸ö\ÇØÅÂ¼Ò¿ï¸®ÆÛ_²_3.pal","C:\Users\wesley\Desktop\MeuRag\data\palette\¸ö\ÇØÅÂ¼Ò¿ï¸®ÆÛ_²_160.pal"
"ÇØÅÂ¼Ò¿ï¸®ÆÛ_²","161","3","C:\Users\wesley\Desktop\MeuRag\data\palette\¸ö\ÇØÅÂ¼Ò¿ï¸®ÆÛ_²_3.pal","C:\Users\wesley\Desktop\MeuRag\data\palette\¸ö\ÇØÅÂ¼Ò¿ï¸®ÆÛ_²_161.pal"
"ÇØÅÂ¼Ò¿ï¸®ÆÛ_²","162","3","C:\Users\wesley\Desktop\MeuRag\data\palette\¸ö\ÇØÅÂ¼Ò¿ï¸®ÆÛ_²_3.pal","C:\Users\wesley\Desktop\MeuRag\data\palette\¸ö\ÇØÅÂ¼Ò¿ï¸®ÆÛ_²_162.pal"
"ÇØÅÂ¼Ò¿ï¸®ÆÛ_²","163","3","C:\Users\wesley\Desktop\MeuRag\data\palette\¸ö\ÇØÅÂ¼Ò¿ï¸®ÆÛ_²_3.pal","C:\Users\wesley\Desktop\MeuRag\data\palette\¸ö\ÇØÅÂ¼Ò¿ï¸®ÆÛ_²_163.pal"
"ÇØÅÂ¼Ò¿ï¸®ÆÛ_²","164","3","C:\Users\wesley\Desktop\MeuRag\data\palette\¸ö\ÇØÅÂ¼Ò¿ï¸®ÆÛ_²_3.pal","C:\Users\wesley\Desktop\MeuRag\data\palette\¸ö\ÇØÅÂ¼Ò¿ï¸®ÆÛ_²_164.pal"
"ÇØÅÂ¼Ò¿ï¸®ÆÛ_²","165","3","C:\Users\wesley\Desktop\MeuRag\data\palette\¸ö\ÇØÅÂ¼Ò¿ï¸®ÆÛ_²_3.pal","C:\Users\wesley\Desktop\MeuRag\data\palette\¸ö\ÇØÅÂ¼Ò¿ï¸®ÆÛ_²_165.pal"
"ÇØÅÂ¼Ò¿ï¸®ÆÛ_²","166","3","C:\Users\wesley\Desktop\MeuRag\data\palette\¸ö\ÇØÅÂ¼Ò¿ï¸®ÆÛ_²_3.pal","C:\Users\wesley\Desktop\MeuRag\data\palette\¸ö\ÇØÅÂ¼Ò¿ï¸®ÆÛ_²_166.pal"
"ÇØÅÂ¼Ò¿ï¸®ÆÛ_²","167","3","C:\Users\wesley\Desktop\MeuRag\data\palette\¸ö\ÇØÅÂ¼Ò¿ï¸®ÆÛ_²_3.pal","C:\Users\wesley\Desktop\MeuRag\data\palette\¸ö\ÇØÅÂ¼Ò¿ï¸®ÆÛ_²_167.pal"
"ÇØÅÂ¼Ò¿ï¸®ÆÛ_²","168","3","C:\Users\wesley\Desktop\MeuRag\data\palette\¸ö\ÇØÅÂ¼Ò¿ï¸®ÆÛ_²_3.pal","C:\Users\wesley\Desktop\MeuRag\data\palette\¸ö\ÇØÅÂ¼Ò¿ï¸®ÆÛ_²_168.pal"
"ÇØÅÂ¼Ò¿ï¸®ÆÛ_²","169","3","C:\Users\wesley\Desktop\MeuRag\data\palette\¸ö\ÇØÅÂ¼Ò¿ï¸®ÆÛ_²_3.pal","C:\Users\wesley\Desktop\MeuRag\data\palette\¸ö\ÇØÅÂ¼Ò¿ï¸®ÆÛ_²_169.pal"
"ÇØÅÂ¼Ò¿ï¸®ÆÛ_²","170","3","C:\Users\wesley\Desktop\MeuRag\data\palette\¸ö\ÇØÅÂ¼Ò¿ï¸®ÆÛ_²_3.pal","C:\Users\wesley\Desktop\MeuRag\data\palette\¸ö\ÇØÅÂ¼Ò¿ï¸®ÆÛ_²_170.pal"
"ÇØÅÂ¼Ò¿ï¸®ÆÛ_²","171","3","C:\Users\wesley\Desktop\MeuRag\data\palette\¸ö\ÇØÅÂ¼Ò¿ï¸®ÆÛ_²_3.pal","C:\Users\wesley\Desktop\MeuRag\data\palette\¸ö\ÇØÅÂ¼Ò¿ï¸®ÆÛ_²_171.pal"
"ÇØÅÂ¼Ò¿ï¸®ÆÛ_²","172","3","C:\Users\wesley\Desktop\MeuRag\data\palette\¸ö\ÇØÅÂ¼Ò¿ï¸®ÆÛ_²_3.pal","C:\Users\wesley\Desktop\MeuRag\data\palette\¸ö\ÇØÅÂ¼Ò¿ï¸®ÆÛ_²_172.pal"
"ÇØÅÂ¼Ò¿ï¸®ÆÛ_²","173","3","C:\Users\wesley\Desktop\MeuRag\data\palette\¸ö\ÇØÅÂ¼Ò¿ï¸®ÆÛ_²_3.pal","C:\Users\wesley\Desktop\MeuRag\data\palette\¸ö\ÇØÅÂ¼Ò¿ï¸®ÆÛ_²_173.pal"
"ÇØÅÂ¼Ò¿ï¸®ÆÛ_²","174","3","C:\Users\wesley\Desktop\MeuRag\data\palette\¸ö\ÇØÅÂ¼Ò¿ï¸®ÆÛ_²_3.pal","C:\Users\wesley\Desktop\MeuRag\data\palette\¸ö\ÇØÅÂ¼Ò¿ï¸®ÆÛ_²_174.pal"
"ÇØÅÂ¼Ò¿ï¸®ÆÛ_²","175","3","C:\Users\wesley\Desktop\MeuRag\data\palette\¸ö\ÇØÅÂ¼Ò¿ï¸®ÆÛ_²_3.pal","C:\Users\wesley\Desktop\MeuRag\data\palette\¸ö\ÇØÅÂ¼Ò¿ï¸®ÆÛ_²_175.pal"
"ÇØÅÂ¼Ò¿ï¸®ÆÛ_²","176","3","C:\Users\wesley\Desktop\MeuRag\data\palette\¸ö\ÇØÅÂ¼Ò¿ï¸®ÆÛ_²_3.pal","C:\Users\wesley\Desktop\MeuRag\data\palette\¸ö\ÇØÅÂ¼Ò¿ï¸®ÆÛ_²_176.pal"
"ÇØÅÂ¼Ò¿ï¸®ÆÛ_²","177","3","C:\Users\wesley\Desktop\MeuRag\data\palette\¸ö\ÇØÅÂ¼Ò¿ï¸®ÆÛ_²_3.pal","C:\Users\wesley\Desktop\MeuRag\data\palette\¸ö\ÇØÅÂ¼Ò¿ï¸®ÆÛ_²_177.pal"
"ÇØÅÂ¼Ò¿ï¸®ÆÛ_²","178","3","C:\Users\wesley\Desktop\MeuRag\data\palette\¸ö\ÇØÅÂ¼Ò¿ï¸®ÆÛ_²_3.pal","C:\Users\wesley\Desktop\MeuRag\data\palette\¸ö\ÇØÅÂ¼Ò¿ï¸®ÆÛ_²_178.pal"
"ÇØÅÂ¼Ò¿ï¸®ÆÛ_²","179","3","C:\Users\wesley\Desktop\MeuRag\data\palette\¸ö\ÇØÅÂ¼Ò¿ï¸®ÆÛ_²_3.pal","C:\Users\wesley\Desktop\MeuRag\data\palette\¸ö\ÇØÅÂ¼Ò¿ï¸®ÆÛ_²_179.pal"
"ÇØÅÂ¼Ò¿ï¸®ÆÛ_²","180","3","C:\Users\wesley\Desktop\MeuRag\data\palette\¸ö\ÇØÅÂ¼Ò¿ï¸®ÆÛ_²_3.pal","C:\Users\wesley\Desktop\MeuRag\data\palette\¸ö\ÇØÅÂ¼Ò¿ï¸®ÆÛ_²_180.pal"
"ÇØÅÂ¼Ò¿ï¸®ÆÛ_²","181","3","C:\Users\wesley\Desktop\MeuRag\data\palette\¸ö\ÇØÅÂ¼Ò¿ï¸®ÆÛ_²_3.pal","C:\Users\wesley\Desktop\MeuRag\data\palette\¸ö\ÇØÅÂ¼Ò¿ï¸®ÆÛ_²_181.pal"
"ÇØÅÂ¼Ò¿ï¸®ÆÛ_²","182","3","C:\Users\wesley\Desktop\MeuRag\data\palette\¸ö\ÇØÅÂ¼Ò¿ï¸®ÆÛ_²_3.pal","C:\Users\wesley\Desktop\MeuRag\data\palette\¸ö\ÇØÅÂ¼Ò¿ï¸®ÆÛ_²_182.pal"
"ÇØÅÂ¼Ò¿ï¸®ÆÛ_²","183","3","C:\Users\wesley\Desktop\MeuRag\data\palette\¸ö\ÇØÅÂ¼Ò¿ï¸®ÆÛ_²_3.pal","C:\Users\wesley\Desktop\MeuRag\data\palette\¸ö\ÇØÅÂ¼Ò¿ï¸®ÆÛ_²_183.pal"
"ÇØÅÂ¼Ò¿ï¸®ÆÛ_²","184","3","C:\Users\wesley\Desktop\MeuRag\data\palette\¸ö\ÇØÅÂ¼Ò¿ï¸®ÆÛ_²_3.pal","C:\Users\wesley\Desktop\MeuRag\data\palette\¸ö\ÇØÅÂ¼Ò¿ï¸®ÆÛ_²_184.pal"
"ÇØÅÂ¼Ò¿ï¸®ÆÛ_²","185","3","C:\Users\wesley\Desktop\MeuRag\data\palette\¸ö\ÇØÅÂ¼Ò¿ï¸®ÆÛ_²_3.pal","C:\Users\wesley\Desktop\MeuRag\data\palette\¸ö\ÇØÅÂ¼Ò¿ï¸®ÆÛ_²_185.pal"
"ÇØÅÂ¼Ò¿ï¸®ÆÛ_²","186","3","C:\Users\wesley\Desktop\MeuRag\data\palette\¸ö\ÇØÅÂ¼Ò¿ï¸®ÆÛ_²_3.pal","C:\Users\wesley\Desktop\MeuRag\data\palette\¸ö\ÇØÅÂ¼Ò¿ï¸®ÆÛ_²_186.pal"
"ÇØÅÂ¼Ò¿ï¸®ÆÛ_²","187","3","C:\Users\wesley\Desktop\MeuRag\data\palette\¸ö\ÇØÅÂ¼Ò¿ï¸®ÆÛ_²_3.pal","C:\Users\wesley\Desktop\MeuRag\data\palette\¸ö\ÇØÅÂ¼Ò¿ï¸®ÆÛ_²_187.pal"
"ÇØÅÂ¼Ò¿ï¸®ÆÛ_²","188","3","C:\Users\wesley\Desktop\MeuRag\data\palette\¸ö\ÇØÅÂ¼Ò¿ï¸®ÆÛ_²_3.pal","C:\Users\wesley\Desktop\MeuRag\data\palette\¸ö\ÇØÅÂ¼Ò¿ï¸®ÆÛ_²_188.pal"
"ÇØÅÂ¼Ò¿ï¸®ÆÛ_²","189","3","C:\Users\wesley\Desktop\MeuRag\data\palette\¸ö\ÇØÅÂ¼Ò¿ï¸®ÆÛ_²_3.pal","C:\Users\wesley\Desktop\MeuRag\data\palette\¸ö\ÇØÅÂ¼Ò¿ï¸®ÆÛ_²_189.pal"
"ÇØÅÂ¼Ò¿ï¸®ÆÛ_²","190","3","C:\Users\wesley\Desktop\MeuRag\data\palette\¸ö\ÇØÅÂ¼Ò¿ï¸®ÆÛ_²_3.pal","C:\Users\wesley\Desktop\MeuRag\data\palette\¸ö\ÇØÅÂ¼Ò¿ï¸®ÆÛ_²_190.pal"
"ÇØÅÂ¼Ò¿ï¸®ÆÛ_²","191","3","C:\Users\wesley\Desktop\MeuRag\data\palette\¸ö\ÇØÅÂ¼Ò¿ï¸®ÆÛ_²_3.pal","C:\Users\wesley\Desktop\MeuRag\data\palette\¸ö\ÇØÅÂ¼Ò¿ï¸®ÆÛ_²_191.pal"
"ÇØÅÂ¼Ò¿ï¸®ÆÛ_²","192","3","C:\Users\wesley\Desktop\MeuRag\data\palette\¸ö\ÇØÅÂ¼Ò¿ï¸®ÆÛ_²_3.pal","C:\Users\wesley\Desktop\MeuRag\data\palette\¸ö\ÇØÅÂ¼Ò¿ï¸®ÆÛ_²_192.pal"
"ÇØÅÂ¼Ò¿ï¸®ÆÛ_²","193","3","C:\Users\wesley\Desktop\MeuRag\data\palette\¸ö\ÇØÅÂ¼Ò¿ï¸®ÆÛ_²_3.pal","C:\Users\wesley\Desktop\MeuRag\data\palette\¸ö\ÇØÅÂ¼Ò¿ï¸®ÆÛ_²_193.pal"
"ÇØÅÂ¼Ò¿ï¸®ÆÛ_²","194","3","C:\Users\wesley\Desktop\MeuRag\data\palette\¸ö\ÇØÅÂ¼Ò¿ï¸®ÆÛ_²_3.pal","C:\Users\wesley\Desktop\MeuRag\data\palette\¸ö\ÇØÅÂ¼Ò¿ï¸®ÆÛ_²_194.pal"
"ÇØÅÂ¼Ò¿ï¸®ÆÛ_²","195","3","C:\Users\wesley\Desktop\MeuRag\data\palette\¸ö\ÇØÅÂ¼Ò¿ï¸®ÆÛ_²_3.pal","C:\Users\wesley\Desktop\MeuRag\data\palette\¸ö\ÇØÅÂ¼Ò¿ï¸®ÆÛ_²_195.pal"
"ÇØÅÂ¼Ò¿ï¸®ÆÛ_²","196","3","C:\Users\wesley\Desktop\MeuRag\data\palette\¸ö\ÇØÅÂ¼Ò¿ï¸®ÆÛ_²_3.pal","C:\Users\wesley\Desktop\MeuRag\data\palette\¸ö\ÇØÅÂ¼Ò¿ï¸®ÆÛ_²_196.pal"
"ÇØÅÂ¼Ò¿ï¸®ÆÛ_²","197","3","C:\Users\wesley\Desktop\MeuRag\data\palette\¸ö\ÇØÅÂ¼Ò¿ï¸®ÆÛ_²_3.pal","C:\Users\wesley\Desktop\MeuRag\data\palette\¸ö\ÇØÅÂ¼Ò¿ï¸®ÆÛ_²_197.pal"
"ÇØÅÂ¼Ò¿ï¸®ÆÛ_²","198","3","C:\Users\wesley\Desktop\MeuRag\data\palette\¸ö\ÇØÅÂ¼Ò¿ï¸®ÆÛ_²_3.pal","C:\Users\wesley\Desktop\MeuRag\data\palette\¸ö\ÇØÅÂ¼Ò¿ï¸®ÆÛ_²_198.pal"
"ÇØÅÂ¼Ò¿ï¸®ÆÛ_²","199","3","C:\Users\wesley\Desktop\MeuRag\data\palette\¸ö\ÇØÅÂ¼Ò¿ï¸®ÆÛ_²_3.pal","C:\Users\wesley\Desktop\MeuRag\data\palette\¸ö\ÇØÅÂ¼Ò¿ï¸®ÆÛ_²_199.pal"
"ÇØÅÂ¼Ò¿ï¸®ÆÛ_²","200","3","C:\Users\wesley\Desktop\MeuRag\data\palette\¸ö\ÇØÅÂ¼Ò¿ï¸®ÆÛ_²_3.pal","C:\Users\wesley\Desktop\MeuRag\data\palette\¸ö\ÇØÅÂ¼Ò¿ï¸®ÆÛ_²_200.pal"
"ÇØÅÂ¼Ò¿ï¸®ÆÛ_²","201","3","C:\Users\wesley\Desktop\MeuRag\data\palette\¸ö\ÇØÅÂ¼Ò¿ï¸®ÆÛ_²_3.pal","C:\Users\wesley\Desktop\MeuRag\data\palette\¸ö\ÇØÅÂ¼Ò¿ï¸®ÆÛ_²_201.pal"
"ÇØÅÂ¼Ò¿ï¸®ÆÛ_²","202","3","C:\Users\wesley\Desktop\MeuRag\data\palette\¸ö\ÇØÅÂ¼Ò¿ï¸®ÆÛ_²_3.pal","C:\Users\wesley\Desktop\MeuRag\data\palette\¸ö\ÇØÅÂ¼Ò¿ï¸®ÆÛ_²_202.pal"
"ÇØÅÂ¼Ò¿ï¸®ÆÛ_²","203","3","C:\Users\wesley\Desktop\MeuRag\data\palette\¸ö\ÇØÅÂ¼Ò¿ï¸®ÆÛ_²_3.pal","C:\Users\wesley\Desktop\MeuRag\data\palette\¸ö\ÇØÅÂ¼Ò¿ï¸®ÆÛ_²_203.pal"
"ÇØÅÂ¼Ò¿ï¸®ÆÛ_²","204","3","C:\Users\wesley\Desktop\MeuRag\data\palette\¸ö\ÇØÅÂ¼Ò¿ï¸®ÆÛ_²_3.pal","C:\Users\wesley\Desktop\MeuRag\data\palette\¸ö\ÇØÅÂ¼Ò¿ï¸®ÆÛ_²_204.pal"
"ÇØÅÂ¼Ò¿ï¸®ÆÛ_²","205","3","C:\Users\wesley\Desktop\MeuRag\data\palette\¸ö\ÇØÅÂ¼Ò¿ï¸®ÆÛ_²_3.pal","C:\Users\wesley\Desktop\MeuRag\data\palette\¸ö\ÇØÅÂ¼Ò¿ï¸®ÆÛ_²_205.pal"
"ÇØÅÂ¼Ò¿ï¸®ÆÛ_²","206","3","C:\Users\wesley\Desktop\MeuRag\data\palette\¸ö\ÇØÅÂ¼Ò¿ï¸®ÆÛ_²_3.pal","C:\Users\wesley\Desktop\MeuRag\data\palette\¸ö\ÇØÅÂ¼Ò¿ï¸®ÆÛ_²_206.pal"
"ÇØÅÂ¼Ò¿ï¸®ÆÛ_²","207","3","C:\Users\wesley\Desktop\MeuRag\data\palette\¸ö\ÇØÅÂ¼Ò¿ï¸®ÆÛ_²_3.pal","C:\Users\wesley\Desktop\MeuRag\data\palette\¸ö\ÇØÅÂ¼Ò¿ï¸®ÆÛ_²_207.pal"
"ÇØÅÂ¼Ò¿ï¸®ÆÛ_²","208","3","C:\Users\wesley\Desktop\MeuRag\data\palette\¸ö\ÇØÅÂ¼Ò¿ï¸®ÆÛ_²_3.pal","C:\Users\wesley\Desktop\MeuRag\data\palette\¸ö\ÇØÅÂ¼Ò¿ï¸®ÆÛ_²_208.pal"
"ÇØÅÂ¼Ò¿ï¸®ÆÛ_²","209","3","C:\Users\wesley\Desktop\MeuRag\data\palette\¸ö\ÇØÅÂ¼Ò¿ï¸®ÆÛ_²_3.pal","C:\Users\wesley\Desktop\MeuRag\data\palette\¸ö\ÇØÅÂ¼Ò¿ï¸®ÆÛ_²_209.pal"
"ÇØÅÂ¼Ò¿ï¸®ÆÛ_²","210","3","C:\Users\wesley\Desktop\MeuRag\data\palette\¸ö\ÇØÅÂ¼Ò¿ï¸®ÆÛ_²_3.pal","C:\Users\wesley\Desktop\MeuRag\data\palette\¸ö\ÇØÅÂ¼Ò¿ï¸®ÆÛ_²_210.pal"
"ÇØÅÂ¼Ò¿ï¸®ÆÛ_²","211","3","C:\Users\wesley\Desktop\MeuRag\data\palette\¸ö\ÇØÅÂ¼Ò¿ï¸®ÆÛ_²_3.pal","C:\Users\wesley\Desktop\MeuRag\data\palette\¸ö\ÇØÅÂ¼Ò¿ï¸®ÆÛ_²_211.pal"
"ÇØÅÂ¼Ò¿ï¸®ÆÛ_²","212","3","C:\Users\wesley\Desktop\MeuRag\data\palette\¸ö\ÇØÅÂ¼Ò¿ï¸®ÆÛ_²_3.pal","C:\Users\wesley\Desktop\MeuRag\data\palette\¸ö\ÇØÅÂ¼Ò¿ï¸®ÆÛ_²_212.pal"
"ÇØÅÂ¼Ò¿ï¸®ÆÛ_²","213","3","C:\Users\wesley\Desktop\MeuRag\data\palette\¸ö\ÇØÅÂ¼Ò¿ï¸®ÆÛ_²_3.pal","C:\Users\wesley\Desktop\MeuRag\data\palette\¸ö\ÇØÅÂ¼Ò¿ï¸®ÆÛ_²_213.pal"
"ÇØÅÂ¼Ò¿ï¸®ÆÛ_²","214","3","C:\Users\wesley\Desktop\MeuRag\data\palette\¸ö\ÇØÅÂ¼Ò¿ï¸®ÆÛ_²_3.pal","C:\Users\wesley\Desktop\MeuRag\data\palette\¸ö\ÇØÅÂ¼Ò¿ï¸®ÆÛ_²_214.pal"
"ÇØÅÂ¼Ò¿ï¸®ÆÛ_²","215","3","C:\Users\wesley\Desktop\MeuRag\data\palette\¸ö\ÇØÅÂ¼Ò¿ï¸®ÆÛ_²_3.pal","C:\Users\wesley\Desktop\MeuRag\data\palette\¸ö\ÇØÅÂ¼Ò¿ï¸®ÆÛ_²_215.pal"
"ÇØÅÂ¼Ò¿ï¸®ÆÛ_²","216","3","C:\Users\wesley\Desktop\MeuRag\data\palette\¸ö\ÇØÅÂ¼Ò¿ï¸®ÆÛ_²_3.pal","C:\Users\wesley\Desktop\MeuRag\data\palette\¸ö\ÇØÅÂ¼Ò¿ï¸®ÆÛ_²_216.pal"
"ÇØÅÂ¼Ò¿ï¸®ÆÛ_²","217","3","C:\Users\wesley\Desktop\MeuRag\data\palette\¸ö\ÇØÅÂ¼Ò¿ï¸®ÆÛ_²_3.pal","C:\Users\wesley\Desktop\MeuRag\data\palette\¸ö\ÇØÅÂ¼Ò¿ï¸®ÆÛ_²_217.pal"
"ÇØÅÂ¼Ò¿ï¸®ÆÛ_²","218","3","C:\Users\wesley\Desktop\MeuRag\data\palette\¸ö\ÇØÅÂ¼Ò¿ï¸®ÆÛ_²_3.pal","C:\Users\wesley\Desktop\MeuRag\data\palette\¸ö\ÇØÅÂ¼Ò¿ï¸®ÆÛ_²_218.pal"
"ÇØÅÂ¼Ò¿ï¸®ÆÛ_²","219","3","C:\Users\wesley\Desktop\MeuRag\data\palette\¸ö\ÇØÅÂ¼Ò¿ï¸®ÆÛ_²_3.pal","C:\Users\wesley\Desktop\MeuRag\data\palette\¸ö\ÇØÅÂ¼Ò¿ï¸®ÆÛ_²_219.pal"
"ÇØÅÂ¼Ò¿ï¸®ÆÛ_²","220","3","C:\Users\wesley\Desktop\MeuRag\data\palette\¸ö\ÇØÅÂ¼Ò¿ï¸®ÆÛ_²_3.pal","C:\Users\wesley\Desktop\MeuRag\data\palette\¸ö\ÇØÅÂ¼Ò¿ï¸®ÆÛ_²_220.pal"
"ÇØÅÂ¼Ò¿ï¸®ÆÛ_²","221","3","C:\Users\wesley\Desktop\MeuRag\data\palette\¸ö\ÇØÅÂ¼Ò¿ï¸®ÆÛ_²_3.pal","C:\Users\wesley\Desktop\MeuRag\data\palette\¸ö\ÇØÅÂ¼Ò¿ï¸®ÆÛ_²_221.pal"
"ÇØÅÂ¼Ò¿ï¸®ÆÛ_²","222","3","C:\Users\wesley\Desktop\MeuRag\data\palette\¸ö\ÇØÅÂ¼Ò¿ï¸®ÆÛ_²_3.pal","C:\Users\wesley\Desktop\MeuRag\data\palette\¸ö\ÇØÅÂ¼Ò¿ï¸®ÆÛ_²_222.pal"
"ÇØÅÂ¼Ò¿ï¸®ÆÛ_²","223","3","C:\Users\wesley\Desktop\MeuRag\data\palette\¸ö\ÇØÅÂ¼Ò¿ï¸®ÆÛ_²_3.pal","C:\Users\wesley\Desktop\MeuRag\data\palette\¸ö\ÇØÅÂ¼Ò¿ï¸®ÆÛ_²_223.pal"
"ÇØÅÂ¼Ò¿ï¸®ÆÛ_²","224","3","C:\Users\wesley\Desktop\MeuRag\data\palette\¸ö\ÇØÅÂ¼Ò¿ï¸®ÆÛ_²_3.pal","C:\Users\wesley\Desktop\MeuRag\data\palette\¸ö\ÇØÅÂ¼Ò¿ï¸®ÆÛ_²_224.pal"
"ÇØÅÂ¼Ò¿ï¸®ÆÛ_²","225","3","C:\Users\wesley\Desktop\MeuRag\data\palette\¸ö\ÇØÅÂ¼Ò¿ï¸®ÆÛ_²_3.pal","C:\Users\wesley\Desktop\MeuRag\data\palette\¸ö\ÇØÅÂ¼Ò¿ï¸®ÆÛ_²_225.pal"
"ÇØÅÂ¼Ò¿ï¸®ÆÛ_²","226","3","C:\Users\wesley\Desktop\MeuRag\data\palette\¸ö\ÇØÅÂ¼Ò¿ï¸®ÆÛ_²_3.pal","C:\Users\wesley\Desktop\MeuRag\data\palette\¸ö\ÇØÅÂ¼Ò¿ï¸®ÆÛ_²_226.pal"
"ÇØÅÂ¼Ò¿ï¸®ÆÛ_²","227","3","C:\Users\wesley\Desktop\MeuRag\data\palette\¸ö\ÇØÅÂ¼Ò¿ï¸®ÆÛ_²_3.pal","C:\Users\wesley\Desktop\MeuRag\data\palette\¸ö\ÇØÅÂ¼Ò¿ï¸®ÆÛ_²_227.pal"
"ÇØÅÂ¼Ò¿ï¸®ÆÛ_²","228","3","C:\Users\wesley\Desktop\MeuRag\data\palette\¸ö\ÇØÅÂ¼Ò¿ï¸®ÆÛ_²_3.pal","C:\Users\wesley\Desktop\MeuRag\data\palette\¸ö\ÇØÅÂ¼Ò¿ï¸®ÆÛ_²_228.pal"
"ÇØÅÂ¼Ò¿ï¸®ÆÛ_²","229","3","C:\Users\wesley\Desktop\MeuRag\data\palette\¸ö\ÇØÅÂ¼Ò¿ï¸®ÆÛ_²_3.pal","C:\Users\wesley\Desktop\MeuRag\data\palette\¸ö\ÇØÅÂ¼Ò¿ï¸®ÆÛ_²_229.pal"
"ÇØÅÂ¼Ò¿ï¸®ÆÛ_²","230","3","C:\Users\wesley\Desktop\MeuRag\data\palette\¸ö\ÇØÅÂ¼Ò¿ï¸®ÆÛ_²_3.pal","C:\Users\wesley\Desktop\MeuRag\data\palette\¸ö\ÇØÅÂ¼Ò¿ï¸®ÆÛ_²_230.pal"
"ÇØÅÂ¼Ò¿ï¸®ÆÛ_²","231","3","C:\Users\wesley\Desktop\MeuRag\data\palette\¸ö\ÇØÅÂ¼Ò¿ï¸®ÆÛ_²_3.pal","C:\Users\wesley\Desktop\MeuRag\data\palette\¸ö\ÇØÅÂ¼Ò¿ï¸®ÆÛ_²_231.pal"
"ÇØÅÂ¼Ò¿ï¸®ÆÛ_²","232","3","C:\Users\wesley\Desktop\MeuRag\data\palette\¸ö\ÇØÅÂ¼Ò¿ï¸®ÆÛ_²_3.pal","C:\Users\wesley\Desktop\MeuRag\data\palette\¸ö\ÇØÅÂ¼Ò¿ï¸®ÆÛ_²_232.pal"
"ÇØÅÂ¼Ò¿ï¸®ÆÛ_²","233","3","C:\Users\wesley\Desktop\MeuRag\data\palette\¸ö\ÇØÅÂ¼Ò¿ï¸®ÆÛ_²_3.pal","C:\Users\wesley\Desktop\MeuRag\data\palette\¸ö\ÇØÅÂ¼Ò¿ï¸®ÆÛ_²_233.pal"
"ÇØÅÂ¼Ò¿ï¸®ÆÛ_²","234","3","C:\Users\wesley\Desktop\MeuRag\data\palette\¸ö\ÇØÅÂ¼Ò¿ï¸®ÆÛ_²_3.pal","C:\Users\wesley\Desktop\MeuRag\data\palette\¸ö\ÇØÅÂ¼Ò¿ï¸®ÆÛ_²_234.pal"
"ÇØÅÂ¼Ò¿ï¸®ÆÛ_²","235","3","C:\Users\wesley\Desktop\MeuRag\data\palette\¸ö\ÇØÅÂ¼Ò¿ï¸®ÆÛ_²_3.pal","C:\Users\wesley\Desktop\MeuRag\data\palette\¸ö\ÇØÅÂ¼Ò¿ï¸®ÆÛ_²_235.pal"
"ÇØÅÂ¼Ò¿ï¸®ÆÛ_²","236","3","C:\Users\wesley\Desktop\MeuRag\data\palette\¸ö\ÇØÅÂ¼Ò¿ï¸®ÆÛ_²_3.pal","C:\Users\wesley\Desktop\MeuRag\data\palette\¸ö\ÇØÅÂ¼Ò¿ï¸®ÆÛ_²_236.pal"
"ÇØÅÂ¼Ò¿ï¸®ÆÛ_²","237","3","C:\Users\wesley\Desktop\MeuRag\data\palette\¸ö\ÇØÅÂ¼Ò¿ï¸®ÆÛ_²_3.pal","C:\Users\wesley\Desktop\MeuRag\data\palette\¸ö\ÇØÅÂ¼Ò¿ï¸®ÆÛ_²_237.pal"
"ÇØÅÂ¼Ò¿ï¸®ÆÛ_²","238","3","C:\Users\wesley\Desktop\MeuRag\data\palette\¸ö\ÇØÅÂ¼Ò¿ï¸®ÆÛ_²_3.pal","C:\Users\wesley\Desktop\MeuRag\data\palette\¸ö\ÇØÅÂ¼Ò¿ï¸®ÆÛ_²_238.pal"
"ÇØÅÂ¼Ò¿ï¸®ÆÛ_²","239","3","C:\Users\wesley\Desktop\MeuRag\data\palette\¸ö\ÇØÅÂ¼Ò¿ï¸®ÆÛ_²_3.pal","C:\Users\wesley\Desktop\MeuRag\data\palette\¸ö\ÇØÅÂ¼Ò¿ï¸®ÆÛ_²_239.pal"
"ÇØÅÂ¼Ò¿ï¸®ÆÛ_²","240","3","C:\Users\wesley\Desktop\MeuRag\data\palette\¸ö\ÇØÅÂ¼Ò¿ï¸®ÆÛ_²_3.pal","C:\Users\wesley\Desktop\MeuRag\data\palette\¸ö\ÇØÅÂ¼Ò¿ï¸®ÆÛ_²_240.pal"
"ÇØÅÂ¼Ò¿ï¸®ÆÛ_²","241","3","C:\Users\wesley\Desktop\MeuRag\data\palette\¸ö\ÇØÅÂ¼Ò¿ï¸®ÆÛ_²_3.pal","C:\Users\wesley\Desktop\MeuRag\data\palette\¸ö\ÇØÅÂ¼Ò¿ï¸®ÆÛ_²_241.pal"
"ÇØÅÂ¼Ò¿ï¸®ÆÛ_²","242","3","C:\Users\wesley\Desktop\MeuRag\data\palette\¸ö\ÇØÅÂ¼Ò¿ï¸®ÆÛ_²_3.pal","C:\Users\wesley\Desktop\MeuRag\data\palette\¸ö\ÇØÅÂ¼Ò¿ï¸®ÆÛ_²_242.pal"
"ÇØÅÂ¼Ò¿ï¸®ÆÛ_²","243","3","C:\Users\wesley\Desktop\MeuRag\data\palette\¸ö\ÇØÅÂ¼Ò¿ï¸®ÆÛ_²_3.pal","C:\Users\wesley\Desktop\MeuRag\data\palette\¸ö\ÇØÅÂ¼Ò¿ï¸®ÆÛ_²_243.pal"
"ÇØÅÂ¼Ò¿ï¸®ÆÛ_²","244","3","C:\Users\wesley\Desktop\MeuRag\data\palette\¸ö\ÇØÅÂ¼Ò¿ï¸®ÆÛ_²_3.pal","C:\Users\wesley\Desktop\MeuRag\data\palette\¸ö\ÇØÅÂ¼Ò¿ï¸®ÆÛ_²_244.pal"
"ÇØÅÂ¼Ò¿ï¸®ÆÛ_²","245","3","C:\Users\wesley\Desktop\MeuRag\data\palette\¸ö\ÇØÅÂ¼Ò¿ï¸®ÆÛ_²_3.pal","C:\Users\wesley\Desktop\MeuRag\data\palette\¸ö\ÇØÅÂ¼Ò¿ï¸®ÆÛ_²_245.pal"
"ÇØÅÂ¼Ò¿ï¸®ÆÛ_²","246","3","C:\Users\wesley\Desktop\MeuRag\data\palette\¸ö\ÇØÅÂ¼Ò¿ï¸®ÆÛ_²_3.pal","C:\Users\wesley\Desktop\MeuRag\data\palette\¸ö\ÇØÅÂ¼Ò¿ï¸®ÆÛ_²_246.pal"
"ÇØÅÂ¼Ò¿ï¸®ÆÛ_²","247","3","C:\Users\wesley\Desktop\MeuRag\data\palette\¸ö\ÇØÅÂ¼Ò¿ï¸®ÆÛ_²_3.pal","C:\Users\wesley\Desktop\MeuRag\data\palette\¸ö\ÇØÅÂ¼Ò¿ï¸®ÆÛ_²_247.pal"
"ÇØÅÂ¼Ò¿ï¸®ÆÛ_²","248","3","C:\Users\wesley\Desktop\MeuRag\data\palette\¸ö\ÇØÅÂ¼Ò¿ï¸®ÆÛ_²_3.pal","C:\Users\wesley\Desktop\MeuRag\data\palette\¸ö\ÇØÅÂ¼Ò¿ï¸®ÆÛ_²_248.pal"
"ÇØÅÂ¼Ò¿ï¸®ÆÛ_²","249","3","C:\Users\wesley\Desktop\MeuRag\data\palette\¸ö\ÇØÅÂ¼Ò¿ï¸®ÆÛ_²_3.pal","C:\Users\wesley\Desktop\MeuRag\data\palette\¸ö\ÇØÅÂ¼Ò¿ï¸®ÆÛ_²_249.pal"
"ÇØÅÂ¼Ò¿ï¸®ÆÛ_²","250","3","C:\Users\wesley\Desktop\MeuRag\data\palette\¸ö\ÇØÅÂ¼Ò¿ï¸®ÆÛ_²_3.pal","C:\Users\wesley\Desktop\MeuRag\data\palette\¸ö\ÇØÅÂ¼Ò¿ï¸®ÆÛ_²_250.pal"
"ÇØÅÂ¼Ò¿ï¸®ÆÛ_²","251","3","C:\Users\wesley\Desktop\MeuRag\data\palette\¸ö\ÇØÅÂ¼Ò¿ï¸®ÆÛ_²_3.pal","C:\Users\wesley\Desktop\MeuRag\data\palette\¸ö\ÇØÅÂ¼Ò¿ï¸®ÆÛ_²_251.pal"
"ÇØÅÂ¼Ò¿ï¸®ÆÛ_²","252","3","C:\Users\wesley\Desktop\MeuRag\data\palette\¸ö\ÇØÅÂ¼Ò¿ï¸®ÆÛ_²_3.pal","C:\Users\wesley\Desktop\MeuRag\data\palette\¸ö\ÇØÅÂ¼Ò¿ï¸®ÆÛ_²_252.pal"
"ÇØÅÂ¼Ò¿ï¸®ÆÛ_²","253","3","C:\Users\wesley\Desktop\MeuRag\data\palette\¸ö\ÇØÅÂ¼Ò¿ï¸®ÆÛ_²_3.pal","C:\Users\wesley\Desktop\MeuRag\data\palette\¸ö\ÇØÅÂ¼Ò¿ï¸®ÆÛ_²_253.pal"
"ÇØÅÂ¼Ò¿ï¸®ÆÛ_²","254","3","C:\Users\wesley\Desktop\MeuRag\data\palette\¸ö\ÇØÅÂ¼Ò¿ï¸®ÆÛ_²_3.pal","C:\Users\wesley\Desktop\MeuRag\data\palette\¸ö\ÇØÅÂ¼Ò¿ï¸®ÆÛ_²_254.pal"
"ÇØÅÂ¼Ò¿ï¸®ÆÛ_²","255","3","C:\Users\wesley\Desktop\MeuRag\data\palette\¸ö\ÇØÅÂ¼Ò¿ï¸®ÆÛ_²_3.pal","C:\Users\wesley\Desktop\MeuRag\data\palette\¸ö\ÇØÅÂ¼Ò¿ï¸®ÆÛ_²_255.pal"
"ÇØÅÂ¼Ò¿ï¸®ÆÛ_²","256","3","C:\Users\wesley\Desktop\MeuRag\data\palette\¸ö\ÇØÅÂ¼Ò¿ï¸®ÆÛ_²_3.pal","C:\Users\wesley\Desktop\MeuRag\data\palette\¸ö\ÇØÅÂ¼Ò¿ï¸®ÆÛ_²_256.pal"
"ÇØÅÂ¼Ò¿ï¸®ÆÛ_²","257","3","C:\Users\wesley\Desktop\MeuRag\data\palette\¸ö\ÇØÅÂ¼Ò¿ï¸®ÆÛ_²_3.pal","C:\Users\wesley\Desktop\MeuRag\data\palette\¸ö\ÇØÅÂ¼Ò¿ï¸®ÆÛ_²_257.pal"
"ÇØÅÂ¼Ò¿ï¸®ÆÛ_²","258","3","C:\Users\wesley\Desktop\MeuRag\data\palette\¸ö\ÇØÅÂ¼Ò¿ï¸®ÆÛ_²_3.pal","C:\Users\wesley\Desktop\MeuRag\data\palette\¸ö\ÇØÅÂ¼Ò¿ï¸®ÆÛ_²_258.pal"
"ÇØÅÂ¼Ò¿ï¸®ÆÛ_²","259","3","C:\Users\wesley\Desktop\MeuRag\data\palette\¸ö\ÇØÅÂ¼Ò¿ï¸®ÆÛ_²_3.pal","C:\Users\wesley\Desktop\MeuRag\data\palette\¸ö\ÇØÅÂ¼Ò¿ï¸®ÆÛ_²_259.pal"
"ÇØÅÂ¼Ò¿ï¸®ÆÛ_²","260","3","C:\Users\wesley\Desktop\MeuRag\data\palette\¸ö\ÇØÅÂ¼Ò¿ï¸®ÆÛ_²_3.pal","C:\Users\wesley\Desktop\MeuRag\data\palette\¸ö\ÇØÅÂ¼Ò¿ï¸®ÆÛ_²_260.pal"
"ÇØÅÂ¼Ò¿ï¸®ÆÛ_²","261","3","C:\Users\wesley\Desktop\MeuRag\data\palette\¸ö\ÇØÅÂ¼Ò¿ï¸®ÆÛ_²_3.pal","C:\Users\wesley\Desktop\MeuRag\data\palette\¸ö\ÇØÅÂ¼Ò¿ï¸®ÆÛ_²_261.pal"
"ÇØÅÂ¼Ò¿ï¸®ÆÛ_²","262","3","C:\Users\wesley\Desktop\MeuRag\data\palette\¸ö\ÇØÅÂ¼Ò¿ï¸®ÆÛ_²_3.pal","C:\Users\wesley\Desktop\MeuRag\data\palette\¸ö\ÇØÅÂ¼Ò¿ï¸®ÆÛ_²_262.pal"
"ÇØÅÂ¼Ò¿ï¸®ÆÛ_²","263","3","C:\Users\wesley\Desktop\MeuRag\data\palette\¸ö\ÇØÅÂ¼Ò¿ï¸®ÆÛ_²_3.pal","C:\Users\wesley\Desktop\MeuRag\data\palette\¸ö\ÇØÅÂ¼Ò¿ï¸®ÆÛ_²_263.pal"
"ÇØÅÂ¼Ò¿ï¸®ÆÛ_²","264","3","C:\Users\wesley\Desktop\MeuRag\data\palette\¸ö\ÇØÅÂ¼Ò¿ï¸®ÆÛ_²_3.pal","C:\Users\wesley\Desktop\MeuRag\data\palette\¸ö\ÇØÅÂ¼Ò¿ï¸®ÆÛ_²_264.pal"
"ÇØÅÂ¼Ò¿ï¸®ÆÛ_²","265","3","C:\Users\wesley\Desktop\MeuRag\data\palette\¸ö\ÇØÅÂ¼Ò¿ï¸®ÆÛ_²_3.pal","C:\Users\wesley\Desktop\MeuRag\data\palette\¸ö\ÇØÅÂ¼Ò¿ï¸®ÆÛ_²_265.pal"
"ÇØÅÂ¼Ò¿ï¸®ÆÛ_²","266","3","C:\Users\wesley\Desktop\MeuRag\data\palette\¸ö\ÇØÅÂ¼Ò¿ï¸®ÆÛ_²_3.pal","C:\Users\wesley\Desktop\MeuRag\data\palette\¸ö\ÇØÅÂ¼Ò¿ï¸®ÆÛ_²_266.pal"
"ÇØÅÂ¼Ò¿ï¸®ÆÛ_²","267","3","C:\Users\wesley\Desktop\MeuRag\data\palette\¸ö\ÇØÅÂ¼Ò¿ï¸®ÆÛ_²_3.pal","C:\Users\wesley\Desktop\MeuRag\data\palette\¸ö\ÇØÅÂ¼Ò¿ï¸®ÆÛ_²_267.pal"
"ÇØÅÂ¼Ò¿ï¸®ÆÛ_²","268","3","C:\Users\wesley\Desktop\MeuRag\data\palette\¸ö\ÇØÅÂ¼Ò¿ï¸®ÆÛ_²_3.pal","C:\Users\wesley\Desktop\MeuRag\data\palette\¸ö\ÇØÅÂ¼Ò¿ï¸®ÆÛ_²_268.pal"
"ÇØÅÂ¼Ò¿ï¸®ÆÛ_²","269","3","C:\Users\wesley\Desktop\MeuRag\data\palette\¸ö\ÇØÅÂ¼Ò¿ï¸®ÆÛ_²_3.pal","C:\Users\wesley\Desktop\MeuRag\data\palette\¸ö\ÇØÅÂ¼Ò¿ï¸®ÆÛ_²_269.pal"
"ÇØÅÂ¼Ò¿ï¸®ÆÛ_²","270","3","C:\Users\wesley\Desktop\MeuRag\data\palette\¸ö\ÇØÅÂ¼Ò¿ï¸®ÆÛ_²_3.pal","C:\Users\wesley\Desktop\MeuRag\data\palette\¸ö\ÇØÅÂ¼Ò¿ï¸®ÆÛ_²_270.pal"
"ÇØÅÂ¼Ò¿ï¸®ÆÛ_²","271","3","C:\Users\wesley\Desktop\MeuRag\data\palette\¸ö\ÇØÅÂ¼Ò¿ï¸®ÆÛ_²_3.pal","C:\Users\wesley\Desktop\MeuRag\data\palette\¸ö\ÇØÅÂ¼Ò¿ï¸®ÆÛ_²_271.pal"
"ÇØÅÂ¼Ò¿ï¸®ÆÛ_²","272","3","C:\Users\wesley\Desktop\MeuRag\data\palette\¸ö\ÇØÅÂ¼Ò¿ï¸®ÆÛ_²_3.pal","C:\Users\wesley\Desktop\MeuRag\data\palette\¸ö\ÇØÅÂ¼Ò¿ï¸®ÆÛ_²_272.pal"
"ÇØÅÂ¼Ò¿ï¸®ÆÛ_²","273","3","C:\Users\wesley\Desktop\MeuRag\data\palette\¸ö\ÇØÅÂ¼Ò¿ï¸®ÆÛ_²_3.pal","C:\Users\wesley\Desktop\MeuRag\data\palette\¸ö\ÇØÅÂ¼Ò¿ï¸®ÆÛ_²_273.pal"
"ÇØÅÂ¼Ò¿ï¸®ÆÛ_²","274","3","C:\Users\wesley\Desktop\MeuRag\data\palette\¸ö\ÇØÅÂ¼Ò¿ï¸®ÆÛ_²_3.pal","C:\Users\wesley\Desktop\MeuRag\data\palette\¸ö\ÇØÅÂ¼Ò¿ï¸®ÆÛ_²_274.pal"
"ÇØÅÂ¼Ò¿ï¸®ÆÛ_²","275","3","C:\Users\wesley\Desktop\MeuRag\data\palette\¸ö\ÇØÅÂ¼Ò¿ï¸®ÆÛ_²_3.pal","C:\Users\wesley\Desktop\MeuRag\data\palette\¸ö\ÇØÅÂ¼Ò¿ï¸®ÆÛ_²_275.pal"
"ÇØÅÂ¼Ò¿ï¸®ÆÛ_²","276","3","C:\Users\wesley\Desktop\MeuRag\data\palette\¸ö\ÇØÅÂ¼Ò¿ï¸®ÆÛ_²_3.pal","C:\Users\wesley\Desktop\MeuRag\data\palette\¸ö\ÇØÅÂ¼Ò¿ï¸®ÆÛ_²_276.pal"
"ÇØÅÂ¼Ò¿ï¸®ÆÛ_²","277","3","C:\Users\wesley\Desktop\MeuRag\data\palette\¸ö\ÇØÅÂ¼Ò¿ï¸®ÆÛ_²_3.pal","C:\Users\wesley\Desktop\MeuRag\data\palette\¸ö\ÇØÅÂ¼Ò¿ï¸®ÆÛ_²_277.pal"
"ÇØÅÂ¼Ò¿ï¸®ÆÛ_²","278","3","C:\Users\wesley\Desktop\MeuRag\data\palette\¸ö\ÇØÅÂ¼Ò¿ï¸®ÆÛ_²_3.pal","C:\Users\wesley\Desktop\MeuRag\data\palette\¸ö\ÇØÅÂ¼Ò¿ï¸®ÆÛ_²_278.pal"
"ÇØÅÂ¼Ò¿ï¸®ÆÛ_²","279","3","C:\Users\wesley\Desktop\MeuRag\data\palette\¸ö\ÇØÅÂ¼Ò¿ï¸®ÆÛ_²_3.pal","C:\Users\wesley\Desktop\MeuRag\data\palette\¸ö\ÇØÅÂ¼Ò¿ï¸®ÆÛ_²_279.pal"
"ÇØÅÂ¼Ò¿ï¸®ÆÛ_²","280","3","C:\Users\wesley\Desktop\MeuRag\data\palette\¸ö\ÇØÅÂ¼Ò¿ï¸®ÆÛ_²_3.pal","C:\Users\wesley\Desktop\MeuRag\data\palette\¸ö\ÇØÅÂ¼Ò¿ï¸®ÆÛ_²_280.pal"
"ÇØÅÂ¼Ò¿ï¸®ÆÛ_²","281","3","C:\Users\wesley\Desktop\MeuRag\data\palette\¸ö\ÇØÅÂ¼Ò¿ï¸®ÆÛ_²_3.pal","C:\Users\wesley\Desktop\MeuRag\data\palette\¸ö\ÇØÅÂ¼Ò¿ï¸®ÆÛ_²_281.pal"
"ÇØÅÂ¼Ò¿ï¸®ÆÛ_²","282","3","C:\Users\wesley\Desktop\MeuRag\data\palette\¸ö\ÇØÅÂ¼Ò¿ï¸®ÆÛ_²_3.pal","C:\Users\wesley\Desktop\MeuRag\data\palette\¸ö\ÇØÅÂ¼Ò¿ï¸®ÆÛ_²_282.pal"
"ÇØÅÂ¼Ò¿ï¸®ÆÛ_²","283","3","C:\Users\wesley\Desktop\MeuRag\data\palette\¸ö\ÇØÅÂ¼Ò¿ï¸®ÆÛ_²_3.pal","C:\Users\wesley\Desktop\MeuRag\data\palette\¸ö\ÇØÅÂ¼Ò¿ï¸®ÆÛ_²_283.pal"
"ÇØÅÂ¼Ò¿ï¸®ÆÛ_²","284","3","C:\Users\wesley\Desktop\MeuRag\data\palette\¸ö\ÇØÅÂ¼Ò¿ï¸®ÆÛ_²_3.pal","C:\Users\wesley\Desktop\MeuRag\data\palette\¸ö\ÇØÅÂ¼Ò¿ï¸®ÆÛ_²_284.pal"
"ÇØÅÂ¼Ò¿ï¸®ÆÛ_²","285","3","C:\Users\wesley\Desktop\MeuRag\data\palette\¸ö\ÇØÅÂ¼Ò¿ï¸®ÆÛ_²_3.pal","C:\Users\wesley\Desktop\MeuRag\data\palette\¸ö\ÇØÅÂ¼Ò¿ï¸®ÆÛ_²_285.pal"
"ÇØÅÂ¼Ò¿ï¸®ÆÛ_²","286","3","C:\Users\wesley\Desktop\MeuRag\data\palette\¸ö\ÇØÅÂ¼Ò¿ï¸®ÆÛ_²_3.pal","C:\Users\wesley\Desktop\MeuRag\data\palette\¸ö\ÇØÅÂ¼Ò¿ï¸®ÆÛ_²_286.pal"
"ÇØÅÂ¼Ò¿ï¸®ÆÛ_²","287","3","C:\Users\wesley\Desktop\MeuRag\data\palette\¸ö\ÇØÅÂ¼Ò¿ï¸®ÆÛ_²_3.pal","C:\Users\wesley\Desktop\MeuRag\data\palette\¸ö\ÇØÅÂ¼Ò¿ï¸®ÆÛ_²_287.pal"
"ÇØÅÂ¼Ò¿ï¸®ÆÛ_²","288","3","C:\Users\wesley\Desktop\MeuRag\data\palette\¸ö\ÇØÅÂ¼Ò¿ï¸®ÆÛ_²_3.pal","C:\Users\wesley\Desktop\MeuRag\data\palette\¸ö\ÇØÅÂ¼Ò¿ï¸®ÆÛ_²_288.pal"
"ÇØÅÂ¼Ò¿ï¸®ÆÛ_²","289","3","C:\Users\wesley\Desktop\MeuRag\data\palette\¸ö\ÇØÅÂ¼Ò¿ï¸®ÆÛ_²_3.pal","C:\Users\wesley\Desktop\MeuRag\data\palette\¸ö\ÇØÅÂ¼Ò¿ï¸®ÆÛ_²_289.pal"
"ÇØÅÂ¼Ò¿ï¸®ÆÛ_²","290","3","C:\Users\wesley\Desktop\MeuRag\data\palette\¸ö\ÇØÅÂ¼Ò¿ï¸®ÆÛ_²_3.pal","C:\Users\wesley\Desktop\MeuRag\data\palette\¸ö\ÇØÅÂ¼Ò¿ï¸®ÆÛ_²_290.pal"
"ÇØÅÂ¼Ò¿ï¸®ÆÛ_²","291","3","C:\Users\wesley\Desktop\MeuRag\data\palette\¸ö\ÇØÅÂ¼Ò¿ï¸®ÆÛ_²_3.pal","C:\Users\wesley\Desktop\MeuRag\data\palette\¸ö\ÇØÅÂ¼Ò¿ï¸®ÆÛ_²_291.pal"
"ÇØÅÂ¼Ò¿ï¸®ÆÛ_²","292","3","C:\Users\wesley\Desktop\MeuRag\data\palette\¸ö\ÇØÅÂ¼Ò¿ï¸®ÆÛ_²_3.pal","C:\Users\wesley\Desktop\MeuRag\data\palette\¸ö\ÇØÅÂ¼Ò¿ï¸®ÆÛ_²_292.pal"
"ÇØÅÂ¼Ò¿ï¸®ÆÛ_²","293","3","C:\Users\wesley\Desktop\MeuRag\data\palette\¸ö\ÇØÅÂ¼Ò¿ï¸®ÆÛ_²_3.pal","C:\Users\wesley\Desktop\MeuRag\data\palette\¸ö\ÇØÅÂ¼Ò¿ï¸®ÆÛ_²_293.pal"
"ÇØÅÂ¼Ò¿ï¸®ÆÛ_²","294","3","C:\Users\wesley\Desktop\MeuRag\data\palette\¸ö\ÇØÅÂ¼Ò¿ï¸®ÆÛ_²_3.pal","C:\Users\wesley\Desktop\MeuRag\data\palette\¸ö\ÇØÅÂ¼Ò¿ï¸®ÆÛ_²_294.pal"
"ÇØÅÂ¼Ò¿ï¸®ÆÛ_²","295","3","C:\Users\wesley\Desktop\MeuRag\data\palette\¸ö\ÇØÅÂ¼Ò¿ï¸®ÆÛ_²_3.pal","C:\Users\wesley\Desktop\MeuRag\data\palette\¸ö\ÇØÅÂ¼Ò¿ï¸®ÆÛ_²_295.pal"
"ÇØÅÂ¼Ò¿ï¸®ÆÛ_²","296","3","C:\Users\wesley\Desktop\MeuRag\data\palette\¸ö\ÇØÅÂ¼Ò¿ï¸®ÆÛ_²_3.pal","C:\Users\wesley\Desktop\MeuRag\data\palette\¸ö\ÇØÅÂ¼Ò¿ï¸®ÆÛ_²_296.pal"
"ÇØÅÂ¼Ò¿ï¸®ÆÛ_²","297","3","C:\Users\wesley\Desktop\MeuRag\data\palette\¸ö\ÇØÅÂ¼Ò¿ï¸®ÆÛ_²_3.pal","C:\Users\wesley\Desktop\MeuRag\data\palette\¸ö\ÇØÅÂ¼Ò¿ï¸®ÆÛ_²_297.pal"
"ÇØÅÂ¼Ò¿ï¸®ÆÛ_²","298","3","C:\Users\wesley\Desktop\MeuRag\data\palette\¸ö\ÇØÅÂ¼Ò¿ï¸®ÆÛ_²_3.pal","C:\Users\wesley\Desktop\MeuRag\data\palette\¸ö\ÇØÅÂ¼Ò¿ï¸®ÆÛ_²_298.pal"
"ÇØÅÂ¼Ò¿ï¸®ÆÛ_²","299","3","C:\Users\wesley\Desktop\MeuRag\data\palette\¸ö\ÇØÅÂ¼Ò¿ï¸®ÆÛ_²_3.pal","C:\Users\wesley\Desktop\MeuRag\data\palette\¸ö\ÇØÅÂ¼Ò¿ï¸®ÆÛ_²_299.pal"
"ÇØÅÂ¼Ò¿ï¸®ÆÛ_²","300","3","C:\Users\wesley\Desktop\MeuRag\data\palette\¸ö\ÇØÅÂ¼Ò¿ï¸®ÆÛ_²_3.pal","C:\Users\wesley\Desktop\MeuRag\data\palette\¸ö\ÇØÅÂ¼Ò¿ï¸®ÆÛ_²_300.pal"
"ÇØÅÂ¼Ò¿ï¸®ÆÛ_²","301","3","C:\Users\wesley\Desktop\MeuRag\data\palette\¸ö\ÇØÅÂ¼Ò¿ï¸®ÆÛ_²_3.pal","C:\Users\wesley\Desktop\MeuRag\data\palette\¸ö\ÇØÅÂ¼Ò¿ï¸®ÆÛ_²_301.pal"
"ÇØÅÂ¼Ò¿ï¸®ÆÛ_²","302","3","C:\Users\wesley\Desktop\MeuRag\data\palette\¸ö\ÇØÅÂ¼Ò¿ï¸®ÆÛ_²_3.pal","C:\Users\wesley\Desktop\MeuRag\data\palette\¸ö\ÇØÅÂ¼Ò¿ï¸®ÆÛ_²_302.pal"
"ÇØÅÂ¼Ò¿ï¸®ÆÛ_²","303","3","C:\Users\wesley\Desktop\MeuRag\data\palette\¸ö\ÇØÅÂ¼Ò¿ï¸®ÆÛ_²_3.pal","C:\Users\wesley\Desktop\MeuRag\data\palette\¸ö\ÇØÅÂ¼Ò¿ï¸®ÆÛ_²_303.pal"
"ÇØÅÂ¼Ò¿ï¸®ÆÛ_²","304","3","C:\Users\wesley\Desktop\MeuRag\data\palette\¸ö\ÇØÅÂ¼Ò¿ï¸®ÆÛ_²_3.pal","C:\Users\wesley\Desktop\MeuRag\data\palette\¸ö\ÇØÅÂ¼Ò¿ï¸®ÆÛ_²_304.pal"
"ÇØÅÂ¼Ò¿ï¸®ÆÛ_²","305","3","C:\Users\wesley\Desktop\MeuRag\data\palette\¸ö\ÇØÅÂ¼Ò¿ï¸®ÆÛ_²_3.pal","C:\Users\wesley\Desktop\MeuRag\data\palette\¸ö\ÇØÅÂ¼Ò¿ï¸®ÆÛ_²_305.pal"
"ÇØÅÂ¼Ò¿ï¸®ÆÛ_²","306","3","C:\Users\wesley\Desktop\MeuRag\data\palette\¸ö\ÇØÅÂ¼Ò¿ï¸®ÆÛ_²_3.pal","C:\Users\wesley\Desktop\MeuRag\data\palette\¸ö\ÇØÅÂ¼Ò¿ï¸®ÆÛ_²_306.pal"
"ÇØÅÂ¼Ò¿ï¸®ÆÛ_²","307","3","C:\Users\wesley\Desktop\MeuRag\data\palette\¸ö\ÇØÅÂ¼Ò¿ï¸®ÆÛ_²_3.pal","C:\Users\wesley\Desktop\MeuRag\data\palette\¸ö\ÇØÅÂ¼Ò¿ï¸®ÆÛ_²_307.pal"
"ÇØÅÂ¼Ò¿ï¸®ÆÛ_²","308","3","C:\Users\wesley\Desktop\MeuRag\data\palette\¸ö\ÇØÅÂ¼Ò¿ï¸®ÆÛ_²_3.pal","C:\Users\wesley\Desktop\MeuRag\data\palette\¸ö\ÇØÅÂ¼Ò¿ï¸®ÆÛ_²_308.pal"
"ÇØÅÂ¼Ò¿ï¸®ÆÛ_²","309","3","C:\Users\wesley\Desktop\MeuRag\data\palette\¸ö\ÇØÅÂ¼Ò¿ï¸®ÆÛ_²_3.pal","C:\Users\wesley\Desktop\MeuRag\data\palette\¸ö\ÇØÅÂ¼Ò¿ï¸®ÆÛ_²_309.pal"
"ÇØÅÂ¼Ò¿ï¸®ÆÛ_²","310","3","C:\Users\wesley\Desktop\MeuRag\data\palette\¸ö\ÇØÅÂ¼Ò¿ï¸®ÆÛ_²_3.pal","C:\Users\wesley\Desktop\MeuRag\data\palette\¸ö\ÇØÅÂ¼Ò¿ï¸®ÆÛ_²_310.pal"
"ÇØÅÂ¼Ò¿ï¸®ÆÛ_²","311","3","C:\Users\wesley\Desktop\MeuRag\data\palette\¸ö\ÇØÅÂ¼Ò¿ï¸®ÆÛ_²_3.pal","C:\Users\wesley\Desktop\MeuRag\data\palette\¸ö\ÇØÅÂ¼Ò¿ï¸®ÆÛ_²_311.pal"
"ÇØÅÂ¼Ò¿ï¸®ÆÛ_²","312","3","C:\Users\wesley\Desktop\MeuRag\data\palette\¸ö\ÇØÅÂ¼Ò¿ï¸®ÆÛ_²_3.pal","C:\Users\wesley\Desktop\MeuRag\data\palette\¸ö\ÇØÅÂ¼Ò¿ï¸®ÆÛ_²_312.pal"
"ÇØÅÂ¼Ò¿ï¸®ÆÛ_²","313","3","C:\Users\wesley\Desktop\MeuRag\data\palette\¸ö\ÇØÅÂ¼Ò¿ï¸®ÆÛ_²_3.pal","C:\Users\wesley\Desktop\MeuRag\data\palette\¸ö\ÇØÅÂ¼Ò¿ï¸®ÆÛ_²_313.pal"
"ÇØÅÂ¼Ò¿ï¸®ÆÛ_²","314","3","C:\Users\wesley\Desktop\MeuRag\data\palette\¸ö\ÇØÅÂ¼Ò¿ï¸®ÆÛ_²_3.pal","C:\Users\wesley\Desktop\MeuRag\data\palette\¸ö\ÇØÅÂ¼Ò¿ï¸®ÆÛ_²_314.pal"
"ÇØÅÂ¼Ò¿ï¸®ÆÛ_²","315","3","C:\Users\wesley\Desktop\MeuRag\data\palette\¸ö\ÇØÅÂ¼Ò¿ï¸®ÆÛ_²_3.pal","C:\Users\wesley\Desktop\MeuRag\data\palette\¸ö\ÇØÅÂ¼Ò¿ï¸®ÆÛ_²_315.pal"
"ÇØÅÂ¼Ò¿ï¸®ÆÛ_²","316","3","C:\Users\wesley\Desktop\MeuRag\data\palette\¸ö\ÇØÅÂ¼Ò¿ï¸®ÆÛ_²_3.pal","C:\Users\wesley\Desktop\MeuRag\data\palette\¸ö\ÇØÅÂ¼Ò¿ï¸®ÆÛ_²_316.pal"
"ÇØÅÂ¼Ò¿ï¸®ÆÛ_²","317","3","C:\Users\wesley\Desktop\MeuRag\data\palette\¸ö\ÇØÅÂ¼Ò¿ï¸®ÆÛ_²_3.pal","C:\Users\wesley\Desktop\MeuRag\data\palette\¸ö\ÇØÅÂ¼Ò¿ï¸®ÆÛ_²_317.pal"
"ÇØÅÂ¼Ò¿ï¸®ÆÛ_²","318","3","C:\Users\wesley\Desktop\MeuRag\data\palette\¸ö\ÇØÅÂ¼Ò¿ï¸®ÆÛ_²_3.pal","C:\Users\wesley\Desktop\MeuRag\data\palette\¸ö\ÇØÅÂ¼Ò¿ï¸®ÆÛ_²_318.pal"
"ÇØÅÂ¼Ò¿ï¸®ÆÛ_²","319","3","C:\Users\wesley\Desktop\MeuRag\data\palette\¸ö\ÇØÅÂ¼Ò¿ï¸®ÆÛ_²_3.pal","C:\Users\wesley\Desktop\MeuRag\data\palette\¸ö\ÇØÅÂ¼Ò¿ï¸®ÆÛ_²_319.pal"
"ÇØÅÂ¼Ò¿ï¸®ÆÛ_²","320","3","C:\Users\wesley\Desktop\MeuRag\data\palette\¸ö\ÇØÅÂ¼Ò¿ï¸®ÆÛ_²_3.pal","C:\Users\wesley\Desktop\MeuRag\data\palette\¸ö\ÇØÅÂ¼Ò¿ï¸®ÆÛ_²_320.pal"
"ÇØÅÂ¼Ò¿ï¸®ÆÛ_²","321","3","C:\Users\wesley\Desktop\MeuRag\data\palette\¸ö\ÇØÅÂ¼Ò¿ï¸®ÆÛ_²_3.pal","C:\Users\wesley\Desktop\MeuRag\data\palette\¸ö\ÇØÅÂ¼Ò¿ï¸®ÆÛ_²_321.pal"
"ÇØÅÂ¼Ò¿ï¸®ÆÛ_²","322","3","C:\Users\wesley\Desktop\MeuRag\data\palette\¸ö\ÇØÅÂ¼Ò¿ï¸®ÆÛ_²_3.pal","C:\Users\wesley\Desktop\MeuRag\data\palette\¸ö\ÇØÅÂ¼Ò¿ï¸®ÆÛ_²_322.pal"
"ÇØÅÂ¼Ò¿ï¸®ÆÛ_²","323","3","C:\Users\wesley\Desktop\MeuRag\data\palette\¸ö\ÇØÅÂ¼Ò¿ï¸®ÆÛ_²_3.pal","C:\Users\wesley\Desktop\MeuRag\data\palette\¸ö\ÇØÅÂ¼Ò¿ï¸®ÆÛ_²_323.pal"
"ÇØÅÂ¼Ò¿ï¸®ÆÛ_²","324","3","C:\Users\wesley\Desktop\MeuRag\data\palette\¸ö\ÇØÅÂ¼Ò¿ï¸®ÆÛ_²_3.pal","C:\Users\wesley\Desktop\MeuRag\data\palette\¸ö\ÇØÅÂ¼Ò¿ï¸®ÆÛ_²_324.pal"
"ÇØÅÂ¼Ò¿ï¸®ÆÛ_²","325","3","C:\Users\wesley\Desktop\MeuRag\data\palette\¸ö\ÇØÅÂ¼Ò¿ï¸®ÆÛ_²_3.pal","C:\Users\wesley\Desktop\MeuRag\data\palette\¸ö\ÇØÅÂ¼Ò¿ï¸®ÆÛ_²_325.pal"
"ÇØÅÂ¼Ò¿ï¸®ÆÛ_²","326","3","C:\Users\wesley\Desktop\MeuRag\data\palette\¸ö\ÇØÅÂ¼Ò¿ï¸®ÆÛ_²_3.pal","C:\Users\wesley\Desktop\MeuRag\data\palette\¸ö\ÇØÅÂ¼Ò¿ï¸®ÆÛ_²_326.pal"
"ÇØÅÂ¼Ò¿ï¸®ÆÛ_²","327","3","C:\Users\wesley\Desktop\MeuRag\data\palette\¸ö\ÇØÅÂ¼Ò¿ï¸®ÆÛ_²_3.pal","C:\Users\wesley\Desktop\MeuRag\data\palette\¸ö\ÇØÅÂ¼Ò¿ï¸®ÆÛ_²_327.pal"
"ÇØÅÂ¼Ò¿ï¸®ÆÛ_²","328","3","C:\Users\wesley\Desktop\MeuRag\data\palette\¸ö\ÇØÅÂ¼Ò¿ï¸®ÆÛ_²_3.pal","C:\Users\wesley\Desktop\MeuRag\data\palette\¸ö\ÇØÅÂ¼Ò¿ï¸®ÆÛ_²_328.pal"
"ÇØÅÂ¼Ò¿ï¸®ÆÛ_²","329","3","C:\Users\wesley\Desktop\MeuRag\data\palette\¸ö\ÇØÅÂ¼Ò¿ï¸®ÆÛ_²_3.pal","C:\Users\wesley\Desktop\MeuRag\data\palette\¸ö\ÇØÅÂ¼Ò¿ï¸®ÆÛ_²_329.pal"
"ÇØÅÂ¼Ò¿ï¸®ÆÛ_²","330","3","C:\Users\wesley\Desktop\MeuRag\data\palette\¸ö\ÇØÅÂ¼Ò¿ï¸®ÆÛ_²_3.pal","C:\Users\wesley\Desktop\MeuRag\data\palette\¸ö\ÇØÅÂ¼Ò¿ï¸®ÆÛ_²_330.pal"
"ÇØÅÂ¼Ò¿ï¸®ÆÛ_²","331","3","C:\Users\wesley\Desktop\MeuRag\data\palette\¸ö\ÇØÅÂ¼Ò¿ï¸®ÆÛ_²_3.pal","C:\Users\wesley\Desktop\MeuRag\data\palette\¸ö\ÇØÅÂ¼Ò¿ï¸®ÆÛ_²_331.pal"
"ÇØÅÂ¼Ò¿ï¸®ÆÛ_²","332","3","C:\Users\wesley\Desktop\MeuRag\data\palette\¸ö\ÇØÅÂ¼Ò¿ï¸®ÆÛ_²_3.pal","C:\Users\wesley\Desktop\MeuRag\data\palette\¸ö\ÇØÅÂ¼Ò¿ï¸®ÆÛ_²_332.pal"
"ÇØÅÂ¼Ò¿ï¸®ÆÛ_²","333","3","C:\Users\wesley\Desktop\MeuRag\data\palette\¸ö\ÇØÅÂ¼Ò¿ï¸®ÆÛ_²_3.pal","C:\Users\wesley\Desktop\MeuRag\data\palette\¸ö\ÇØÅÂ¼Ò¿ï¸®ÆÛ_²_333.pal"
"ÇØÅÂ¼Ò¿ï¸®ÆÛ_²","334","3","C:\Users\wesley\Desktop\MeuRag\data\palette\¸ö\ÇØÅÂ¼Ò¿ï¸®ÆÛ_²_3.pal","C:\Users\wesley\Desktop\MeuRag\data\palette\¸ö\ÇØÅÂ¼Ò¿ï¸®ÆÛ_²_334.pal"
"ÇØÅÂ¼Ò¿ï¸®ÆÛ_²","335","3","C:\Users\wesley\Desktop\MeuRag\data\palette\¸ö\ÇØÅÂ¼Ò¿ï¸®ÆÛ_²_3.pal","C:\Users\wesley\Desktop\MeuRag\data\palette\¸ö\ÇØÅÂ¼Ò¿ï¸®ÆÛ_²_335.pal"
"ÇØÅÂ¼Ò¿ï¸®ÆÛ_²","336","3","C:\Users\wesley\Desktop\MeuRag\data\palette\¸ö\ÇØÅÂ¼Ò¿ï¸®ÆÛ_²_3.pal","C:\Users\wesley\Desktop\MeuRag\data\palette\¸ö\ÇØÅÂ¼Ò¿ï¸®ÆÛ_²_336.pal"
"ÇØÅÂ¼Ò¿ï¸®ÆÛ_²","337","3","C:\Users\wesley\Desktop\MeuRag\data\palette\¸ö\ÇØÅÂ¼Ò¿ï¸®ÆÛ_²_3.pal","C:\Users\wesley\Desktop\MeuRag\data\palette\¸ö\ÇØÅÂ¼Ò¿ï¸®ÆÛ_²_337.pal"
"ÇØÅÂ¼Ò¿ï¸®ÆÛ_²","338","3","C:\Users\wesley\Desktop\MeuRag\data\palette\¸ö\ÇØÅÂ¼Ò¿ï¸®ÆÛ_²_3.pal","C:\Users\wesley\Desktop\MeuRag\data\palette\¸ö\ÇØÅÂ¼Ò¿ï¸®ÆÛ_²_338.pal"
"ÇØÅÂ¼Ò¿ï¸®ÆÛ_²","339","3","C:\Users\wesley\Desktop\MeuRag\data\palette\¸ö\ÇØÅÂ¼Ò¿ï¸®ÆÛ_²_3.pal","C:\Users\wesley\Desktop\MeuRag\data\palette\¸ö\ÇØÅÂ¼Ò¿ï¸®ÆÛ_²_339.pal"
"ÇØÅÂ¼Ò¿ï¸®ÆÛ_²","340","3","C:\Users\wesley\Desktop\MeuRag\data\palette\¸ö\ÇØÅÂ¼Ò¿ï¸®ÆÛ_²_3.pal","C:\Users\wesley\Desktop\MeuRag\data\palette\¸ö\ÇØÅÂ¼Ò¿ï¸®ÆÛ_²_340.pal"
"ÇØÅÂ¼Ò¿ï¸®ÆÛ_²","341","3","C:\Users\wesley\Desktop\MeuRag\data\palette\¸ö\ÇØÅÂ¼Ò¿ï¸®ÆÛ_²_3.pal","C:\Users\wesley\Desktop\MeuRag\data\palette\¸ö\ÇØÅÂ¼Ò¿ï¸®ÆÛ_²_341.pal"
"ÇØÅÂ¼Ò¿ï¸®ÆÛ_²","342","3","C:\Users\wesley\Desktop\MeuRag\data\palette\¸ö\ÇØÅÂ¼Ò¿ï¸®ÆÛ_²_3.pal","C:\Users\wesley\Desktop\MeuRag\data\palette\¸ö\ÇØÅÂ¼Ò¿ï¸®ÆÛ_²_342.pal"
"ÇØÅÂ¼Ò¿ï¸®ÆÛ_²","343","3","C:\Users\wesley\Desktop\MeuRag\data\palette\¸ö\ÇØÅÂ¼Ò¿ï¸®ÆÛ_²_3.pal","C:\Users\wesley\Desktop\MeuRag\data\palette\¸ö\ÇØÅÂ¼Ò¿ï¸®ÆÛ_²_343.pal"
"ÇØÅÂ¼Ò¿ï¸®ÆÛ_²","344","3","C:\Users\wesley\Desktop\MeuRag\data\palette\¸ö\ÇØÅÂ¼Ò¿ï¸®ÆÛ_²_3.pal","C:\Users\wesley\Desktop\MeuRag\data\palette\¸ö\ÇØÅÂ¼Ò¿ï¸®ÆÛ_²_344.pal"
"ÇØÅÂ¼Ò¿ï¸®ÆÛ_²","345","3","C:\Users\wesley\Desktop\MeuRag\data\palette\¸ö\ÇØÅÂ¼Ò¿ï¸®ÆÛ_²_3.pal","C:\Users\wesley\Desktop\MeuRag\data\palette\¸ö\ÇØÅÂ¼Ò¿ï¸®ÆÛ_²_345.pal"
"ÇØÅÂ¼Ò¿ï¸®ÆÛ_²","346","3","C:\Users\wesley\Desktop\MeuRag\data\palette\¸ö\ÇØÅÂ¼Ò¿ï¸®ÆÛ_²_3.pal","C:\Users\wesley\Desktop\MeuRag\data\palette\¸ö\ÇØÅÂ¼Ò¿ï¸®ÆÛ_²_346.pal"
"ÇØÅÂ¼Ò¿ï¸®ÆÛ_²","347","3","C:\Users\wesley\Desktop\MeuRag\data\palette\¸ö\ÇØÅÂ¼Ò¿ï¸®ÆÛ_²_3.pal","C:\Users\wesley\Desktop\MeuRag\data\palette\¸ö\ÇØÅÂ¼Ò¿ï¸®ÆÛ_²_347.pal"
"ÇØÅÂ¼Ò¿ï¸®ÆÛ_²","348","3","C:\Users\wesley\Desktop\MeuRag\data\palette\¸ö\ÇØÅÂ¼Ò¿ï¸®ÆÛ_²_3.pal","C:\Users\wesley\Desktop\MeuRag\data\palette\¸ö\ÇØÅÂ¼Ò¿ï¸®ÆÛ_²_348.pal"
"ÇØÅÂ¼Ò¿ï¸®ÆÛ_²","349","3","C:\Users\wesley\Desktop\MeuRag\data\palette\¸ö\ÇØÅÂ¼Ò¿ï¸®ÆÛ_²_3.pal","C:\Users\wesley\Desktop\MeuRag\data\palette\¸ö\ÇØÅÂ¼Ò¿ï¸®ÆÛ_²_349.pal"
"ÇØÅÂ¼Ò¿ï¸®ÆÛ_²","350","3","C:\Users\wesley\Desktop\MeuRag\data\palette\¸ö\ÇØÅÂ¼Ò¿ï¸®ÆÛ_²_3.pal","C:\Users\wesley\Desktop\MeuRag\data\palette\¸ö\ÇØÅÂ¼Ò¿ï¸®ÆÛ_²_350.pal"
"ÇØÅÂ¼Ò¿ï¸®ÆÛ_²","351","3","C:\Users\wesley\Desktop\MeuRag\data\palette\¸ö\ÇØÅÂ¼Ò¿ï¸®ÆÛ_²_3.pal","C:\Users\wesley\Desktop\MeuRag\data\palette\¸ö\ÇØÅÂ¼Ò¿ï¸®ÆÛ_²_351.pal"
"ÇØÅÂ¼Ò¿ï¸®ÆÛ_²","352","3","C:\Users\wesley\Desktop\MeuRag\data\palette\¸ö\ÇØÅÂ¼Ò¿ï¸®ÆÛ_²_3.pal","C:\Users\wesley\Desktop\MeuRag\data\palette\¸ö\ÇØÅÂ¼Ò¿ï¸®ÆÛ_²_352.pal"
"ÇØÅÂ¼Ò¿ï¸®ÆÛ_²","353","3","C:\Users\wesley\Desktop\MeuRag\data\palette\¸ö\ÇØÅÂ¼Ò¿ï¸®ÆÛ_²_3.pal","C:\Users\wesley\Desktop\MeuRag\data\palette\¸ö\ÇØÅÂ¼Ò¿ï¸®ÆÛ_²_353.pal"
"ÇØÅÂ¼Ò¿ï¸®ÆÛ_²","354","3","C:\Users\wesley\Desktop\MeuRag\data\palette\¸ö\ÇØÅÂ¼Ò¿ï¸®ÆÛ_²_3.pal","C:\Users\wesley\Desktop\MeuRag\data\palette\¸ö\ÇØÅÂ¼Ò¿ï¸®ÆÛ_²_354.pal"
"ÇØÅÂ¼Ò¿ï¸®ÆÛ_²","355","3","C:\Users\wesley\Desktop\MeuRag\data\palette\¸ö\ÇØÅÂ¼Ò¿ï¸®ÆÛ_²_3.pal","C:\Users\wesley\Desktop\MeuRag\data\palette\¸ö\ÇØÅÂ¼Ò¿ï¸®ÆÛ_²_355.pal"
"ÇØÅÂ¼Ò¿ï¸®ÆÛ_²","356","3","C:\Users\wesley\Desktop\MeuRag\data\palette\¸ö\ÇØÅÂ¼Ò¿ï¸®ÆÛ_²_3.pal","C:\Users\wesley\Desktop\MeuRag\data\palette\¸ö\ÇØÅÂ¼Ò¿ï¸®ÆÛ_²_356.pal"
"ÇØÅÂ¼Ò¿ï¸®ÆÛ_²","357","3","C:\Users\wesley\Desktop\MeuRag\data\palette\¸ö\ÇØÅÂ¼Ò¿ï¸®ÆÛ_²_3.pal","C:\Users\wesley\Desktop\MeuRag\data\palette\¸ö\ÇØÅÂ¼Ò¿ï¸®ÆÛ_²_357.pal"
"ÇØÅÂ¼Ò¿ï¸®ÆÛ_²","358","3","C:\Users\wesley\Desktop\MeuRag\data\palette\¸ö\ÇØÅÂ¼Ò¿ï¸®ÆÛ_²_3.pal","C:\Users\wesley\Desktop\MeuRag\data\palette\¸ö\ÇØÅÂ¼Ò¿ï¸®ÆÛ_²_358.pal"
"ÇØÅÂ¼Ò¿ï¸®ÆÛ_²","359","3","C:\Users\wesley\Desktop\MeuRag\data\palette\¸ö\ÇØÅÂ¼Ò¿ï¸®ÆÛ_²_3.pal","C:\Users\wesley\Desktop\MeuRag\data\palette\¸ö\ÇØÅÂ¼Ò¿ï¸®ÆÛ_²_359.pal"
"ÇØÅÂ¼Ò¿ï¸®ÆÛ_²","360","3","C:\Users\wesley\Desktop\MeuRag\data\palette\¸ö\ÇØÅÂ¼Ò¿ï¸®ÆÛ_²_3.pal","C:\Users\wesley\Desktop\MeuRag\data\palette\¸ö\ÇØÅÂ¼Ò¿ï¸®ÆÛ_²_360.pal"
"ÇØÅÂ¼Ò¿ï¸®ÆÛ_²","361","3","C:\Users\wesley\Desktop\MeuRag\data\palette\¸ö\ÇØÅÂ¼Ò¿ï¸®ÆÛ_²_3.pal","C:\Users\wesley\Desktop\MeuRag\data\palette\¸ö\ÇØÅÂ¼Ò¿ï¸®ÆÛ_²_361.pal"
"ÇØÅÂ¼Ò¿ï¸®ÆÛ_²","362","3","C:\Users\wesley\Desktop\MeuRag\data\palette\¸ö\ÇØÅÂ¼Ò¿ï¸®ÆÛ_²_3.pal","C:\Users\wesley\Desktop\MeuRag\data\palette\¸ö\ÇØÅÂ¼Ò¿ï¸®ÆÛ_²_362.pal"
"ÇØÅÂ¼Ò¿ï¸®ÆÛ_²","363","3","C:\Users\wesley\Desktop\MeuRag\data\palette\¸ö\ÇØÅÂ¼Ò¿ï¸®ÆÛ_²_3.pal","C:\Users\wesley\Desktop\MeuRag\data\palette\¸ö\ÇØÅÂ¼Ò¿ï¸®ÆÛ_²_363.pal"
"ÇØÅÂ¼Ò¿ï¸®ÆÛ_²","364","3","C:\Users\wesley\Desktop\MeuRag\data\palette\¸ö\ÇØÅÂ¼Ò¿ï¸®ÆÛ_²_3.pal","C:\Users\wesley\Desktop\MeuRag\data\palette\¸ö\ÇØÅÂ¼Ò¿ï¸®ÆÛ_²_364.pal"
"ÇØÅÂ¼Ò¿ï¸®ÆÛ_²","365","3","C:\Users\wesley\Desktop\MeuRag\data\palette\¸ö\ÇØÅÂ¼Ò¿ï¸®ÆÛ_²_3.pal","C:\Users\wesley\Desktop\MeuRag\data\palette\¸ö\ÇØÅÂ¼Ò¿ï¸®ÆÛ_²_365.pal"
"ÇØÅÂ¼Ò¿ï¸®ÆÛ_²","366","3","C:\Users\wesley\Desktop\MeuRag\data\palette\¸ö\ÇØÅÂ¼Ò¿ï¸®ÆÛ_²_3.pal","C:\Users\wesley\Desktop\MeuRag\data\palette\¸ö\ÇØÅÂ¼Ò¿ï¸®ÆÛ_²_366.pal"
"ÇØÅÂ¼Ò¿ï¸®ÆÛ_²","367","3","C:\Users\wesley\Desktop\MeuRag\data\palette\¸ö\ÇØÅÂ¼Ò¿ï¸®ÆÛ_²_3.pal","C:\Users\wesley\Desktop\MeuRag\data\palette\¸ö\ÇØÅÂ¼Ò¿ï¸®ÆÛ_²_367.pal"
"ÇØÅÂ¼Ò¿ï¸®ÆÛ_²","368","3","C:\Users\wesley\Desktop\MeuRag\data\palette\¸ö\ÇØÅÂ¼Ò¿ï¸®ÆÛ_²_3.pal","C:\Users\wesley\Desktop\MeuRag\data\palette\¸ö\ÇØÅÂ¼Ò¿ï¸®ÆÛ_²_368.pal"
"ÇØÅÂ¼Ò¿ï¸®ÆÛ_²","369","3","C:\Users\wesley\Desktop\MeuRag\data\palette\¸ö\ÇØÅÂ¼Ò¿ï¸®ÆÛ_²_3.pal","C:\Users\wesley\Desktop\MeuRag\data\palette\¸ö\ÇØÅÂ¼Ò¿ï¸®ÆÛ_²_369.pal"
"ÇØÅÂ¼Ò¿ï¸®ÆÛ_²","370","3","C:\Users\wesley\Desktop\MeuRag\data\palette\¸ö\ÇØÅÂ¼Ò¿ï¸®ÆÛ_²_3.pal","C:\Users\wesley\Desktop\MeuRag\data\palette\¸ö\ÇØÅÂ¼Ò¿ï¸®ÆÛ_²_370.pal"
"ÇØÅÂ¼Ò¿ï¸®ÆÛ_²","371","3","C:\Users\wesley\Desktop\MeuRag\data\palette\¸ö\ÇØÅÂ¼Ò¿ï¸®ÆÛ_²_3.pal","C:\Users\wesley\Desktop\MeuRag\data\palette\¸ö\ÇØÅÂ¼Ò¿ï¸®ÆÛ_²_371.pal"
"ÇØÅÂ¼Ò¿ï¸®ÆÛ_²","372","3","C:\Users\wesley\Desktop\MeuRag\data\palette\¸ö\ÇØÅÂ¼Ò¿ï¸®ÆÛ_²_3.pal","C:\Users\wesley\Desktop\MeuRag\data\palette\¸ö\ÇØÅÂ¼Ò¿ï¸®ÆÛ_²_372.pal"
"ÇØÅÂ¼Ò¿ï¸®ÆÛ_²","373","3","C:\Users\wesley\Desktop\MeuRag\data\palette\¸ö\ÇØÅÂ¼Ò¿ï¸®ÆÛ_²_3.pal","C:\Users\wesley\Desktop\MeuRag\data\palette\¸ö\ÇØÅÂ¼Ò¿ï¸®ÆÛ_²_373.pal"
"ÇØÅÂ¼Ò¿ï¸®ÆÛ_²","374","3","C:\Users\wesley\Desktop\MeuRag\data\palette\¸ö\ÇØÅÂ¼Ò¿ï¸®ÆÛ_²_3.pal","C:\Users\wesley\Desktop\MeuRag\data\palette\¸ö\ÇØÅÂ¼Ò¿ï¸®ÆÛ_²_374.pal"
"ÇØÅÂ¼Ò¿ï¸®ÆÛ_²","375","3","C:\Users\wesley\Desktop\MeuRag\data\palette\¸ö\ÇØÅÂ¼Ò¿ï¸®ÆÛ_²_3.pal","C:\Users\wesley\Desktop\MeuRag\data\palette\¸ö\ÇØÅÂ¼Ò¿ï¸®ÆÛ_²_375.pal"
"ÇØÅÂ¼Ò¿ï¸®ÆÛ_²","376","3","C:\Users\wesley\Desktop\MeuRag\data\palette\¸ö\ÇØÅÂ¼Ò¿ï¸®ÆÛ_²_3.pal","C:\Users\wesley\Desktop\MeuRag\data\palette\¸ö\ÇØÅÂ¼Ò¿ï¸®ÆÛ_²_376.pal"
"ÇØÅÂ¼Ò¿ï¸®ÆÛ_²","377","3","C:\Users\wesley\Desktop\MeuRag\data\palette\¸ö\ÇØÅÂ¼Ò¿ï¸®ÆÛ_²_3.pal","C:\Users\wesley\Desktop\MeuRag\data\palette\¸ö\ÇØÅÂ¼Ò¿ï¸®ÆÛ_²_377.pal"
"ÇØÅÂ¼Ò¿ï¸®ÆÛ_²","378","3","C:\Users\wesley\Desktop\MeuRag\data\palette\¸ö\ÇØÅÂ¼Ò¿ï¸®ÆÛ_²_3.pal","C:\Users\wesley\Desktop\MeuRag\data\palette\¸ö\ÇØÅÂ¼Ò¿ï¸®ÆÛ_²_378.pal"
"ÇØÅÂ¼Ò¿ï¸®ÆÛ_²","379","3","C:\Users\wesley\Desktop\MeuRag\data\palette\¸ö\ÇØÅÂ¼Ò¿ï¸®ÆÛ_²_3.pal","C:\Users\wesley\Desktop\MeuRag\data\palette\¸ö\ÇØÅÂ¼Ò¿ï¸®ÆÛ_²_379.pal"
"ÇØÅÂ¼Ò¿ï¸®ÆÛ_²","380","3","C:\Users\wesley\Desktop\MeuRag\data\palette\¸ö\ÇØÅÂ¼Ò¿ï¸®ÆÛ_²_3.pal","C:\Users\wesley\Desktop\MeuRag\data\palette\¸ö\ÇØÅÂ¼Ò¿ï¸®ÆÛ_²_380.pal"
"ÇØÅÂ¼Ò¿ï¸®ÆÛ_²","381","3","C:\Users\wesley\Desktop\MeuRag\data\palette\¸ö\ÇØÅÂ¼Ò¿ï¸®ÆÛ_²_3.pal","C:\Users\wesley\Desktop\MeuRag\data\palette\¸ö\ÇØÅÂ¼Ò¿ï¸®ÆÛ_²_381.pal"
"ÇØÅÂ¼Ò¿ï¸®ÆÛ_²","382","3","C:\Users\wesley\Desktop\MeuRag\data\palette\¸ö\ÇØÅÂ¼Ò¿ï¸®ÆÛ_²_3.pal","C:\Users\wesley\Desktop\MeuRag\data\palette\¸ö\ÇØÅÂ¼Ò¿ï¸®ÆÛ_²_382.pal"
"ÇØÅÂ¼Ò¿ï¸®ÆÛ_²","383","3","C:\Users\wesley\Desktop\MeuRag\data\palette\¸ö\ÇØÅÂ¼Ò¿ï¸®ÆÛ_²_3.pal","C:\Users\wesley\Desktop\MeuRag\data\palette\¸ö\ÇØÅÂ¼Ò¿ï¸®ÆÛ_²_383.pal"
"ÇØÅÂ¼Ò¿ï¸®ÆÛ_²","384","3","C:\Users\wesley\Desktop\MeuRag\data\palette\¸ö\ÇØÅÂ¼Ò¿ï¸®ÆÛ_²_3.pal","C:\Users\wesley\Desktop\MeuRag\data\palette\¸ö\ÇØÅÂ¼Ò¿ï¸®ÆÛ_²_384.pal"
"ÇØÅÂ¼Ò¿ï¸®ÆÛ_²","385","3","C:\Users\wesley\Desktop\MeuRag\data\palette\¸ö\ÇØÅÂ¼Ò¿ï¸®ÆÛ_²_3.pal","C:\Users\wesley\Desktop\MeuRag\data\palette\¸ö\ÇØÅÂ¼Ò¿ï¸®ÆÛ_²_385.pal"
"ÇØÅÂ¼Ò¿ï¸®ÆÛ_²","386","3","C:\Users\wesley\Desktop\MeuRag\data\palette\¸ö\ÇØÅÂ¼Ò¿ï¸®ÆÛ_²_3.pal","C:\Users\wesley\Desktop\MeuRag\data\palette\¸ö\ÇØÅÂ¼Ò¿ï¸®ÆÛ_²_386.pal"
"ÇØÅÂ¼Ò¿ï¸®ÆÛ_²","387","3","C:\Users\wesley\Desktop\MeuRag\data\palette\¸ö\ÇØÅÂ¼Ò¿ï¸®ÆÛ_²_3.pal","C:\Users\wesley\Desktop\MeuRag\data\palette\¸ö\ÇØÅÂ¼Ò¿ï¸®ÆÛ_²_387.pal"
"ÇØÅÂ¼Ò¿ï¸®ÆÛ_²","388","3","C:\Users\wesley\Desktop\MeuRag\data\palette\¸ö\ÇØÅÂ¼Ò¿ï¸®ÆÛ_²_3.pal","C:\Users\wesley\Desktop\MeuRag\data\palette\¸ö\ÇØÅÂ¼Ò¿ï¸®ÆÛ_²_388.pal"
"ÇØÅÂ¼Ò¿ï¸®ÆÛ_²","389","3","C:\Users\wesley\Desktop\MeuRag\data\palette\¸ö\ÇØÅÂ¼Ò¿ï¸®ÆÛ_²_3.pal","C:\Users\wesley\Desktop\MeuRag\data\palette\¸ö\ÇØÅÂ¼Ò¿ï¸®ÆÛ_²_389.pal"
"ÇØÅÂ¼Ò¿ï¸®ÆÛ_²","390","3","C:\Users\wesley\Desktop\MeuRag\data\palette\¸ö\ÇØÅÂ¼Ò¿ï¸®ÆÛ_²_3.pal","C:\Users\wesley\Desktop\MeuRag\data\palette\¸ö\ÇØÅÂ¼Ò¿ï¸®ÆÛ_²_390.pal"
"ÇØÅÂ¼Ò¿ï¸®ÆÛ_²","391","3","C:\Users\wesley\Desktop\MeuRag\data\palette\¸ö\ÇØÅÂ¼Ò¿ï¸®ÆÛ_²_3.pal","C:\Users\wesley\Desktop\MeuRag\data\palette\¸ö\ÇØÅÂ¼Ò¿ï¸®ÆÛ_²_391.pal"
"ÇØÅÂ¼Ò¿ï¸®ÆÛ_²","392","3","C:\Users\wesley\Desktop\MeuRag\data\palette\¸ö\ÇØÅÂ¼Ò¿ï¸®ÆÛ_²_3.pal","C:\Users\wesley\Desktop\MeuRag\data\palette\¸ö\ÇØÅÂ¼Ò¿ï¸®ÆÛ_²_392.pal"
"ÇØÅÂ¼Ò¿ï¸®ÆÛ_²","393","3","C:\Users\wesley\Desktop\MeuRag\data\palette\¸ö\ÇØÅÂ¼Ò¿ï¸®ÆÛ_²_3.pal","C:\Users\wesley\Desktop\MeuRag\data\palette\¸ö\ÇØÅÂ¼Ò¿ï¸®ÆÛ_²_393.pal"
"ÇØÅÂ¼Ò¿ï¸®ÆÛ_²","394","3","C:\Users\wesley\Desktop\MeuRag\data\palette\¸ö\ÇØÅÂ¼Ò¿ï¸®ÆÛ_²_3.pal","C:\Users\wesley\Desktop\MeuRag\data\palette\¸ö\ÇØÅÂ¼Ò¿ï¸®ÆÛ_²_394.pal"
"ÇØÅÂ¼Ò¿ï¸®ÆÛ_²","395","3","C:\Users\wesley\Desktop\MeuRag\data\palette\¸ö\ÇØÅÂ¼Ò¿ï¸®ÆÛ_²_3.pal","C:\Users\wesley\Desktop\MeuRag\data\palette\¸ö\ÇØÅÂ¼Ò¿ï¸®ÆÛ_²_395.pal"
"ÇØÅÂ¼Ò¿ï¸®ÆÛ_²","396","3","C:\Users\wesley\Desktop\MeuRag\data\palette\¸ö\ÇØÅÂ¼Ò¿ï¸®ÆÛ_²_3.pal","C:\Users\wesley\Desktop\MeuRag\data\palette\¸ö\ÇØÅÂ¼Ò¿ï¸®ÆÛ_²_396.pal"
"ÇØÅÂ¼Ò¿ï¸®ÆÛ_²","397","3","C:\Users\wesley\Desktop\MeuRag\data\palette\¸ö\ÇØÅÂ¼Ò¿ï¸®ÆÛ_²_3.pal","C:\Users\wesley\Desktop\MeuRag\data\palette\¸ö\ÇØÅÂ¼Ò¿ï¸®ÆÛ_²_397.pal"
"ÇØÅÂ¼Ò¿ï¸®ÆÛ_²","398","3","C:\Users\wesley\Desktop\MeuRag\data\palette\¸ö\ÇØÅÂ¼Ò¿ï¸®ÆÛ_²_3.pal","C:\Users\wesley\Desktop\MeuRag\data\palette\¸ö\ÇØÅÂ¼Ò¿ï¸®ÆÛ_²_398.pal"
"ÇØÅÂ¼Ò¿ï¸®ÆÛ_²","399","3","C:\Users\wesley\Desktop\MeuRag\data\palette\¸ö\ÇØÅÂ¼Ò¿ï¸®ÆÛ_²_3.pal","C:\Users\wesley\Desktop\MeuRag\data\palette\¸ö\ÇØÅÂ¼Ò¿ï¸®ÆÛ_²_399.pal"
"ÇØÅÂ¼Ò¿ï¸®ÆÛ_²","400","3","C:\Users\wesley\Desktop\MeuRag\data\palette\¸ö\ÇØÅÂ¼Ò¿ï¸®ÆÛ_²_3.pal","C:\Users\wesley\Desktop\MeuRag\data\palette\¸ö\ÇØÅÂ¼Ò¿ï¸®ÆÛ_²_400.pal"
"ÇØÅÂ¼Ò¿ï¸®ÆÛ_²","401","3","C:\Users\wesley\Desktop\MeuRag\data\palette\¸ö\ÇØÅÂ¼Ò¿ï¸®ÆÛ_²_3.pal","C:\Users\wesley\Desktop\MeuRag\data\palette\¸ö\ÇØÅÂ¼Ò¿ï¸®ÆÛ_²_401.pal"
"ÇØÅÂ¼Ò¿ï¸®ÆÛ_²","402","3","C:\Users\wesley\Desktop\MeuRag\data\palette\¸ö\ÇØÅÂ¼Ò¿ï¸®ÆÛ_²_3.pal","C:\Users\wesley\Desktop\MeuRag\data\palette\¸ö\ÇØÅÂ¼Ò¿ï¸®ÆÛ_²_402.pal"
"ÇØÅÂ¼Ò¿ï¸®ÆÛ_²","403","3","C:\Users\wesley\Desktop\MeuRag\data\palette\¸ö\ÇØÅÂ¼Ò¿ï¸®ÆÛ_²_3.pal","C:\Users\wesley\Desktop\MeuRag\data\palette\¸ö\ÇØÅÂ¼Ò¿ï¸®ÆÛ_²_403.pal"
"ÇØÅÂ¼Ò¿ï¸®ÆÛ_²","404","3","C:\Users\wesley\Desktop\MeuRag\data\palette\¸ö\ÇØÅÂ¼Ò¿ï¸®ÆÛ_²_3.pal","C:\Users\wesley\Desktop\MeuRag\data\palette\¸ö\ÇØÅÂ¼Ò¿ï¸®ÆÛ_²_404.pal"
"ÇØÅÂ¼Ò¿ï¸®ÆÛ_²","405","3","C:\Users\wesley\Desktop\MeuRag\data\palette\¸ö\ÇØÅÂ¼Ò¿ï¸®ÆÛ_²_3.pal","C:\Users\wesley\Desktop\MeuRag\data\palette\¸ö\ÇØÅÂ¼Ò¿ï¸®ÆÛ_²_405.pal"
"ÇØÅÂ¼Ò¿ï¸®ÆÛ_²","406","3","C:\Users\wesley\Desktop\MeuRag\data\palette\¸ö\ÇØÅÂ¼Ò¿ï¸®ÆÛ_²_3.pal","C:\Users\wesley\Desktop\MeuRag\data\palette\¸ö\ÇØÅÂ¼Ò¿ï¸®ÆÛ_²_406.pal"
"ÇØÅÂ¼Ò¿ï¸®ÆÛ_²","407","3","C:\Users\wesley\Desktop\MeuRag\data\palette\¸ö\ÇØÅÂ¼Ò¿ï¸®ÆÛ_²_3.pal","C:\Users\wesley\Desktop\MeuRag\data\palette\¸ö\ÇØÅÂ¼Ò¿ï¸®ÆÛ_²_407.pal"
"ÇØÅÂ¼Ò¿ï¸®ÆÛ_²","408","3","C:\Users\wesley\Desktop\MeuRag\data\palette\¸ö\ÇØÅÂ¼Ò¿ï¸®ÆÛ_²_3.pal","C:\Users\wesley\Desktop\MeuRag\data\palette\¸ö\ÇØÅÂ¼Ò¿ï¸®ÆÛ_²_408.pal"
"ÇØÅÂ¼Ò¿ï¸®ÆÛ_²","409","3","C:\Users\wesley\Desktop\MeuRag\data\palette\¸ö\ÇØÅÂ¼Ò¿ï¸®ÆÛ_²_3.pal","C:\Users\wesley\Desktop\MeuRag\data\palette\¸ö\ÇØÅÂ¼Ò¿ï¸®ÆÛ_²_409.pal"
"ÇØÅÂ¼Ò¿ï¸®ÆÛ_²","410","3","C:\Users\wesley\Desktop\MeuRag\data\palette\¸ö\ÇØÅÂ¼Ò¿ï¸®ÆÛ_²_3.pal","C:\Users\wesley\Desktop\MeuRag\data\palette\¸ö\ÇØÅÂ¼Ò¿ï¸®ÆÛ_²_410.pal"
"ÇØÅÂ¼Ò¿ï¸®ÆÛ_²","411","3","C:\Users\wesley\Desktop\MeuRag\data\palette\¸ö\ÇØÅÂ¼Ò¿ï¸®ÆÛ_²_3.pal","C:\Users\wesley\Desktop\MeuRag\data\palette\¸ö\ÇØÅÂ¼Ò¿ï¸®ÆÛ_²_411.pal"
"ÇØÅÂ¼Ò¿ï¸®ÆÛ_²","412","3","C:\Users\wesley\Desktop\MeuRag\data\palette\¸ö\ÇØÅÂ¼Ò¿ï¸®ÆÛ_²_3.pal","C:\Users\wesley\Desktop\MeuRag\data\palette\¸ö\ÇØÅÂ¼Ò¿ï¸®ÆÛ_²_412.pal"
"ÇØÅÂ¼Ò¿ï¸®ÆÛ_²","413","3","C:\Users\wesley\Desktop\MeuRag\data\palette\¸ö\ÇØÅÂ¼Ò¿ï¸®ÆÛ_²_3.pal","C:\Users\wesley\Desktop\MeuRag\data\palette\¸ö\ÇØÅÂ¼Ò¿ï¸®ÆÛ_²_413.pal"
"ÇØÅÂ¼Ò¿ï¸®ÆÛ_²","414","3","C:\Users\wesley\Desktop\MeuRag\data\palette\¸ö\ÇØÅÂ¼Ò¿ï¸®ÆÛ_²_3.pal","C:\Users\wesley\Desktop\MeuRag\data\palette\¸ö\ÇØÅÂ¼Ò¿ï¸®ÆÛ_²_414.pal"
"ÇØÅÂ¼Ò¿ï¸®ÆÛ_²","415","3","C:\Users\wesley\Desktop\MeuRag\data\palette\¸ö\ÇØÅÂ¼Ò¿ï¸®ÆÛ_²_3.pal","C:\Users\wesley\Desktop\MeuRag\data\palette\¸ö\ÇØÅÂ¼Ò¿ï¸®ÆÛ_²_415.pal"
"ÇØÅÂ¼Ò¿ï¸®ÆÛ_²","416","3","C:\Users\wesley\Desktop\MeuRag\data\palette\¸ö\ÇØÅÂ¼Ò¿ï¸®ÆÛ_²_3.pal","C:\Users\wesley\Desktop\MeuRag\data\palette\¸ö\ÇØÅÂ¼Ò¿ï¸®ÆÛ_²_416.pal"
"ÇØÅÂ¼Ò¿ï¸®ÆÛ_²","417","3","C:\Users\wesley\Desktop\MeuRag\data\palette\¸ö\ÇØÅÂ¼Ò¿ï¸®ÆÛ_²_3.pal","C:\Users\wesley\Desktop\MeuRag\data\palette\¸ö\ÇØÅÂ¼Ò¿ï¸®ÆÛ_²_417.pal"
"ÇØÅÂ¼Ò¿ï¸®ÆÛ_²","418","3","C:\Users\wesley\Desktop\MeuRag\data\palette\¸ö\ÇØÅÂ¼Ò¿ï¸®ÆÛ_²_3.pal","C:\Users\wesley\Desktop\MeuRag\data\palette\¸ö\ÇØÅÂ¼Ò¿ï¸®ÆÛ_²_418.pal"
"ÇØÅÂ¼Ò¿ï¸®ÆÛ_²","419","3","C:\Users\wesley\Desktop\MeuRag\data\palette\¸ö\ÇØÅÂ¼Ò¿ï¸®ÆÛ_²_3.pal","C:\Users\wesley\Desktop\MeuRag\data\palette\¸ö\ÇØÅÂ¼Ò¿ï¸®ÆÛ_²_419.pal"
"ÇØÅÂ¼Ò¿ï¸®ÆÛ_²","420","3","C:\Users\wesley\Desktop\MeuRag\data\palette\¸ö\ÇØÅÂ¼Ò¿ï¸®ÆÛ_²_3.pal","C:\Users\wesley\Desktop\MeuRag\data\palette\¸ö\ÇØÅÂ¼Ò¿ï¸®ÆÛ_²_420.pal"
"ÇØÅÂ¼Ò¿ï¸®ÆÛ_²","421","3","C:\Users\wesley\Desktop\MeuRag\data\palette\¸ö\ÇØÅÂ¼Ò¿ï¸®ÆÛ_²_3.pal","C:\Users\wesley\Desktop\MeuRag\data\palette\¸ö\ÇØÅÂ¼Ò¿ï¸®ÆÛ_²_421.pal"
"ÇØÅÂ¼Ò¿ï¸®ÆÛ_²","422","3","C:\Users\wesley\Desktop\MeuRag\data\palette\¸ö\ÇØÅÂ¼Ò¿ï¸®ÆÛ_²_3.pal","C:\Users\wesley\Desktop\MeuRag\data\palette\¸ö\ÇØÅÂ¼Ò¿ï¸®ÆÛ_²_422.pal"
"ÇØÅÂ¼Ò¿ï¸®ÆÛ_²","423","3","C:\Users\wesley\Desktop\MeuRag\data\palette\¸ö\ÇØÅÂ¼Ò¿ï¸®ÆÛ_²_3.pal","C:\Users\wesley\Desktop\MeuRag\data\palette\¸ö\ÇØÅÂ¼Ò¿ï¸®ÆÛ_²_423.pal"
"ÇØÅÂ¼Ò¿ï¸®ÆÛ_²","424","3","C:\Users\wesley\Desktop\MeuRag\data\palette\¸ö\ÇØÅÂ¼Ò¿ï¸®ÆÛ_²_3.pal","C:\Users\wesley\Desktop\MeuRag\data\palette\¸ö\ÇØÅÂ¼Ò¿ï¸®ÆÛ_²_424.pal"
"ÇØÅÂ¼Ò¿ï¸®ÆÛ_²","425","3","C:\Users\wesley\Desktop\MeuRag\data\palette\¸ö\ÇØÅÂ¼Ò¿ï¸®ÆÛ_²_3.pal","C:\Users\wesley\Desktop\MeuRag\data\palette\¸ö\ÇØÅÂ¼Ò¿ï¸®ÆÛ_²_425.pal"
"ÇØÅÂ¼Ò¿ï¸®ÆÛ_²","426","3","C:\Users\wesley\Desktop\MeuRag\data\palette\¸ö\ÇØÅÂ¼Ò¿ï¸®ÆÛ_²_3.pal","C:\Users\wesley\Desktop\MeuRag\data\palette\¸ö\ÇØÅÂ¼Ò¿ï¸®ÆÛ_²_426.pal"
"ÇØÅÂ¼Ò¿ï¸®ÆÛ_²","427","3","C:\Users\wesley\Desktop\MeuRag\data\palette\¸ö\ÇØÅÂ¼Ò¿ï¸®ÆÛ_²_3.pal","C:\Users\wesley\Desktop\MeuRag\data\palette\¸ö\ÇØÅÂ¼Ò¿ï¸®ÆÛ_²_427.pal"
"ÇØÅÂ¼Ò¿ï¸®ÆÛ_²","428","3","C:\Users\wesley\Desktop\MeuRag\data\palette\¸ö\ÇØÅÂ¼Ò¿ï¸®ÆÛ_²_3.pal","C:\Users\wesley\Desktop\MeuRag\data\palette\¸ö\ÇØÅÂ¼Ò¿ï¸®ÆÛ_²_428.pal"
"ÇØÅÂ¼Ò¿ï¸®ÆÛ_²","429","3","C:\Users\wesley\Desktop\MeuRag\data\palette\¸ö\ÇØÅÂ¼Ò¿ï¸®ÆÛ_²_3.pal","C:\Users\wesley\Desktop\MeuRag\data\palette\¸ö\ÇØÅÂ¼Ò¿ï¸®ÆÛ_²_429.pal"
"ÇØÅÂ¼Ò¿ï¸®ÆÛ_²","430","3","C:\Users\wesley\Desktop\MeuRag\data\palette\¸ö\ÇØÅÂ¼Ò¿ï¸®ÆÛ_²_3.pal","C:\Users\wesley\Desktop\MeuRag\data\palette\¸ö\ÇØÅÂ¼Ò¿ï¸®ÆÛ_²_430.pal"
"ÇØÅÂ¼Ò¿ï¸®ÆÛ_²","431","3","C:\Users\wesley\Desktop\MeuRag\data\palette\¸ö\ÇØÅÂ¼Ò¿ï¸®ÆÛ_²_3.pal","C:\Users\wesley\Desktop\MeuRag\data\palette\¸ö\ÇØÅÂ¼Ò¿ï¸®ÆÛ_²_431.pal"
"ÇØÅÂ¼Ò¿ï¸®ÆÛ_²","432","3","C:\Users\wesley\Desktop\MeuRag\data\palette\¸ö\ÇØÅÂ¼Ò¿ï¸®ÆÛ_²_3.pal","C:\Users\wesley\Desktop\MeuRag\data\palette\¸ö\ÇØÅÂ¼Ò¿ï¸®ÆÛ_²_432.pal"
"ÇØÅÂ¼Ò¿ï¸®ÆÛ_²","433","3","C:\Users\wesley\Desktop\MeuRag\data\palette\¸ö\ÇØÅÂ¼Ò¿ï¸®ÆÛ_²_3.pal","C:\Users\wesley\Desktop\MeuRag\data\palette\¸ö\ÇØÅÂ¼Ò¿ï¸®ÆÛ_²_433.pal"
"ÇØÅÂ¼Ò¿ï¸®ÆÛ_²","434","3","C:\Users\wesley\Desktop\MeuRag\data\palette\¸ö\ÇØÅÂ¼Ò¿ï¸®ÆÛ_²_3.pal","C:\Users\wesley\Desktop\MeuRag\data\palette\¸ö\ÇØÅÂ¼Ò¿ï¸®ÆÛ_²_434.pal"
"ÇØÅÂ¼Ò¿ï¸®ÆÛ_²","435","3","C:\Users\wesley\Desktop\MeuRag\data\palette\¸ö\ÇØÅÂ¼Ò¿ï¸®ÆÛ_²_3.pal","C:\Users\wesley\Desktop\MeuRag\data\palette\¸ö\ÇØÅÂ¼Ò¿ï¸®ÆÛ_²_435.pal"
"ÇØÅÂ¼Ò¿ï¸®ÆÛ_²","436","3","C:\Users\wesley\Desktop\MeuRag\data\palette\¸ö\ÇØÅÂ¼Ò¿ï¸®ÆÛ_²_3.pal","C:\Users\wesley\Desktop\MeuRag\data\palette\¸ö\ÇØÅÂ¼Ò¿ï¸®ÆÛ_²_436.pal"
"ÇØÅÂ¼Ò¿ï¸®ÆÛ_²","437","3","C:\Users\wesley\Desktop\MeuRag\data\palette\¸ö\ÇØÅÂ¼Ò¿ï¸®ÆÛ_²_3.pal","C:\Users\wesley\Desktop\MeuRag\data\palette\¸ö\ÇØÅÂ¼Ò¿ï¸®ÆÛ_²_437.pal"
"ÇØÅÂ¼Ò¿ï¸®ÆÛ_²","438","3","C:\Users\wesley\Desktop\MeuRag\data\palette\¸ö\ÇØÅÂ¼Ò¿ï¸®ÆÛ_²_3.pal","C:\Users\wesley\Desktop\MeuRag\data\palette\¸ö\ÇØÅÂ¼Ò¿ï¸®ÆÛ_²_438.pal"
"ÇØÅÂ¼Ò¿ï¸®ÆÛ_²","439","3","C:\Users\wesley\Desktop\MeuRag\data\palette\¸ö\ÇØÅÂ¼Ò¿ï¸®ÆÛ_²_3.pal","C:\Users\wesley\Desktop\MeuRag\data\palette\¸ö\ÇØÅÂ¼Ò¿ï¸®ÆÛ_²_439.pal"
"ÇØÅÂ¼Ò¿ï¸®ÆÛ_²","440","3","C:\Users\wesley\Desktop\MeuRag\data\palette\¸ö\ÇØÅÂ¼Ò¿ï¸®ÆÛ_²_3.pal","C:\Users\wesley\Desktop\MeuRag\data\palette\¸ö\ÇØÅÂ¼Ò¿ï¸®ÆÛ_²_440.pal"
"ÇØÅÂ¼Ò¿ï¸®ÆÛ_²","441","3","C:\Users\wesley\Desktop\MeuRag\data\palette\¸ö\ÇØÅÂ¼Ò¿ï¸®ÆÛ_²_3.pal","C:\Users\wesley\Desktop\MeuRag\data\palette\¸ö\ÇØÅÂ¼Ò¿ï¸®ÆÛ_²_441.pal"
"ÇØÅÂ¼Ò¿ï¸®ÆÛ_²","442","3","C:\Users\wesley\Desktop\MeuRag\data\palette\¸ö\ÇØÅÂ¼Ò¿ï¸®ÆÛ_²_3.pal","C:\Users\wesley\Desktop\MeuRag\data\palette\¸ö\ÇØÅÂ¼Ò¿ï¸®ÆÛ_²_442.pal"
"ÇØÅÂ¼Ò¿ï¸®ÆÛ_²","443","3","C:\Users\wesley\Desktop\MeuRag\data\palette\¸ö\ÇØÅÂ¼Ò¿ï¸®ÆÛ_²_3.pal","C:\Users\wesley\Desktop\MeuRag\data\palette\¸ö\ÇØÅÂ¼Ò¿ï¸®ÆÛ_²_443.pal"
"ÇØÅÂ¼Ò¿ï¸®ÆÛ_²","444","3","C:\Users\wesley\Desktop\MeuRag\data\palette\¸ö\ÇØÅÂ¼Ò¿ï¸®ÆÛ_²_3.pal","C:\Users\wesley\Desktop\MeuRag\data\palette\¸ö\ÇØÅÂ¼Ò¿ï¸®ÆÛ_²_444.pal"
"ÇØÅÂ¼Ò¿ï¸®ÆÛ_²","445","3","C:\Users\wesley\Desktop\MeuRag\data\palette\¸ö\ÇØÅÂ¼Ò¿ï¸®ÆÛ_²_3.pal","C:\Users\wesley\Desktop\MeuRag\data\palette\¸ö\ÇØÅÂ¼Ò¿ï¸®ÆÛ_²_445.pal"
"ÇØÅÂ¼Ò¿ï¸®ÆÛ_²","446","3","C:\Users\wesley\Desktop\MeuRag\data\palette\¸ö\ÇØÅÂ¼Ò¿ï¸®ÆÛ_²_3.pal","C:\Users\wesley\Desktop\MeuRag\data\palette\¸ö\ÇØÅÂ¼Ò¿ï¸®ÆÛ_²_446.pal"
"ÇØÅÂ¼Ò¿ï¸®ÆÛ_²","447","3","C:\Users\wesley\Desktop\MeuRag\data\palette\¸ö\ÇØÅÂ¼Ò¿ï¸®ÆÛ_²_3.pal","C:\Users\wesley\Desktop\MeuRag\data\palette\¸ö\ÇØÅÂ¼Ò¿ï¸®ÆÛ_²_447.pal"
"ÇØÅÂ¼Ò¿ï¸®ÆÛ_²","448","3","C:\Users\wesley\Desktop\MeuRag\data\palette\¸ö\ÇØÅÂ¼Ò¿ï¸®ÆÛ_²_3.pal","C:\Users\wesley\Desktop\MeuRag\data\palette\¸ö\ÇØÅÂ¼Ò¿ï¸®ÆÛ_²_448.pal"
"ÇØÅÂ¼Ò¿ï¸®ÆÛ_²","449","3","C:\Users\wesley\Desktop\MeuRag\data\palette\¸ö\ÇØÅÂ¼Ò¿ï¸®ÆÛ_²_3.pal","C:\Users\wesley\Desktop\MeuRag\data\palette\¸ö\ÇØÅÂ¼Ò¿ï¸®ÆÛ_²_449.pal"
"ÇØÅÂ¼Ò¿ï¸®ÆÛ_²","450","3","C:\Users\wesley\Desktop\MeuRag\data\palette\¸ö\ÇØÅÂ¼Ò¿ï¸®ÆÛ_²_3.pal","C:\Users\wesley\Desktop\MeuRag\data\palette\¸ö\ÇØÅÂ¼Ò¿ï¸®ÆÛ_²_450.pal"
"ÇØÅÂ¼Ò¿ï¸®ÆÛ_²","451","3","C:\Users\wesley\Desktop\MeuRag\data\palette\¸ö\ÇØÅÂ¼Ò¿ï¸®ÆÛ_²_3.pal","C:\Users\wesley\Desktop\MeuRag\data\palette\¸ö\ÇØÅÂ¼Ò¿ï¸®ÆÛ_²_451.pal"
"ÇØÅÂ¼Ò¿ï¸®ÆÛ_²","452","3","C:\Users\wesley\Desktop\MeuRag\data\palette\¸ö\ÇØÅÂ¼Ò¿ï¸®ÆÛ_²_3.pal","C:\Users\wesley\Desktop\MeuRag\data\palette\¸ö\ÇØÅÂ¼Ò¿ï¸®ÆÛ_²_452.pal"
"ÇØÅÂ¼Ò¿ï¸®ÆÛ_²","453","3","C:\Users\wesley\Desktop\MeuRag\data\palette\¸ö\ÇØÅÂ¼Ò¿ï¸®ÆÛ_²_3.pal","C:\Users\wesley\Desktop\MeuRag\data\palette\¸ö\ÇØÅÂ¼Ò¿ï¸®ÆÛ_²_453.pal"
"ÇØÅÂ¼Ò¿ï¸®ÆÛ_²","454","3","C:\Users\wesley\Desktop\MeuRag\data\palette\¸ö\ÇØÅÂ¼Ò¿ï¸®ÆÛ_²_3.pal","C:\Users\wesley\Desktop\MeuRag\data\palette\¸ö\ÇØÅÂ¼Ò¿ï¸®ÆÛ_²_454.pal"
"ÇØÅÂ¼Ò¿ï¸®ÆÛ_²","455","3","C:\Users\wesley\Desktop\MeuRag\data\palette\¸ö\ÇØÅÂ¼Ò¿ï¸®ÆÛ_²_3.pal","C:\Users\wesley\Desktop\MeuRag\data\palette\¸ö\ÇØÅÂ¼Ò¿ï¸®ÆÛ_²_455.pal"
"ÇØÅÂ¼Ò¿ï¸®ÆÛ_²","456","3","C:\Users\wesley\Desktop\MeuRag\data\palette\¸ö\ÇØÅÂ¼Ò¿ï¸®ÆÛ_²_3.pal","C:\Users\wesley\Desktop\MeuRag\data\palette\¸ö\ÇØÅÂ¼Ò¿ï¸®ÆÛ_²_456.pal"
"ÇØÅÂ¼Ò¿ï¸®ÆÛ_²","457","3","C:\Users\wesley\Desktop\MeuRag\data\palette\¸ö\ÇØÅÂ¼Ò¿ï¸®ÆÛ_²_3.pal","C:\Users\wesley\Desktop\MeuRag\data\palette\¸ö\ÇØÅÂ¼Ò¿ï¸®ÆÛ_²_457.pal"
"ÇØÅÂ¼Ò¿ï¸®ÆÛ_²","458","3","C:\Users\wesley\Desktop\MeuRag\data\palette\¸ö\ÇØÅÂ¼Ò¿ï¸®ÆÛ_²_3.pal","C:\Users\wesley\Desktop\MeuRag\data\palette\¸ö\ÇØÅÂ¼Ò¿ï¸®ÆÛ_²_458.pal"
"ÇØÅÂ¼Ò¿ï¸®ÆÛ_²","459","3","C:\Users\wesley\Desktop\MeuRag\data\palette\¸ö\ÇØÅÂ¼Ò¿ï¸®ÆÛ_²_3.pal","C:\Users\wesley\Desktop\MeuRag\data\palette\¸ö\ÇØÅÂ¼Ò¿ï¸®ÆÛ_²_459.pal"
"ÇØÅÂ¼Ò¿ï¸®ÆÛ_²","460","3","C:\Users\wesley\Desktop\MeuRag\data\palette\¸ö\ÇØÅÂ¼Ò¿ï¸®ÆÛ_²_3.pal","C:\Users\wesley\Desktop\MeuRag\data\palette\¸ö\ÇØÅÂ¼Ò¿ï¸®ÆÛ_²_460.pal"
"ÇØÅÂ¼Ò¿ï¸®ÆÛ_²","461","3","C:\Users\wesley\Desktop\MeuRag\data\palette\¸ö\ÇØÅÂ¼Ò¿ï¸®ÆÛ_²_3.pal","C:\Users\wesley\Desktop\MeuRag\data\palette\¸ö\ÇØÅÂ¼Ò¿ï¸®ÆÛ_²_461.pal"
"ÇØÅÂ¼Ò¿ï¸®ÆÛ_²","462","3","C:\Users\wesley\Desktop\MeuRag\data\palette\¸ö\ÇØÅÂ¼Ò¿ï¸®ÆÛ_²_3.pal","C:\Users\wesley\Desktop\MeuRag\data\palette\¸ö\ÇØÅÂ¼Ò¿ï¸®ÆÛ_²_462.pal"
"ÇØÅÂ¼Ò¿ï¸®ÆÛ_²","463","3","C:\Users\wesley\Desktop\MeuRag\data\palette\¸ö\ÇØÅÂ¼Ò¿ï¸®ÆÛ_²_3.pal","C:\Users\wesley\Desktop\MeuRag\data\palette\¸ö\ÇØÅÂ¼Ò¿ï¸®ÆÛ_²_463.pal"
"ÇØÅÂ¼Ò¿ï¸®ÆÛ_²","464","3","C:\Users\wesley\Desktop\MeuRag\data\palette\¸ö\ÇØÅÂ¼Ò¿ï¸®ÆÛ_²_3.pal","C:\Users\wesley\Desktop\MeuRag\data\palette\¸ö\ÇØÅÂ¼Ò¿ï¸®ÆÛ_²_464.pal"
"ÇØÅÂ¼Ò¿ï¸®ÆÛ_²","465","3","C:\Users\wesley\Desktop\MeuRag\data\palette\¸ö\ÇØÅÂ¼Ò¿ï¸®ÆÛ_²_3.pal","C:\Users\wesley\Desktop\MeuRag\data\palette\¸ö\ÇØÅÂ¼Ò¿ï¸®ÆÛ_²_465.pal"
"ÇØÅÂ¼Ò¿ï¸®ÆÛ_²","466","3","C:\Users\wesley\Desktop\MeuRag\data\palette\¸ö\ÇØÅÂ¼Ò¿ï¸®ÆÛ_²_3.pal","C:\Users\wesley\Desktop\MeuRag\data\palette\¸ö\ÇØÅÂ¼Ò¿ï¸®ÆÛ_²_466.pal"
"ÇØÅÂ¼Ò¿ï¸®ÆÛ_²","467","3","C:\Users\wesley\Desktop\MeuRag\data\palette\¸ö\ÇØÅÂ¼Ò¿ï¸®ÆÛ_²_3.pal","C:\Users\wesley\Desktop\MeuRag\data\palette\¸ö\ÇØÅÂ¼Ò¿ï¸®ÆÛ_²_467.pal"
"ÇØÅÂ¼Ò¿ï¸®ÆÛ_²","468","3","C:\Users\wesley\Desktop\MeuRag\data\palette\¸ö\ÇØÅÂ¼Ò¿ï¸®ÆÛ_²_3.pal","C:\Users\wesley\Desktop\MeuRag\data\palette\¸ö\ÇØÅÂ¼Ò¿ï¸®ÆÛ_²_468.pal"
"ÇØÅÂ¼Ò¿ï¸®ÆÛ_²","469","3","C:\Users\wesley\Desktop\MeuRag\data\palette\¸ö\ÇØÅÂ¼Ò¿ï¸®ÆÛ_²_3.pal","C:\Users\wesley\Desktop\MeuRag\data\palette\¸ö\ÇØÅÂ¼Ò¿ï¸®ÆÛ_²_469.pal"
"ÇØÅÂ¼Ò¿ï¸®ÆÛ_²","470","3","C:\Users\wesley\Desktop\MeuRag\data\palette\¸ö\ÇØÅÂ¼Ò¿ï¸®ÆÛ_²_3.pal","C:\Users\wesley\Desktop\MeuRag\data\palette\¸ö\ÇØÅÂ¼Ò¿ï¸®ÆÛ_²_470.pal"
"ÇØÅÂ¼Ò¿ï¸®ÆÛ_²","471","3","C:\Users\wesley\Desktop\MeuRag\data\palette\¸ö\ÇØÅÂ¼Ò¿ï¸®ÆÛ_²_3.pal","C:\Users\wesley\Desktop\MeuRag\data\palette\¸ö\ÇØÅÂ¼Ò¿ï¸®ÆÛ_²_471.pal"
"ÇØÅÂ¼Ò¿ï¸®ÆÛ_²","472","3","C:\Users\wesley\Desktop\MeuRag\data\palette\¸ö\ÇØÅÂ¼Ò¿ï¸®ÆÛ_²_3.pal","C:\Users\wesley\Desktop\MeuRag\data\palette\¸ö\ÇØÅÂ¼Ò¿ï¸®ÆÛ_²_472.pal"
"ÇØÅÂ¼Ò¿ï¸®ÆÛ_²","473","3","C:\Users\wesley\Desktop\MeuRag\data\palette\¸ö\ÇØÅÂ¼Ò¿ï¸®ÆÛ_²_3.pal","C:\Users\wesley\Desktop\MeuRag\data\palette\¸ö\ÇØÅÂ¼Ò¿ï¸®ÆÛ_²_473.pal"
"ÇØÅÂ¼Ò¿ï¸®ÆÛ_²","474","3","C:\Users\wesley\Desktop\MeuRag\data\palette\¸ö\ÇØÅÂ¼Ò¿ï¸®ÆÛ_²_3.pal","C:\Users\wesley\Desktop\MeuRag\data\palette\¸ö\ÇØÅÂ¼Ò¿ï¸®ÆÛ_²_474.pal"
"ÇØÅÂ¼Ò¿ï¸®ÆÛ_²","475","3","C:\Users\wesley\Desktop\MeuRag\data\palette\¸ö\ÇØÅÂ¼Ò¿ï¸®ÆÛ_²_3.pal","C:\Users\wesley\Desktop\MeuRag\data\palette\¸ö\ÇØÅÂ¼Ò¿ï¸®ÆÛ_²_475.pal"
"ÇØÅÂ¼Ò¿ï¸®ÆÛ_²","476","3","C:\Users\wesley\Desktop\MeuRag\data\palette\¸ö\ÇØÅÂ¼Ò¿ï¸®ÆÛ_²_3.pal","C:\Users\wesley\Desktop\MeuRag\data\palette\¸ö\ÇØÅÂ¼Ò¿ï¸®ÆÛ_²_476.pal"
"ÇØÅÂ¼Ò¿ï¸®ÆÛ_²","477","3","C:\Users\wesley\Desktop\MeuRag\data\palette\¸ö\ÇØÅÂ¼Ò¿ï¸®ÆÛ_²_3.pal","C:\Users\wesley\Desktop\MeuRag\data\palette\¸ö\ÇØÅÂ¼Ò¿ï¸®ÆÛ_²_477.pal"
"ÇØÅÂ¼Ò¿ï¸®ÆÛ_²","478","3","C:\Users\wesley\Desktop\MeuRag\data\palette\¸ö\ÇØÅÂ¼Ò¿ï¸®ÆÛ_²_3.pal","C:\Users\wesley\Desktop\MeuRag\data\palette\¸ö\ÇØÅÂ¼Ò¿ï¸®ÆÛ_²_478.pal"
"ÇØÅÂ¼Ò¿ï¸®ÆÛ_²","479","3","C:\Users\wesley\Desktop\MeuRag\data\palette\¸ö\ÇØÅÂ¼Ò¿ï¸®ÆÛ_²_3.pal","C:\Users\wesley\Desktop\MeuRag\data\palette\¸ö\ÇØÅÂ¼Ò¿ï¸®ÆÛ_²_479.pal"
"ÇØÅÂ¼Ò¿ï¸®ÆÛ_²","480","3","C:\Users\wesley\Desktop\MeuRag\data\palette\¸ö\ÇØÅÂ¼Ò¿ï¸®ÆÛ_²_3.pal","C:\Users\wesley\Desktop\MeuRag\data\palette\¸ö\ÇØÅÂ¼Ò¿ï¸®ÆÛ_²_480.pal"
"ÇØÅÂ¼Ò¿ï¸®ÆÛ_²","481","3","C:\Users\wesley\Desktop\MeuRag\data\palette\¸ö\ÇØÅÂ¼Ò¿ï¸®ÆÛ_²_3.pal","C:\Users\wesley\Desktop\MeuRag\data\palette\¸ö\ÇØÅÂ¼Ò¿ï¸®ÆÛ_²_481.pal"
"ÇØÅÂ¼Ò¿ï¸®ÆÛ_²","482","3","C:\Users\wesley\Desktop\MeuRag\data\palette\¸ö\ÇØÅÂ¼Ò¿ï¸®ÆÛ_²_3.pal","C:\Users\wesley\Desktop\MeuRag\data\palette\¸ö\ÇØÅÂ¼Ò¿ï¸®ÆÛ_²_482.pal"
"ÇØÅÂ¼Ò¿ï¸®ÆÛ_²","483","3","C:\Users\wesley\Desktop\MeuRag\data\palette\¸ö\ÇØÅÂ¼Ò¿ï¸®ÆÛ_²_3.pal","C:\Users\wesley\Desktop\MeuRag\data\palette\¸ö\ÇØÅÂ¼Ò¿ï¸®ÆÛ_²_483.pal"
"ÇØÅÂ¼Ò¿ï¸®ÆÛ_²","484","3","C:\Users\wesley\Desktop\MeuRag\data\palette\¸ö\ÇØÅÂ¼Ò¿ï¸®ÆÛ_²_3.pal","C:\Users\wesley\Desktop\MeuRag\data\palette\¸ö\ÇØÅÂ¼Ò¿ï¸®ÆÛ_²_484.pal"
"ÇØÅÂ¼Ò¿ï¸®ÆÛ_²","485","3","C:\Users\wesley\Desktop\MeuRag\data\palette\¸ö\ÇØÅÂ¼Ò¿ï¸®ÆÛ_²_3.pal","C:\Users\wesley\Desktop\MeuRag\data\palette\¸ö\ÇØÅÂ¼Ò¿ï¸®ÆÛ_²_485.pal"
"ÇØÅÂ¼Ò¿ï¸®ÆÛ_²","486","3","C:\Users\wesley\Desktop\MeuRag\data\palette\¸ö\ÇØÅÂ¼Ò¿ï¸®ÆÛ_²_3.pal","C:\Users\wesley\Desktop\MeuRag\data\palette\¸ö\ÇØÅÂ¼Ò¿ï¸®ÆÛ_²_486.pal"
"ÇØÅÂ¼Ò¿ï¸®ÆÛ_²","487","3","C:\Users\wesley\Desktop\MeuRag\data\palette\¸ö\ÇØÅÂ¼Ò¿ï¸®ÆÛ_²_3.pal","C:\Users\wesley\Desktop\MeuRag\data\palette\¸ö\ÇØÅÂ¼Ò¿ï¸®ÆÛ_²_487.pal"
"ÇØÅÂ¼Ò¿ï¸®ÆÛ_²","488","3","C:\Users\wesley\Desktop\MeuRag\data\palette\¸ö\ÇØÅÂ¼Ò¿ï¸®ÆÛ_²_3.pal","C:\Users\wesley\Desktop\MeuRag\data\palette\¸ö\ÇØÅÂ¼Ò¿ï¸®ÆÛ_²_488.pal"
"ÇØÅÂ¼Ò¿ï¸®ÆÛ_²","489","3","C:\Users\wesley\Desktop\MeuRag\data\palette\¸ö\ÇØÅÂ¼Ò¿ï¸®ÆÛ_²_3.pal","C:\Users\wesley\Desktop\MeuRag\data\palette\¸ö\ÇØÅÂ¼Ò¿ï¸®ÆÛ_²_489.pal"
"ÇØÅÂ¼Ò¿ï¸®ÆÛ_²","490","3","C:\Users\wesley\Desktop\MeuRag\data\palette\¸ö\ÇØÅÂ¼Ò¿ï¸®ÆÛ_²_3.pal","C:\Users\wesley\Desktop\MeuRag\data\palette\¸ö\ÇØÅÂ¼Ò¿ï¸®ÆÛ_²_490.pal"
"ÇØÅÂ¼Ò¿ï¸®ÆÛ_²","491","3","C:\Users\wesley\Desktop\MeuRag\data\palette\¸ö\ÇØÅÂ¼Ò¿ï¸®ÆÛ_²_3.pal","C:\Users\wesley\Desktop\MeuRag\data\palette\¸ö\ÇØÅÂ¼Ò¿ï¸®ÆÛ_²_491.pal"
"ÇØÅÂ¼Ò¿ï¸®ÆÛ_²","492","3","C:\Users\wesley\Desktop\MeuRag\data\palette\¸ö\ÇØÅÂ¼Ò¿ï¸®ÆÛ_²_3.pal","C:\Users\wesley\Desktop\MeuRag\data\palette\¸ö\ÇØÅÂ¼Ò¿ï¸®ÆÛ_²_492.pal"
"ÇØÅÂ¼Ò¿ï¸®ÆÛ_²","493","3","C:\Users\wesley\Desktop\MeuRag\data\palette\¸ö\ÇØÅÂ¼Ò¿ï¸®ÆÛ_²_3.pal","C:\Users\wesley\Desktop\MeuRag\data\palette\¸ö\ÇØÅÂ¼Ò¿ï¸®ÆÛ_²_493.pal"
"ÇØÅÂ¼Ò¿ï¸®ÆÛ_²","494","3","C:\Users\wesley\Desktop\MeuRag\data\palette\¸ö\ÇØÅÂ¼Ò¿ï¸®ÆÛ_²_3.pal","C:\Users\wesley\Desktop\MeuRag\data\palette\¸ö\ÇØÅÂ¼Ò¿ï¸®ÆÛ_²_494.pal"
"ÇØÅÂ¼Ò¿ï¸®ÆÛ_²","495","3","C:\Users\wesley\Desktop\MeuRag\data\palette\¸ö\ÇØÅÂ¼Ò¿ï¸®ÆÛ_²_3.pal","C:\Users\wesley\Desktop\MeuRag\data\palette\¸ö\ÇØÅÂ¼Ò¿ï¸®ÆÛ_²_495.pal"
"ÇØÅÂ¼Ò¿ï¸®ÆÛ_²","496","3","C:\Users\wesley\Desktop\MeuRag\data\palette\¸ö\ÇØÅÂ¼Ò¿ï¸®ÆÛ_²_3.pal","C:\Users\wesley\Desktop\MeuRag\data\palette\¸ö\ÇØÅÂ¼Ò¿ï¸®ÆÛ_²_496.pal"
"ÇØÅÂ¼Ò¿ï¸®ÆÛ_²","497","3","C:\Users\wesley\Desktop\MeuRag\data\palette\¸ö\ÇØÅÂ¼Ò¿ï¸®ÆÛ_²_3.pal","C:\Users\wesley\Desktop\MeuRag\data\palette\¸ö\ÇØÅÂ¼Ò¿ï¸®ÆÛ_²_497.pal"
"ÇØÅÂ¼Ò¿ï¸®ÆÛ_²","498","3","C:\Users\wesley\Desktop\MeuRag\data\palette\¸ö\ÇØÅÂ¼Ò¿ï¸®ÆÛ_²_3.pal","C:\Users\wesley\Desktop\MeuRag\data\palette\¸ö\ÇØÅÂ¼Ò¿ï¸®ÆÛ_²_498.pal"
"ÇØÅÂ¼Ò¿ï¸®ÆÛ_²","499","3","C:\Users\wesley\Desktop\MeuRag\data\palette\¸ö\ÇØÅÂ¼Ò¿ï¸®ÆÛ_²_3.pal","C:\Users\wesley\Desktop\MeuRag\data\palette\¸ö\ÇØÅÂ¼Ò¿ï¸®ÆÛ_²_499.pal"
"ÇØÅÂ¼Ò¿ï¸®ÆÛ_²","500","3","C:\Users\wesley\Desktop\MeuRag\data\palette\¸ö\ÇØÅÂ¼Ò¿ï¸®ÆÛ_²_3.pal","C:\Users\wesley\Desktop\MeuRag\data\palette\¸ö\ÇØÅÂ¼Ò¿ï¸®ÆÛ_²_500.pal"
"ÇØÅÂ¼Ò¿ï¸®ÆÛ_²","501","3","C:\Users\wesley\Desktop\MeuRag\data\palette\¸ö\ÇØÅÂ¼Ò¿ï¸®ÆÛ_²_3.pal","C:\Users\wesley\Desktop\MeuRag\data\palette\¸ö\ÇØÅÂ¼Ò¿ï¸®ÆÛ_²_501.pal"
"ÇØÅÂ¼Ò¿ï¸®ÆÛ_²","502","3","C:\Users\wesley\Desktop\MeuRag\data\palette\¸ö\ÇØÅÂ¼Ò¿ï¸®ÆÛ_²_3.pal","C:\Users\wesley\Desktop\MeuRag\data\palette\¸ö\ÇØÅÂ¼Ò¿ï¸®ÆÛ_²_502.pal"
"ÇØÅÂ¼Ò¿ï¸®ÆÛ_²","503","3","C:\Users\wesley\Desktop\MeuRag\data\palette\¸ö\ÇØÅÂ¼Ò¿ï¸®ÆÛ_²_3.pal","C:\Users\wesley\Desktop\MeuRag\data\palette\¸ö\ÇØÅÂ¼Ò¿ï¸®ÆÛ_²_503.pal"
"ÇØÅÂ¼Ò¿ï¸®ÆÛ_²","504","3","C:\Users\wesley\Desktop\MeuRag\data\palette\¸ö\ÇØÅÂ¼Ò¿ï¸®ÆÛ_²_3.pal","C:\Users\wesley\Desktop\MeuRag\data\palette\¸ö\ÇØÅÂ¼Ò¿ï¸®ÆÛ_²_504.pal"
"ÇØÅÂ¼Ò¿ï¸®ÆÛ_²","505","3","C:\Users\wesley\Desktop\MeuRag\data\palette\¸ö\ÇØÅÂ¼Ò¿ï¸®ÆÛ_²_3.pal","C:\Users\wesley\Desktop\MeuRag\data\palette\¸ö\ÇØÅÂ¼Ò¿ï¸®ÆÛ_²_505.pal"
"ÇØÅÂ¼Ò¿ï¸®ÆÛ_²","506","3","C:\Users\wesley\Desktop\MeuRag\data\palette\¸ö\ÇØÅÂ¼Ò¿ï¸®ÆÛ_²_3.pal","C:\Users\wesley\Desktop\MeuRag\data\palette\¸ö\ÇØÅÂ¼Ò¿ï¸®ÆÛ_²_506.pal"
"ÇØÅÂ¼Ò¿ï¸®ÆÛ_²","507","3","C:\Users\wesley\Desktop\MeuRag\data\palette\¸ö\ÇØÅÂ¼Ò¿ï¸®ÆÛ_²_3.pal","C:\Users\wesley\Desktop\MeuRag\data\palette\¸ö\ÇØÅÂ¼Ò¿ï¸®ÆÛ_²_507.pal"
"ÇØÅÂ¼Ò¿ï¸®ÆÛ_²","508","3","C:\Users\wesley\Desktop\MeuRag\data\palette\¸ö\ÇØÅÂ¼Ò¿ï¸®ÆÛ_²_3.pal","C:\Users\wesley\Desktop\MeuRag\data\palette\¸ö\ÇØÅÂ¼Ò¿ï¸®ÆÛ_²_508.pal"
"ÇØÅÂ¼Ò¿ï¸®ÆÛ_²","509","3","C:\Users\wesley\Desktop\MeuRag\data\palette\¸ö\ÇØÅÂ¼Ò¿ï¸®ÆÛ_²_3.pal","C:\Users\wesley\Desktop\MeuRag\data\palette\¸ö\ÇØÅÂ¼Ò¿ï¸®ÆÛ_²_509.pal"
"ÇØÅÂ¼Ò¿ï¸®ÆÛ_²","510","3","C:\Users\wesley\Desktop\MeuRag\data\palette\¸ö\ÇØÅÂ¼Ò¿ï¸®ÆÛ_²_3.pal","C:\Users\wesley\Desktop\MeuRag\data\palette\¸ö\ÇØÅÂ¼Ò¿ï¸®ÆÛ_²_510.pal"
"ÇØÅÂ¼Ò¿ï¸®ÆÛ_²","511","3","C:\Users\wesley\Desktop\MeuRag\data\palette\¸ö\ÇØÅÂ¼Ò¿ï¸®ÆÛ_²_3.pal","C:\Users\wesley\Desktop\MeuRag\data\palette\¸ö\ÇØÅÂ¼Ò¿ï¸®ÆÛ_²_511.pal"
"ÇØÅÂ¼Ò¿ï¸®ÆÛ_²","512","3","C:\Users\wesley\Desktop\MeuRag\data\palette\¸ö\ÇØÅÂ¼Ò¿ï¸®ÆÛ_²_3.pal","C:\Users\wesley\Desktop\MeuRag\data\palette\¸ö\ÇØÅÂ¼Ò¿ï¸®ÆÛ_²_512.pal"
"ÇØÅÂ¼Ò¿ï¸®ÆÛ_²","513","3","C:\Users\wesley\Desktop\MeuRag\data\palette\¸ö\ÇØÅÂ¼Ò¿ï¸®ÆÛ_²_3.pal","C:\Users\wesley\Desktop\MeuRag\data\palette\¸ö\ÇØÅÂ¼Ò¿ï¸®ÆÛ_²_513.pal"
"ÇØÅÂ¼Ò¿ï¸®ÆÛ_²","514","3","C:\Users\wesley\Desktop\MeuRag\data\palette\¸ö\ÇØÅÂ¼Ò¿ï¸®ÆÛ_²_3.pal","C:\Users\wesley\Desktop\MeuRag\data\palette\¸ö\ÇØÅÂ¼Ò¿ï¸®ÆÛ_²_514.pal"
"ÇØÅÂ¼Ò¿ï¸®ÆÛ_²","515","3","C:\Users\wesley\Desktop\MeuRag\data\palette\¸ö\ÇØÅÂ¼Ò¿ï¸®ÆÛ_²_3.pal","C:\Users\wesley\Desktop\MeuRag\data\palette\¸ö\ÇØÅÂ¼Ò¿ï¸®ÆÛ_²_515.pal"
"ÇØÅÂ¼Ò¿ï¸®ÆÛ_²","516","3","C:\Users\wesley\Desktop\MeuRag\data\palette\¸ö\ÇØÅÂ¼Ò¿ï¸®ÆÛ_²_3.pal","C:\Users\wesley\Desktop\MeuRag\data\palette\¸ö\ÇØÅÂ¼Ò¿ï¸®ÆÛ_²_516.pal"
"ÇØÅÂ¼Ò¿ï¸®ÆÛ_²","517","3","C:\Users\wesley\Desktop\MeuRag\data\palette\¸ö\ÇØÅÂ¼Ò¿ï¸®ÆÛ_²_3.pal","C:\Users\wesley\Desktop\MeuRag\data\palette\¸ö\ÇØÅÂ¼Ò¿ï¸®ÆÛ_²_517.pal"
"ÇØÅÂ¼Ò¿ï¸®ÆÛ_²","518","3","C:\Users\wesley\Desktop\MeuRag\data\palette\¸ö\ÇØÅÂ¼Ò¿ï¸®ÆÛ_²_3.pal","C:\Users\wesley\Desktop\MeuRag\data\palette\¸ö\ÇØÅÂ¼Ò¿ï¸®ÆÛ_²_518.pal"
"ÇØÅÂ¼Ò¿ï¸®ÆÛ_²","519","3","C:\Users\wesley\Desktop\MeuRag\data\palette\¸ö\ÇØÅÂ¼Ò¿ï¸®ÆÛ_²_3.pal","C:\Users\wesley\Desktop\MeuRag\data\palette\¸ö\ÇØÅÂ¼Ò¿ï¸®ÆÛ_²_519.pal"
"ÇØÅÂ¼Ò¿ï¸®ÆÛ_²","520","3","C:\Users\wesley\Desktop\MeuRag\data\palette\¸ö\ÇØÅÂ¼Ò¿ï¸®ÆÛ_²_3.pal","C:\Users\wesley\Desktop\MeuRag\data\palette\¸ö\ÇØÅÂ¼Ò¿ï¸®ÆÛ_²_520.pal"
"ÇØÅÂ¼Ò¿ï¸®ÆÛ_²","521","3","C:\Users\wesley\Desktop\MeuRag\data\palette\¸ö\ÇØÅÂ¼Ò¿ï¸®ÆÛ_²_3.pal","C:\Users\wesley\Desktop\MeuRag\data\palette\¸ö\ÇØÅÂ¼Ò¿ï¸®ÆÛ_²_521.pal"
"ÇØÅÂ¼Ò¿ï¸®ÆÛ_²","522","3","C:\Users\wesley\Desktop\MeuRag\data\palette\¸ö\ÇØÅÂ¼Ò¿ï¸®ÆÛ_²_3.pal","C:\Users\wesley\Desktop\MeuRag\data\palette\¸ö\ÇØÅÂ¼Ò¿ï¸®ÆÛ_²_522.pal"
"ÇØÅÂ¼Ò¿ï¸®ÆÛ_²","523","3","C:\Users\wesley\Desktop\MeuRag\data\palette\¸ö\ÇØÅÂ¼Ò¿ï¸®ÆÛ_²_3.pal","C:\Users\wesley\Desktop\MeuRag\data\palette\¸ö\ÇØÅÂ¼Ò¿ï¸®ÆÛ_²_523.pal"
"ÇØÅÂ¼Ò¿ï¸®ÆÛ_²","524","3","C:\Users\wesley\Desktop\MeuRag\data\palette\¸ö\ÇØÅÂ¼Ò¿ï¸®ÆÛ_²_3.pal","C:\Users\wesley\Desktop\MeuRag\data\palette\¸ö\ÇØÅÂ¼Ò¿ï¸®ÆÛ_²_524.pal"
"ÇØÅÂ¼Ò¿ï¸®ÆÛ_²","525","3","C:\Users\wesley\Desktop\MeuRag\data\palette\¸ö\ÇØÅÂ¼Ò¿ï¸®ÆÛ_²_3.pal","C:\Users\wesley\Desktop\MeuRag\data\palette\¸ö\ÇØÅÂ¼Ò¿ï¸®ÆÛ_²_525.pal"
"ÇØÅÂ¼Ò¿ï¸®ÆÛ_²","526","3","C:\Users\wesley\Desktop\MeuRag\data\palette\¸ö\ÇØÅÂ¼Ò¿ï¸®ÆÛ_²_3.pal","C:\Users\wesley\Desktop\MeuRag\data\palette\¸ö\ÇØÅÂ¼Ò¿ï¸®ÆÛ_²_526.pal"
"ÇØÅÂ¼Ò¿ï¸®ÆÛ_²","527","3","C:\Users\wesley\Desktop\MeuRag\data\palette\¸ö\ÇØÅÂ¼Ò¿ï¸®ÆÛ_²_3.pal","C:\Users\wesley\Desktop\MeuRag\data\palette\¸ö\ÇØÅÂ¼Ò¿ï¸®ÆÛ_²_527.pal"
"ÇØÅÂ¼Ò¿ï¸®ÆÛ_²","528","3","C:\Users\wesley\Desktop\MeuRag\data\palette\¸ö\ÇØÅÂ¼Ò¿ï¸®ÆÛ_²_3.pal","C:\Users\wesley\Desktop\MeuRag\data\palette\¸ö\ÇØÅÂ¼Ò¿ï¸®ÆÛ_²_528.pal"
"ÇØÅÂ¼Ò¿ï¸®ÆÛ_²","529","3","C:\Users\wesley\Desktop\MeuRag\data\palette\¸ö\ÇØÅÂ¼Ò¿ï¸®ÆÛ_²_3.pal","C:\Users\wesley\Desktop\MeuRag\data\palette\¸ö\ÇØÅÂ¼Ò¿ï¸®ÆÛ_²_529.pal"
"ÇØÅÂ¼Ò¿ï¸®ÆÛ_²","530","3","C:\Users\wesley\Desktop\MeuRag\data\palette\¸ö\ÇØÅÂ¼Ò¿ï¸®ÆÛ_²_3.pal","C:\Users\wesley\Desktop\MeuRag\data\palette\¸ö\ÇØÅÂ¼Ò¿ï¸®ÆÛ_²_530.pal"
"ÇØÅÂ¼Ò¿ï¸®ÆÛ_²","531","3","C:\Users\wesley\Desktop\MeuRag\data\palette\¸ö\ÇØÅÂ¼Ò¿ï¸®ÆÛ_²_3.pal","C:\Users\wesley\Desktop\MeuRag\data\palette\¸ö\ÇØÅÂ¼Ò¿ï¸®ÆÛ_²_531.pal"
"ÇØÅÂ¼Ò¿ï¸®ÆÛ_²","532","3","C:\Users\wesley\Desktop\MeuRag\data\palette\¸ö\ÇØÅÂ¼Ò¿ï¸®ÆÛ_²_3.pal","C:\Users\wesley\Desktop\MeuRag\data\palette\¸ö\ÇØÅÂ¼Ò¿ï¸®ÆÛ_²_532.pal"
"ÇØÅÂ¼Ò¿ï¸®ÆÛ_²","533","3","C:\Users\wesley\Desktop\MeuRag\data\palette\¸ö\ÇØÅÂ¼Ò¿ï¸®ÆÛ_²_3.pal","C:\Users\wesley\Desktop\MeuRag\data\palette\¸ö\ÇØÅÂ¼Ò¿ï¸®ÆÛ_²_533.pal"
"ÇØÅÂ¼Ò¿ï¸®ÆÛ_²","534","3","C:\Users\wesley\Desktop\MeuRag\data\palette\¸ö\ÇØÅÂ¼Ò¿ï¸®ÆÛ_²_3.pal","C:\Users\wesley\Desktop\MeuRag\data\palette\¸ö\ÇØÅÂ¼Ò¿ï¸®ÆÛ_²_534.pal"
"ÇØÅÂ¼Ò¿ï¸®ÆÛ_²","535","3","C:\Users\wesley\Desktop\MeuRag\data\palette\¸ö\ÇØÅÂ¼Ò¿ï¸®ÆÛ_²_3.pal","C:\Users\wesley\Desktop\MeuRag\data\palette\¸ö\ÇØÅÂ¼Ò¿ï¸®ÆÛ_²_535.pal"
"ÇØÅÂ¼Ò¿ï¸®ÆÛ_²","536","3","C:\Users\wesley\Desktop\MeuRag\data\palette\¸ö\ÇØÅÂ¼Ò¿ï¸®ÆÛ_²_3.pal","C:\Users\wesley\Desktop\MeuRag\data\palette\¸ö\ÇØÅÂ¼Ò¿ï¸®ÆÛ_²_536.pal"
"ÇØÅÂ¼Ò¿ï¸®ÆÛ_²","537","3","C:\Users\wesley\Desktop\MeuRag\data\palette\¸ö\ÇØÅÂ¼Ò¿ï¸®ÆÛ_²_3.pal","C:\Users\wesley\Desktop\MeuRag\data\palette\¸ö\ÇØÅÂ¼Ò¿ï¸®ÆÛ_²_537.pal"
"ÇØÅÂ¼Ò¿ï¸®ÆÛ_²","538","3","C:\Users\wesley\Desktop\MeuRag\data\palette\¸ö\ÇØÅÂ¼Ò¿ï¸®ÆÛ_²_3.pal","C:\Users\wesley\Desktop\MeuRag\data\palette\¸ö\ÇØÅÂ¼Ò¿ï¸®ÆÛ_²_538.pal"
"ÇØÅÂ¼Ò¿ï¸®ÆÛ_²","539","3","C:\Users\wesley\Desktop\MeuRag\data\palette\¸ö\ÇØÅÂ¼Ò¿ï¸®ÆÛ_²_3.pal","C:\Users\wesley\Desktop\MeuRag\data\palette\¸ö\ÇØÅÂ¼Ò¿ï¸®ÆÛ_²_539.pal"
"ÇØÅÂ¼Ò¿ï¸®ÆÛ_²","540","3","C:\Users\wesley\Desktop\MeuRag\data\palette\¸ö\ÇØÅÂ¼Ò¿ï¸®ÆÛ_²_3.pal","C:\Users\wesley\Desktop\MeuRag\data\palette\¸ö\ÇØÅÂ¼Ò¿ï¸®ÆÛ_²_540.pal"
"ÇØÅÂ¼Ò¿ï¸®ÆÛ_²","541","3","C:\Users\wesley\Desktop\MeuRag\data\palette\¸ö\ÇØÅÂ¼Ò¿ï¸®ÆÛ_²_3.pal","C:\Users\wesley\Desktop\MeuRag\data\palette\¸ö\ÇØÅÂ¼Ò¿ï¸®ÆÛ_²_541.pal"
"ÇØÅÂ¼Ò¿ï¸®ÆÛ_²","542","3","C:\Users\wesley\Desktop\MeuRag\data\palette\¸ö\ÇØÅÂ¼Ò¿ï¸®ÆÛ_²_3.pal","C:\Users\wesley\Desktop\MeuRag\data\palette\¸ö\ÇØÅÂ¼Ò¿ï¸®ÆÛ_²_542.pal"
"ÇØÅÂ¼Ò¿ï¸®ÆÛ_²","543","3","C:\Users\wesley\Desktop\MeuRag\data\palette\¸ö\ÇØÅÂ¼Ò¿ï¸®ÆÛ_²_3.pal","C:\Users\wesley\Desktop\MeuRag\data\palette\¸ö\ÇØÅÂ¼Ò¿ï¸®ÆÛ_²_543.pal"
"ÇØÅÂ¼Ò¿ï¸®ÆÛ_²","544","3","C:\Users\wesley\Desktop\MeuRag\data\palette\¸ö\ÇØÅÂ¼Ò¿ï¸®ÆÛ_²_3.pal","C:\Users\wesley\Desktop\MeuRag\data\palette\¸ö\ÇØÅÂ¼Ò¿ï¸®ÆÛ_²_544.pal"
"ÇØÅÂ¼Ò¿ï¸®ÆÛ_²","545","3","C:\Users\wesley\Desktop\MeuRag\data\palette\¸ö\ÇØÅÂ¼Ò¿ï¸®ÆÛ_²_3.pal","C:\Users\wesley\Desktop\MeuRag\data\palette\¸ö\ÇØÅÂ¼Ò¿ï¸®ÆÛ_²_545.pal"
"ÇØÅÂ¼Ò¿ï¸®ÆÛ_²","546","3","C:\Users\wesley\Desktop\MeuRag\data\palette\¸ö\ÇØÅÂ¼Ò¿ï¸®ÆÛ_²_3.pal","C:\Users\wesley\Desktop\MeuRag\data\palette\¸ö\ÇØÅÂ¼Ò¿ï¸®ÆÛ_²_546.pal"
"ÇØÅÂ¼Ò¿ï¸®ÆÛ_²","547","3","C:\Users\wesley\Desktop\MeuRag\data\palette\¸ö\ÇØÅÂ¼Ò¿ï¸®ÆÛ_²_3.pal","C:\Users\wesley\Desktop\MeuRag\data\palette\¸ö\ÇØÅÂ¼Ò¿ï¸®ÆÛ_²_547.pal"
"ÇØÅÂ¼Ò¿ï¸®ÆÛ_²","548","3","C:\Users\wesley\Desktop\MeuRag\data\palette\¸ö\ÇØÅÂ¼Ò¿ï¸®ÆÛ_²_3.pal","C:\Users\wesley\Desktop\MeuRag\data\palette\¸ö\ÇØÅÂ¼Ò¿ï¸®ÆÛ_²_548.pal"
"ÇØÅÂ¼Ò¿ï¸®ÆÛ_²","549","3","C:\Users\wesley\Desktop\MeuRag\data\palette\¸ö\ÇØÅÂ¼Ò¿ï¸®ÆÛ_²_3.pal","C:\Users\wesley\Desktop\MeuRag\data\palette\¸ö\ÇØÅÂ¼Ò¿ï¸®ÆÛ_²_549.pal"
"ÇØÅÂ¼Ò¿ï¸®ÆÛ_²","550","3","C:\Users\wesley\Desktop\MeuRag\data\palette\¸ö\ÇØÅÂ¼Ò¿ï¸®ÆÛ_²_3.pal","C:\Users\wesley\Desktop\MeuRag\data\palette\¸ö\ÇØÅÂ¼Ò¿ï¸®ÆÛ_²_550.pal"
"ÇØÅÂ¼Ò¿ï¸®ÆÛ_²","551","3","C:\Users\wesley\Desktop\MeuRag\data\palette\¸ö\ÇØÅÂ¼Ò¿ï¸®ÆÛ_²_3.pal","C:\Users\wesley\Desktop\MeuRag\data\palette\¸ö\ÇØÅÂ¼Ò¿ï¸®ÆÛ_²_551.pal"
"ÇØÅÂ¼Ò¿ï¸®ÆÛ_²","552","3","C:\Users\wesley\Desktop\MeuRag\data\palette\¸ö\ÇØÅÂ¼Ò¿ï¸®ÆÛ_²_3.pal","C:\Users\wesley\Desktop\MeuRag\data\palette\¸ö\ÇØÅÂ¼Ò¿ï¸®ÆÛ_²_552.pal"
"ÇØÅÂ¼Ò¿ï¸®ÆÛ_²","553","3","C:\Users\wesley\Desktop\MeuRag\data\palette\¸ö\ÇØÅÂ¼Ò¿ï¸®ÆÛ_²_3.pal","C:\Users\wesley\Desktop\MeuRag\data\palette\¸ö\ÇØÅÂ¼Ò¿ï¸®ÆÛ_²_553.pal"
"ÇØÅÂ¼Ò¿ï¸®ÆÛ_²","554","3","C:\Users\wesley\Desktop\MeuRag\data\palette\¸ö\ÇØÅÂ¼Ò¿ï¸®ÆÛ_²_3.pal","C:\Users\wesley\Desktop\MeuRag\data\palette\¸ö\ÇØÅÂ¼Ò¿ï¸®ÆÛ_²_554.pal"
"ÇØÅÂ¼Ò¿ï¸®ÆÛ_²","555","3","C:\Users\wesley\Desktop\MeuRag\data\palette\¸ö\ÇØÅÂ¼Ò¿ï¸®ÆÛ_²_3.pal","C:\Users\wesley\Desktop\MeuRag\data\palette\¸ö\ÇØÅÂ¼Ò¿ï¸®ÆÛ_²_555.pal"
"ÇØÅÂ¼Ò¿ï¸®ÆÛ_²","556","3","C:\Users\wesley\Desktop\MeuRag\data\palette\¸ö\ÇØÅÂ¼Ò¿ï¸®ÆÛ_²_3.pal","C:\Users\wesley\Desktop\MeuRag\data\palette\¸ö\ÇØÅÂ¼Ò¿ï¸®ÆÛ_²_556.pal"
"ÇØÅÂ¼Ò¿ï¸®ÆÛ_²","557","3","C:\Users\wesley\Desktop\MeuRag\data\palette\¸ö\ÇØÅÂ¼Ò¿ï¸®ÆÛ_²_3.pal","C:\Users\wesley\Desktop\MeuRag\data\palette\¸ö\ÇØÅÂ¼Ò¿ï¸®ÆÛ_²_557.pal"
"ÇØÅÂ¼Ò¿ï¸®ÆÛ_²","558","3","C:\Users\wesley\Desktop\MeuRag\data\palette\¸ö\ÇØÅÂ¼Ò¿ï¸®ÆÛ_²_3.pal","C:\Users\wesley\Desktop\MeuRag\data\palette\¸ö\ÇØÅÂ¼Ò¿ï¸®ÆÛ_²_558.pal"
"ÇØÅÂ¼Ò¿ï¸®ÆÛ_²","559","3","C:\Users\wesley\Desktop\MeuRag\data\palette\¸ö\ÇØÅÂ¼Ò¿ï¸®ÆÛ_²_3.pal","C:\Users\wesley\Desktop\MeuRag\data\palette\¸ö\ÇØÅÂ¼Ò¿ï¸®ÆÛ_²_559.pal"
"ÇØÅÂ¼Ò¿ï¸®ÆÛ_²","560","3","C:\Users\wesley\Desktop\MeuRag\data\palette\¸ö\ÇØÅÂ¼Ò¿ï¸®ÆÛ_²_3.pal","C:\Users\wesley\Desktop\MeuRag\data\palette\¸ö\ÇØÅÂ¼Ò¿ï¸®ÆÛ_²_560.pal"
"ÇØÅÂ¼Ò¿ï¸®ÆÛ_²","561","3","C:\Users\wesley\Desktop\MeuRag\data\palette\¸ö\ÇØÅÂ¼Ò¿ï¸®ÆÛ_²_3.pal","C:\Users\wesley\Desktop\MeuRag\data\palette\¸ö\ÇØÅÂ¼Ò¿ï¸®ÆÛ_²_561.pal"
"ÇØÅÂ¼Ò¿ï¸®ÆÛ_²","562","3","C:\Users\wesley\Desktop\MeuRag\data\palette\¸ö\ÇØÅÂ¼Ò¿ï¸®ÆÛ_²_3.pal","C:\Users\wesley\Desktop\MeuRag\data\palette\¸ö\ÇØÅÂ¼Ò¿ï¸®ÆÛ_²_562.pal"
"ÇØÅÂ¼Ò¿ï¸®ÆÛ_²","563","3","C:\Users\wesley\Desktop\MeuRag\data\palette\¸ö\ÇØÅÂ¼Ò¿ï¸®ÆÛ_²_3.pal","C:\Users\wesley\Desktop\MeuRag\data\palette\¸ö\ÇØÅÂ¼Ò¿ï¸®ÆÛ_²_563.pal"
"ÇØÅÂ¼Ò¿ï¸®ÆÛ_²","564","3","C:\Users\wesley\Desktop\MeuRag\data\palette\¸ö\ÇØÅÂ¼Ò¿ï¸®ÆÛ_²_3.pal","C:\Users\wesley\Desktop\MeuRag\data\palette\¸ö\ÇØÅÂ¼Ò¿ï¸®ÆÛ_²_564.pal"
"ÇØÅÂ¼Ò¿ï¸®ÆÛ_²","565","3","C:\Users\wesley\Desktop\MeuRag\data\palette\¸ö\ÇØÅÂ¼Ò¿ï¸®ÆÛ_²_3.pal","C:\Users\wesley\Desktop\MeuRag\data\palette\¸ö\ÇØÅÂ¼Ò¿ï¸®ÆÛ_²_565.pal"
"ÇØÅÂ¼Ò¿ï¸®ÆÛ_²","566","3","C:\Users\wesley\Desktop\MeuRag\data\palette\¸ö\ÇØÅÂ¼Ò¿ï¸®ÆÛ_²_3.pal","C:\Users\wesley\Desktop\MeuRag\data\palette\¸ö\ÇØÅÂ¼Ò¿ï¸®ÆÛ_²_566.pal"
"ÇØÅÂ¼Ò¿ï¸®ÆÛ_²","567","3","C:\Users\wesley\Desktop\MeuRag\data\palette\¸ö\ÇØÅÂ¼Ò¿ï¸®ÆÛ_²_3.pal","C:\Users\wesley\Desktop\MeuRag\data\palette\¸ö\ÇØÅÂ¼Ò¿ï¸®ÆÛ_²_567.pal"
"ÇØÅÂ¼Ò¿ï¸®ÆÛ_²","568","3","C:\Users\wesley\Desktop\MeuRag\data\palette\¸ö\ÇØÅÂ¼Ò¿ï¸®ÆÛ_²_3.pal","C:\Users\wesley\Desktop\MeuRag\data\palette\¸ö\ÇØÅÂ¼Ò¿ï¸®ÆÛ_²_568.pal"
"ÇØÅÂ¼Ò¿ï¸®ÆÛ_²","569","3","C:\Users\wesley\Desktop\MeuRag\data\palette\¸ö\ÇØÅÂ¼Ò¿ï¸®ÆÛ_²_3.pal","C:\Users\wesley\Desktop\MeuRag\data\palette\¸ö\ÇØÅÂ¼Ò¿ï¸®ÆÛ_²_569.pal"
"ÇØÅÂ¼Ò¿ï¸®ÆÛ_²","570","3","C:\Users\wesley\Desktop\MeuRag\data\palette\¸ö\ÇØÅÂ¼Ò¿ï¸®ÆÛ_²_3.pal","C:\Users\wesley\Desktop\MeuRag\data\palette\¸ö\ÇØÅÂ¼Ò¿ï¸®ÆÛ_²_570.pal"
"ÇØÅÂ¼Ò¿ï¸®ÆÛ_²","571","3","C:\Users\wesley\Desktop\MeuRag\data\palette\¸ö\ÇØÅÂ¼Ò¿ï¸®ÆÛ_²_3.pal","C:\Users\wesley\Desktop\MeuRag\data\palette\¸ö\ÇØÅÂ¼Ò¿ï¸®ÆÛ_²_571.pal"
"ÇØÅÂ¼Ò¿ï¸®ÆÛ_²","572","3","C:\Users\wesley\Desktop\MeuRag\data\palette\¸ö\ÇØÅÂ¼Ò¿ï¸®ÆÛ_²_3.pal","C:\Users\wesley\Desktop\MeuRag\data\palette\¸ö\ÇØÅÂ¼Ò¿ï¸®ÆÛ_²_572.pal"
"ÇØÅÂ¼Ò¿ï¸®ÆÛ_²","573","3","C:\Users\wesley\Desktop\MeuRag\data\palette\¸ö\ÇØÅÂ¼Ò¿ï¸®ÆÛ_²_3.pal","C:\Users\wesley\Desktop\MeuRag\data\palette\¸ö\ÇØÅÂ¼Ò¿ï¸®ÆÛ_²_573.pal"
"ÇØÅÂ¼Ò¿ï¸®ÆÛ_²","574","3","C:\Users\wesley\Desktop\MeuRag\data\palette\¸ö\ÇØÅÂ¼Ò¿ï¸®ÆÛ_²_3.pal","C:\Users\wesley\Desktop\MeuRag\data\palette\¸ö\ÇØÅÂ¼Ò¿ï¸®ÆÛ_²_574.pal"
"ÇØÅÂ¼Ò¿ï¸®ÆÛ_²","575","3","C:\Users\wesley\Desktop\MeuRag\data\palette\¸ö\ÇØÅÂ¼Ò¿ï¸®ÆÛ_²_3.pal","C:\Users\wesley\Desktop\MeuRag\data\palette\¸ö\ÇØÅÂ¼Ò¿ï¸®ÆÛ_²_575.pal"
"ÇØÅÂ¼Ò¿ï¸®ÆÛ_²","576","3","C:\Users\wesley\Desktop\MeuRag\data\palette\¸ö\ÇØÅÂ¼Ò¿ï¸®ÆÛ_²_3.pal","C:\Users\wesley\Desktop\MeuRag\data\palette\¸ö\ÇØÅÂ¼Ò¿ï¸®ÆÛ_²_576.pal"
"ÇØÅÂ¼Ò¿ï¸®ÆÛ_²","577","3","C:\Users\wesley\Desktop\MeuRag\data\palette\¸ö\ÇØÅÂ¼Ò¿ï¸®ÆÛ_²_3.pal","C:\Users\wesley\Desktop\MeuRag\data\palette\¸ö\ÇØÅÂ¼Ò¿ï¸®ÆÛ_²_577.pal"
"ÇØÅÂ¼Ò¿ï¸®ÆÛ_²","578","3","C:\Users\wesley\Desktop\MeuRag\data\palette\¸ö\ÇØÅÂ¼Ò¿ï¸®ÆÛ_²_3.pal","C:\Users\wesley\Desktop\MeuRag\data\palette\¸ö\ÇØÅÂ¼Ò¿ï¸®ÆÛ_²_578.pal"
"ÇØÅÂ¼Ò¿ï¸®ÆÛ_²","579","3","C:\Users\wesley\Desktop\MeuRag\data\palette\¸ö\ÇØÅÂ¼Ò¿ï¸®ÆÛ_²_3.pal","C:\Users\wesley\Desktop\MeuRag\data\palette\¸ö\ÇØÅÂ¼Ò¿ï¸®ÆÛ_²_579.pal"
"ÇØÅÂ¼Ò¿ï¸®ÆÛ_²","580","3","C:\Users\wesley\Desktop\MeuRag\data\palette\¸ö\ÇØÅÂ¼Ò¿ï¸®ÆÛ_²_3.pal","C:\Users\wesley\Desktop\MeuRag\data\palette\¸ö\ÇØÅÂ¼Ò¿ï¸®ÆÛ_²_580.pal"
"ÇØÅÂ¼Ò¿ï¸®ÆÛ_²","581","3","C:\Users\wesley\Desktop\MeuRag\data\palette\¸ö\ÇØÅÂ¼Ò¿ï¸®ÆÛ_²_3.pal","C:\Users\wesley\Desktop\MeuRag\data\palette\¸ö\ÇØÅÂ¼Ò¿ï¸®ÆÛ_²_581.pal"
"ÇØÅÂ¼Ò¿ï¸®ÆÛ_²","582","3","C:\Users\wesley\Desktop\MeuRag\data\palette\¸ö\ÇØÅÂ¼Ò¿ï¸®ÆÛ_²_3.pal","C:\Users\wesley\Desktop\MeuRag\data\palette\¸ö\ÇØÅÂ¼Ò¿ï¸®ÆÛ_²_582.pal"
"ÇØÅÂ¼Ò¿ï¸®ÆÛ_²","583","3","C:\Users\wesley\Desktop\MeuRag\data\palette\¸ö\ÇØÅÂ¼Ò¿ï¸®ÆÛ_²_3.pal","C:\Users\wesley\Desktop\MeuRag\data\palette\¸ö\ÇØÅÂ¼Ò¿ï¸®ÆÛ_²_583.pal"
"ÇØÅÂ¼Ò¿ï¸®ÆÛ_²","584","3","C:\Users\wesley\Desktop\MeuRag\data\palette\¸ö\ÇØÅÂ¼Ò¿ï¸®ÆÛ_²_3.pal","C:\Users\wesley\Desktop\MeuRag\data\palette\¸ö\ÇØÅÂ¼Ò¿ï¸®ÆÛ_²_584.pal"
"ÇØÅÂ¼Ò¿ï¸®ÆÛ_²","585","3","C:\Users\wesley\Desktop\MeuRag\data\palette\¸ö\ÇØÅÂ¼Ò¿ï¸®ÆÛ_²_3.pal","C:\Users\wesley\Desktop\MeuRag\data\palette\¸ö\ÇØÅÂ¼Ò¿ï¸®ÆÛ_²_585.pal"
"ÇØÅÂ¼Ò¿ï¸®ÆÛ_²","586","3","C:\Users\wesley\Desktop\MeuRag\data\palette\¸ö\ÇØÅÂ¼Ò¿ï¸®ÆÛ_²_3.pal","C:\Users\wesley\Desktop\MeuRag\data\palette\¸ö\ÇØÅÂ¼Ò¿ï¸®ÆÛ_²_586.pal"
"ÇØÅÂ¼Ò¿ï¸®ÆÛ_²","587","3","C:\Users\wesley\Desktop\MeuRag\data\palette\¸ö\ÇØÅÂ¼Ò¿ï¸®ÆÛ_²_3.pal","C:\Users\wesley\Desktop\MeuRag\data\palette\¸ö\ÇØÅÂ¼Ò¿ï¸®ÆÛ_²_587.pal"
"ÇØÅÂ¼Ò¿ï¸®ÆÛ_²","588","3","C:\Users\wesley\Desktop\MeuRag\data\palette\¸ö\ÇØÅÂ¼Ò¿ï¸®ÆÛ_²_3.pal","C:\Users\wesley\Desktop\MeuRag\data\palette\¸ö\ÇØÅÂ¼Ò¿ï¸®ÆÛ_²_588.pal"
"ÇØÅÂ¼Ò¿ï¸®ÆÛ_²","589","3","C:\Users\wesley\Desktop\MeuRag\data\palette\¸ö\ÇØÅÂ¼Ò¿ï¸®ÆÛ_²_3.pal","C:\Users\wesley\Desktop\MeuRag\data\palette\¸ö\ÇØÅÂ¼Ò¿ï¸®ÆÛ_²_589.pal"
"ÇØÅÂ¼Ò¿ï¸®ÆÛ_²","590","3","C:\Users\wesley\Desktop\MeuRag\data\palette\¸ö\ÇØÅÂ¼Ò¿ï¸®ÆÛ_²_3.pal","C:\Users\wesley\Desktop\MeuRag\data\palette\¸ö\ÇØÅÂ¼Ò¿ï¸®ÆÛ_²_590.pal"
"ÇØÅÂ¼Ò¿ï¸®ÆÛ_²","591","3","C:\Users\wesley\Desktop\MeuRag\data\palette\¸ö\ÇØÅÂ¼Ò¿ï¸®ÆÛ_²_3.pal","C:\Users\wesley\Desktop\MeuRag\data\palette\¸ö\ÇØÅÂ¼Ò¿ï¸®ÆÛ_²_591.pal"
"ÇØÅÂ¼Ò¿ï¸®ÆÛ_²","592","3","C:\Users\wesley\Desktop\MeuRag\data\palette\¸ö\ÇØÅÂ¼Ò¿ï¸®ÆÛ_²_3.pal","C:\Users\wesley\Desktop\MeuRag\data\palette\¸ö\ÇØÅÂ¼Ò¿ï¸®ÆÛ_²_592.pal"
"ÇØÅÂ¼Ò¿ï¸®ÆÛ_²","593","3","C:\Users\wesley\Desktop\MeuRag\data\palette\¸ö\ÇØÅÂ¼Ò¿ï¸®ÆÛ_²_3.pal","C:\Users\wesley\Desktop\MeuRag\data\palette\¸ö\ÇØÅÂ¼Ò¿ï¸®ÆÛ_²_593.pal"
"ÇØÅÂ¼Ò¿ï¸®ÆÛ_²","594","3","C:\Users\wesley\Desktop\MeuRag\data\palette\¸ö\ÇØÅÂ¼Ò¿ï¸®ÆÛ_²_3.pal","C:\Users\wesley\Desktop\MeuRag\data\palette\¸ö\ÇØÅÂ¼Ò¿ï¸®ÆÛ_²_594.pal"
"ÇØÅÂ¼Ò¿ï¸®ÆÛ_²","595","3","C:\Users\wesley\Desktop\MeuRag\data\palette\¸ö\ÇØÅÂ¼Ò¿ï¸®ÆÛ_²_3.pal","C:\Users\wesley\Desktop\MeuRag\data\palette\¸ö\ÇØÅÂ¼Ò¿ï¸®ÆÛ_²_595.pal"
"ÇØÅÂ¼Ò¿ï¸®ÆÛ_²","596","3","C:\Users\wesley\Desktop\MeuRag\data\palette\¸ö\ÇØÅÂ¼Ò¿ï¸®ÆÛ_²_3.pal","C:\Users\wesley\Desktop\MeuRag\data\palette\¸ö\ÇØÅÂ¼Ò¿ï¸®ÆÛ_²_596.pal"
"ÇØÅÂ¼Ò¿ï¸®ÆÛ_²","597","3","C:\Users\wesley\Desktop\MeuRag\data\palette\¸ö\ÇØÅÂ¼Ò¿ï¸®ÆÛ_²_3.pal","C:\Users\wesley\Desktop\MeuRag\data\palette\¸ö\ÇØÅÂ¼Ò¿ï¸®ÆÛ_²_597.pal"
"ÇØÅÂ¼Ò¿ï¸®ÆÛ_²","598","3","C:\Users\wesley\Desktop\MeuRag\data\palette\¸ö\ÇØÅÂ¼Ò¿ï¸®ÆÛ_²_3.pal","C:\Users\wesley\Desktop\MeuRag\data\palette\¸ö\ÇØÅÂ¼Ò¿ï¸®ÆÛ_²_598.pal"
"ÇØÅÂ¼Ò¿ï¸®ÆÛ_²","599","3","C:\Users\wesley\Desktop\MeuRag\data\palette\¸ö\ÇØÅÂ¼Ò¿ï¸®ÆÛ_²_3.pal","C:\Users\wesley\Desktop\MeuRag\data\palette\¸ö\ÇØÅÂ¼Ò¿ï¸®ÆÛ_²_599.pal"
"ÇØÅÂ¼Ò¿ï¸®ÆÛ_²","600","3","C:\Users\wesley\Desktop\MeuRag\data\palette\¸ö\ÇØÅÂ¼Ò¿ï¸®ÆÛ_²_3.pal","C:\Users\wesley\Desktop\MeuRag\data\palette\¸ö\ÇØÅÂ¼Ò¿ï¸®ÆÛ_²_600.pal"
"ÇØÅÂ¼Ò¿ï¸®ÆÛ_²","601","3","C:\Users\wesley\Desktop\MeuRag\data\palette\¸ö\ÇØÅÂ¼Ò¿ï¸®ÆÛ_²_3.pal","C:\Users\wesley\Desktop\MeuRag\data\palette\¸ö\ÇØÅÂ¼Ò¿ï¸®ÆÛ_²_601.pal"
"ÇØÅÂ¼Ò¿ï¸®ÆÛ_²","602","3","C:\Users\wesley\Desktop\MeuRag\data\palette\¸ö\ÇØÅÂ¼Ò¿ï¸®ÆÛ_²_3.pal","C:\Users\wesley\Desktop\MeuRag\data\palette\¸ö\ÇØÅÂ¼Ò¿ï¸®ÆÛ_²_602.pal"
"ÇØÅÂ¼Ò¿ï¸®ÆÛ_²","603","3","C:\Users\wesley\Desktop\MeuRag\data\palette\¸ö\ÇØÅÂ¼Ò¿ï¸®ÆÛ_²_3.pal","C:\Users\wesley\Desktop\MeuRag\data\palette\¸ö\ÇØÅÂ¼Ò¿ï¸®ÆÛ_²_603.pal"
"ÇØÅÂ¼Ò¿ï¸®ÆÛ_²","604","3","C:\Users\wesley\Desktop\MeuRag\data\palette\¸ö\ÇØÅÂ¼Ò¿ï¸®ÆÛ_²_3.pal","C:\Users\wesley\Desktop\MeuRag\data\palette\¸ö\ÇØÅÂ¼Ò¿ï¸®ÆÛ_²_604.pal"
"ÇØÅÂ¼Ò¿ï¸®ÆÛ_²","605","3","C:\Users\wesley\Desktop\MeuRag\data\palette\¸ö\ÇØÅÂ¼Ò¿ï¸®ÆÛ_²_3.pal","C:\Users\wesley\Desktop\MeuRag\data\palette\¸ö\ÇØÅÂ¼Ò¿ï¸®ÆÛ_²_605.pal"
"ÇØÅÂ¼Ò¿ï¸®ÆÛ_²","606","3","C:\Users\wesley\Desktop\MeuRag\data\palette\¸ö\ÇØÅÂ¼Ò¿ï¸®ÆÛ_²_3.pal","C:\Users\wesley\Desktop\MeuRag\data\palette\¸ö\ÇØÅÂ¼Ò¿ï¸®ÆÛ_²_606.pal"
"ÇØÅÂ¼Ò¿ï¸®ÆÛ_²","607","3","C:\Users\wesley\Desktop\MeuRag\data\palette\¸ö\ÇØÅÂ¼Ò¿ï¸®ÆÛ_²_3.pal","C:\Users\wesley\Desktop\MeuRag\data\palette\¸ö\ÇØÅÂ¼Ò¿ï¸®ÆÛ_²_607.pal"
"ÇØÅÂ¼Ò¿ï¸®ÆÛ_²","608","3","C:\Users\wesley\Desktop\MeuRag\data\palette\¸ö\ÇØÅÂ¼Ò¿ï¸®ÆÛ_²_3.pal","C:\Users\wesley\Desktop\MeuRag\data\palette\¸ö\ÇØÅÂ¼Ò¿ï¸®ÆÛ_²_608.pal"
"ÇØÅÂ¼Ò¿ï¸®ÆÛ_²","609","3","C:\Users\wesley\Desktop\MeuRag\data\palette\¸ö\ÇØÅÂ¼Ò¿ï¸®ÆÛ_²_3.pal","C:\Users\wesley\Desktop\MeuRag\data\palette\¸ö\ÇØÅÂ¼Ò¿ï¸®ÆÛ_²_609.pal"
"ÇØÅÂ¼Ò¿ï¸®ÆÛ_²","610","3","C:\Users\wesley\Desktop\MeuRag\data\palette\¸ö\ÇØÅÂ¼Ò¿ï¸®ÆÛ_²_3.pal","C:\Users\wesley\Desktop\MeuRag\data\palette\¸ö\ÇØÅÂ¼Ò¿ï¸®ÆÛ_²_610.pal"
"ÇØÅÂ¼Ò¿ï¸®ÆÛ_²","611","3","C:\Users\wesley\Desktop\MeuRag\data\palette\¸ö\ÇØÅÂ¼Ò¿ï¸®ÆÛ_²_3.pal","C:\Users\wesley\Desktop\MeuRag\data\palette\¸ö\ÇØÅÂ¼Ò¿ï¸®ÆÛ_²_611.pal"
"ÇØÅÂ¼Ò¿ï¸®ÆÛ_²","612","3","C:\Users\wesley\Desktop\MeuRag\data\palette\¸ö\ÇØÅÂ¼Ò¿ï¸®ÆÛ_²_3.pal","C:\Users\wesley\Desktop\MeuRag\data\palette\¸ö\ÇØÅÂ¼Ò¿ï¸®ÆÛ_²_612.pal"
"ÇØÅÂ¼Ò¿ï¸®ÆÛ_²","613","3","C:\Users\wesley\Desktop\MeuRag\data\palette\¸ö\ÇØÅÂ¼Ò¿ï¸®ÆÛ_²_3.pal","C:\Users\wesley\Desktop\MeuRag\data\palette\¸ö\ÇØÅÂ¼Ò¿ï¸®ÆÛ_²_613.pal"
"ÇØÅÂ¼Ò¿ï¸®ÆÛ_²","614","3","C:\Users\wesley\Desktop\MeuRag\data\palette\¸ö\ÇØÅÂ¼Ò¿ï¸®ÆÛ_²_3.pal","C:\Users\wesley\Desktop\MeuRag\data\palette\¸ö\ÇØÅÂ¼Ò¿ï¸®ÆÛ_²_614.pal"
"ÇØÅÂ¼Ò¿ï¸®ÆÛ_²","615","3","C:\Users\wesley\Desktop\MeuRag\data\palette\¸ö\ÇØÅÂ¼Ò¿ï¸®ÆÛ_²_3.pal","C:\Users\wesley\Desktop\MeuRag\data\palette\¸ö\ÇØÅÂ¼Ò¿ï¸®ÆÛ_²_615.pal"
"ÇØÅÂ¼Ò¿ï¸®ÆÛ_²","616","3","C:\Users\wesley\Desktop\MeuRag\data\palette\¸ö\ÇØÅÂ¼Ò¿ï¸®ÆÛ_²_3.pal","C:\Users\wesley\Desktop\MeuRag\data\palette\¸ö\ÇØÅÂ¼Ò¿ï¸®ÆÛ_²_616.pal"
"ÇØÅÂ¼Ò¿ï¸®ÆÛ_²","617","3","C:\Users\wesley\Desktop\MeuRag\data\palette\¸ö\ÇØÅÂ¼Ò¿ï¸®ÆÛ_²_3.pal","C:\Users\wesley\Desktop\MeuRag\data\palette\¸ö\ÇØÅÂ¼Ò¿ï¸®ÆÛ_²_617.pal"
"ÇØÅÂ¼Ò¿ï¸®ÆÛ_²","618","3","C:\Users\wesley\Desktop\MeuRag\data\palette\¸ö\ÇØÅÂ¼Ò¿ï¸®ÆÛ_²_3.pal","C:\Users\wesley\Desktop\MeuRag\data\palette\¸ö\ÇØÅÂ¼Ò¿ï¸®ÆÛ_²_618.pal"
"ÇØÅÂ¼Ò¿ï¸®ÆÛ_²","619","3","C:\Users\wesley\Desktop\MeuRag\data\palette\¸ö\ÇØÅÂ¼Ò¿ï¸®ÆÛ_²_3.pal","C:\Users\wesley\Desktop\MeuRag\data\palette\¸ö\ÇØÅÂ¼Ò¿ï¸®ÆÛ_²_619.pal"
"ÇØÅÂ¼Ò¿ï¸®ÆÛ_²","620","3","C:\Users\wesley\Desktop\MeuRag\data\palette\¸ö\ÇØÅÂ¼Ò¿ï¸®ÆÛ_²_3.pal","C:\Users\wesley\Desktop\MeuRag\data\palette\¸ö\ÇØÅÂ¼Ò¿ï¸®ÆÛ_²_620.pal"
"ÇØÅÂ¼Ò¿ï¸®ÆÛ_²","621","3","C:\Users\wesley\Desktop\MeuRag\data\palette\¸ö\ÇØÅÂ¼Ò¿ï¸®ÆÛ_²_3.pal","C:\Users\wesley\Desktop\MeuRag\data\palette\¸ö\ÇØÅÂ¼Ò¿ï¸®ÆÛ_²_621.pal"
"ÇØÅÂ¼Ò¿ï¸®ÆÛ_²","622","3","C:\Users\wesley\Desktop\MeuRag\data\palette\¸ö\ÇØÅÂ¼Ò¿ï¸®ÆÛ_²_3.pal","C:\Users\wesley\Desktop\MeuRag\data\palette\¸ö\ÇØÅÂ¼Ò¿ï¸®ÆÛ_²_622.pal"
"ÇØÅÂ¼Ò¿ï¸®ÆÛ_²","623","3","C:\Users\wesley\Desktop\MeuRag\data\palette\¸ö\ÇØÅÂ¼Ò¿ï¸®ÆÛ_²_3.pal","C:\Users\wesley\Desktop\MeuRag\data\palette\¸ö\ÇØÅÂ¼Ò¿ï¸®ÆÛ_²_623.pal"
"ÇØÅÂ¼Ò¿ï¸®ÆÛ_²","624","3","C:\Users\wesley\Desktop\MeuRag\data\palette\¸ö\ÇØÅÂ¼Ò¿ï¸®ÆÛ_²_3.pal","C:\Users\wesley\Desktop\MeuRag\data\palette\¸ö\ÇØÅÂ¼Ò¿ï¸®ÆÛ_²_624.pal"
"ÇØÅÂ¼Ò¿ï¸®ÆÛ_²","625","3","C:\Users\wesley\Desktop\MeuRag\data\palette\¸ö\ÇØÅÂ¼Ò¿ï¸®ÆÛ_²_3.pal","C:\Users\wesley\Desktop\MeuRag\data\palette\¸ö\ÇØÅÂ¼Ò¿ï¸®ÆÛ_²_625.pal"
"ÇØÅÂ¼Ò¿ï¸®ÆÛ_²","626","3","C:\Users\wesley\Desktop\MeuRag\data\palette\¸ö\ÇØÅÂ¼Ò¿ï¸®ÆÛ_²_3.pal","C:\Users\wesley\Desktop\MeuRag\data\palette\¸ö\ÇØÅÂ¼Ò¿ï¸®ÆÛ_²_626.pal"
"ÇØÅÂ¼Ò¿ï¸®ÆÛ_²","627","3","C:\Users\wesley\Desktop\MeuRag\data\palette\¸ö\ÇØÅÂ¼Ò¿ï¸®ÆÛ_²_3.pal","C:\Users\wesley\Desktop\MeuRag\data\palette\¸ö\ÇØÅÂ¼Ò¿ï¸®ÆÛ_²_627.pal"
"ÇØÅÂ¼Ò¿ï¸®ÆÛ_²","628","3","C:\Users\wesley\Desktop\MeuRag\data\palette\¸ö\ÇØÅÂ¼Ò¿ï¸®ÆÛ_²_3.pal","C:\Users\wesley\Desktop\MeuRag\data\palette\¸ö\ÇØÅÂ¼Ò¿ï¸®ÆÛ_²_628.pal"
"ÇØÅÂ¼Ò¿ï¸®ÆÛ_²","629","3","C:\Users\wesley\Desktop\MeuRag\data\palette\¸ö\ÇØÅÂ¼Ò¿ï¸®ÆÛ_²_3.pal","C:\Users\wesley\Desktop\MeuRag\data\palette\¸ö\ÇØÅÂ¼Ò¿ï¸®ÆÛ_²_629.pal"
"ÇØÅÂ¼Ò¿ï¸®ÆÛ_²","630","3","C:\Users\wesley\Desktop\MeuRag\data\palette\¸ö\ÇØÅÂ¼Ò¿ï¸®ÆÛ_²_3.pal","C:\Users\wesley\Desktop\MeuRag\data\palette\¸ö\ÇØÅÂ¼Ò¿ï¸®ÆÛ_²_630.pal"
"ÇØÅÂ¼Ò¿ï¸®ÆÛ_²","631","3","C:\Users\wesley\Desktop\MeuRag\data\palette\¸ö\ÇØÅÂ¼Ò¿ï¸®ÆÛ_²_3.pal","C:\Users\wesley\Desktop\MeuRag\data\palette\¸ö\ÇØÅÂ¼Ò¿ï¸®ÆÛ_²_631.pal"
"ÇØÅÂ¼Ò¿ï¸®ÆÛ_²","632","3","C:\Users\wesley\Desktop\MeuRag\data\palette\¸ö\ÇØÅÂ¼Ò¿ï¸®ÆÛ_²_3.pal","C:\Users\wesley\Desktop\MeuRag\data\palette\¸ö\ÇØÅÂ¼Ò¿ï¸®ÆÛ_²_632.pal"
"ÇØÅÂ¼Ò¿ï¸®ÆÛ_²","633","3","C:\Users\wesley\Desktop\MeuRag\data\palette\¸ö\ÇØÅÂ¼Ò¿ï¸®ÆÛ_²_3.pal","C:\Users\wesley\Desktop\MeuRag\data\palette\¸ö\ÇØÅÂ¼Ò¿ï¸®ÆÛ_²_633.pal"
"ÇØÅÂ¼Ò¿ï¸®ÆÛ_²","634","3","C:\Users\wesley\Desktop\MeuRag\data\palette\¸ö\ÇØÅÂ¼Ò¿ï¸®ÆÛ_²_3.pal","C:\Users\wesley\Desktop\MeuRag\data\palette\¸ö\ÇØÅÂ¼Ò¿ï¸®ÆÛ_²_634.pal"
"ÇØÅÂ¼Ò¿ï¸®ÆÛ_²","635","3","C:\Users\wesley\Desktop\MeuRag\data\palette\¸ö\ÇØÅÂ¼Ò¿ï¸®ÆÛ_²_3.pal","C:\Users\wesley\Desktop\MeuRag\data\palette\¸ö\ÇØÅÂ¼Ò¿ï¸®ÆÛ_²_635.pal"
"ÇØÅÂ¼Ò¿ï¸®ÆÛ_²","636","3","C:\Users\wesley\Desktop\MeuRag\data\palette\¸ö\ÇØÅÂ¼Ò¿ï¸®ÆÛ_²_3.pal","C:\Users\wesley\Desktop\MeuRag\data\palette\¸ö\ÇØÅÂ¼Ò¿ï¸®ÆÛ_²_636.pal"
"ÇØÅÂ¼Ò¿ï¸®ÆÛ_²","637","3","C:\Users\wesley\Desktop\MeuRag\data\palette\¸ö\ÇØÅÂ¼Ò¿ï¸®ÆÛ_²_3.pal","C:\Users\wesley\Desktop\MeuRag\data\palette\¸ö\ÇØÅÂ¼Ò¿ï¸®ÆÛ_²_637.pal"
"ÇØÅÂ¼Ò¿ï¸®ÆÛ_²","638","3","C:\Users\wesley\Desktop\MeuRag\data\palette\¸ö\ÇØÅÂ¼Ò¿ï¸®ÆÛ_²_3.pal","C:\Users\wesley\Desktop\MeuRag\data\palette\¸ö\ÇØÅÂ¼Ò¿ï¸®ÆÛ_²_638.pal"
"ÇØÅÂ¼Ò¿ï¸®ÆÛ_²","639","3","C:\Users\wesley\Desktop\MeuRag\data\palette\¸ö\ÇØÅÂ¼Ò¿ï¸®ÆÛ_²_3.pal","C:\Users\wesley\Desktop\MeuRag\data\palette\¸ö\ÇØÅÂ¼Ò¿ï¸®ÆÛ_²_639.pal"
"ÇØÅÂ¼Ò¿ï¸®ÆÛ_²","640","3","C:\Users\wesley\Desktop\MeuRag\data\palette\¸ö\ÇØÅÂ¼Ò¿ï¸®ÆÛ_²_3.pal","C:\Users\wesley\Desktop\MeuRag\data\palette\¸ö\ÇØÅÂ¼Ò¿ï¸®ÆÛ_²_640.pal"
"ÇØÅÂ¼Ò¿ï¸®ÆÛ_²","641","3","C:\Users\wesley\Desktop\MeuRag\data\palette\¸ö\ÇØÅÂ¼Ò¿ï¸®ÆÛ_²_3.pal","C:\Users\wesley\Desktop\MeuRag\data\palette\¸ö\ÇØÅÂ¼Ò¿ï¸®ÆÛ_²_641.pal"
"ÇØÅÂ¼Ò¿ï¸®ÆÛ_²","642","3","C:\Users\wesley\Desktop\MeuRag\data\palette\¸ö\ÇØÅÂ¼Ò¿ï¸®ÆÛ_²_3.pal","C:\Users\wesley\Desktop\MeuRag\data\palette\¸ö\ÇØÅÂ¼Ò¿ï¸®ÆÛ_²_642.pal"
"ÇØÅÂ¼Ò¿ï¸®ÆÛ_²","643","3","C:\Users\wesley\Desktop\MeuRag\data\palette\¸ö\ÇØÅÂ¼Ò¿ï¸®ÆÛ_²_3.pal","C:\Users\wesley\Desktop\MeuRag\data\palette\¸ö\ÇØÅÂ¼Ò¿ï¸®ÆÛ_²_643.pal"
"ÇØÅÂ¼Ò¿ï¸®ÆÛ_²","644","3","C:\Users\wesley\Desktop\MeuRag\data\palette\¸ö\ÇØÅÂ¼Ò¿ï¸®ÆÛ_²_3.pal","C:\Users\wesley\Desktop\MeuRag\data\palette\¸ö\ÇØÅÂ¼Ò¿ï¸®ÆÛ_²_644.pal"
"ÇØÅÂ¼Ò¿ï¸®ÆÛ_²","645","3","C:\Users\wesley\Desktop\MeuRag\data\palette\¸ö\ÇØÅÂ¼Ò¿ï¸®ÆÛ_²_3.pal","C:\Users\wesley\Desktop\MeuRag\data\palette\¸ö\ÇØÅÂ¼Ò¿ï¸®ÆÛ_²_645.pal"
"ÇØÅÂ¼Ò¿ï¸®ÆÛ_²","646","3","C:\Users\wesley\Desktop\MeuRag\data\palette\¸ö\ÇØÅÂ¼Ò¿ï¸®ÆÛ_²_3.pal","C:\Users\wesley\Desktop\MeuRag\data\palette\¸ö\ÇØÅÂ¼Ò¿ï¸®ÆÛ_²_646.pal"
"ÇØÅÂ¼Ò¿ï¸®ÆÛ_²","647","3","C:\Users\wesley\Desktop\MeuRag\data\palette\¸ö\ÇØÅÂ¼Ò¿ï¸®ÆÛ_²_3.pal","C:\Users\wesley\Desktop\MeuRag\data\palette\¸ö\ÇØÅÂ¼Ò¿ï¸®ÆÛ_²_647.pal"
"ÇØÅÂ¼Ò¿ï¸®ÆÛ_²","648","3","C:\Users\wesley\Desktop\MeuRag\data\palette\¸ö\ÇØÅÂ¼Ò¿ï¸®ÆÛ_²_3.pal","C:\Users\wesley\Desktop\MeuRag\data\palette\¸ö\ÇØÅÂ¼Ò¿ï¸®ÆÛ_²_648.pal"
"ÇØÅÂ¼Ò¿ï¸®ÆÛ_²","649","3","C:\Users\wesley\Desktop\MeuRag\data\palette\¸ö\ÇØÅÂ¼Ò¿ï¸®ÆÛ_²_3.pal","C:\Users\wesley\Desktop\MeuRag\data\palette\¸ö\ÇØÅÂ¼Ò¿ï¸®ÆÛ_²_649.pal"
"ÇØÅÂ¼Ò¿ï¸®ÆÛ_²","650","3","C:\Users\wesley\Desktop\MeuRag\data\palette\¸ö\ÇØÅÂ¼Ò¿ï¸®ÆÛ_²_3.pal","C:\Users\wesley\Desktop\MeuRag\data\palette\¸ö\ÇØÅÂ¼Ò¿ï¸®ÆÛ_²_650.pal"
"ÇØÅÂ¼Ò¿ï¸®ÆÛ_²","651","3","C:\Users\wesley\Desktop\MeuRag\data\palette\¸ö\ÇØÅÂ¼Ò¿ï¸®ÆÛ_²_3.pal","C:\Users\wesley\Desktop\MeuRag\data\palette\¸ö\ÇØÅÂ¼Ò¿ï¸®ÆÛ_²_651.pal"
"ÇØÅÂ¼Ò¿ï¸®ÆÛ_²","652","3","C:\Users\wesley\Desktop\MeuRag\data\palette\¸ö\ÇØÅÂ¼Ò¿ï¸®ÆÛ_²_3.pal","C:\Users\wesley\Desktop\MeuRag\data\palette\¸ö\ÇØÅÂ¼Ò¿ï¸®ÆÛ_²_652.pal"
"ÇØÅÂ¼Ò¿ï¸®ÆÛ_²","653","3","C:\Users\wesley\Desktop\MeuRag\data\palette\¸ö\ÇØÅÂ¼Ò¿ï¸®ÆÛ_²_3.pal","C:\Users\wesley\Desktop\MeuRag\data\palette\¸ö\ÇØÅÂ¼Ò¿ï¸®ÆÛ_²_653.pal"
"ÇØÅÂ¼Ò¿ï¸®ÆÛ_²","654","3","C:\Users\wesley\Desktop\MeuRag\data\palette\¸ö\ÇØÅÂ¼Ò¿ï¸®ÆÛ_²_3.pal","C:\Users\wesley\Desktop\MeuRag\data\palette\¸ö\ÇØÅÂ¼Ò¿ï¸®ÆÛ_²_654.pal"
"ÇØÅÂ¼Ò¿ï¸®ÆÛ_²","655","3","C:\Users\wesley\Desktop\MeuRag\data\palette\¸ö\ÇØÅÂ¼Ò¿ï¸®ÆÛ_²_3.pal","C:\Users\wesley\Desktop\MeuRag\data\palette\¸ö\ÇØÅÂ¼Ò¿ï¸®ÆÛ_²_655.pal"
"ÇØÅÂ¼Ò¿ï¸®ÆÛ_²","656","3","C:\Users\wesley\Desktop\MeuRag\data\palette\¸ö\ÇØÅÂ¼Ò¿ï¸®ÆÛ_²_3.pal","C:\Users\wesley\Desktop\MeuRag\data\palette\¸ö\ÇØÅÂ¼Ò¿ï¸®ÆÛ_²_656.pal"
"ÇØÅÂ¼Ò¿ï¸®ÆÛ_²","657","3","C:\Users\wesley\Desktop\MeuRag\data\palette\¸ö\ÇØÅÂ¼Ò¿ï¸®ÆÛ_²_3.pal","C:\Users\wesley\Desktop\MeuRag\data\palette\¸ö\ÇØÅÂ¼Ò¿ï¸®ÆÛ_²_657.pal"
"ÇØÅÂ¼Ò¿ï¸®ÆÛ_²","658","3","C:\Users\wesley\Desktop\MeuRag\data\palette\¸ö\ÇØÅÂ¼Ò¿ï¸®ÆÛ_²_3.pal","C:\Users\wesley\Desktop\MeuRag\data\palette\¸ö\ÇØÅÂ¼Ò¿ï¸®ÆÛ_²_658.pal"
"ÇØÅÂ¼Ò¿ï¸®ÆÛ_²","659","3","C:\Users\wesley\Desktop\MeuRag\data\palette\¸ö\ÇØÅÂ¼Ò¿ï¸®ÆÛ_²_3.pal","C:\Users\wesley\Desktop\MeuRag\data\palette\¸ö\ÇØÅÂ¼Ò¿ï¸®ÆÛ_²_659.pal"
"ÇØÅÂ¼Ò¿ï¸®ÆÛ_²","660","3","C:\Users\wesley\Desktop\MeuRag\data\palette\¸ö\ÇØÅÂ¼Ò¿ï¸®ÆÛ_²_3.pal","C:\Users\wesley\Desktop\MeuRag\data\palette\¸ö\ÇØÅÂ¼Ò¿ï¸®ÆÛ_²_660.pal"
"ÇØÅÂ¼Ò¿ï¸®ÆÛ_²","661","3","C:\Users\wesley\Desktop\MeuRag\data\palette\¸ö\ÇØÅÂ¼Ò¿ï¸®ÆÛ_²_3.pal","C:\Users\wesley\Desktop\MeuRag\data\palette\¸ö\ÇØÅÂ¼Ò¿ï¸®ÆÛ_²_661.pal"
"ÇØÅÂ¼Ò¿ï¸®ÆÛ_²","662","3","C:\Users\wesley\Desktop\MeuRag\data\palette\¸ö\ÇØÅÂ¼Ò¿ï¸®ÆÛ_²_3.pal","C:\Users\wesley\Desktop\MeuRag\data\palette\¸ö\ÇØÅÂ¼Ò¿ï¸®ÆÛ_²_662.pal"
"ÇØÅÂ¼Ò¿ï¸®ÆÛ_²","663","3","C:\Users\wesley\Desktop\MeuRag\data\palette\¸ö\ÇØÅÂ¼Ò¿ï¸®ÆÛ_²_3.pal","C:\Users\wesley\Desktop\MeuRag\data\palette\¸ö\ÇØÅÂ¼Ò¿ï¸®ÆÛ_²_663.pal"
"ÇØÅÂ¼Ò¿ï¸®ÆÛ_²","664","3","C:\Users\wesley\Desktop\MeuRag\data\palette\¸ö\ÇØÅÂ¼Ò¿ï¸®ÆÛ_²_3.pal","C:\Users\wesley\Desktop\MeuRag\data\palette\¸ö\ÇØÅÂ¼Ò¿ï¸®ÆÛ_²_664.pal"
"ÇØÅÂ¼Ò¿ï¸®ÆÛ_²","665","3","C:\Users\wesley\Desktop\MeuRag\data\palette\¸ö\ÇØÅÂ¼Ò¿ï¸®ÆÛ_²_3.pal","C:\Users\wesley\Desktop\MeuRag\data\palette\¸ö\ÇØÅÂ¼Ò¿ï¸®ÆÛ_²_665.pal"
"ÇØÅÂ¼Ò¿ï¸®ÆÛ_²","666","3","C:\Users\wesley\Desktop\MeuRag\data\palette\¸ö\ÇØÅÂ¼Ò¿ï¸®ÆÛ_²_3.pal","C:\Users\wesley\Desktop\MeuRag\data\palette\¸ö\ÇØÅÂ¼Ò¿ï¸®ÆÛ_²_666.pal"
"ÇØÅÂ¼Ò¿ï¸®ÆÛ_²","667","3","C:\Users\wesley\Desktop\MeuRag\data\palette\¸ö\ÇØÅÂ¼Ò¿ï¸®ÆÛ_²_3.pal","C:\Users\wesley\Desktop\MeuRag\data\palette\¸ö\ÇØÅÂ¼Ò¿ï¸®ÆÛ_²_667.pal"
"ÇØÅÂ¼Ò¿ï¸®ÆÛ_²","668","3","C:\Users\wesley\Desktop\MeuRag\data\palette\¸ö\ÇØÅÂ¼Ò¿ï¸®ÆÛ_²_3.pal","C:\Users\wesley\Desktop\MeuRag\data\palette\¸ö\ÇØÅÂ¼Ò¿ï¸®ÆÛ_²_668.pal"
"ÇØÅÂ¼Ò¿ï¸®ÆÛ_²","669","3","C:\Users\wesley\Desktop\MeuRag\data\palette\¸ö\ÇØÅÂ¼Ò¿ï¸®ÆÛ_²_3.pal","C:\Users\wesley\Desktop\MeuRag\data\palette\¸ö\ÇØÅÂ¼Ò¿ï¸®ÆÛ_²_669.pal"
"ÇØÅÂ¼Ò¿ï¸®ÆÛ_²","670","3","C:\Users\wesley\Desktop\MeuRag\data\palette\¸ö\ÇØÅÂ¼Ò¿ï¸®ÆÛ_²_3.pal","C:\Users\wesley\Desktop\MeuRag\data\palette\¸ö\ÇØÅÂ¼Ò¿ï¸®ÆÛ_²_670.pal"
"ÇØÅÂ¼Ò¿ï¸®ÆÛ_²","671","3","C:\Users\wesley\Desktop\MeuRag\data\palette\¸ö\ÇØÅÂ¼Ò¿ï¸®ÆÛ_²_3.pal","C:\Users\wesley\Desktop\MeuRag\data\palette\¸ö\ÇØÅÂ¼Ò¿ï¸®ÆÛ_²_671.pal"
"ÇØÅÂ¼Ò¿ï¸®ÆÛ_²","672","3","C:\Users\wesley\Desktop\MeuRag\data\palette\¸ö\ÇØÅÂ¼Ò¿ï¸®ÆÛ_²_3.pal","C:\Users\wesley\Desktop\MeuRag\data\palette\¸ö\ÇØÅÂ¼Ò¿ï¸®ÆÛ_²_672.pal"
"ÇØÅÂ¼Ò¿ï¸®ÆÛ_²","673","3","C:\Users\wesley\Desktop\MeuRag\data\palette\¸ö\ÇØÅÂ¼Ò¿ï¸®ÆÛ_²_3.pal","C:\Users\wesley\Desktop\MeuRag\data\palette\¸ö\ÇØÅÂ¼Ò¿ï¸®ÆÛ_²_673.pal"
"ÇØÅÂ¼Ò¿ï¸®ÆÛ_²","674","3","C:\Users\wesley\Desktop\MeuRag\data\palette\¸ö\ÇØÅÂ¼Ò¿ï¸®ÆÛ_²_3.pal","C:\Users\wesley\Desktop\MeuRag\data\palette\¸ö\ÇØÅÂ¼Ò¿ï¸®ÆÛ_²_674.pal"
"ÇØÅÂ¼Ò¿ï¸®ÆÛ_²","675","3","C:\Users\wesley\Desktop\MeuRag\data\palette\¸ö\ÇØÅÂ¼Ò¿ï¸®ÆÛ_²_3.pal","C:\Users\wesley\Desktop\MeuRag\data\palette\¸ö\ÇØÅÂ¼Ò¿ï¸®ÆÛ_²_675.pal"
"ÇØÅÂ¼Ò¿ï¸®ÆÛ_²","676","3","C:\Users\wesley\Desktop\MeuRag\data\palette\¸ö\ÇØÅÂ¼Ò¿ï¸®ÆÛ_²_3.pal","C:\Users\wesley\Desktop\MeuRag\data\palette\¸ö\ÇØÅÂ¼Ò¿ï¸®ÆÛ_²_676.pal"
"ÇØÅÂ¼Ò¿ï¸®ÆÛ_²","677","3","C:\Users\wesley\Desktop\MeuRag\data\palette\¸ö\ÇØÅÂ¼Ò¿ï¸®ÆÛ_²_3.pal","C:\Users\wesley\Desktop\MeuRag\data\palette\¸ö\ÇØÅÂ¼Ò¿ï¸®ÆÛ_²_677.pal"
"ÇØÅÂ¼Ò¿ï¸®ÆÛ_²","678","3","C:\Users\wesley\Desktop\MeuRag\data\palette\¸ö\ÇØÅÂ¼Ò¿ï¸®ÆÛ_²_3.pal","C:\Users\wesley\Desktop\MeuRag\data\palette\¸ö\ÇØÅÂ¼Ò¿ï¸®ÆÛ_²_678.pal"
"ÇØÅÂ¼Ò¿ï¸®ÆÛ_²","679","3","C:\Users\wesley\Desktop\MeuRag\data\palette\¸ö\ÇØÅÂ¼Ò¿ï¸®ÆÛ_²_3.pal","C:\Users\wesley\Desktop\MeuRag\data\palette\¸ö\ÇØÅÂ¼Ò¿ï¸®ÆÛ_²_679.pal"
"ÇØÅÂ¼Ò¿ï¸®ÆÛ_²","680","3","C:\Users\wesley\Desktop\MeuRag\data\palette\¸ö\ÇØÅÂ¼Ò¿ï¸®ÆÛ_²_3.pal","C:\Users\wesley\Desktop\MeuRag\data\palette\¸ö\ÇØÅÂ¼Ò¿ï¸®ÆÛ_²_680.pal"
"ÇØÅÂ¼Ò¿ï¸®ÆÛ_²","681","3","C:\Users\wesley\Desktop\MeuRag\data\palette\¸ö\ÇØÅÂ¼Ò¿ï¸®ÆÛ_²_3.pal","C:\Users\wesley\Desktop\MeuRag\data\palette\¸ö\ÇØÅÂ¼Ò¿ï¸®ÆÛ_²_681.pal"
"ÇØÅÂ¼Ò¿ï¸®ÆÛ_²","682","3","C:\Users\wesley\Desktop\MeuRag\data\palette\¸ö\ÇØÅÂ¼Ò¿ï¸®ÆÛ_²_3.pal","C:\Users\wesley\Desktop\MeuRag\data\palette\¸ö\ÇØÅÂ¼Ò¿ï¸®ÆÛ_²_682.pal"
"ÇØÅÂ¼Ò¿ï¸®ÆÛ_²","683","3","C:\Users\wesley\Desktop\MeuRag\data\palette\¸ö\ÇØÅÂ¼Ò¿ï¸®ÆÛ_²_3.pal","C:\Users\wesley\Desktop\MeuRag\data\palette\¸ö\ÇØÅÂ¼Ò¿ï¸®ÆÛ_²_683.pal"
"ÇØÅÂ¼Ò¿ï¸®ÆÛ_²","684","3","C:\Users\wesley\Desktop\MeuRag\data\palette\¸ö\ÇØÅÂ¼Ò¿ï¸®ÆÛ_²_3.pal","C:\Users\wesley\Desktop\MeuRag\data\palette\¸ö\ÇØÅÂ¼Ò¿ï¸®ÆÛ_²_684.pal"
"ÇØÅÂ¼Ò¿ï¸®ÆÛ_²","685","3","C:\Users\wesley\Desktop\MeuRag\data\palette\¸ö\ÇØÅÂ¼Ò¿ï¸®ÆÛ_²_3.pal","C:\Users\wesley\Desktop\MeuRag\data\palette\¸ö\ÇØÅÂ¼Ò¿ï¸®ÆÛ_²_685.pal"
"ÇØÅÂ¼Ò¿ï¸®ÆÛ_²","686","3","C:\Users\wesley\Desktop\MeuRag\data\palette\¸ö\ÇØÅÂ¼Ò¿ï¸®ÆÛ_²_3.pal","C:\Users\wesley\Desktop\MeuRag\data\palette\¸ö\ÇØÅÂ¼Ò¿ï¸®ÆÛ_²_686.pal"
"ÇØÅÂ¼Ò¿ï¸®ÆÛ_²","687","3","C:\Users\wesley\Desktop\MeuRag\data\palette\¸ö\ÇØÅÂ¼Ò¿ï¸®ÆÛ_²_3.pal","C:\Users\wesley\Desktop\MeuRag\data\palette\¸ö\ÇØÅÂ¼Ò¿ï¸®ÆÛ_²_687.pal"
"ÇØÅÂ¼Ò¿ï¸®ÆÛ_²","688","3","C:\Users\wesley\Desktop\MeuRag\data\palette\¸ö\ÇØÅÂ¼Ò¿ï¸®ÆÛ_²_3.pal","C:\Users\wesley\Desktop\MeuRag\data\palette\¸ö\ÇØÅÂ¼Ò¿ï¸®ÆÛ_²_688.pal"
"ÇØÅÂ¼Ò¿ï¸®ÆÛ_²","689","3","C:\Users\wesley\Desktop\MeuRag\data\palette\¸ö\ÇØÅÂ¼Ò¿ï¸®ÆÛ_²_3.pal","C:\Users\wesley\Desktop\MeuRag\data\palette\¸ö\ÇØÅÂ¼Ò¿ï¸®ÆÛ_²_689.pal"
"ÇØÅÂ¼Ò¿ï¸®ÆÛ_²","690","3","C:\Users\wesley\Desktop\MeuRag\data\palette\¸ö\ÇØÅÂ¼Ò¿ï¸®ÆÛ_²_3.pal","C:\Users\wesley\Desktop\MeuRag\data\palette\¸ö\ÇØÅÂ¼Ò¿ï¸®ÆÛ_²_690.pal"
"ÇØÅÂ¼Ò¿ï¸®ÆÛ_²","691","3","C:\Users\wesley\Desktop\MeuRag\data\palette\¸ö\ÇØÅÂ¼Ò¿ï¸®ÆÛ_²_3.pal","C:\Users\wesley\Desktop\MeuRag\data\palette\¸ö\ÇØÅÂ¼Ò¿ï¸®ÆÛ_²_691.pal"
"ÇØÅÂ¼Ò¿ï¸®ÆÛ_²","692","3","C:\Users\wesley\Desktop\MeuRag\data\palette\¸ö\ÇØÅÂ¼Ò¿ï¸®ÆÛ_²_3.pal","C:\Users\wesley\Desktop\MeuRag\data\palette\¸ö\ÇØÅÂ¼Ò¿ï¸®ÆÛ_²_692.pal"
"ÇØÅÂ¼Ò¿ï¸®ÆÛ_²","693","3","C:\Users\wesley\Desktop\MeuRag\data\palette\¸ö\ÇØÅÂ¼Ò¿ï¸®ÆÛ_²_3.pal","C:\Users\wesley\Desktop\MeuRag\data\palette\¸ö\ÇØÅÂ¼Ò¿ï¸®ÆÛ_²_693.pal"
"ÇØÅÂ¼Ò¿ï¸®ÆÛ_²","694","3","C:\Users\wesley\Desktop\MeuRag\data\palette\¸ö\ÇØÅÂ¼Ò¿ï¸®ÆÛ_²_3.pal","C:\Users\wesley\Desktop\MeuRag\data\palette\¸ö\ÇØÅÂ¼Ò¿ï¸®ÆÛ_²_694.pal"
"ÇØÅÂ¼Ò¿ï¸®ÆÛ_²","695","3","C:\Users\wesley\Desktop\MeuRag\data\palette\¸ö\ÇØÅÂ¼Ò¿ï¸®ÆÛ_²_3.pal","C:\Users\wesley\Desktop\MeuRag\data\palette\¸ö\ÇØÅÂ¼Ò¿ï¸®ÆÛ_²_695.pal"
"ÇØÅÂ¼Ò¿ï¸®ÆÛ_²","696","3","C:\Users\wesley\Desktop\MeuRag\data\palette\¸ö\ÇØÅÂ¼Ò¿ï¸®ÆÛ_²_3.pal","C:\Users\wesley\Desktop\MeuRag\data\palette\¸ö\ÇØÅÂ¼Ò¿ï¸®ÆÛ_²_696.pal"
"ÇØÅÂ¼Ò¿ï¸®ÆÛ_²","697","3","C:\Users\wesley\Desktop\MeuRag\data\palette\¸ö\ÇØÅÂ¼Ò¿ï¸®ÆÛ_²_3.pal","C:\Users\wesley\Desktop\MeuRag\data\palette\¸ö\ÇØÅÂ¼Ò¿ï¸®ÆÛ_²_697.pal"
"ÇØÅÂ¼Ò¿ï¸®ÆÛ_²","698","3","C:\Users\wesley\Desktop\MeuRag\data\palette\¸ö\ÇØÅÂ¼Ò¿ï¸®ÆÛ_²_3.pal","C:\Users\wesley\Desktop\MeuRag\data\palette\¸ö\ÇØÅÂ¼Ò¿ï¸®ÆÛ_²_698.pal"
"ÇØÅÂ¼Ò¿ï¸®ÆÛ_²","699","3","C:\Users\wesley\Desktop\MeuRag\data\palette\¸ö\ÇØÅÂ¼Ò¿ï¸®ÆÛ_²_3.pal","C:\Users\wesley\Desktop\MeuRag\data\palette\¸ö\ÇØÅÂ¼Ò¿ï¸®ÆÛ_²_699.pal"
"ÇØÅÂ¼Ò¿ï¸®ÆÛ_³²","3","2","C:\Users\wesley\Desktop\MeuRag\data\palette\¸ö\ÇØÅÂ¼Ò¿ï¸®ÆÛ_³²_2.pal","C:\Users\wesley\Desktop\MeuRag\data\palette\¸ö\ÇØÅÂ¼Ò¿ï¸®ÆÛ_³²_3.pal"
