"Base","Style","Variant","ChangedEntries","Mask","BaseStyle"
"'Å¸Á¶·¹ÀÎÁ®_³²","10","red","116","8_vs_9","9"
"'Å¸Á¶·¹ÀÎÁ®_³²","11","orange","116","8_vs_9","9"
"'Å¸Á¶·¹ÀÎÁ®_³²","12","gold","116","8_vs_9","9"
"'Å¸Á¶·¹ÀÎÁ®_³²","13","green","116","8_vs_9","9"
"'Å¸Á¶·¹ÀÎÁ®_³²","14","teal","116","8_vs_9","9"
"'Å¸Á¶·¹ÀÎÁ®_³²","15","blue","116","8_vs_9","9"
"'Å¸Á¶·¹ÀÎÁ®_³²","16","purple","116","8_vs_9","9"
"'Å¸Á¶·¹ÀÎÁ®_³²","17","pink","116","8_vs_9","9"
"'Å¸Á¶·¹ÀÎÁ®_³²","18","dark","116","8_vs_9","9"
"'Å¸Á¶·¹ÀÎÁ®_³²","19","white","116","8_vs_9","9"
"'Å¸Á¶·¹ÀÎÁ®_³²","20","brown","116","8_vs_9","9"
"'Å¸Á¶·¹ÀÎÁ®_¿©","10","red","127","8_vs_9","9"
"'Å¸Á¶·¹ÀÎÁ®_¿©","11","orange","127","8_vs_9","9"
"'Å¸Á¶·¹ÀÎÁ®_¿©","12","gold","127","8_vs_9","9"
"'Å¸Á¶·¹ÀÎÁ®_¿©","13","green","127","8_vs_9","9"
"'Å¸Á¶·¹ÀÎÁ®_¿©","14","teal","127","8_vs_9","9"
"'Å¸Á¶·¹ÀÎÁ®_¿©","15","blue","127","8_vs_9","9"
"'Å¸Á¶·¹ÀÎÁ®_¿©","16","purple","127","8_vs_9","9"
"'Å¸Á¶·¹ÀÎÁ®_¿©","17","pink","127","8_vs_9","9"
"'Å¸Á¶·¹ÀÎÁ®_¿©","18","dark","127","8_vs_9","9"
"'Å¸Á¶·¹ÀÎÁ®_¿©","19","white","127","8_vs_9","9"
"'Å¸Á¶·¹ÀÎÁ®_¿©","20","brown","127","8_vs_9","9"
"abyss_chaser_female","10","red","49","8_vs_9","9"
"abyss_chaser_female","11","orange","49","8_vs_9","9"
"abyss_chaser_female","12","gold","49","8_vs_9","9"
"abyss_chaser_female","13","green","49","8_vs_9","9"
"abyss_chaser_female","14","teal","49","8_vs_9","9"
"abyss_chaser_female","15","blue","49","8_vs_9","9"
"abyss_chaser_female","16","purple","49","8_vs_9","9"
"abyss_chaser_female","17","pink","49","8_vs_9","9"
"abyss_chaser_female","18","dark","49","8_vs_9","9"
"abyss_chaser_female","19","white","49","8_vs_9","9"
"abyss_chaser_female","20","brown","49","8_vs_9","9"
"abyss_chaser_female_riding","10","red","49","8_vs_9","9"
"abyss_chaser_female_riding","11","orange","49","8_vs_9","9"
"abyss_chaser_female_riding","12","gold","49","8_vs_9","9"
"abyss_chaser_female_riding","13","green","49","8_vs_9","9"
"abyss_chaser_female_riding","14","teal","49","8_vs_9","9"
"abyss_chaser_female_riding","15","blue","49","8_vs_9","9"
"abyss_chaser_female_riding","16","purple","49","8_vs_9","9"
"abyss_chaser_female_riding","17","pink","49","8_vs_9","9"
"abyss_chaser_female_riding","18","dark","49","8_vs_9","9"
"abyss_chaser_female_riding","19","white","49","8_vs_9","9"
"abyss_chaser_female_riding","20","brown","49","8_vs_9","9"
"abyss_chaser_male","10","red","56","8_vs_9","9"
"abyss_chaser_male","11","orange","56","8_vs_9","9"
"abyss_chaser_male","12","gold","56","8_vs_9","9"
"abyss_chaser_male","13","green","56","8_vs_9","9"
"abyss_chaser_male","14","teal","56","8_vs_9","9"
"abyss_chaser_male","15","blue","56","8_vs_9","9"
"abyss_chaser_male","16","purple","56","8_vs_9","9"
"abyss_chaser_male","17","pink","56","8_vs_9","9"
"abyss_chaser_male","18","dark","56","8_vs_9","9"
"abyss_chaser_male","19","white","56","8_vs_9","9"
"abyss_chaser_male","20","brown","56","8_vs_9","9"
"abyss_chaser_male_riding","10","red","56","8_vs_9","9"
"abyss_chaser_male_riding","11","orange","56","8_vs_9","9"
"abyss_chaser_male_riding","12","gold","56","8_vs_9","9"
"abyss_chaser_male_riding","13","green","56","8_vs_9","9"
"abyss_chaser_male_riding","14","teal","56","8_vs_9","9"
"abyss_chaser_male_riding","15","blue","56","8_vs_9","9"
"abyss_chaser_male_riding","16","purple","56","8_vs_9","9"
"abyss_chaser_male_riding","17","pink","56","8_vs_9","9"
"abyss_chaser_male_riding","18","dark","56","8_vs_9","9"
"abyss_chaser_male_riding","19","white","56","8_vs_9","9"
"abyss_chaser_male_riding","20","brown","56","8_vs_9","9"
"abyss_chaser_riding_³²","10","red","56","8_vs_9","9"
"abyss_chaser_riding_³²","11","orange","56","8_vs_9","9"
"abyss_chaser_riding_³²","12","gold","56","8_vs_9","9"
"abyss_chaser_riding_³²","13","green","56","8_vs_9","9"
"abyss_chaser_riding_³²","14","teal","56","8_vs_9","9"
"abyss_chaser_riding_³²","15","blue","56","8_vs_9","9"
"abyss_chaser_riding_³²","16","purple","56","8_vs_9","9"
"abyss_chaser_riding_³²","17","pink","56","8_vs_9","9"
"abyss_chaser_riding_³²","18","dark","56","8_vs_9","9"
"abyss_chaser_riding_³²","19","white","56","8_vs_9","9"
"abyss_chaser_riding_³²","20","brown","56","8_vs_9","9"
"abyss_chaser_riding_¿©","10","red","49","8_vs_9","9"
"abyss_chaser_riding_¿©","11","orange","49","8_vs_9","9"
"abyss_chaser_riding_¿©","12","gold","49","8_vs_9","9"
"abyss_chaser_riding_¿©","13","green","49","8_vs_9","9"
"abyss_chaser_riding_¿©","14","teal","49","8_vs_9","9"
"abyss_chaser_riding_¿©","15","blue","49","8_vs_9","9"
"abyss_chaser_riding_¿©","16","purple","49","8_vs_9","9"
"abyss_chaser_riding_¿©","17","pink","49","8_vs_9","9"
"abyss_chaser_riding_¿©","18","dark","49","8_vs_9","9"
"abyss_chaser_riding_¿©","19","white","49","8_vs_9","9"
"abyss_chaser_riding_¿©","20","brown","49","8_vs_9","9"
"abyss_chaser_³²","10","red","56","8_vs_9","9"
"abyss_chaser_³²","11","orange","56","8_vs_9","9"
"abyss_chaser_³²","12","gold","56","8_vs_9","9"
"abyss_chaser_³²","13","green","56","8_vs_9","9"
"abyss_chaser_³²","14","teal","56","8_vs_9","9"
"abyss_chaser_³²","15","blue","56","8_vs_9","9"
"abyss_chaser_³²","16","purple","56","8_vs_9","9"
"abyss_chaser_³²","17","pink","56","8_vs_9","9"
"abyss_chaser_³²","18","dark","56","8_vs_9","9"
"abyss_chaser_³²","19","white","56","8_vs_9","9"
"abyss_chaser_³²","20","brown","56","8_vs_9","9"
"abyss_chaser_¿©","10","red","49","8_vs_9","9"
"abyss_chaser_¿©","11","orange","49","8_vs_9","9"
"abyss_chaser_¿©","12","gold","49","8_vs_9","9"
"abyss_chaser_¿©","13","green","49","8_vs_9","9"
"abyss_chaser_¿©","14","teal","49","8_vs_9","9"
"abyss_chaser_¿©","15","blue","49","8_vs_9","9"
"abyss_chaser_¿©","16","purple","49","8_vs_9","9"
"abyss_chaser_¿©","17","pink","49","8_vs_9","9"
"abyss_chaser_¿©","18","dark","49","8_vs_9","9"
"abyss_chaser_¿©","19","white","49","8_vs_9","9"
"abyss_chaser_¿©","20","brown","49","8_vs_9","9"
"alchemist_female","10","red","63","8_vs_9","9"
"alchemist_female","11","orange","63","8_vs_9","9"
"alchemist_female","12","gold","63","8_vs_9","9"
"alchemist_female","13","green","63","8_vs_9","9"
"alchemist_female","14","teal","63","8_vs_9","9"
"alchemist_female","15","blue","63","8_vs_9","9"
"alchemist_female","16","purple","63","8_vs_9","9"
"alchemist_female","17","pink","63","8_vs_9","9"
"alchemist_female","18","dark","63","8_vs_9","9"
"alchemist_female","19","white","63","8_vs_9","9"
"alchemist_female","20","brown","63","8_vs_9","9"
"alchemist_female_riding","10","red","63","8_vs_9","9"
"alchemist_female_riding","11","orange","63","8_vs_9","9"
"alchemist_female_riding","12","gold","63","8_vs_9","9"
"alchemist_female_riding","13","green","63","8_vs_9","9"
"alchemist_female_riding","14","teal","63","8_vs_9","9"
"alchemist_female_riding","15","blue","63","8_vs_9","9"
"alchemist_female_riding","16","purple","63","8_vs_9","9"
"alchemist_female_riding","17","pink","63","8_vs_9","9"
"alchemist_female_riding","18","dark","63","8_vs_9","9"
"alchemist_female_riding","19","white","63","8_vs_9","9"
"alchemist_female_riding","20","brown","63","8_vs_9","9"
"alchemist_male","10","red","47","8_vs_9","9"
"alchemist_male","11","orange","47","8_vs_9","9"
"alchemist_male","12","gold","47","8_vs_9","9"
"alchemist_male","13","green","47","8_vs_9","9"
"alchemist_male","14","teal","47","8_vs_9","9"
"alchemist_male","15","blue","47","8_vs_9","9"
"alchemist_male","16","purple","47","8_vs_9","9"
"alchemist_male","17","pink","47","8_vs_9","9"
"alchemist_male","18","dark","47","8_vs_9","9"
"alchemist_male","19","white","47","8_vs_9","9"
"alchemist_male","20","brown","47","8_vs_9","9"
"alchemist_male_riding","10","red","47","8_vs_9","9"
"alchemist_male_riding","11","orange","47","8_vs_9","9"
"alchemist_male_riding","12","gold","47","8_vs_9","9"
"alchemist_male_riding","13","green","47","8_vs_9","9"
"alchemist_male_riding","14","teal","47","8_vs_9","9"
"alchemist_male_riding","15","blue","47","8_vs_9","9"
"alchemist_male_riding","16","purple","47","8_vs_9","9"
"alchemist_male_riding","17","pink","47","8_vs_9","9"
"alchemist_male_riding","18","dark","47","8_vs_9","9"
"alchemist_male_riding","19","white","47","8_vs_9","9"
"alchemist_male_riding","20","brown","47","8_vs_9","9"
"archer_female","10","red","30","8_vs_9","9"
"archer_female","11","orange","30","8_vs_9","9"
"archer_female","12","gold","30","8_vs_9","9"
"archer_female","13","green","30","8_vs_9","9"
"archer_female","14","teal","30","8_vs_9","9"
"archer_female","15","blue","30","8_vs_9","9"
"archer_female","16","purple","30","8_vs_9","9"
"archer_female","17","pink","30","8_vs_9","9"
"archer_female","18","dark","30","8_vs_9","9"
"archer_female","19","white","30","8_vs_9","9"
"archer_female","20","brown","30","8_vs_9","9"
"archer_male","10","red","55","8_vs_9","9"
"archer_male","11","orange","55","8_vs_9","9"
"archer_male","12","gold","55","8_vs_9","9"
"archer_male","13","green","55","8_vs_9","9"
"archer_male","14","teal","55","8_vs_9","9"
"archer_male","15","blue","55","8_vs_9","9"
"archer_male","16","purple","55","8_vs_9","9"
"archer_male","17","pink","55","8_vs_9","9"
"archer_male","18","dark","55","8_vs_9","9"
"archer_male","19","white","55","8_vs_9","9"
"archer_male","20","brown","55","8_vs_9","9"
"arch_bishop_female","10","red","33","8_vs_9","9"
"arch_bishop_female","11","orange","33","8_vs_9","9"
"arch_bishop_female","12","gold","33","8_vs_9","9"
"arch_bishop_female","13","green","33","8_vs_9","9"
"arch_bishop_female","14","teal","33","8_vs_9","9"
"arch_bishop_female","15","blue","33","8_vs_9","9"
"arch_bishop_female","16","purple","33","8_vs_9","9"
"arch_bishop_female","17","pink","33","8_vs_9","9"
"arch_bishop_female","18","dark","33","8_vs_9","9"
"arch_bishop_female","19","white","33","8_vs_9","9"
"arch_bishop_female","20","brown","33","8_vs_9","9"
"arch_bishop_female_riding","10","red","33","8_vs_9","9"
"arch_bishop_female_riding","11","orange","33","8_vs_9","9"
"arch_bishop_female_riding","12","gold","33","8_vs_9","9"
"arch_bishop_female_riding","13","green","33","8_vs_9","9"
"arch_bishop_female_riding","14","teal","33","8_vs_9","9"
"arch_bishop_female_riding","15","blue","33","8_vs_9","9"
"arch_bishop_female_riding","16","purple","33","8_vs_9","9"
"arch_bishop_female_riding","17","pink","33","8_vs_9","9"
"arch_bishop_female_riding","18","dark","33","8_vs_9","9"
"arch_bishop_female_riding","19","white","33","8_vs_9","9"
"arch_bishop_female_riding","20","brown","33","8_vs_9","9"
"arch_bishop_male","10","red","17","8_vs_9","9"
"arch_bishop_male","11","orange","17","8_vs_9","9"
"arch_bishop_male","12","gold","17","8_vs_9","9"
"arch_bishop_male","13","green","17","8_vs_9","9"
"arch_bishop_male","14","teal","17","8_vs_9","9"
"arch_bishop_male","15","blue","17","8_vs_9","9"
"arch_bishop_male","16","purple","17","8_vs_9","9"
"arch_bishop_male","17","pink","17","8_vs_9","9"
"arch_bishop_male","18","dark","17","8_vs_9","9"
"arch_bishop_male","19","white","17","8_vs_9","9"
"arch_bishop_male","20","brown","17","8_vs_9","9"
"arch_bishop_male_riding","10","red","17","8_vs_9","9"
"arch_bishop_male_riding","11","orange","17","8_vs_9","9"
"arch_bishop_male_riding","12","gold","17","8_vs_9","9"
"arch_bishop_male_riding","13","green","17","8_vs_9","9"
"arch_bishop_male_riding","14","teal","17","8_vs_9","9"
"arch_bishop_male_riding","15","blue","17","8_vs_9","9"
"arch_bishop_male_riding","16","purple","17","8_vs_9","9"
"arch_bishop_male_riding","17","pink","17","8_vs_9","9"
"arch_bishop_male_riding","18","dark","17","8_vs_9","9"
"arch_bishop_male_riding","19","white","17","8_vs_9","9"
"arch_bishop_male_riding","20","brown","17","8_vs_9","9"
"arch_mage_female","10","red","45","8_vs_9","9"
"arch_mage_female","11","orange","45","8_vs_9","9"
"arch_mage_female","12","gold","45","8_vs_9","9"
"arch_mage_female","13","green","45","8_vs_9","9"
"arch_mage_female","14","teal","45","8_vs_9","9"
"arch_mage_female","15","blue","45","8_vs_9","9"
"arch_mage_female","16","purple","45","8_vs_9","9"
"arch_mage_female","17","pink","45","8_vs_9","9"
"arch_mage_female","18","dark","45","8_vs_9","9"
"arch_mage_female","19","white","45","8_vs_9","9"
"arch_mage_female","20","brown","45","8_vs_9","9"
"arch_mage_female_riding","10","red","45","8_vs_9","9"
"arch_mage_female_riding","11","orange","45","8_vs_9","9"
"arch_mage_female_riding","12","gold","45","8_vs_9","9"
"arch_mage_female_riding","13","green","45","8_vs_9","9"
"arch_mage_female_riding","14","teal","45","8_vs_9","9"
"arch_mage_female_riding","15","blue","45","8_vs_9","9"
"arch_mage_female_riding","16","purple","45","8_vs_9","9"
"arch_mage_female_riding","17","pink","45","8_vs_9","9"
"arch_mage_female_riding","18","dark","45","8_vs_9","9"
"arch_mage_female_riding","19","white","45","8_vs_9","9"
"arch_mage_female_riding","20","brown","45","8_vs_9","9"
"arch_mage_male","10","red","44","8_vs_9","9"
"arch_mage_male","11","orange","44","8_vs_9","9"
"arch_mage_male","12","gold","44","8_vs_9","9"
"arch_mage_male","13","green","44","8_vs_9","9"
"arch_mage_male","14","teal","44","8_vs_9","9"
"arch_mage_male","15","blue","44","8_vs_9","9"
"arch_mage_male","16","purple","44","8_vs_9","9"
"arch_mage_male","17","pink","44","8_vs_9","9"
"arch_mage_male","18","dark","44","8_vs_9","9"
"arch_mage_male","19","white","44","8_vs_9","9"
"arch_mage_male","20","brown","44","8_vs_9","9"
"arch_mage_male_riding","10","red","44","8_vs_9","9"
"arch_mage_male_riding","11","orange","44","8_vs_9","9"
"arch_mage_male_riding","12","gold","44","8_vs_9","9"
"arch_mage_male_riding","13","green","44","8_vs_9","9"
"arch_mage_male_riding","14","teal","44","8_vs_9","9"
"arch_mage_male_riding","15","blue","44","8_vs_9","9"
"arch_mage_male_riding","16","purple","44","8_vs_9","9"
"arch_mage_male_riding","17","pink","44","8_vs_9","9"
"arch_mage_male_riding","18","dark","44","8_vs_9","9"
"arch_mage_male_riding","19","white","44","8_vs_9","9"
"arch_mage_male_riding","20","brown","44","8_vs_9","9"
"arch_mage_riding_³²","10","red","44","8_vs_9","9"
"arch_mage_riding_³²","11","orange","44","8_vs_9","9"
"arch_mage_riding_³²","12","gold","44","8_vs_9","9"
"arch_mage_riding_³²","13","green","44","8_vs_9","9"
"arch_mage_riding_³²","14","teal","44","8_vs_9","9"
"arch_mage_riding_³²","15","blue","44","8_vs_9","9"
"arch_mage_riding_³²","16","purple","44","8_vs_9","9"
"arch_mage_riding_³²","17","pink","44","8_vs_9","9"
"arch_mage_riding_³²","18","dark","44","8_vs_9","9"
"arch_mage_riding_³²","19","white","44","8_vs_9","9"
"arch_mage_riding_³²","20","brown","44","8_vs_9","9"
"arch_mage_riding_¿©","10","red","45","8_vs_9","9"
"arch_mage_riding_¿©","11","orange","45","8_vs_9","9"
"arch_mage_riding_¿©","12","gold","45","8_vs_9","9"
"arch_mage_riding_¿©","13","green","45","8_vs_9","9"
"arch_mage_riding_¿©","14","teal","45","8_vs_9","9"
"arch_mage_riding_¿©","15","blue","45","8_vs_9","9"
"arch_mage_riding_¿©","16","purple","45","8_vs_9","9"
"arch_mage_riding_¿©","17","pink","45","8_vs_9","9"
"arch_mage_riding_¿©","18","dark","45","8_vs_9","9"
"arch_mage_riding_¿©","19","white","45","8_vs_9","9"
"arch_mage_riding_¿©","20","brown","45","8_vs_9","9"
"arch_mage_³²","10","red","44","8_vs_9","9"
"arch_mage_³²","11","orange","44","8_vs_9","9"
"arch_mage_³²","12","gold","44","8_vs_9","9"
"arch_mage_³²","13","green","44","8_vs_9","9"
"arch_mage_³²","14","teal","44","8_vs_9","9"
"arch_mage_³²","15","blue","44","8_vs_9","9"
"arch_mage_³²","16","purple","44","8_vs_9","9"
"arch_mage_³²","17","pink","44","8_vs_9","9"
"arch_mage_³²","18","dark","44","8_vs_9","9"
"arch_mage_³²","19","white","44","8_vs_9","9"
"arch_mage_³²","20","brown","44","8_vs_9","9"
"arch_mage_¿©","10","red","45","8_vs_9","9"
"arch_mage_¿©","11","orange","45","8_vs_9","9"
"arch_mage_¿©","12","gold","45","8_vs_9","9"
"arch_mage_¿©","13","green","45","8_vs_9","9"
"arch_mage_¿©","14","teal","45","8_vs_9","9"
"arch_mage_¿©","15","blue","45","8_vs_9","9"
"arch_mage_¿©","16","purple","45","8_vs_9","9"
"arch_mage_¿©","17","pink","45","8_vs_9","9"
"arch_mage_¿©","18","dark","45","8_vs_9","9"
"arch_mage_¿©","19","white","45","8_vs_9","9"
"arch_mage_¿©","20","brown","45","8_vs_9","9"
"bard_female","10","red","111","8_vs_9","9"
"bard_female","11","orange","111","8_vs_9","9"
"bard_female","12","gold","111","8_vs_9","9"
"bard_female","13","green","111","8_vs_9","9"
"bard_female","14","teal","111","8_vs_9","9"
"bard_female","15","blue","111","8_vs_9","9"
"bard_female","16","purple","111","8_vs_9","9"
"bard_female","17","pink","111","8_vs_9","9"
"bard_female","18","dark","111","8_vs_9","9"
"bard_female","19","white","111","8_vs_9","9"
"bard_female","20","brown","111","8_vs_9","9"
"bard_male","10","red","47","8_vs_9","9"
"bard_male","11","orange","47","8_vs_9","9"
"bard_male","12","gold","47","8_vs_9","9"
"bard_male","13","green","47","8_vs_9","9"
"bard_male","14","teal","47","8_vs_9","9"
"bard_male","15","blue","47","8_vs_9","9"
"bard_male","16","purple","47","8_vs_9","9"
"bard_male","17","pink","47","8_vs_9","9"
"bard_male","18","dark","47","8_vs_9","9"
"bard_male","19","white","47","8_vs_9","9"
"bard_male","20","brown","47","8_vs_9","9"
"biolo_female","10","red","44","8_vs_9","9"
"biolo_female","11","orange","44","8_vs_9","9"
"biolo_female","12","gold","44","8_vs_9","9"
"biolo_female","13","green","44","8_vs_9","9"
"biolo_female","14","teal","44","8_vs_9","9"
"biolo_female","15","blue","44","8_vs_9","9"
"biolo_female","16","purple","44","8_vs_9","9"
"biolo_female","17","pink","44","8_vs_9","9"
"biolo_female","18","dark","44","8_vs_9","9"
"biolo_female","19","white","44","8_vs_9","9"
"biolo_female","20","brown","44","8_vs_9","9"
"biolo_female_riding","10","red","44","8_vs_9","9"
"biolo_female_riding","11","orange","44","8_vs_9","9"
"biolo_female_riding","12","gold","44","8_vs_9","9"
"biolo_female_riding","13","green","44","8_vs_9","9"
"biolo_female_riding","14","teal","44","8_vs_9","9"
"biolo_female_riding","15","blue","44","8_vs_9","9"
"biolo_female_riding","16","purple","44","8_vs_9","9"
"biolo_female_riding","17","pink","44","8_vs_9","9"
"biolo_female_riding","18","dark","44","8_vs_9","9"
"biolo_female_riding","19","white","44","8_vs_9","9"
"biolo_female_riding","20","brown","44","8_vs_9","9"
"biolo_male","10","red","20","8_vs_9","9"
"biolo_male","11","orange","20","8_vs_9","9"
"biolo_male","12","gold","20","8_vs_9","9"
"biolo_male","13","green","20","8_vs_9","9"
"biolo_male","14","teal","20","8_vs_9","9"
"biolo_male","15","blue","20","8_vs_9","9"
"biolo_male","16","purple","20","8_vs_9","9"
"biolo_male","17","pink","20","8_vs_9","9"
"biolo_male","18","dark","20","8_vs_9","9"
"biolo_male","19","white","20","8_vs_9","9"
"biolo_male","20","brown","20","8_vs_9","9"
"biolo_male_riding","10","red","20","8_vs_9","9"
"biolo_male_riding","11","orange","20","8_vs_9","9"
"biolo_male_riding","12","gold","20","8_vs_9","9"
"biolo_male_riding","13","green","20","8_vs_9","9"
"biolo_male_riding","14","teal","20","8_vs_9","9"
"biolo_male_riding","15","blue","20","8_vs_9","9"
"biolo_male_riding","16","purple","20","8_vs_9","9"
"biolo_male_riding","17","pink","20","8_vs_9","9"
"biolo_male_riding","18","dark","20","8_vs_9","9"
"biolo_male_riding","19","white","20","8_vs_9","9"
"biolo_male_riding","20","brown","20","8_vs_9","9"
"biolo_riding_³²","10","red","20","8_vs_9","9"
"biolo_riding_³²","11","orange","20","8_vs_9","9"
"biolo_riding_³²","12","gold","20","8_vs_9","9"
"biolo_riding_³²","13","green","20","8_vs_9","9"
"biolo_riding_³²","14","teal","20","8_vs_9","9"
"biolo_riding_³²","15","blue","20","8_vs_9","9"
"biolo_riding_³²","16","purple","20","8_vs_9","9"
"biolo_riding_³²","17","pink","20","8_vs_9","9"
"biolo_riding_³²","18","dark","20","8_vs_9","9"
"biolo_riding_³²","19","white","20","8_vs_9","9"
"biolo_riding_³²","20","brown","20","8_vs_9","9"
"biolo_riding_¿©","10","red","44","8_vs_9","9"
"biolo_riding_¿©","11","orange","44","8_vs_9","9"
"biolo_riding_¿©","12","gold","44","8_vs_9","9"
"biolo_riding_¿©","13","green","44","8_vs_9","9"
"biolo_riding_¿©","14","teal","44","8_vs_9","9"
"biolo_riding_¿©","15","blue","44","8_vs_9","9"
"biolo_riding_¿©","16","purple","44","8_vs_9","9"
"biolo_riding_¿©","17","pink","44","8_vs_9","9"
"biolo_riding_¿©","18","dark","44","8_vs_9","9"
"biolo_riding_¿©","19","white","44","8_vs_9","9"
"biolo_riding_¿©","20","brown","44","8_vs_9","9"
"biolo_³²","10","red","20","8_vs_9","9"
"biolo_³²","11","orange","20","8_vs_9","9"
"biolo_³²","12","gold","20","8_vs_9","9"
"biolo_³²","13","green","20","8_vs_9","9"
"biolo_³²","14","teal","20","8_vs_9","9"
"biolo_³²","15","blue","20","8_vs_9","9"
"biolo_³²","16","purple","20","8_vs_9","9"
"biolo_³²","17","pink","20","8_vs_9","9"
"biolo_³²","18","dark","20","8_vs_9","9"
"biolo_³²","19","white","20","8_vs_9","9"
"biolo_³²","20","brown","20","8_vs_9","9"
"biolo_¿©","10","red","44","8_vs_9","9"
"biolo_¿©","11","orange","44","8_vs_9","9"
"biolo_¿©","12","gold","44","8_vs_9","9"
"biolo_¿©","13","green","44","8_vs_9","9"
"biolo_¿©","14","teal","44","8_vs_9","9"
"biolo_¿©","15","blue","44","8_vs_9","9"
"biolo_¿©","16","purple","44","8_vs_9","9"
"biolo_¿©","17","pink","44","8_vs_9","9"
"biolo_¿©","18","dark","44","8_vs_9","9"
"biolo_¿©","19","white","44","8_vs_9","9"
"biolo_¿©","20","brown","44","8_vs_9","9"
"cardinal_female","10","red","33","8_vs_9","9"
"cardinal_female","11","orange","33","8_vs_9","9"
"cardinal_female","12","gold","33","8_vs_9","9"
"cardinal_female","13","green","33","8_vs_9","9"
"cardinal_female","14","teal","33","8_vs_9","9"
"cardinal_female","15","blue","33","8_vs_9","9"
"cardinal_female","16","purple","33","8_vs_9","9"
"cardinal_female","17","pink","33","8_vs_9","9"
"cardinal_female","18","dark","33","8_vs_9","9"
"cardinal_female","19","white","33","8_vs_9","9"
"cardinal_female","20","brown","33","8_vs_9","9"
"cardinal_female_riding","10","red","33","8_vs_9","9"
"cardinal_female_riding","11","orange","33","8_vs_9","9"
"cardinal_female_riding","12","gold","33","8_vs_9","9"
"cardinal_female_riding","13","green","33","8_vs_9","9"
"cardinal_female_riding","14","teal","33","8_vs_9","9"
"cardinal_female_riding","15","blue","33","8_vs_9","9"
"cardinal_female_riding","16","purple","33","8_vs_9","9"
"cardinal_female_riding","17","pink","33","8_vs_9","9"
"cardinal_female_riding","18","dark","33","8_vs_9","9"
"cardinal_female_riding","19","white","33","8_vs_9","9"
"cardinal_female_riding","20","brown","33","8_vs_9","9"
"cardinal_legacy_female","10","red","47","8_vs_9","9"
"cardinal_legacy_female","11","orange","47","8_vs_9","9"
"cardinal_legacy_female","12","gold","47","8_vs_9","9"
"cardinal_legacy_female","13","green","47","8_vs_9","9"
"cardinal_legacy_female","14","teal","47","8_vs_9","9"
"cardinal_legacy_female","15","blue","47","8_vs_9","9"
"cardinal_legacy_female","16","purple","47","8_vs_9","9"
"cardinal_legacy_female","17","pink","47","8_vs_9","9"
"cardinal_legacy_female","18","dark","47","8_vs_9","9"
"cardinal_legacy_female","19","white","47","8_vs_9","9"
"cardinal_legacy_female","20","brown","47","8_vs_9","9"
"cardinal_legacy_female_riding","10","red","47","8_vs_9","9"
"cardinal_legacy_female_riding","11","orange","47","8_vs_9","9"
"cardinal_legacy_female_riding","12","gold","47","8_vs_9","9"
"cardinal_legacy_female_riding","13","green","47","8_vs_9","9"
"cardinal_legacy_female_riding","14","teal","47","8_vs_9","9"
"cardinal_legacy_female_riding","15","blue","47","8_vs_9","9"
"cardinal_legacy_female_riding","16","purple","47","8_vs_9","9"
"cardinal_legacy_female_riding","17","pink","47","8_vs_9","9"
"cardinal_legacy_female_riding","18","dark","47","8_vs_9","9"
"cardinal_legacy_female_riding","19","white","47","8_vs_9","9"
"cardinal_legacy_female_riding","20","brown","47","8_vs_9","9"
"cardinal_legacy_male","10","red","33","8_vs_9","9"
"cardinal_legacy_male","11","orange","33","8_vs_9","9"
"cardinal_legacy_male","12","gold","33","8_vs_9","9"
"cardinal_legacy_male","13","green","33","8_vs_9","9"
"cardinal_legacy_male","14","teal","33","8_vs_9","9"
"cardinal_legacy_male","15","blue","33","8_vs_9","9"
"cardinal_legacy_male","16","purple","33","8_vs_9","9"
"cardinal_legacy_male","17","pink","33","8_vs_9","9"
"cardinal_legacy_male","18","dark","33","8_vs_9","9"
"cardinal_legacy_male","19","white","33","8_vs_9","9"
"cardinal_legacy_male","20","brown","33","8_vs_9","9"
"cardinal_legacy_male_riding","10","red","33","8_vs_9","9"
"cardinal_legacy_male_riding","11","orange","33","8_vs_9","9"
"cardinal_legacy_male_riding","12","gold","33","8_vs_9","9"
"cardinal_legacy_male_riding","13","green","33","8_vs_9","9"
"cardinal_legacy_male_riding","14","teal","33","8_vs_9","9"
"cardinal_legacy_male_riding","15","blue","33","8_vs_9","9"
"cardinal_legacy_male_riding","16","purple","33","8_vs_9","9"
"cardinal_legacy_male_riding","17","pink","33","8_vs_9","9"
"cardinal_legacy_male_riding","18","dark","33","8_vs_9","9"
"cardinal_legacy_male_riding","19","white","33","8_vs_9","9"
"cardinal_legacy_male_riding","20","brown","33","8_vs_9","9"
"cardinal_male","10","red","17","8_vs_9","9"
"cardinal_male","11","orange","17","8_vs_9","9"
"cardinal_male","12","gold","17","8_vs_9","9"
"cardinal_male","13","green","17","8_vs_9","9"
"cardinal_male","14","teal","17","8_vs_9","9"
"cardinal_male","15","blue","17","8_vs_9","9"
"cardinal_male","16","purple","17","8_vs_9","9"
"cardinal_male","17","pink","17","8_vs_9","9"
"cardinal_male","18","dark","17","8_vs_9","9"
"cardinal_male","19","white","17","8_vs_9","9"
"cardinal_male","20","brown","17","8_vs_9","9"
"cardinal_male_riding","10","red","17","8_vs_9","9"
"cardinal_male_riding","11","orange","17","8_vs_9","9"
"cardinal_male_riding","12","gold","17","8_vs_9","9"
"cardinal_male_riding","13","green","17","8_vs_9","9"
"cardinal_male_riding","14","teal","17","8_vs_9","9"
"cardinal_male_riding","15","blue","17","8_vs_9","9"
"cardinal_male_riding","16","purple","17","8_vs_9","9"
"cardinal_male_riding","17","pink","17","8_vs_9","9"
"cardinal_male_riding","18","dark","17","8_vs_9","9"
"cardinal_male_riding","19","white","17","8_vs_9","9"
"cardinal_male_riding","20","brown","17","8_vs_9","9"
"cardinal_riding_³²","10","red","17","8_vs_9","9"
"cardinal_riding_³²","11","orange","17","8_vs_9","9"
"cardinal_riding_³²","12","gold","17","8_vs_9","9"
"cardinal_riding_³²","13","green","17","8_vs_9","9"
"cardinal_riding_³²","14","teal","17","8_vs_9","9"
"cardinal_riding_³²","15","blue","17","8_vs_9","9"
"cardinal_riding_³²","16","purple","17","8_vs_9","9"
"cardinal_riding_³²","17","pink","17","8_vs_9","9"
"cardinal_riding_³²","18","dark","17","8_vs_9","9"
"cardinal_riding_³²","19","white","17","8_vs_9","9"
"cardinal_riding_³²","20","brown","17","8_vs_9","9"
"cardinal_riding_¿©","10","red","33","8_vs_9","9"
"cardinal_riding_¿©","11","orange","33","8_vs_9","9"
"cardinal_riding_¿©","12","gold","33","8_vs_9","9"
"cardinal_riding_¿©","13","green","33","8_vs_9","9"
"cardinal_riding_¿©","14","teal","33","8_vs_9","9"
"cardinal_riding_¿©","15","blue","33","8_vs_9","9"
"cardinal_riding_¿©","16","purple","33","8_vs_9","9"
"cardinal_riding_¿©","17","pink","33","8_vs_9","9"
"cardinal_riding_¿©","18","dark","33","8_vs_9","9"
"cardinal_riding_¿©","19","white","33","8_vs_9","9"
"cardinal_riding_¿©","20","brown","33","8_vs_9","9"
"cardinal_³²","10","red","17","8_vs_9","9"
"cardinal_³²","11","orange","17","8_vs_9","9"
"cardinal_³²","12","gold","17","8_vs_9","9"
"cardinal_³²","13","green","17","8_vs_9","9"
"cardinal_³²","14","teal","17","8_vs_9","9"
"cardinal_³²","15","blue","17","8_vs_9","9"
"cardinal_³²","16","purple","17","8_vs_9","9"
"cardinal_³²","17","pink","17","8_vs_9","9"
"cardinal_³²","18","dark","17","8_vs_9","9"
"cardinal_³²","19","white","17","8_vs_9","9"
"cardinal_³²","20","brown","17","8_vs_9","9"
"cardinal_¿©","10","red","33","8_vs_9","9"
"cardinal_¿©","11","orange","33","8_vs_9","9"
"cardinal_¿©","12","gold","33","8_vs_9","9"
"cardinal_¿©","13","green","33","8_vs_9","9"
"cardinal_¿©","14","teal","33","8_vs_9","9"
"cardinal_¿©","15","blue","33","8_vs_9","9"
"cardinal_¿©","16","purple","33","8_vs_9","9"
"cardinal_¿©","17","pink","33","8_vs_9","9"
"cardinal_¿©","18","dark","33","8_vs_9","9"
"cardinal_¿©","19","white","33","8_vs_9","9"
"cardinal_¿©","20","brown","33","8_vs_9","9"
"cartsummoner_³²","10","red","47","8_vs_9","9"
"cartsummoner_³²","11","orange","47","8_vs_9","9"
"cartsummoner_³²","12","gold","47","8_vs_9","9"
"cartsummoner_³²","13","green","47","8_vs_9","9"
"cartsummoner_³²","14","teal","47","8_vs_9","9"
"cartsummoner_³²","15","blue","47","8_vs_9","9"
"cartsummoner_³²","16","purple","47","8_vs_9","9"
"cartsummoner_³²","17","pink","47","8_vs_9","9"
"cartsummoner_³²","18","dark","47","8_vs_9","9"
"cartsummoner_³²","19","white","47","8_vs_9","9"
"cartsummoner_³²","20","brown","47","8_vs_9","9"
"cartsummoner_¿©","10","red","31","8_vs_9","9"
"cartsummoner_¿©","11","orange","31","8_vs_9","9"
"cartsummoner_¿©","12","gold","31","8_vs_9","9"
"cartsummoner_¿©","13","green","31","8_vs_9","9"
"cartsummoner_¿©","14","teal","31","8_vs_9","9"
"cartsummoner_¿©","15","blue","31","8_vs_9","9"
"cartsummoner_¿©","16","purple","31","8_vs_9","9"
"cartsummoner_¿©","17","pink","31","8_vs_9","9"
"cartsummoner_¿©","18","dark","31","8_vs_9","9"
"cartsummoner_¿©","19","white","31","8_vs_9","9"
"cartsummoner_¿©","20","brown","31","8_vs_9","9"
"cart_summoner_³²","10","red","15","8_vs_9","9"
"cart_summoner_³²","11","orange","15","8_vs_9","9"
"cart_summoner_³²","12","gold","15","8_vs_9","9"
"cart_summoner_³²","13","green","15","8_vs_9","9"
"cart_summoner_³²","14","teal","15","8_vs_9","9"
"cart_summoner_³²","15","blue","15","8_vs_9","9"
"cart_summoner_³²","16","purple","15","8_vs_9","9"
"cart_summoner_³²","17","pink","15","8_vs_9","9"
"cart_summoner_³²","18","dark","15","8_vs_9","9"
"cart_summoner_³²","19","white","15","8_vs_9","9"
"cart_summoner_³²","20","brown","15","8_vs_9","9"
"cart_summoner_¿©","10","red","23","8_vs_9","9"
"cart_summoner_¿©","11","orange","23","8_vs_9","9"
"cart_summoner_¿©","12","gold","23","8_vs_9","9"
"cart_summoner_¿©","13","green","23","8_vs_9","9"
"cart_summoner_¿©","14","teal","23","8_vs_9","9"
"cart_summoner_¿©","15","blue","23","8_vs_9","9"
"cart_summoner_¿©","16","purple","23","8_vs_9","9"
"cart_summoner_¿©","17","pink","23","8_vs_9","9"
"cart_summoner_¿©","18","dark","23","8_vs_9","9"
"cart_summoner_¿©","19","white","23","8_vs_9","9"
"cart_summoner_¿©","20","brown","23","8_vs_9","9"
"champion_female","10","red","39","8_vs_9","9"
"champion_female","11","orange","39","8_vs_9","9"
"champion_female","12","gold","39","8_vs_9","9"
"champion_female","13","green","39","8_vs_9","9"
"champion_female","14","teal","39","8_vs_9","9"
"champion_female","15","blue","39","8_vs_9","9"
"champion_female","16","purple","39","8_vs_9","9"
"champion_female","17","pink","39","8_vs_9","9"
"champion_female","18","dark","39","8_vs_9","9"
"champion_female","19","white","39","8_vs_9","9"
"champion_female","20","brown","39","8_vs_9","9"
"champion_female_riding","10","red","39","8_vs_9","9"
"champion_female_riding","11","orange","39","8_vs_9","9"
"champion_female_riding","12","gold","39","8_vs_9","9"
"champion_female_riding","13","green","39","8_vs_9","9"
"champion_female_riding","14","teal","39","8_vs_9","9"
"champion_female_riding","15","blue","39","8_vs_9","9"
"champion_female_riding","16","purple","39","8_vs_9","9"
"champion_female_riding","17","pink","39","8_vs_9","9"
"champion_female_riding","18","dark","39","8_vs_9","9"
"champion_female_riding","19","white","39","8_vs_9","9"
"champion_female_riding","20","brown","39","8_vs_9","9"
"champion_male","10","red","39","8_vs_9","9"
"champion_male","11","orange","39","8_vs_9","9"
"champion_male","12","gold","39","8_vs_9","9"
"champion_male","13","green","39","8_vs_9","9"
"champion_male","14","teal","39","8_vs_9","9"
"champion_male","15","blue","39","8_vs_9","9"
"champion_male","16","purple","39","8_vs_9","9"
"champion_male","17","pink","39","8_vs_9","9"
"champion_male","18","dark","39","8_vs_9","9"
"champion_male","19","white","39","8_vs_9","9"
"champion_male","20","brown","39","8_vs_9","9"
"champion_male_riding","10","red","39","8_vs_9","9"
"champion_male_riding","11","orange","39","8_vs_9","9"
"champion_male_riding","12","gold","39","8_vs_9","9"
"champion_male_riding","13","green","39","8_vs_9","9"
"champion_male_riding","14","teal","39","8_vs_9","9"
"champion_male_riding","15","blue","39","8_vs_9","9"
"champion_male_riding","16","purple","39","8_vs_9","9"
"champion_male_riding","17","pink","39","8_vs_9","9"
"champion_male_riding","18","dark","39","8_vs_9","9"
"champion_male_riding","19","white","39","8_vs_9","9"
"champion_male_riding","20","brown","39","8_vs_9","9"
"clown_male","10","red","47","8_vs_9","9"
"clown_male","11","orange","47","8_vs_9","9"
"clown_male","12","gold","47","8_vs_9","9"
"clown_male","13","green","47","8_vs_9","9"
"clown_male","14","teal","47","8_vs_9","9"
"clown_male","15","blue","47","8_vs_9","9"
"clown_male","16","purple","47","8_vs_9","9"
"clown_male","17","pink","47","8_vs_9","9"
"clown_male","18","dark","47","8_vs_9","9"
"clown_male","19","white","47","8_vs_9","9"
"clown_male","20","brown","47","8_vs_9","9"
"creator_female","10","red","63","8_vs_9","9"
"creator_female","11","orange","63","8_vs_9","9"
"creator_female","12","gold","63","8_vs_9","9"
"creator_female","13","green","63","8_vs_9","9"
"creator_female","14","teal","63","8_vs_9","9"
"creator_female","15","blue","63","8_vs_9","9"
"creator_female","16","purple","63","8_vs_9","9"
"creator_female","17","pink","63","8_vs_9","9"
"creator_female","18","dark","63","8_vs_9","9"
"creator_female","19","white","63","8_vs_9","9"
"creator_female","20","brown","63","8_vs_9","9"
"creator_female_riding","10","red","63","8_vs_9","9"
"creator_female_riding","11","orange","63","8_vs_9","9"
"creator_female_riding","12","gold","63","8_vs_9","9"
"creator_female_riding","13","green","63","8_vs_9","9"
"creator_female_riding","14","teal","63","8_vs_9","9"
"creator_female_riding","15","blue","63","8_vs_9","9"
"creator_female_riding","16","purple","63","8_vs_9","9"
"creator_female_riding","17","pink","63","8_vs_9","9"
"creator_female_riding","18","dark","63","8_vs_9","9"
"creator_female_riding","19","white","63","8_vs_9","9"
"creator_female_riding","20","brown","63","8_vs_9","9"
"creator_male","10","red","47","8_vs_9","9"
"creator_male","11","orange","47","8_vs_9","9"
"creator_male","12","gold","47","8_vs_9","9"
"creator_male","13","green","47","8_vs_9","9"
"creator_male","14","teal","47","8_vs_9","9"
"creator_male","15","blue","47","8_vs_9","9"
"creator_male","16","purple","47","8_vs_9","9"
"creator_male","17","pink","47","8_vs_9","9"
"creator_male","18","dark","47","8_vs_9","9"
"creator_male","19","white","47","8_vs_9","9"
"creator_male","20","brown","47","8_vs_9","9"
"creator_male_riding","10","red","47","8_vs_9","9"
"creator_male_riding","11","orange","47","8_vs_9","9"
"creator_male_riding","12","gold","47","8_vs_9","9"
"creator_male_riding","13","green","47","8_vs_9","9"
"creator_male_riding","14","teal","47","8_vs_9","9"
"creator_male_riding","15","blue","47","8_vs_9","9"
"creator_male_riding","16","purple","47","8_vs_9","9"
"creator_male_riding","17","pink","47","8_vs_9","9"
"creator_male_riding","18","dark","47","8_vs_9","9"
"creator_male_riding","19","white","47","8_vs_9","9"
"creator_male_riding","20","brown","47","8_vs_9","9"
"crusader_female","10","red","71","8_vs_9","9"
"crusader_female","11","orange","71","8_vs_9","9"
"crusader_female","12","gold","71","8_vs_9","9"
"crusader_female","13","green","71","8_vs_9","9"
"crusader_female","14","teal","71","8_vs_9","9"
"crusader_female","15","blue","71","8_vs_9","9"
"crusader_female","16","purple","71","8_vs_9","9"
"crusader_female","17","pink","71","8_vs_9","9"
"crusader_female","18","dark","71","8_vs_9","9"
"crusader_female","19","white","71","8_vs_9","9"
"crusader_female","20","brown","71","8_vs_9","9"
"crusader_male","10","red","55","8_vs_9","9"
"crusader_male","11","orange","55","8_vs_9","9"
"crusader_male","12","gold","55","8_vs_9","9"
"crusader_male","13","green","55","8_vs_9","9"
"crusader_male","14","teal","55","8_vs_9","9"
"crusader_male","15","blue","55","8_vs_9","9"
"crusader_male","16","purple","55","8_vs_9","9"
"crusader_male","17","pink","55","8_vs_9","9"
"crusader_male","18","dark","55","8_vs_9","9"
"crusader_male","19","white","55","8_vs_9","9"
"crusader_male","20","brown","55","8_vs_9","9"
"dancer_female","10","red","111","8_vs_9","9"
"dancer_female","11","orange","111","8_vs_9","9"
"dancer_female","12","gold","111","8_vs_9","9"
"dancer_female","13","green","111","8_vs_9","9"
"dancer_female","14","teal","111","8_vs_9","9"
"dancer_female","15","blue","111","8_vs_9","9"
"dancer_female","16","purple","111","8_vs_9","9"
"dancer_female","17","pink","111","8_vs_9","9"
"dancer_female","18","dark","111","8_vs_9","9"
"dancer_female","19","white","111","8_vs_9","9"
"dancer_female","20","brown","111","8_vs_9","9"
"dancer_female_riding","10","red","111","8_vs_9","9"
"dancer_female_riding","11","orange","111","8_vs_9","9"
"dancer_female_riding","12","gold","111","8_vs_9","9"
"dancer_female_riding","13","green","111","8_vs_9","9"
"dancer_female_riding","14","teal","111","8_vs_9","9"
"dancer_female_riding","15","blue","111","8_vs_9","9"
"dancer_female_riding","16","purple","111","8_vs_9","9"
"dancer_female_riding","17","pink","111","8_vs_9","9"
"dancer_female_riding","18","dark","111","8_vs_9","9"
"dancer_female_riding","19","white","111","8_vs_9","9"
"dancer_female_riding","20","brown","111","8_vs_9","9"
"dancer_male","10","red","47","8_vs_9","9"
"dancer_male","11","orange","47","8_vs_9","9"
"dancer_male","12","gold","47","8_vs_9","9"
"dancer_male","13","green","47","8_vs_9","9"
"dancer_male","14","teal","47","8_vs_9","9"
"dancer_male","15","blue","47","8_vs_9","9"
"dancer_male","16","purple","47","8_vs_9","9"
"dancer_male","17","pink","47","8_vs_9","9"
"dancer_male","18","dark","47","8_vs_9","9"
"dancer_male","19","white","47","8_vs_9","9"
"dancer_male","20","brown","47","8_vs_9","9"
"dog_guillotine_cross_female","10","red","38","8_vs_9","9"
"dog_guillotine_cross_female","11","orange","38","8_vs_9","9"
"dog_guillotine_cross_female","12","gold","38","8_vs_9","9"
"dog_guillotine_cross_female","13","green","38","8_vs_9","9"
"dog_guillotine_cross_female","14","teal","38","8_vs_9","9"
"dog_guillotine_cross_female","15","blue","38","8_vs_9","9"
"dog_guillotine_cross_female","16","purple","38","8_vs_9","9"
"dog_guillotine_cross_female","17","pink","38","8_vs_9","9"
"dog_guillotine_cross_female","18","dark","38","8_vs_9","9"
"dog_guillotine_cross_female","19","white","38","8_vs_9","9"
"dog_guillotine_cross_female","20","brown","38","8_vs_9","9"
"dog_guillotine_cross_male","10","red","46","8_vs_9","9"
"dog_guillotine_cross_male","11","orange","46","8_vs_9","9"
"dog_guillotine_cross_male","12","gold","46","8_vs_9","9"
"dog_guillotine_cross_male","13","green","46","8_vs_9","9"
"dog_guillotine_cross_male","14","teal","46","8_vs_9","9"
"dog_guillotine_cross_male","15","blue","46","8_vs_9","9"
"dog_guillotine_cross_male","16","purple","46","8_vs_9","9"
"dog_guillotine_cross_male","17","pink","46","8_vs_9","9"
"dog_guillotine_cross_male","18","dark","46","8_vs_9","9"
"dog_guillotine_cross_male","19","white","46","8_vs_9","9"
"dog_guillotine_cross_male","20","brown","46","8_vs_9","9"
"dog_rogue_female","10","red","55","8_vs_9","9"
"dog_rogue_female","11","orange","55","8_vs_9","9"
"dog_rogue_female","12","gold","55","8_vs_9","9"
"dog_rogue_female","13","green","55","8_vs_9","9"
"dog_rogue_female","14","teal","55","8_vs_9","9"
"dog_rogue_female","15","blue","55","8_vs_9","9"
"dog_rogue_female","16","purple","55","8_vs_9","9"
"dog_rogue_female","17","pink","55","8_vs_9","9"
"dog_rogue_female","18","dark","55","8_vs_9","9"
"dog_rogue_female","19","white","55","8_vs_9","9"
"dog_rogue_female","20","brown","55","8_vs_9","9"
"dog_rogue_male","10","red","62","8_vs_9","9"
"dog_rogue_male","11","orange","62","8_vs_9","9"
"dog_rogue_male","12","gold","62","8_vs_9","9"
"dog_rogue_male","13","green","62","8_vs_9","9"
"dog_rogue_male","14","teal","62","8_vs_9","9"
"dog_rogue_male","15","blue","62","8_vs_9","9"
"dog_rogue_male","16","purple","62","8_vs_9","9"
"dog_rogue_male","17","pink","62","8_vs_9","9"
"dog_rogue_male","18","dark","62","8_vs_9","9"
"dog_rogue_male","19","white","62","8_vs_9","9"
"dog_rogue_male","20","brown","62","8_vs_9","9"
"dog_shadow_chaser_female","10","red","49","8_vs_9","9"
"dog_shadow_chaser_female","11","orange","49","8_vs_9","9"
"dog_shadow_chaser_female","12","gold","49","8_vs_9","9"
"dog_shadow_chaser_female","13","green","49","8_vs_9","9"
"dog_shadow_chaser_female","14","teal","49","8_vs_9","9"
"dog_shadow_chaser_female","15","blue","49","8_vs_9","9"
"dog_shadow_chaser_female","16","purple","49","8_vs_9","9"
"dog_shadow_chaser_female","17","pink","49","8_vs_9","9"
"dog_shadow_chaser_female","18","dark","49","8_vs_9","9"
"dog_shadow_chaser_female","19","white","49","8_vs_9","9"
"dog_shadow_chaser_female","20","brown","49","8_vs_9","9"
"dog_shadow_chaser_male","10","red","56","8_vs_9","9"
"dog_shadow_chaser_male","11","orange","56","8_vs_9","9"
"dog_shadow_chaser_male","12","gold","56","8_vs_9","9"
"dog_shadow_chaser_male","13","green","56","8_vs_9","9"
"dog_shadow_chaser_male","14","teal","56","8_vs_9","9"
"dog_shadow_chaser_male","15","blue","56","8_vs_9","9"
"dog_shadow_chaser_male","16","purple","56","8_vs_9","9"
"dog_shadow_chaser_male","17","pink","56","8_vs_9","9"
"dog_shadow_chaser_male","18","dark","56","8_vs_9","9"
"dog_shadow_chaser_male","19","white","56","8_vs_9","9"
"dog_shadow_chaser_male","20","brown","56","8_vs_9","9"
"dog_stalker_female","10","red","71","8_vs_9","9"
"dog_stalker_female","11","orange","71","8_vs_9","9"
"dog_stalker_female","12","gold","71","8_vs_9","9"
"dog_stalker_female","13","green","71","8_vs_9","9"
"dog_stalker_female","14","teal","71","8_vs_9","9"
"dog_stalker_female","15","blue","71","8_vs_9","9"
"dog_stalker_female","16","purple","71","8_vs_9","9"
"dog_stalker_female","17","pink","71","8_vs_9","9"
"dog_stalker_female","18","dark","71","8_vs_9","9"
"dog_stalker_female","19","white","71","8_vs_9","9"
"dog_stalker_female","20","brown","71","8_vs_9","9"
"dog_stalker_male","10","red","55","8_vs_9","9"
"dog_stalker_male","11","orange","55","8_vs_9","9"
"dog_stalker_male","12","gold","55","8_vs_9","9"
"dog_stalker_male","13","green","55","8_vs_9","9"
"dog_stalker_male","14","teal","55","8_vs_9","9"
"dog_stalker_male","15","blue","55","8_vs_9","9"
"dog_stalker_male","16","purple","55","8_vs_9","9"
"dog_stalker_male","17","pink","55","8_vs_9","9"
"dog_stalker_male","18","dark","55","8_vs_9","9"
"dog_stalker_male","19","white","55","8_vs_9","9"
"dog_stalker_male","20","brown","55","8_vs_9","9"
"dog_thief_female","10","red","30","8_vs_9","9"
"dog_thief_female","11","orange","30","8_vs_9","9"
"dog_thief_female","12","gold","30","8_vs_9","9"
"dog_thief_female","13","green","30","8_vs_9","9"
"dog_thief_female","14","teal","30","8_vs_9","9"
"dog_thief_female","15","blue","30","8_vs_9","9"
"dog_thief_female","16","purple","30","8_vs_9","9"
"dog_thief_female","17","pink","30","8_vs_9","9"
"dog_thief_female","18","dark","30","8_vs_9","9"
"dog_thief_female","19","white","30","8_vs_9","9"
"dog_thief_female","20","brown","30","8_vs_9","9"
"dog_thief_male","10","red","14","8_vs_9","9"
"dog_thief_male","11","orange","14","8_vs_9","9"
"dog_thief_male","12","gold","14","8_vs_9","9"
"dog_thief_male","13","green","14","8_vs_9","9"
"dog_thief_male","14","teal","14","8_vs_9","9"
"dog_thief_male","15","blue","14","8_vs_9","9"
"dog_thief_male","16","purple","14","8_vs_9","9"
"dog_thief_male","17","pink","14","8_vs_9","9"
"dog_thief_male","18","dark","14","8_vs_9","9"
"dog_thief_male","19","white","14","8_vs_9","9"
"dog_thief_male","20","brown","14","8_vs_9","9"
"dragon_knight_chicken_³²","10","red","49","8_vs_9","9"
"dragon_knight_chicken_³²","11","orange","49","8_vs_9","9"
"dragon_knight_chicken_³²","12","gold","49","8_vs_9","9"
"dragon_knight_chicken_³²","13","green","49","8_vs_9","9"
"dragon_knight_chicken_³²","14","teal","49","8_vs_9","9"
"dragon_knight_chicken_³²","15","blue","49","8_vs_9","9"
"dragon_knight_chicken_³²","16","purple","49","8_vs_9","9"
"dragon_knight_chicken_³²","17","pink","49","8_vs_9","9"
"dragon_knight_chicken_³²","18","dark","49","8_vs_9","9"
"dragon_knight_chicken_³²","19","white","49","8_vs_9","9"
"dragon_knight_chicken_³²","20","brown","49","8_vs_9","9"
"dragon_knight_chicken_¿©","10","red","48","8_vs_9","9"
"dragon_knight_chicken_¿©","11","orange","48","8_vs_9","9"
"dragon_knight_chicken_¿©","12","gold","48","8_vs_9","9"
"dragon_knight_chicken_¿©","13","green","48","8_vs_9","9"
"dragon_knight_chicken_¿©","14","teal","48","8_vs_9","9"
"dragon_knight_chicken_¿©","15","blue","48","8_vs_9","9"
"dragon_knight_chicken_¿©","16","purple","48","8_vs_9","9"
"dragon_knight_chicken_¿©","17","pink","48","8_vs_9","9"
"dragon_knight_chicken_¿©","18","dark","48","8_vs_9","9"
"dragon_knight_chicken_¿©","19","white","48","8_vs_9","9"
"dragon_knight_chicken_¿©","20","brown","48","8_vs_9","9"
"dragon_knight_female","10","red","48","8_vs_9","9"
"dragon_knight_female","11","orange","48","8_vs_9","9"
"dragon_knight_female","12","gold","48","8_vs_9","9"
"dragon_knight_female","13","green","48","8_vs_9","9"
"dragon_knight_female","14","teal","48","8_vs_9","9"
"dragon_knight_female","15","blue","48","8_vs_9","9"
"dragon_knight_female","16","purple","48","8_vs_9","9"
"dragon_knight_female","17","pink","48","8_vs_9","9"
"dragon_knight_female","18","dark","48","8_vs_9","9"
"dragon_knight_female","19","white","48","8_vs_9","9"
"dragon_knight_female","20","brown","48","8_vs_9","9"
"dragon_knight_female_riding","10","red","48","8_vs_9","9"
"dragon_knight_female_riding","11","orange","48","8_vs_9","9"
"dragon_knight_female_riding","12","gold","48","8_vs_9","9"
"dragon_knight_female_riding","13","green","48","8_vs_9","9"
"dragon_knight_female_riding","14","teal","48","8_vs_9","9"
"dragon_knight_female_riding","15","blue","48","8_vs_9","9"
"dragon_knight_female_riding","16","purple","48","8_vs_9","9"
"dragon_knight_female_riding","17","pink","48","8_vs_9","9"
"dragon_knight_female_riding","18","dark","48","8_vs_9","9"
"dragon_knight_female_riding","19","white","48","8_vs_9","9"
"dragon_knight_female_riding","20","brown","48","8_vs_9","9"
"dragon_knight_male","10","red","49","8_vs_9","9"
"dragon_knight_male","11","orange","49","8_vs_9","9"
"dragon_knight_male","12","gold","49","8_vs_9","9"
"dragon_knight_male","13","green","49","8_vs_9","9"
"dragon_knight_male","14","teal","49","8_vs_9","9"
"dragon_knight_male","15","blue","49","8_vs_9","9"
"dragon_knight_male","16","purple","49","8_vs_9","9"
"dragon_knight_male","17","pink","49","8_vs_9","9"
"dragon_knight_male","18","dark","49","8_vs_9","9"
"dragon_knight_male","19","white","49","8_vs_9","9"
"dragon_knight_male","20","brown","49","8_vs_9","9"
"dragon_knight_male_riding","10","red","49","8_vs_9","9"
"dragon_knight_male_riding","11","orange","49","8_vs_9","9"
"dragon_knight_male_riding","12","gold","49","8_vs_9","9"
"dragon_knight_male_riding","13","green","49","8_vs_9","9"
"dragon_knight_male_riding","14","teal","49","8_vs_9","9"
"dragon_knight_male_riding","15","blue","49","8_vs_9","9"
"dragon_knight_male_riding","16","purple","49","8_vs_9","9"
"dragon_knight_male_riding","17","pink","49","8_vs_9","9"
"dragon_knight_male_riding","18","dark","49","8_vs_9","9"
"dragon_knight_male_riding","19","white","49","8_vs_9","9"
"dragon_knight_male_riding","20","brown","49","8_vs_9","9"
"dragon_knight_riding_³²","10","red","49","8_vs_9","9"
"dragon_knight_riding_³²","11","orange","49","8_vs_9","9"
"dragon_knight_riding_³²","12","gold","49","8_vs_9","9"
"dragon_knight_riding_³²","13","green","49","8_vs_9","9"
"dragon_knight_riding_³²","14","teal","49","8_vs_9","9"
"dragon_knight_riding_³²","15","blue","49","8_vs_9","9"
"dragon_knight_riding_³²","16","purple","49","8_vs_9","9"
"dragon_knight_riding_³²","17","pink","49","8_vs_9","9"
"dragon_knight_riding_³²","18","dark","49","8_vs_9","9"
"dragon_knight_riding_³²","19","white","49","8_vs_9","9"
"dragon_knight_riding_³²","20","brown","49","8_vs_9","9"
"dragon_knight_riding_¿©","10","red","48","8_vs_9","9"
"dragon_knight_riding_¿©","11","orange","48","8_vs_9","9"
"dragon_knight_riding_¿©","12","gold","48","8_vs_9","9"
"dragon_knight_riding_¿©","13","green","48","8_vs_9","9"
"dragon_knight_riding_¿©","14","teal","48","8_vs_9","9"
"dragon_knight_riding_¿©","15","blue","48","8_vs_9","9"
"dragon_knight_riding_¿©","16","purple","48","8_vs_9","9"
"dragon_knight_riding_¿©","17","pink","48","8_vs_9","9"
"dragon_knight_riding_¿©","18","dark","48","8_vs_9","9"
"dragon_knight_riding_¿©","19","white","48","8_vs_9","9"
"dragon_knight_riding_¿©","20","brown","48","8_vs_9","9"
"dragon_knight_³²","10","red","49","8_vs_9","9"
"dragon_knight_³²","11","orange","49","8_vs_9","9"
"dragon_knight_³²","12","gold","49","8_vs_9","9"
"dragon_knight_³²","13","green","49","8_vs_9","9"
"dragon_knight_³²","14","teal","49","8_vs_9","9"
"dragon_knight_³²","15","blue","49","8_vs_9","9"
"dragon_knight_³²","16","purple","49","8_vs_9","9"
"dragon_knight_³²","17","pink","49","8_vs_9","9"
"dragon_knight_³²","18","dark","49","8_vs_9","9"
"dragon_knight_³²","19","white","49","8_vs_9","9"
"dragon_knight_³²","20","brown","49","8_vs_9","9"
"dragon_knight_¿©","10","red","48","8_vs_9","9"
"dragon_knight_¿©","11","orange","48","8_vs_9","9"
"dragon_knight_¿©","12","gold","48","8_vs_9","9"
"dragon_knight_¿©","13","green","48","8_vs_9","9"
"dragon_knight_¿©","14","teal","48","8_vs_9","9"
"dragon_knight_¿©","15","blue","48","8_vs_9","9"
"dragon_knight_¿©","16","purple","48","8_vs_9","9"
"dragon_knight_¿©","17","pink","48","8_vs_9","9"
"dragon_knight_¿©","18","dark","48","8_vs_9","9"
"dragon_knight_¿©","19","white","48","8_vs_9","9"
"dragon_knight_¿©","20","brown","48","8_vs_9","9"
"elemental_master_female_riding","10","red","36","8_vs_9","9"
"elemental_master_female_riding","11","orange","36","8_vs_9","9"
"elemental_master_female_riding","12","gold","36","8_vs_9","9"
"elemental_master_female_riding","13","green","36","8_vs_9","9"
"elemental_master_female_riding","14","teal","36","8_vs_9","9"
"elemental_master_female_riding","15","blue","36","8_vs_9","9"
"elemental_master_female_riding","16","purple","36","8_vs_9","9"
"elemental_master_female_riding","17","pink","36","8_vs_9","9"
"elemental_master_female_riding","18","dark","36","8_vs_9","9"
"elemental_master_female_riding","19","white","36","8_vs_9","9"
"elemental_master_female_riding","20","brown","36","8_vs_9","9"
"elemental_master_male_riding","10","red","36","8_vs_9","9"
"elemental_master_male_riding","11","orange","36","8_vs_9","9"
"elemental_master_male_riding","12","gold","36","8_vs_9","9"
"elemental_master_male_riding","13","green","36","8_vs_9","9"
"elemental_master_male_riding","14","teal","36","8_vs_9","9"
"elemental_master_male_riding","15","blue","36","8_vs_9","9"
"elemental_master_male_riding","16","purple","36","8_vs_9","9"
"elemental_master_male_riding","17","pink","36","8_vs_9","9"
"elemental_master_male_riding","18","dark","36","8_vs_9","9"
"elemental_master_male_riding","19","white","36","8_vs_9","9"
"elemental_master_male_riding","20","brown","36","8_vs_9","9"
"elemetal_master_female","10","red","36","8_vs_9","9"
"elemetal_master_female","11","orange","36","8_vs_9","9"
"elemetal_master_female","12","gold","36","8_vs_9","9"
"elemetal_master_female","13","green","36","8_vs_9","9"
"elemetal_master_female","14","teal","36","8_vs_9","9"
"elemetal_master_female","15","blue","36","8_vs_9","9"
"elemetal_master_female","16","purple","36","8_vs_9","9"
"elemetal_master_female","17","pink","36","8_vs_9","9"
"elemetal_master_female","18","dark","36","8_vs_9","9"
"elemetal_master_female","19","white","36","8_vs_9","9"
"elemetal_master_female","20","brown","36","8_vs_9","9"
"elemetal_master_female_riding","10","red","36","8_vs_9","9"
"elemetal_master_female_riding","11","orange","36","8_vs_9","9"
"elemetal_master_female_riding","12","gold","36","8_vs_9","9"
"elemetal_master_female_riding","13","green","36","8_vs_9","9"
"elemetal_master_female_riding","14","teal","36","8_vs_9","9"
"elemetal_master_female_riding","15","blue","36","8_vs_9","9"
"elemetal_master_female_riding","16","purple","36","8_vs_9","9"
"elemetal_master_female_riding","17","pink","36","8_vs_9","9"
"elemetal_master_female_riding","18","dark","36","8_vs_9","9"
"elemetal_master_female_riding","19","white","36","8_vs_9","9"
"elemetal_master_female_riding","20","brown","36","8_vs_9","9"
"elemetal_master_male","10","red","36","8_vs_9","9"
"elemetal_master_male","11","orange","36","8_vs_9","9"
"elemetal_master_male","12","gold","36","8_vs_9","9"
"elemetal_master_male","13","green","36","8_vs_9","9"
"elemetal_master_male","14","teal","36","8_vs_9","9"
"elemetal_master_male","15","blue","36","8_vs_9","9"
"elemetal_master_male","16","purple","36","8_vs_9","9"
"elemetal_master_male","17","pink","36","8_vs_9","9"
"elemetal_master_male","18","dark","36","8_vs_9","9"
"elemetal_master_male","19","white","36","8_vs_9","9"
"elemetal_master_male","20","brown","36","8_vs_9","9"
"elemetal_master_male_riding","10","red","36","8_vs_9","9"
"elemetal_master_male_riding","11","orange","36","8_vs_9","9"
"elemetal_master_male_riding","12","gold","36","8_vs_9","9"
"elemetal_master_male_riding","13","green","36","8_vs_9","9"
"elemetal_master_male_riding","14","teal","36","8_vs_9","9"
"elemetal_master_male_riding","15","blue","36","8_vs_9","9"
"elemetal_master_male_riding","16","purple","36","8_vs_9","9"
"elemetal_master_male_riding","17","pink","36","8_vs_9","9"
"elemetal_master_male_riding","18","dark","36","8_vs_9","9"
"elemetal_master_male_riding","19","white","36","8_vs_9","9"
"elemetal_master_male_riding","20","brown","36","8_vs_9","9"
"elemetal_master_riding_³²","10","red","36","8_vs_9","9"
"elemetal_master_riding_³²","11","orange","36","8_vs_9","9"
"elemetal_master_riding_³²","12","gold","36","8_vs_9","9"
"elemetal_master_riding_³²","13","green","36","8_vs_9","9"
"elemetal_master_riding_³²","14","teal","36","8_vs_9","9"
"elemetal_master_riding_³²","15","blue","36","8_vs_9","9"
"elemetal_master_riding_³²","16","purple","36","8_vs_9","9"
"elemetal_master_riding_³²","17","pink","36","8_vs_9","9"
"elemetal_master_riding_³²","18","dark","36","8_vs_9","9"
"elemetal_master_riding_³²","19","white","36","8_vs_9","9"
"elemetal_master_riding_³²","20","brown","36","8_vs_9","9"
"elemetal_master_riding_¿©","10","red","36","8_vs_9","9"
"elemetal_master_riding_¿©","11","orange","36","8_vs_9","9"
"elemetal_master_riding_¿©","12","gold","36","8_vs_9","9"
"elemetal_master_riding_¿©","13","green","36","8_vs_9","9"
"elemetal_master_riding_¿©","14","teal","36","8_vs_9","9"
"elemetal_master_riding_¿©","15","blue","36","8_vs_9","9"
"elemetal_master_riding_¿©","16","purple","36","8_vs_9","9"
"elemetal_master_riding_¿©","17","pink","36","8_vs_9","9"
"elemetal_master_riding_¿©","18","dark","36","8_vs_9","9"
"elemetal_master_riding_¿©","19","white","36","8_vs_9","9"
"elemetal_master_riding_¿©","20","brown","36","8_vs_9","9"
"elemetal_master_³²","10","red","36","8_vs_9","9"
"elemetal_master_³²","11","orange","36","8_vs_9","9"
"elemetal_master_³²","12","gold","36","8_vs_9","9"
"elemetal_master_³²","13","green","36","8_vs_9","9"
"elemetal_master_³²","14","teal","36","8_vs_9","9"
"elemetal_master_³²","15","blue","36","8_vs_9","9"
"elemetal_master_³²","16","purple","36","8_vs_9","9"
"elemetal_master_³²","17","pink","36","8_vs_9","9"
"elemetal_master_³²","18","dark","36","8_vs_9","9"
"elemetal_master_³²","19","white","36","8_vs_9","9"
"elemetal_master_³²","20","brown","36","8_vs_9","9"
"elemetal_master_¿©","10","red","36","8_vs_9","9"
"elemetal_master_¿©","11","orange","36","8_vs_9","9"
"elemetal_master_¿©","12","gold","36","8_vs_9","9"
"elemetal_master_¿©","13","green","36","8_vs_9","9"
"elemetal_master_¿©","14","teal","36","8_vs_9","9"
"elemetal_master_¿©","15","blue","36","8_vs_9","9"
"elemetal_master_¿©","16","purple","36","8_vs_9","9"
"elemetal_master_¿©","17","pink","36","8_vs_9","9"
"elemetal_master_¿©","18","dark","36","8_vs_9","9"
"elemetal_master_¿©","19","white","36","8_vs_9","9"
"elemetal_master_¿©","20","brown","36","8_vs_9","9"
"frog_kagerou_male","10","red","65","8_vs_9","9"
"frog_kagerou_male","11","orange","65","8_vs_9","9"
"frog_kagerou_male","12","gold","65","8_vs_9","9"
"frog_kagerou_male","13","green","65","8_vs_9","9"
"frog_kagerou_male","14","teal","65","8_vs_9","9"
"frog_kagerou_male","15","blue","65","8_vs_9","9"
"frog_kagerou_male","16","purple","65","8_vs_9","9"
"frog_kagerou_male","17","pink","65","8_vs_9","9"
"frog_kagerou_male","18","dark","65","8_vs_9","9"
"frog_kagerou_male","19","white","65","8_vs_9","9"
"frog_kagerou_male","20","brown","65","8_vs_9","9"
"frog_kagerou_³²","10","red","65","8_vs_9","9"
"frog_kagerou_³²","11","orange","65","8_vs_9","9"
"frog_kagerou_³²","12","gold","65","8_vs_9","9"
"frog_kagerou_³²","13","green","65","8_vs_9","9"
"frog_kagerou_³²","14","teal","65","8_vs_9","9"
"frog_kagerou_³²","15","blue","65","8_vs_9","9"
"frog_kagerou_³²","16","purple","65","8_vs_9","9"
"frog_kagerou_³²","17","pink","65","8_vs_9","9"
"frog_kagerou_³²","18","dark","65","8_vs_9","9"
"frog_kagerou_³²","19","white","65","8_vs_9","9"
"frog_kagerou_³²","20","brown","65","8_vs_9","9"
"frog_ninja_female","10","red","49","8_vs_9","9"
"frog_ninja_female","11","orange","49","8_vs_9","9"
"frog_ninja_female","12","gold","49","8_vs_9","9"
"frog_ninja_female","13","green","49","8_vs_9","9"
"frog_ninja_female","14","teal","49","8_vs_9","9"
"frog_ninja_female","15","blue","49","8_vs_9","9"
"frog_ninja_female","16","purple","49","8_vs_9","9"
"frog_ninja_female","17","pink","49","8_vs_9","9"
"frog_ninja_female","18","dark","49","8_vs_9","9"
"frog_ninja_female","19","white","49","8_vs_9","9"
"frog_ninja_female","20","brown","49","8_vs_9","9"
"frog_ninja_male","10","red","49","8_vs_9","9"
"frog_ninja_male","11","orange","49","8_vs_9","9"
"frog_ninja_male","12","gold","49","8_vs_9","9"
"frog_ninja_male","13","green","49","8_vs_9","9"
"frog_ninja_male","14","teal","49","8_vs_9","9"
"frog_ninja_male","15","blue","49","8_vs_9","9"
"frog_ninja_male","16","purple","49","8_vs_9","9"
"frog_ninja_male","17","pink","49","8_vs_9","9"
"frog_ninja_male","18","dark","49","8_vs_9","9"
"frog_ninja_male","19","white","49","8_vs_9","9"
"frog_ninja_male","20","brown","49","8_vs_9","9"
"frog_oboro_female","10","red","66","8_vs_9","9"
"frog_oboro_female","11","orange","66","8_vs_9","9"
"frog_oboro_female","12","gold","66","8_vs_9","9"
"frog_oboro_female","13","green","66","8_vs_9","9"
"frog_oboro_female","14","teal","66","8_vs_9","9"
"frog_oboro_female","15","blue","66","8_vs_9","9"
"frog_oboro_female","16","purple","66","8_vs_9","9"
"frog_oboro_female","17","pink","66","8_vs_9","9"
"frog_oboro_female","18","dark","66","8_vs_9","9"
"frog_oboro_female","19","white","66","8_vs_9","9"
"frog_oboro_female","20","brown","66","8_vs_9","9"
"frog_oboro_¿©","10","red","66","8_vs_9","9"
"frog_oboro_¿©","11","orange","66","8_vs_9","9"
"frog_oboro_¿©","12","gold","66","8_vs_9","9"
"frog_oboro_¿©","13","green","66","8_vs_9","9"
"frog_oboro_¿©","14","teal","66","8_vs_9","9"
"frog_oboro_¿©","15","blue","66","8_vs_9","9"
"frog_oboro_¿©","16","purple","66","8_vs_9","9"
"frog_oboro_¿©","17","pink","66","8_vs_9","9"
"frog_oboro_¿©","18","dark","66","8_vs_9","9"
"frog_oboro_¿©","19","white","66","8_vs_9","9"
"frog_oboro_¿©","20","brown","66","8_vs_9","9"
"frog_soul_linker_female","10","red","48","8_vs_9","9"
"frog_soul_linker_female","11","orange","48","8_vs_9","9"
"frog_soul_linker_female","12","gold","48","8_vs_9","9"
"frog_soul_linker_female","13","green","48","8_vs_9","9"
"frog_soul_linker_female","14","teal","48","8_vs_9","9"
"frog_soul_linker_female","15","blue","48","8_vs_9","9"
"frog_soul_linker_female","16","purple","48","8_vs_9","9"
"frog_soul_linker_female","17","pink","48","8_vs_9","9"
"frog_soul_linker_female","18","dark","48","8_vs_9","9"
"frog_soul_linker_female","19","white","48","8_vs_9","9"
"frog_soul_linker_female","20","brown","48","8_vs_9","9"
"frog_soul_linker_male","10","red","82","8_vs_9","9"
"frog_soul_linker_male","11","orange","82","8_vs_9","9"
"frog_soul_linker_male","12","gold","82","8_vs_9","9"
"frog_soul_linker_male","13","green","82","8_vs_9","9"
"frog_soul_linker_male","14","teal","82","8_vs_9","9"
"frog_soul_linker_male","15","blue","82","8_vs_9","9"
"frog_soul_linker_male","16","purple","82","8_vs_9","9"
"frog_soul_linker_male","17","pink","82","8_vs_9","9"
"frog_soul_linker_male","18","dark","82","8_vs_9","9"
"frog_soul_linker_male","19","white","82","8_vs_9","9"
"frog_soul_linker_male","20","brown","82","8_vs_9","9"
"genetic_female","10","red","44","8_vs_9","9"
"genetic_female","11","orange","44","8_vs_9","9"
"genetic_female","12","gold","44","8_vs_9","9"
"genetic_female","13","green","44","8_vs_9","9"
"genetic_female","14","teal","44","8_vs_9","9"
"genetic_female","15","blue","44","8_vs_9","9"
"genetic_female","16","purple","44","8_vs_9","9"
"genetic_female","17","pink","44","8_vs_9","9"
"genetic_female","18","dark","44","8_vs_9","9"
"genetic_female","19","white","44","8_vs_9","9"
"genetic_female","20","brown","44","8_vs_9","9"
"genetic_female_riding","10","red","44","8_vs_9","9"
"genetic_female_riding","11","orange","44","8_vs_9","9"
"genetic_female_riding","12","gold","44","8_vs_9","9"
"genetic_female_riding","13","green","44","8_vs_9","9"
"genetic_female_riding","14","teal","44","8_vs_9","9"
"genetic_female_riding","15","blue","44","8_vs_9","9"
"genetic_female_riding","16","purple","44","8_vs_9","9"
"genetic_female_riding","17","pink","44","8_vs_9","9"
"genetic_female_riding","18","dark","44","8_vs_9","9"
"genetic_female_riding","19","white","44","8_vs_9","9"
"genetic_female_riding","20","brown","44","8_vs_9","9"
"genetic_male","10","red","20","8_vs_9","9"
"genetic_male","11","orange","20","8_vs_9","9"
"genetic_male","12","gold","20","8_vs_9","9"
"genetic_male","13","green","20","8_vs_9","9"
"genetic_male","14","teal","20","8_vs_9","9"
"genetic_male","15","blue","20","8_vs_9","9"
"genetic_male","16","purple","20","8_vs_9","9"
"genetic_male","17","pink","20","8_vs_9","9"
"genetic_male","18","dark","20","8_vs_9","9"
"genetic_male","19","white","20","8_vs_9","9"
"genetic_male","20","brown","20","8_vs_9","9"
"genetic_male_riding","10","red","20","8_vs_9","9"
"genetic_male_riding","11","orange","20","8_vs_9","9"
"genetic_male_riding","12","gold","20","8_vs_9","9"
"genetic_male_riding","13","green","20","8_vs_9","9"
"genetic_male_riding","14","teal","20","8_vs_9","9"
"genetic_male_riding","15","blue","20","8_vs_9","9"
"genetic_male_riding","16","purple","20","8_vs_9","9"
"genetic_male_riding","17","pink","20","8_vs_9","9"
"genetic_male_riding","18","dark","20","8_vs_9","9"
"genetic_male_riding","19","white","20","8_vs_9","9"
"genetic_male_riding","20","brown","20","8_vs_9","9"
"guillotine_cross_female","10","red","38","8_vs_9","9"
"guillotine_cross_female","11","orange","38","8_vs_9","9"
"guillotine_cross_female","12","gold","38","8_vs_9","9"
"guillotine_cross_female","13","green","38","8_vs_9","9"
"guillotine_cross_female","14","teal","38","8_vs_9","9"
"guillotine_cross_female","15","blue","38","8_vs_9","9"
"guillotine_cross_female","16","purple","38","8_vs_9","9"
"guillotine_cross_female","17","pink","38","8_vs_9","9"
"guillotine_cross_female","18","dark","38","8_vs_9","9"
"guillotine_cross_female","19","white","38","8_vs_9","9"
"guillotine_cross_female","20","brown","38","8_vs_9","9"
"guillotine_cross_male","10","red","46","8_vs_9","9"
"guillotine_cross_male","11","orange","46","8_vs_9","9"
"guillotine_cross_male","12","gold","46","8_vs_9","9"
"guillotine_cross_male","13","green","46","8_vs_9","9"
"guillotine_cross_male","14","teal","46","8_vs_9","9"
"guillotine_cross_male","15","blue","46","8_vs_9","9"
"guillotine_cross_male","16","purple","46","8_vs_9","9"
"guillotine_cross_male","17","pink","46","8_vs_9","9"
"guillotine_cross_male","18","dark","46","8_vs_9","9"
"guillotine_cross_male","19","white","46","8_vs_9","9"
"guillotine_cross_male","20","brown","46","8_vs_9","9"
"gunslinger_female","10","red","40","8_vs_9","9"
"gunslinger_female","11","orange","40","8_vs_9","9"
"gunslinger_female","12","gold","40","8_vs_9","9"
"gunslinger_female","13","green","40","8_vs_9","9"
"gunslinger_female","14","teal","40","8_vs_9","9"
"gunslinger_female","15","blue","40","8_vs_9","9"
"gunslinger_female","16","purple","40","8_vs_9","9"
"gunslinger_female","17","pink","40","8_vs_9","9"
"gunslinger_female","18","dark","40","8_vs_9","9"
"gunslinger_female","19","white","40","8_vs_9","9"
"gunslinger_female","20","brown","40","8_vs_9","9"
"gunslinger_male","10","red","41","8_vs_9","9"
"gunslinger_male","11","orange","41","8_vs_9","9"
"gunslinger_male","12","gold","41","8_vs_9","9"
"gunslinger_male","13","green","41","8_vs_9","9"
"gunslinger_male","14","teal","41","8_vs_9","9"
"gunslinger_male","15","blue","41","8_vs_9","9"
"gunslinger_male","16","purple","41","8_vs_9","9"
"gunslinger_male","17","pink","41","8_vs_9","9"
"gunslinger_male","18","dark","41","8_vs_9","9"
"gunslinger_male","19","white","41","8_vs_9","9"
"gunslinger_male","20","brown","41","8_vs_9","9"
"high_priest_female","10","red","39","8_vs_9","9"
"high_priest_female","11","orange","39","8_vs_9","9"
"high_priest_female","12","gold","39","8_vs_9","9"
"high_priest_female","13","green","39","8_vs_9","9"
"high_priest_female","14","teal","39","8_vs_9","9"
"high_priest_female","15","blue","39","8_vs_9","9"
"high_priest_female","16","purple","39","8_vs_9","9"
"high_priest_female","17","pink","39","8_vs_9","9"
"high_priest_female","18","dark","39","8_vs_9","9"
"high_priest_female","19","white","39","8_vs_9","9"
"high_priest_female","20","brown","39","8_vs_9","9"
"high_priest_female_riding","10","red","39","8_vs_9","9"
"high_priest_female_riding","11","orange","39","8_vs_9","9"
"high_priest_female_riding","12","gold","39","8_vs_9","9"
"high_priest_female_riding","13","green","39","8_vs_9","9"
"high_priest_female_riding","14","teal","39","8_vs_9","9"
"high_priest_female_riding","15","blue","39","8_vs_9","9"
"high_priest_female_riding","16","purple","39","8_vs_9","9"
"high_priest_female_riding","17","pink","39","8_vs_9","9"
"high_priest_female_riding","18","dark","39","8_vs_9","9"
"high_priest_female_riding","19","white","39","8_vs_9","9"
"high_priest_female_riding","20","brown","39","8_vs_9","9"
"high_priest_male","10","red","39","8_vs_9","9"
"high_priest_male","11","orange","39","8_vs_9","9"
"high_priest_male","12","gold","39","8_vs_9","9"
"high_priest_male","13","green","39","8_vs_9","9"
"high_priest_male","14","teal","39","8_vs_9","9"
"high_priest_male","15","blue","39","8_vs_9","9"
"high_priest_male","16","purple","39","8_vs_9","9"
"high_priest_male","17","pink","39","8_vs_9","9"
"high_priest_male","18","dark","39","8_vs_9","9"
"high_priest_male","19","white","39","8_vs_9","9"
"high_priest_male","20","brown","39","8_vs_9","9"
"high_priest_male_riding","10","red","39","8_vs_9","9"
"high_priest_male_riding","11","orange","39","8_vs_9","9"
"high_priest_male_riding","12","gold","39","8_vs_9","9"
"high_priest_male_riding","13","green","39","8_vs_9","9"
"high_priest_male_riding","14","teal","39","8_vs_9","9"
"high_priest_male_riding","15","blue","39","8_vs_9","9"
"high_priest_male_riding","16","purple","39","8_vs_9","9"
"high_priest_male_riding","17","pink","39","8_vs_9","9"
"high_priest_male_riding","18","dark","39","8_vs_9","9"
"high_priest_male_riding","19","white","39","8_vs_9","9"
"high_priest_male_riding","20","brown","39","8_vs_9","9"
"high_wizard_female","10","red","47","8_vs_9","9"
"high_wizard_female","11","orange","47","8_vs_9","9"
"high_wizard_female","12","gold","47","8_vs_9","9"
"high_wizard_female","13","green","47","8_vs_9","9"
"high_wizard_female","14","teal","47","8_vs_9","9"
"high_wizard_female","15","blue","47","8_vs_9","9"
"high_wizard_female","16","purple","47","8_vs_9","9"
"high_wizard_female","17","pink","47","8_vs_9","9"
"high_wizard_female","18","dark","47","8_vs_9","9"
"high_wizard_female","19","white","47","8_vs_9","9"
"high_wizard_female","20","brown","47","8_vs_9","9"
"high_wizard_male","10","red","38","8_vs_9","9"
"high_wizard_male","11","orange","38","8_vs_9","9"
"high_wizard_male","12","gold","38","8_vs_9","9"
"high_wizard_male","13","green","38","8_vs_9","9"
"high_wizard_male","14","teal","38","8_vs_9","9"
"high_wizard_male","15","blue","38","8_vs_9","9"
"high_wizard_male","16","purple","38","8_vs_9","9"
"high_wizard_male","17","pink","38","8_vs_9","9"
"high_wizard_male","18","dark","38","8_vs_9","9"
"high_wizard_male","19","white","38","8_vs_9","9"
"high_wizard_male","20","brown","38","8_vs_9","9"
"hunter_female","10","red","71","8_vs_9","9"
"hunter_female","11","orange","71","8_vs_9","9"
"hunter_female","12","gold","71","8_vs_9","9"
"hunter_female","13","green","71","8_vs_9","9"
"hunter_female","14","teal","71","8_vs_9","9"
"hunter_female","15","blue","71","8_vs_9","9"
"hunter_female","16","purple","71","8_vs_9","9"
"hunter_female","17","pink","71","8_vs_9","9"
"hunter_female","18","dark","71","8_vs_9","9"
"hunter_female","19","white","71","8_vs_9","9"
"hunter_female","20","brown","71","8_vs_9","9"
"hunter_male","10","red","47","8_vs_9","9"
"hunter_male","11","orange","47","8_vs_9","9"
"hunter_male","12","gold","47","8_vs_9","9"
"hunter_male","13","green","47","8_vs_9","9"
"hunter_male","14","teal","47","8_vs_9","9"
"hunter_male","15","blue","47","8_vs_9","9"
"hunter_male","16","purple","47","8_vs_9","9"
"hunter_male","17","pink","47","8_vs_9","9"
"hunter_male","18","dark","47","8_vs_9","9"
"hunter_male","19","white","47","8_vs_9","9"
"hunter_male","20","brown","47","8_vs_9","9"
"hyper_novice_female","10","red","56","8_vs_9","9"
"hyper_novice_female","11","orange","56","8_vs_9","9"
"hyper_novice_female","12","gold","56","8_vs_9","9"
"hyper_novice_female","13","green","56","8_vs_9","9"
"hyper_novice_female","14","teal","56","8_vs_9","9"
"hyper_novice_female","15","blue","56","8_vs_9","9"
"hyper_novice_female","16","purple","56","8_vs_9","9"
"hyper_novice_female","17","pink","56","8_vs_9","9"
"hyper_novice_female","18","dark","56","8_vs_9","9"
"hyper_novice_female","19","white","56","8_vs_9","9"
"hyper_novice_female","20","brown","56","8_vs_9","9"
"hyper_novice_female_riding","10","red","56","8_vs_9","9"
"hyper_novice_female_riding","11","orange","56","8_vs_9","9"
"hyper_novice_female_riding","12","gold","56","8_vs_9","9"
"hyper_novice_female_riding","13","green","56","8_vs_9","9"
"hyper_novice_female_riding","14","teal","56","8_vs_9","9"
"hyper_novice_female_riding","15","blue","56","8_vs_9","9"
"hyper_novice_female_riding","16","purple","56","8_vs_9","9"
"hyper_novice_female_riding","17","pink","56","8_vs_9","9"
"hyper_novice_female_riding","18","dark","56","8_vs_9","9"
"hyper_novice_female_riding","19","white","56","8_vs_9","9"
"hyper_novice_female_riding","20","brown","56","8_vs_9","9"
"hyper_novice_male","10","red","60","8_vs_9","9"
"hyper_novice_male","11","orange","60","8_vs_9","9"
"hyper_novice_male","12","gold","60","8_vs_9","9"
"hyper_novice_male","13","green","60","8_vs_9","9"
"hyper_novice_male","14","teal","60","8_vs_9","9"
"hyper_novice_male","15","blue","60","8_vs_9","9"
"hyper_novice_male","16","purple","60","8_vs_9","9"
"hyper_novice_male","17","pink","60","8_vs_9","9"
"hyper_novice_male","18","dark","60","8_vs_9","9"
"hyper_novice_male","19","white","60","8_vs_9","9"
"hyper_novice_male","20","brown","60","8_vs_9","9"
"hyper_novice_male_riding","10","red","60","8_vs_9","9"
"hyper_novice_male_riding","11","orange","60","8_vs_9","9"
"hyper_novice_male_riding","12","gold","60","8_vs_9","9"
"hyper_novice_male_riding","13","green","60","8_vs_9","9"
"hyper_novice_male_riding","14","teal","60","8_vs_9","9"
"hyper_novice_male_riding","15","blue","60","8_vs_9","9"
"hyper_novice_male_riding","16","purple","60","8_vs_9","9"
"hyper_novice_male_riding","17","pink","60","8_vs_9","9"
"hyper_novice_male_riding","18","dark","60","8_vs_9","9"
"hyper_novice_male_riding","19","white","60","8_vs_9","9"
"hyper_novice_male_riding","20","brown","60","8_vs_9","9"
"hyper_novice_riding_³²","10","red","60","8_vs_9","9"
"hyper_novice_riding_³²","11","orange","60","8_vs_9","9"
"hyper_novice_riding_³²","12","gold","60","8_vs_9","9"
"hyper_novice_riding_³²","13","green","60","8_vs_9","9"
"hyper_novice_riding_³²","14","teal","60","8_vs_9","9"
"hyper_novice_riding_³²","15","blue","60","8_vs_9","9"
"hyper_novice_riding_³²","16","purple","60","8_vs_9","9"
"hyper_novice_riding_³²","17","pink","60","8_vs_9","9"
"hyper_novice_riding_³²","18","dark","60","8_vs_9","9"
"hyper_novice_riding_³²","19","white","60","8_vs_9","9"
"hyper_novice_riding_³²","20","brown","60","8_vs_9","9"
"hyper_novice_riding_¿©","10","red","56","8_vs_9","9"
"hyper_novice_riding_¿©","11","orange","56","8_vs_9","9"
"hyper_novice_riding_¿©","12","gold","56","8_vs_9","9"
"hyper_novice_riding_¿©","13","green","56","8_vs_9","9"
"hyper_novice_riding_¿©","14","teal","56","8_vs_9","9"
"hyper_novice_riding_¿©","15","blue","56","8_vs_9","9"
"hyper_novice_riding_¿©","16","purple","56","8_vs_9","9"
"hyper_novice_riding_¿©","17","pink","56","8_vs_9","9"
"hyper_novice_riding_¿©","18","dark","56","8_vs_9","9"
"hyper_novice_riding_¿©","19","white","56","8_vs_9","9"
"hyper_novice_riding_¿©","20","brown","56","8_vs_9","9"
"hyper_novice_³²","10","red","60","8_vs_9","9"
"hyper_novice_³²","11","orange","60","8_vs_9","9"
"hyper_novice_³²","12","gold","60","8_vs_9","9"
"hyper_novice_³²","13","green","60","8_vs_9","9"
"hyper_novice_³²","14","teal","60","8_vs_9","9"
"hyper_novice_³²","15","blue","60","8_vs_9","9"
"hyper_novice_³²","16","purple","60","8_vs_9","9"
"hyper_novice_³²","17","pink","60","8_vs_9","9"
"hyper_novice_³²","18","dark","60","8_vs_9","9"
"hyper_novice_³²","19","white","60","8_vs_9","9"
"hyper_novice_³²","20","brown","60","8_vs_9","9"
"hyper_novice_¿©","10","red","56","8_vs_9","9"
"hyper_novice_¿©","11","orange","56","8_vs_9","9"
"hyper_novice_¿©","12","gold","56","8_vs_9","9"
"hyper_novice_¿©","13","green","56","8_vs_9","9"
"hyper_novice_¿©","14","teal","56","8_vs_9","9"
"hyper_novice_¿©","15","blue","56","8_vs_9","9"
"hyper_novice_¿©","16","purple","56","8_vs_9","9"
"hyper_novice_¿©","17","pink","56","8_vs_9","9"
"hyper_novice_¿©","18","dark","56","8_vs_9","9"
"hyper_novice_¿©","19","white","56","8_vs_9","9"
"hyper_novice_¿©","20","brown","56","8_vs_9","9"
"imperial_guard_chicken_³²","10","red","55","8_vs_9","9"
"imperial_guard_chicken_³²","11","orange","55","8_vs_9","9"
"imperial_guard_chicken_³²","12","gold","55","8_vs_9","9"
"imperial_guard_chicken_³²","13","green","55","8_vs_9","9"
"imperial_guard_chicken_³²","14","teal","55","8_vs_9","9"
"imperial_guard_chicken_³²","15","blue","55","8_vs_9","9"
"imperial_guard_chicken_³²","16","purple","55","8_vs_9","9"
"imperial_guard_chicken_³²","17","pink","55","8_vs_9","9"
"imperial_guard_chicken_³²","18","dark","55","8_vs_9","9"
"imperial_guard_chicken_³²","19","white","55","8_vs_9","9"
"imperial_guard_chicken_³²","20","brown","55","8_vs_9","9"
"imperial_guard_chicken_¿©","10","red","59","8_vs_9","9"
"imperial_guard_chicken_¿©","11","orange","59","8_vs_9","9"
"imperial_guard_chicken_¿©","12","gold","59","8_vs_9","9"
"imperial_guard_chicken_¿©","13","green","59","8_vs_9","9"
"imperial_guard_chicken_¿©","14","teal","59","8_vs_9","9"
"imperial_guard_chicken_¿©","15","blue","59","8_vs_9","9"
"imperial_guard_chicken_¿©","16","purple","59","8_vs_9","9"
"imperial_guard_chicken_¿©","17","pink","59","8_vs_9","9"
"imperial_guard_chicken_¿©","18","dark","59","8_vs_9","9"
"imperial_guard_chicken_¿©","19","white","59","8_vs_9","9"
"imperial_guard_chicken_¿©","20","brown","59","8_vs_9","9"
"imperial_guard_female","10","red","59","8_vs_9","9"
"imperial_guard_female","11","orange","59","8_vs_9","9"
"imperial_guard_female","12","gold","59","8_vs_9","9"
"imperial_guard_female","13","green","59","8_vs_9","9"
"imperial_guard_female","14","teal","59","8_vs_9","9"
"imperial_guard_female","15","blue","59","8_vs_9","9"
"imperial_guard_female","16","purple","59","8_vs_9","9"
"imperial_guard_female","17","pink","59","8_vs_9","9"
"imperial_guard_female","18","dark","59","8_vs_9","9"
"imperial_guard_female","19","white","59","8_vs_9","9"
"imperial_guard_female","20","brown","59","8_vs_9","9"
"imperial_guard_female_riding","10","red","59","8_vs_9","9"
"imperial_guard_female_riding","11","orange","59","8_vs_9","9"
"imperial_guard_female_riding","12","gold","59","8_vs_9","9"
"imperial_guard_female_riding","13","green","59","8_vs_9","9"
"imperial_guard_female_riding","14","teal","59","8_vs_9","9"
"imperial_guard_female_riding","15","blue","59","8_vs_9","9"
"imperial_guard_female_riding","16","purple","59","8_vs_9","9"
"imperial_guard_female_riding","17","pink","59","8_vs_9","9"
"imperial_guard_female_riding","18","dark","59","8_vs_9","9"
"imperial_guard_female_riding","19","white","59","8_vs_9","9"
"imperial_guard_female_riding","20","brown","59","8_vs_9","9"
"imperial_guard_male","10","red","55","8_vs_9","9"
"imperial_guard_male","11","orange","55","8_vs_9","9"
"imperial_guard_male","12","gold","55","8_vs_9","9"
"imperial_guard_male","13","green","55","8_vs_9","9"
"imperial_guard_male","14","teal","55","8_vs_9","9"
"imperial_guard_male","15","blue","55","8_vs_9","9"
"imperial_guard_male","16","purple","55","8_vs_9","9"
"imperial_guard_male","17","pink","55","8_vs_9","9"
"imperial_guard_male","18","dark","55","8_vs_9","9"
"imperial_guard_male","19","white","55","8_vs_9","9"
"imperial_guard_male","20","brown","55","8_vs_9","9"
"imperial_guard_male_riding","10","red","55","8_vs_9","9"
"imperial_guard_male_riding","11","orange","55","8_vs_9","9"
"imperial_guard_male_riding","12","gold","55","8_vs_9","9"
"imperial_guard_male_riding","13","green","55","8_vs_9","9"
"imperial_guard_male_riding","14","teal","55","8_vs_9","9"
"imperial_guard_male_riding","15","blue","55","8_vs_9","9"
"imperial_guard_male_riding","16","purple","55","8_vs_9","9"
"imperial_guard_male_riding","17","pink","55","8_vs_9","9"
"imperial_guard_male_riding","18","dark","55","8_vs_9","9"
"imperial_guard_male_riding","19","white","55","8_vs_9","9"
"imperial_guard_male_riding","20","brown","55","8_vs_9","9"
"imperial_guard_riding_³²","10","red","55","8_vs_9","9"
"imperial_guard_riding_³²","11","orange","55","8_vs_9","9"
"imperial_guard_riding_³²","12","gold","55","8_vs_9","9"
"imperial_guard_riding_³²","13","green","55","8_vs_9","9"
"imperial_guard_riding_³²","14","teal","55","8_vs_9","9"
"imperial_guard_riding_³²","15","blue","55","8_vs_9","9"
"imperial_guard_riding_³²","16","purple","55","8_vs_9","9"
"imperial_guard_riding_³²","17","pink","55","8_vs_9","9"
"imperial_guard_riding_³²","18","dark","55","8_vs_9","9"
"imperial_guard_riding_³²","19","white","55","8_vs_9","9"
"imperial_guard_riding_³²","20","brown","55","8_vs_9","9"
"imperial_guard_riding_¿©","10","red","59","8_vs_9","9"
"imperial_guard_riding_¿©","11","orange","59","8_vs_9","9"
"imperial_guard_riding_¿©","12","gold","59","8_vs_9","9"
"imperial_guard_riding_¿©","13","green","59","8_vs_9","9"
"imperial_guard_riding_¿©","14","teal","59","8_vs_9","9"
"imperial_guard_riding_¿©","15","blue","59","8_vs_9","9"
"imperial_guard_riding_¿©","16","purple","59","8_vs_9","9"
"imperial_guard_riding_¿©","17","pink","59","8_vs_9","9"
"imperial_guard_riding_¿©","18","dark","59","8_vs_9","9"
"imperial_guard_riding_¿©","19","white","59","8_vs_9","9"
"imperial_guard_riding_¿©","20","brown","59","8_vs_9","9"
"imperial_guard_³²","10","red","55","8_vs_9","9"
"imperial_guard_³²","11","orange","55","8_vs_9","9"
"imperial_guard_³²","12","gold","55","8_vs_9","9"
"imperial_guard_³²","13","green","55","8_vs_9","9"
"imperial_guard_³²","14","teal","55","8_vs_9","9"
"imperial_guard_³²","15","blue","55","8_vs_9","9"
"imperial_guard_³²","16","purple","55","8_vs_9","9"
"imperial_guard_³²","17","pink","55","8_vs_9","9"
"imperial_guard_³²","18","dark","55","8_vs_9","9"
"imperial_guard_³²","19","white","55","8_vs_9","9"
"imperial_guard_³²","20","brown","55","8_vs_9","9"
"imperial_guard_¿©","10","red","59","8_vs_9","9"
"imperial_guard_¿©","11","orange","59","8_vs_9","9"
"imperial_guard_¿©","12","gold","59","8_vs_9","9"
"imperial_guard_¿©","13","green","59","8_vs_9","9"
"imperial_guard_¿©","14","teal","59","8_vs_9","9"
"imperial_guard_¿©","15","blue","59","8_vs_9","9"
"imperial_guard_¿©","16","purple","59","8_vs_9","9"
"imperial_guard_¿©","17","pink","59","8_vs_9","9"
"imperial_guard_¿©","18","dark","59","8_vs_9","9"
"imperial_guard_¿©","19","white","59","8_vs_9","9"
"imperial_guard_¿©","20","brown","59","8_vs_9","9"
"inquisitor_female","10","red","66","8_vs_9","9"
"inquisitor_female","11","orange","66","8_vs_9","9"
"inquisitor_female","12","gold","66","8_vs_9","9"
"inquisitor_female","13","green","66","8_vs_9","9"
"inquisitor_female","14","teal","66","8_vs_9","9"
"inquisitor_female","15","blue","66","8_vs_9","9"
"inquisitor_female","16","purple","66","8_vs_9","9"
"inquisitor_female","17","pink","66","8_vs_9","9"
"inquisitor_female","18","dark","66","8_vs_9","9"
"inquisitor_female","19","white","66","8_vs_9","9"
"inquisitor_female","20","brown","66","8_vs_9","9"
"inquisitor_female_riding","10","red","66","8_vs_9","9"
"inquisitor_female_riding","11","orange","66","8_vs_9","9"
"inquisitor_female_riding","12","gold","66","8_vs_9","9"
"inquisitor_female_riding","13","green","66","8_vs_9","9"
"inquisitor_female_riding","14","teal","66","8_vs_9","9"
"inquisitor_female_riding","15","blue","66","8_vs_9","9"
"inquisitor_female_riding","16","purple","66","8_vs_9","9"
"inquisitor_female_riding","17","pink","66","8_vs_9","9"
"inquisitor_female_riding","18","dark","66","8_vs_9","9"
"inquisitor_female_riding","19","white","66","8_vs_9","9"
"inquisitor_female_riding","20","brown","66","8_vs_9","9"
"inquisitor_male","10","red","57","8_vs_9","9"
"inquisitor_male","11","orange","57","8_vs_9","9"
"inquisitor_male","12","gold","57","8_vs_9","9"
"inquisitor_male","13","green","57","8_vs_9","9"
"inquisitor_male","14","teal","57","8_vs_9","9"
"inquisitor_male","15","blue","57","8_vs_9","9"
"inquisitor_male","16","purple","57","8_vs_9","9"
"inquisitor_male","17","pink","57","8_vs_9","9"
"inquisitor_male","18","dark","57","8_vs_9","9"
"inquisitor_male","19","white","57","8_vs_9","9"
"inquisitor_male","20","brown","57","8_vs_9","9"
"inquisitor_male_riding","10","red","57","8_vs_9","9"
"inquisitor_male_riding","11","orange","57","8_vs_9","9"
"inquisitor_male_riding","12","gold","57","8_vs_9","9"
"inquisitor_male_riding","13","green","57","8_vs_9","9"
"inquisitor_male_riding","14","teal","57","8_vs_9","9"
"inquisitor_male_riding","15","blue","57","8_vs_9","9"
"inquisitor_male_riding","16","purple","57","8_vs_9","9"
"inquisitor_male_riding","17","pink","57","8_vs_9","9"
"inquisitor_male_riding","18","dark","57","8_vs_9","9"
"inquisitor_male_riding","19","white","57","8_vs_9","9"
"inquisitor_male_riding","20","brown","57","8_vs_9","9"
"inquisitor_riding_³²","10","red","57","8_vs_9","9"
"inquisitor_riding_³²","11","orange","57","8_vs_9","9"
"inquisitor_riding_³²","12","gold","57","8_vs_9","9"
"inquisitor_riding_³²","13","green","57","8_vs_9","9"
"inquisitor_riding_³²","14","teal","57","8_vs_9","9"
"inquisitor_riding_³²","15","blue","57","8_vs_9","9"
"inquisitor_riding_³²","16","purple","57","8_vs_9","9"
"inquisitor_riding_³²","17","pink","57","8_vs_9","9"
"inquisitor_riding_³²","18","dark","57","8_vs_9","9"
"inquisitor_riding_³²","19","white","57","8_vs_9","9"
"inquisitor_riding_³²","20","brown","57","8_vs_9","9"
"inquisitor_riding_¿©","10","red","66","8_vs_9","9"
"inquisitor_riding_¿©","11","orange","66","8_vs_9","9"
"inquisitor_riding_¿©","12","gold","66","8_vs_9","9"
"inquisitor_riding_¿©","13","green","66","8_vs_9","9"
"inquisitor_riding_¿©","14","teal","66","8_vs_9","9"
"inquisitor_riding_¿©","15","blue","66","8_vs_9","9"
"inquisitor_riding_¿©","16","purple","66","8_vs_9","9"
"inquisitor_riding_¿©","17","pink","66","8_vs_9","9"
"inquisitor_riding_¿©","18","dark","66","8_vs_9","9"
"inquisitor_riding_¿©","19","white","66","8_vs_9","9"
"inquisitor_riding_¿©","20","brown","66","8_vs_9","9"
"inquisitor_³²","10","red","57","8_vs_9","9"
"inquisitor_³²","11","orange","57","8_vs_9","9"
"inquisitor_³²","12","gold","57","8_vs_9","9"
"inquisitor_³²","13","green","57","8_vs_9","9"
"inquisitor_³²","14","teal","57","8_vs_9","9"
"inquisitor_³²","15","blue","57","8_vs_9","9"
"inquisitor_³²","16","purple","57","8_vs_9","9"
"inquisitor_³²","17","pink","57","8_vs_9","9"
"inquisitor_³²","18","dark","57","8_vs_9","9"
"inquisitor_³²","19","white","57","8_vs_9","9"
"inquisitor_³²","20","brown","57","8_vs_9","9"
"inquisitor_¿©","10","red","66","8_vs_9","9"
"inquisitor_¿©","11","orange","66","8_vs_9","9"
"inquisitor_¿©","12","gold","66","8_vs_9","9"
"inquisitor_¿©","13","green","66","8_vs_9","9"
"inquisitor_¿©","14","teal","66","8_vs_9","9"
"inquisitor_¿©","15","blue","66","8_vs_9","9"
"inquisitor_¿©","16","purple","66","8_vs_9","9"
"inquisitor_¿©","17","pink","66","8_vs_9","9"
"inquisitor_¿©","18","dark","66","8_vs_9","9"
"inquisitor_¿©","19","white","66","8_vs_9","9"
"inquisitor_¿©","20","brown","66","8_vs_9","9"
"kagerou_male","10","red","65","8_vs_9","9"
"kagerou_male","11","orange","65","8_vs_9","9"
"kagerou_male","12","gold","65","8_vs_9","9"
"kagerou_male","13","green","65","8_vs_9","9"
"kagerou_male","14","teal","65","8_vs_9","9"
"kagerou_male","15","blue","65","8_vs_9","9"
"kagerou_male","16","purple","65","8_vs_9","9"
"kagerou_male","17","pink","65","8_vs_9","9"
"kagerou_male","18","dark","65","8_vs_9","9"
"kagerou_male","19","white","65","8_vs_9","9"
"kagerou_male","20","brown","65","8_vs_9","9"
"kagerou_³²","10","red","65","8_vs_9","9"
"kagerou_³²","11","orange","65","8_vs_9","9"
"kagerou_³²","12","gold","65","8_vs_9","9"
"kagerou_³²","13","green","65","8_vs_9","9"
"kagerou_³²","14","teal","65","8_vs_9","9"
"kagerou_³²","15","blue","65","8_vs_9","9"
"kagerou_³²","16","purple","65","8_vs_9","9"
"kagerou_³²","17","pink","65","8_vs_9","9"
"kagerou_³²","18","dark","65","8_vs_9","9"
"kagerou_³²","19","white","65","8_vs_9","9"
"kagerou_³²","20","brown","65","8_vs_9","9"
"knight_female","10","red","71","8_vs_9","9"
"knight_female","11","orange","71","8_vs_9","9"
"knight_female","12","gold","71","8_vs_9","9"
"knight_female","13","green","71","8_vs_9","9"
"knight_female","14","teal","71","8_vs_9","9"
"knight_female","15","blue","71","8_vs_9","9"
"knight_female","16","purple","71","8_vs_9","9"
"knight_female","17","pink","71","8_vs_9","9"
"knight_female","18","dark","71","8_vs_9","9"
"knight_female","19","white","71","8_vs_9","9"
"knight_female","20","brown","71","8_vs_9","9"
"knight_male","10","red","55","8_vs_9","9"
"knight_male","11","orange","55","8_vs_9","9"
"knight_male","12","gold","55","8_vs_9","9"
"knight_male","13","green","55","8_vs_9","9"
"knight_male","14","teal","55","8_vs_9","9"
"knight_male","15","blue","55","8_vs_9","9"
"knight_male","16","purple","55","8_vs_9","9"
"knight_male","17","pink","55","8_vs_9","9"
"knight_male","18","dark","55","8_vs_9","9"
"knight_male","19","white","55","8_vs_9","9"
"knight_male","20","brown","55","8_vs_9","9"
"lion_crusader_female","10","red","71","8_vs_9","9"
"lion_crusader_female","11","orange","71","8_vs_9","9"
"lion_crusader_female","12","gold","71","8_vs_9","9"
"lion_crusader_female","13","green","71","8_vs_9","9"
"lion_crusader_female","14","teal","71","8_vs_9","9"
"lion_crusader_female","15","blue","71","8_vs_9","9"
"lion_crusader_female","16","purple","71","8_vs_9","9"
"lion_crusader_female","17","pink","71","8_vs_9","9"
"lion_crusader_female","18","dark","71","8_vs_9","9"
"lion_crusader_female","19","white","71","8_vs_9","9"
"lion_crusader_female","20","brown","71","8_vs_9","9"
"lion_crusader_male","10","red","55","8_vs_9","9"
"lion_crusader_male","11","orange","55","8_vs_9","9"
"lion_crusader_male","12","gold","55","8_vs_9","9"
"lion_crusader_male","13","green","55","8_vs_9","9"
"lion_crusader_male","14","teal","55","8_vs_9","9"
"lion_crusader_male","15","blue","55","8_vs_9","9"
"lion_crusader_male","16","purple","55","8_vs_9","9"
"lion_crusader_male","17","pink","55","8_vs_9","9"
"lion_crusader_male","18","dark","55","8_vs_9","9"
"lion_crusader_male","19","white","55","8_vs_9","9"
"lion_crusader_male","20","brown","55","8_vs_9","9"
"lion_knight_female","10","red","71","8_vs_9","9"
"lion_knight_female","11","orange","71","8_vs_9","9"
"lion_knight_female","12","gold","71","8_vs_9","9"
"lion_knight_female","13","green","71","8_vs_9","9"
"lion_knight_female","14","teal","71","8_vs_9","9"
"lion_knight_female","15","blue","71","8_vs_9","9"
"lion_knight_female","16","purple","71","8_vs_9","9"
"lion_knight_female","17","pink","71","8_vs_9","9"
"lion_knight_female","18","dark","71","8_vs_9","9"
"lion_knight_female","19","white","71","8_vs_9","9"
"lion_knight_female","20","brown","71","8_vs_9","9"
"lion_knight_male","10","red","55","8_vs_9","9"
"lion_knight_male","11","orange","55","8_vs_9","9"
"lion_knight_male","12","gold","55","8_vs_9","9"
"lion_knight_male","13","green","55","8_vs_9","9"
"lion_knight_male","14","teal","55","8_vs_9","9"
"lion_knight_male","15","blue","55","8_vs_9","9"
"lion_knight_male","16","purple","55","8_vs_9","9"
"lion_knight_male","17","pink","55","8_vs_9","9"
"lion_knight_male","18","dark","55","8_vs_9","9"
"lion_knight_male","19","white","55","8_vs_9","9"
"lion_knight_male","20","brown","55","8_vs_9","9"
"lion_lord_knight_female","10","red","71","8_vs_9","9"
"lion_lord_knight_female","11","orange","71","8_vs_9","9"
"lion_lord_knight_female","12","gold","71","8_vs_9","9"
"lion_lord_knight_female","13","green","71","8_vs_9","9"
"lion_lord_knight_female","14","teal","71","8_vs_9","9"
"lion_lord_knight_female","15","blue","71","8_vs_9","9"
"lion_lord_knight_female","16","purple","71","8_vs_9","9"
"lion_lord_knight_female","17","pink","71","8_vs_9","9"
"lion_lord_knight_female","18","dark","71","8_vs_9","9"
"lion_lord_knight_female","19","white","71","8_vs_9","9"
"lion_lord_knight_female","20","brown","71","8_vs_9","9"
"lion_lord_knight_male","10","red","55","8_vs_9","9"
"lion_lord_knight_male","11","orange","55","8_vs_9","9"
"lion_lord_knight_male","12","gold","55","8_vs_9","9"
"lion_lord_knight_male","13","green","55","8_vs_9","9"
"lion_lord_knight_male","14","teal","55","8_vs_9","9"
"lion_lord_knight_male","15","blue","55","8_vs_9","9"
"lion_lord_knight_male","16","purple","55","8_vs_9","9"
"lion_lord_knight_male","17","pink","55","8_vs_9","9"
"lion_lord_knight_male","18","dark","55","8_vs_9","9"
"lion_lord_knight_male","19","white","55","8_vs_9","9"
"lion_lord_knight_male","20","brown","55","8_vs_9","9"
"lion_paladin_female","10","red","71","8_vs_9","9"
"lion_paladin_female","11","orange","71","8_vs_9","9"
"lion_paladin_female","12","gold","71","8_vs_9","9"
"lion_paladin_female","13","green","71","8_vs_9","9"
"lion_paladin_female","14","teal","71","8_vs_9","9"
"lion_paladin_female","15","blue","71","8_vs_9","9"
"lion_paladin_female","16","purple","71","8_vs_9","9"
"lion_paladin_female","17","pink","71","8_vs_9","9"
"lion_paladin_female","18","dark","71","8_vs_9","9"
"lion_paladin_female","19","white","71","8_vs_9","9"
"lion_paladin_female","20","brown","71","8_vs_9","9"
"lion_paladin_male","10","red","55","8_vs_9","9"
"lion_paladin_male","11","orange","55","8_vs_9","9"
"lion_paladin_male","12","gold","55","8_vs_9","9"
"lion_paladin_male","13","green","55","8_vs_9","9"
"lion_paladin_male","14","teal","55","8_vs_9","9"
"lion_paladin_male","15","blue","55","8_vs_9","9"
"lion_paladin_male","16","purple","55","8_vs_9","9"
"lion_paladin_male","17","pink","55","8_vs_9","9"
"lion_paladin_male","18","dark","55","8_vs_9","9"
"lion_paladin_male","19","white","55","8_vs_9","9"
"lion_paladin_male","20","brown","55","8_vs_9","9"
"lion_royal_guard_female","10","red","59","8_vs_9","9"
"lion_royal_guard_female","11","orange","59","8_vs_9","9"
"lion_royal_guard_female","12","gold","59","8_vs_9","9"
"lion_royal_guard_female","13","green","59","8_vs_9","9"
"lion_royal_guard_female","14","teal","59","8_vs_9","9"
"lion_royal_guard_female","15","blue","59","8_vs_9","9"
"lion_royal_guard_female","16","purple","59","8_vs_9","9"
"lion_royal_guard_female","17","pink","59","8_vs_9","9"
"lion_royal_guard_female","18","dark","59","8_vs_9","9"
"lion_royal_guard_female","19","white","59","8_vs_9","9"
"lion_royal_guard_female","20","brown","59","8_vs_9","9"
"lion_royal_guard_male","10","red","55","8_vs_9","9"
"lion_royal_guard_male","11","orange","55","8_vs_9","9"
"lion_royal_guard_male","12","gold","55","8_vs_9","9"
"lion_royal_guard_male","13","green","55","8_vs_9","9"
"lion_royal_guard_male","14","teal","55","8_vs_9","9"
"lion_royal_guard_male","15","blue","55","8_vs_9","9"
"lion_royal_guard_male","16","purple","55","8_vs_9","9"
"lion_royal_guard_male","17","pink","55","8_vs_9","9"
"lion_royal_guard_male","18","dark","55","8_vs_9","9"
"lion_royal_guard_male","19","white","55","8_vs_9","9"
"lion_royal_guard_male","20","brown","55","8_vs_9","9"
"lion_rune_knight_female","10","red","48","8_vs_9","9"
"lion_rune_knight_female","11","orange","48","8_vs_9","9"
"lion_rune_knight_female","12","gold","48","8_vs_9","9"
"lion_rune_knight_female","13","green","48","8_vs_9","9"
"lion_rune_knight_female","14","teal","48","8_vs_9","9"
"lion_rune_knight_female","15","blue","48","8_vs_9","9"
"lion_rune_knight_female","16","purple","48","8_vs_9","9"
"lion_rune_knight_female","17","pink","48","8_vs_9","9"
"lion_rune_knight_female","18","dark","48","8_vs_9","9"
"lion_rune_knight_female","19","white","48","8_vs_9","9"
"lion_rune_knight_female","20","brown","48","8_vs_9","9"
"lion_rune_knight_male","10","red","49","8_vs_9","9"
"lion_rune_knight_male","11","orange","49","8_vs_9","9"
"lion_rune_knight_male","12","gold","49","8_vs_9","9"
"lion_rune_knight_male","13","green","49","8_vs_9","9"
"lion_rune_knight_male","14","teal","49","8_vs_9","9"
"lion_rune_knight_male","15","blue","49","8_vs_9","9"
"lion_rune_knight_male","16","purple","49","8_vs_9","9"
"lion_rune_knight_male","17","pink","49","8_vs_9","9"
"lion_rune_knight_male","18","dark","49","8_vs_9","9"
"lion_rune_knight_male","19","white","49","8_vs_9","9"
"lion_rune_knight_male","20","brown","49","8_vs_9","9"
"lord_knight_female","10","red","71","8_vs_9","9"
"lord_knight_female","11","orange","71","8_vs_9","9"
"lord_knight_female","12","gold","71","8_vs_9","9"
"lord_knight_female","13","green","71","8_vs_9","9"
"lord_knight_female","14","teal","71","8_vs_9","9"
"lord_knight_female","15","blue","71","8_vs_9","9"
"lord_knight_female","16","purple","71","8_vs_9","9"
"lord_knight_female","17","pink","71","8_vs_9","9"
"lord_knight_female","18","dark","71","8_vs_9","9"
"lord_knight_female","19","white","71","8_vs_9","9"
"lord_knight_female","20","brown","71","8_vs_9","9"
"lord_knight_male","10","red","55","8_vs_9","9"
"lord_knight_male","11","orange","55","8_vs_9","9"
"lord_knight_male","12","gold","55","8_vs_9","9"
"lord_knight_male","13","green","55","8_vs_9","9"
"lord_knight_male","14","teal","55","8_vs_9","9"
"lord_knight_male","15","blue","55","8_vs_9","9"
"lord_knight_male","16","purple","55","8_vs_9","9"
"lord_knight_male","17","pink","55","8_vs_9","9"
"lord_knight_male","18","dark","55","8_vs_9","9"
"lord_knight_male","19","white","55","8_vs_9","9"
"lord_knight_male","20","brown","55","8_vs_9","9"
"magician_female","10","red","31","8_vs_9","9"
"magician_female","11","orange","31","8_vs_9","9"
"magician_female","12","gold","31","8_vs_9","9"
"magician_female","13","green","31","8_vs_9","9"
"magician_female","14","teal","31","8_vs_9","9"
"magician_female","15","blue","31","8_vs_9","9"
"magician_female","16","purple","31","8_vs_9","9"
"magician_female","17","pink","31","8_vs_9","9"
"magician_female","18","dark","31","8_vs_9","9"
"magician_female","19","white","31","8_vs_9","9"
"magician_female","20","brown","31","8_vs_9","9"
"magician_male","10","red","30","8_vs_9","9"
"magician_male","11","orange","30","8_vs_9","9"
"magician_male","12","gold","30","8_vs_9","9"
"magician_male","13","green","30","8_vs_9","9"
"magician_male","14","teal","30","8_vs_9","9"
"magician_male","15","blue","30","8_vs_9","9"
"magician_male","16","purple","30","8_vs_9","9"
"magician_male","17","pink","30","8_vs_9","9"
"magician_male","18","dark","30","8_vs_9","9"
"magician_male","19","white","30","8_vs_9","9"
"magician_male","20","brown","30","8_vs_9","9"
"mechanic_female","10","red","47","8_vs_9","9"
"mechanic_female","11","orange","47","8_vs_9","9"
"mechanic_female","12","gold","47","8_vs_9","9"
"mechanic_female","13","green","47","8_vs_9","9"
"mechanic_female","14","teal","47","8_vs_9","9"
"mechanic_female","15","blue","47","8_vs_9","9"
"mechanic_female","16","purple","47","8_vs_9","9"
"mechanic_female","17","pink","47","8_vs_9","9"
"mechanic_female","18","dark","47","8_vs_9","9"
"mechanic_female","19","white","47","8_vs_9","9"
"mechanic_female","20","brown","47","8_vs_9","9"
"mechanic_female_madogear","10","red","47","8_vs_9","9"
"mechanic_female_madogear","11","orange","47","8_vs_9","9"
"mechanic_female_madogear","12","gold","47","8_vs_9","9"
"mechanic_female_madogear","13","green","47","8_vs_9","9"
"mechanic_female_madogear","14","teal","47","8_vs_9","9"
"mechanic_female_madogear","15","blue","47","8_vs_9","9"
"mechanic_female_madogear","16","purple","47","8_vs_9","9"
"mechanic_female_madogear","17","pink","47","8_vs_9","9"
"mechanic_female_madogear","18","dark","47","8_vs_9","9"
"mechanic_female_madogear","19","white","47","8_vs_9","9"
"mechanic_female_madogear","20","brown","47","8_vs_9","9"
"mechanic_female_riding","10","red","47","8_vs_9","9"
"mechanic_female_riding","11","orange","47","8_vs_9","9"
"mechanic_female_riding","12","gold","47","8_vs_9","9"
"mechanic_female_riding","13","green","47","8_vs_9","9"
"mechanic_female_riding","14","teal","47","8_vs_9","9"
"mechanic_female_riding","15","blue","47","8_vs_9","9"
"mechanic_female_riding","16","purple","47","8_vs_9","9"
"mechanic_female_riding","17","pink","47","8_vs_9","9"
"mechanic_female_riding","18","dark","47","8_vs_9","9"
"mechanic_female_riding","19","white","47","8_vs_9","9"
"mechanic_female_riding","20","brown","47","8_vs_9","9"
"mechanic_male","10","red","18","8_vs_9","9"
"mechanic_male","11","orange","18","8_vs_9","9"
"mechanic_male","12","gold","18","8_vs_9","9"
"mechanic_male","13","green","18","8_vs_9","9"
"mechanic_male","14","teal","18","8_vs_9","9"
"mechanic_male","15","blue","18","8_vs_9","9"
"mechanic_male","16","purple","18","8_vs_9","9"
"mechanic_male","17","pink","18","8_vs_9","9"
"mechanic_male","18","dark","18","8_vs_9","9"
"mechanic_male","19","white","18","8_vs_9","9"
"mechanic_male","20","brown","18","8_vs_9","9"
"mechanic_male_madogear","10","red","18","8_vs_9","9"
"mechanic_male_madogear","11","orange","18","8_vs_9","9"
"mechanic_male_madogear","12","gold","18","8_vs_9","9"
"mechanic_male_madogear","13","green","18","8_vs_9","9"
"mechanic_male_madogear","14","teal","18","8_vs_9","9"
"mechanic_male_madogear","15","blue","18","8_vs_9","9"
"mechanic_male_madogear","16","purple","18","8_vs_9","9"
"mechanic_male_madogear","17","pink","18","8_vs_9","9"
"mechanic_male_madogear","18","dark","18","8_vs_9","9"
"mechanic_male_madogear","19","white","18","8_vs_9","9"
"mechanic_male_madogear","20","brown","18","8_vs_9","9"
"mechanic_male_riding","10","red","18","8_vs_9","9"
"mechanic_male_riding","11","orange","18","8_vs_9","9"
"mechanic_male_riding","12","gold","18","8_vs_9","9"
"mechanic_male_riding","13","green","18","8_vs_9","9"
"mechanic_male_riding","14","teal","18","8_vs_9","9"
"mechanic_male_riding","15","blue","18","8_vs_9","9"
"mechanic_male_riding","16","purple","18","8_vs_9","9"
"mechanic_male_riding","17","pink","18","8_vs_9","9"
"mechanic_male_riding","18","dark","18","8_vs_9","9"
"mechanic_male_riding","19","white","18","8_vs_9","9"
"mechanic_male_riding","20","brown","18","8_vs_9","9"
"meister_female","10","red","47","8_vs_9","9"
"meister_female","11","orange","47","8_vs_9","9"
"meister_female","12","gold","47","8_vs_9","9"
"meister_female","13","green","47","8_vs_9","9"
"meister_female","14","teal","47","8_vs_9","9"
"meister_female","15","blue","47","8_vs_9","9"
"meister_female","16","purple","47","8_vs_9","9"
"meister_female","17","pink","47","8_vs_9","9"
"meister_female","18","dark","47","8_vs_9","9"
"meister_female","19","white","47","8_vs_9","9"
"meister_female","20","brown","47","8_vs_9","9"
"meister_female_madogear1","10","red","47","8_vs_9","9"
"meister_female_madogear1","11","orange","47","8_vs_9","9"
"meister_female_madogear1","12","gold","47","8_vs_9","9"
"meister_female_madogear1","13","green","47","8_vs_9","9"
"meister_female_madogear1","14","teal","47","8_vs_9","9"
"meister_female_madogear1","15","blue","47","8_vs_9","9"
"meister_female_madogear1","16","purple","47","8_vs_9","9"
"meister_female_madogear1","17","pink","47","8_vs_9","9"
"meister_female_madogear1","18","dark","47","8_vs_9","9"
"meister_female_madogear1","19","white","47","8_vs_9","9"
"meister_female_madogear1","20","brown","47","8_vs_9","9"
"meister_female_madogear2","10","red","47","8_vs_9","9"
"meister_female_madogear2","11","orange","47","8_vs_9","9"
"meister_female_madogear2","12","gold","47","8_vs_9","9"
"meister_female_madogear2","13","green","47","8_vs_9","9"
"meister_female_madogear2","14","teal","47","8_vs_9","9"
"meister_female_madogear2","15","blue","47","8_vs_9","9"
"meister_female_madogear2","16","purple","47","8_vs_9","9"
"meister_female_madogear2","17","pink","47","8_vs_9","9"
"meister_female_madogear2","18","dark","47","8_vs_9","9"
"meister_female_madogear2","19","white","47","8_vs_9","9"
"meister_female_madogear2","20","brown","47","8_vs_9","9"
"meister_female_riding","10","red","47","8_vs_9","9"
"meister_female_riding","11","orange","47","8_vs_9","9"
"meister_female_riding","12","gold","47","8_vs_9","9"
"meister_female_riding","13","green","47","8_vs_9","9"
"meister_female_riding","14","teal","47","8_vs_9","9"
"meister_female_riding","15","blue","47","8_vs_9","9"
"meister_female_riding","16","purple","47","8_vs_9","9"
"meister_female_riding","17","pink","47","8_vs_9","9"
"meister_female_riding","18","dark","47","8_vs_9","9"
"meister_female_riding","19","white","47","8_vs_9","9"
"meister_female_riding","20","brown","47","8_vs_9","9"
"meister_madogear1_³²","10","red","18","8_vs_9","9"
"meister_madogear1_³²","11","orange","18","8_vs_9","9"
"meister_madogear1_³²","12","gold","18","8_vs_9","9"
"meister_madogear1_³²","13","green","18","8_vs_9","9"
"meister_madogear1_³²","14","teal","18","8_vs_9","9"
"meister_madogear1_³²","15","blue","18","8_vs_9","9"
"meister_madogear1_³²","16","purple","18","8_vs_9","9"
"meister_madogear1_³²","17","pink","18","8_vs_9","9"
"meister_madogear1_³²","18","dark","18","8_vs_9","9"
"meister_madogear1_³²","19","white","18","8_vs_9","9"
"meister_madogear1_³²","20","brown","18","8_vs_9","9"
"meister_madogear1_¿©","10","red","47","8_vs_9","9"
"meister_madogear1_¿©","11","orange","47","8_vs_9","9"
"meister_madogear1_¿©","12","gold","47","8_vs_9","9"
"meister_madogear1_¿©","13","green","47","8_vs_9","9"
"meister_madogear1_¿©","14","teal","47","8_vs_9","9"
"meister_madogear1_¿©","15","blue","47","8_vs_9","9"
"meister_madogear1_¿©","16","purple","47","8_vs_9","9"
"meister_madogear1_¿©","17","pink","47","8_vs_9","9"
"meister_madogear1_¿©","18","dark","47","8_vs_9","9"
"meister_madogear1_¿©","19","white","47","8_vs_9","9"
"meister_madogear1_¿©","20","brown","47","8_vs_9","9"
"meister_madogear2_³²","10","red","18","8_vs_9","9"
"meister_madogear2_³²","11","orange","18","8_vs_9","9"
"meister_madogear2_³²","12","gold","18","8_vs_9","9"
"meister_madogear2_³²","13","green","18","8_vs_9","9"
"meister_madogear2_³²","14","teal","18","8_vs_9","9"
"meister_madogear2_³²","15","blue","18","8_vs_9","9"
"meister_madogear2_³²","16","purple","18","8_vs_9","9"
"meister_madogear2_³²","17","pink","18","8_vs_9","9"
"meister_madogear2_³²","18","dark","18","8_vs_9","9"
"meister_madogear2_³²","19","white","18","8_vs_9","9"
"meister_madogear2_³²","20","brown","18","8_vs_9","9"
"meister_madogear2_¿©","10","red","47","8_vs_9","9"
"meister_madogear2_¿©","11","orange","47","8_vs_9","9"
"meister_madogear2_¿©","12","gold","47","8_vs_9","9"
"meister_madogear2_¿©","13","green","47","8_vs_9","9"
"meister_madogear2_¿©","14","teal","47","8_vs_9","9"
"meister_madogear2_¿©","15","blue","47","8_vs_9","9"
"meister_madogear2_¿©","16","purple","47","8_vs_9","9"
"meister_madogear2_¿©","17","pink","47","8_vs_9","9"
"meister_madogear2_¿©","18","dark","47","8_vs_9","9"
"meister_madogear2_¿©","19","white","47","8_vs_9","9"
"meister_madogear2_¿©","20","brown","47","8_vs_9","9"
"meister_male","10","red","18","8_vs_9","9"
"meister_male","11","orange","18","8_vs_9","9"
"meister_male","12","gold","18","8_vs_9","9"
"meister_male","13","green","18","8_vs_9","9"
"meister_male","14","teal","18","8_vs_9","9"
"meister_male","15","blue","18","8_vs_9","9"
"meister_male","16","purple","18","8_vs_9","9"
"meister_male","17","pink","18","8_vs_9","9"
"meister_male","18","dark","18","8_vs_9","9"
"meister_male","19","white","18","8_vs_9","9"
"meister_male","20","brown","18","8_vs_9","9"
"meister_male_madogear1","10","red","18","8_vs_9","9"
"meister_male_madogear1","11","orange","18","8_vs_9","9"
"meister_male_madogear1","12","gold","18","8_vs_9","9"
"meister_male_madogear1","13","green","18","8_vs_9","9"
"meister_male_madogear1","14","teal","18","8_vs_9","9"
"meister_male_madogear1","15","blue","18","8_vs_9","9"
"meister_male_madogear1","16","purple","18","8_vs_9","9"
"meister_male_madogear1","17","pink","18","8_vs_9","9"
"meister_male_madogear1","18","dark","18","8_vs_9","9"
"meister_male_madogear1","19","white","18","8_vs_9","9"
"meister_male_madogear1","20","brown","18","8_vs_9","9"
"meister_male_madogear2","10","red","18","8_vs_9","9"
"meister_male_madogear2","11","orange","18","8_vs_9","9"
"meister_male_madogear2","12","gold","18","8_vs_9","9"
"meister_male_madogear2","13","green","18","8_vs_9","9"
"meister_male_madogear2","14","teal","18","8_vs_9","9"
"meister_male_madogear2","15","blue","18","8_vs_9","9"
"meister_male_madogear2","16","purple","18","8_vs_9","9"
"meister_male_madogear2","17","pink","18","8_vs_9","9"
"meister_male_madogear2","18","dark","18","8_vs_9","9"
"meister_male_madogear2","19","white","18","8_vs_9","9"
"meister_male_madogear2","20","brown","18","8_vs_9","9"
"meister_male_riding","10","red","18","8_vs_9","9"
"meister_male_riding","11","orange","18","8_vs_9","9"
"meister_male_riding","12","gold","18","8_vs_9","9"
"meister_male_riding","13","green","18","8_vs_9","9"
"meister_male_riding","14","teal","18","8_vs_9","9"
"meister_male_riding","15","blue","18","8_vs_9","9"
"meister_male_riding","16","purple","18","8_vs_9","9"
"meister_male_riding","17","pink","18","8_vs_9","9"
"meister_male_riding","18","dark","18","8_vs_9","9"
"meister_male_riding","19","white","18","8_vs_9","9"
"meister_male_riding","20","brown","18","8_vs_9","9"
"meister_riding_³²","10","red","18","8_vs_9","9"
"meister_riding_³²","11","orange","18","8_vs_9","9"
"meister_riding_³²","12","gold","18","8_vs_9","9"
"meister_riding_³²","13","green","18","8_vs_9","9"
"meister_riding_³²","14","teal","18","8_vs_9","9"
"meister_riding_³²","15","blue","18","8_vs_9","9"
"meister_riding_³²","16","purple","18","8_vs_9","9"
"meister_riding_³²","17","pink","18","8_vs_9","9"
"meister_riding_³²","18","dark","18","8_vs_9","9"
"meister_riding_³²","19","white","18","8_vs_9","9"
"meister_riding_³²","20","brown","18","8_vs_9","9"
"meister_riding_¿©","10","red","47","8_vs_9","9"
"meister_riding_¿©","11","orange","47","8_vs_9","9"
"meister_riding_¿©","12","gold","47","8_vs_9","9"
"meister_riding_¿©","13","green","47","8_vs_9","9"
"meister_riding_¿©","14","teal","47","8_vs_9","9"
"meister_riding_¿©","15","blue","47","8_vs_9","9"
"meister_riding_¿©","16","purple","47","8_vs_9","9"
"meister_riding_¿©","17","pink","47","8_vs_9","9"
"meister_riding_¿©","18","dark","47","8_vs_9","9"
"meister_riding_¿©","19","white","47","8_vs_9","9"
"meister_riding_¿©","20","brown","47","8_vs_9","9"
"meister_³²","10","red","18","8_vs_9","9"
"meister_³²","11","orange","18","8_vs_9","9"
"meister_³²","12","gold","18","8_vs_9","9"
"meister_³²","13","green","18","8_vs_9","9"
"meister_³²","14","teal","18","8_vs_9","9"
"meister_³²","15","blue","18","8_vs_9","9"
"meister_³²","16","purple","18","8_vs_9","9"
"meister_³²","17","pink","18","8_vs_9","9"
"meister_³²","18","dark","18","8_vs_9","9"
"meister_³²","19","white","18","8_vs_9","9"
"meister_³²","20","brown","18","8_vs_9","9"
"meister_¿©","10","red","47","8_vs_9","9"
"meister_¿©","11","orange","47","8_vs_9","9"
"meister_¿©","12","gold","47","8_vs_9","9"
"meister_¿©","13","green","47","8_vs_9","9"
"meister_¿©","14","teal","47","8_vs_9","9"
"meister_¿©","15","blue","47","8_vs_9","9"
"meister_¿©","16","purple","47","8_vs_9","9"
"meister_¿©","17","pink","47","8_vs_9","9"
"meister_¿©","18","dark","47","8_vs_9","9"
"meister_¿©","19","white","47","8_vs_9","9"
"meister_¿©","20","brown","47","8_vs_9","9"
"merchant_female","10","red","30","8_vs_9","9"
"merchant_female","11","orange","30","8_vs_9","9"
"merchant_female","12","gold","30","8_vs_9","9"
"merchant_female","13","green","30","8_vs_9","9"
"merchant_female","14","teal","30","8_vs_9","9"
"merchant_female","15","blue","30","8_vs_9","9"
"merchant_female","16","purple","30","8_vs_9","9"
"merchant_female","17","pink","30","8_vs_9","9"
"merchant_female","18","dark","30","8_vs_9","9"
"merchant_female","19","white","30","8_vs_9","9"
"merchant_female","20","brown","30","8_vs_9","9"
"merchant_female_riding","10","red","30","8_vs_9","9"
"merchant_female_riding","11","orange","30","8_vs_9","9"
"merchant_female_riding","12","gold","30","8_vs_9","9"
"merchant_female_riding","13","green","30","8_vs_9","9"
"merchant_female_riding","14","teal","30","8_vs_9","9"
"merchant_female_riding","15","blue","30","8_vs_9","9"
"merchant_female_riding","16","purple","30","8_vs_9","9"
"merchant_female_riding","17","pink","30","8_vs_9","9"
"merchant_female_riding","18","dark","30","8_vs_9","9"
"merchant_female_riding","19","white","30","8_vs_9","9"
"merchant_female_riding","20","brown","30","8_vs_9","9"
"merchant_male","10","red","22","8_vs_9","9"
"merchant_male","11","orange","22","8_vs_9","9"
"merchant_male","12","gold","22","8_vs_9","9"
"merchant_male","13","green","22","8_vs_9","9"
"merchant_male","14","teal","22","8_vs_9","9"
"merchant_male","15","blue","22","8_vs_9","9"
"merchant_male","16","purple","22","8_vs_9","9"
"merchant_male","17","pink","22","8_vs_9","9"
"merchant_male","18","dark","22","8_vs_9","9"
"merchant_male","19","white","22","8_vs_9","9"
"merchant_male","20","brown","22","8_vs_9","9"
"merchant_male_riding","10","red","22","8_vs_9","9"
"merchant_male_riding","11","orange","22","8_vs_9","9"
"merchant_male_riding","12","gold","22","8_vs_9","9"
"merchant_male_riding","13","green","22","8_vs_9","9"
"merchant_male_riding","14","teal","22","8_vs_9","9"
"merchant_male_riding","15","blue","22","8_vs_9","9"
"merchant_male_riding","16","purple","22","8_vs_9","9"
"merchant_male_riding","17","pink","22","8_vs_9","9"
"merchant_male_riding","18","dark","22","8_vs_9","9"
"merchant_male_riding","19","white","22","8_vs_9","9"
"merchant_male_riding","20","brown","22","8_vs_9","9"
"minstrel_male","10","red","44","8_vs_9","9"
"minstrel_male","11","orange","44","8_vs_9","9"
"minstrel_male","12","gold","44","8_vs_9","9"
"minstrel_male","13","green","44","8_vs_9","9"
"minstrel_male","14","teal","44","8_vs_9","9"
"minstrel_male","15","blue","44","8_vs_9","9"
"minstrel_male","16","purple","44","8_vs_9","9"
"minstrel_male","17","pink","44","8_vs_9","9"
"minstrel_male","18","dark","44","8_vs_9","9"
"minstrel_male","19","white","44","8_vs_9","9"
"minstrel_male","20","brown","44","8_vs_9","9"
"monk_female","10","red","39","8_vs_9","9"
"monk_female","11","orange","39","8_vs_9","9"
"monk_female","12","gold","39","8_vs_9","9"
"monk_female","13","green","39","8_vs_9","9"
"monk_female","14","teal","39","8_vs_9","9"
"monk_female","15","blue","39","8_vs_9","9"
"monk_female","16","purple","39","8_vs_9","9"
"monk_female","17","pink","39","8_vs_9","9"
"monk_female","18","dark","39","8_vs_9","9"
"monk_female","19","white","39","8_vs_9","9"
"monk_female","20","brown","39","8_vs_9","9"
"monk_female_riding","10","red","39","8_vs_9","9"
"monk_female_riding","11","orange","39","8_vs_9","9"
"monk_female_riding","12","gold","39","8_vs_9","9"
"monk_female_riding","13","green","39","8_vs_9","9"
"monk_female_riding","14","teal","39","8_vs_9","9"
"monk_female_riding","15","blue","39","8_vs_9","9"
"monk_female_riding","16","purple","39","8_vs_9","9"
"monk_female_riding","17","pink","39","8_vs_9","9"
"monk_female_riding","18","dark","39","8_vs_9","9"
"monk_female_riding","19","white","39","8_vs_9","9"
"monk_female_riding","20","brown","39","8_vs_9","9"
"monk_male","10","red","39","8_vs_9","9"
"monk_male","11","orange","39","8_vs_9","9"
"monk_male","12","gold","39","8_vs_9","9"
"monk_male","13","green","39","8_vs_9","9"
"monk_male","14","teal","39","8_vs_9","9"
"monk_male","15","blue","39","8_vs_9","9"
"monk_male","16","purple","39","8_vs_9","9"
"monk_male","17","pink","39","8_vs_9","9"
"monk_male","18","dark","39","8_vs_9","9"
"monk_male","19","white","39","8_vs_9","9"
"monk_male","20","brown","39","8_vs_9","9"
"monk_male_riding","10","red","39","8_vs_9","9"
"monk_male_riding","11","orange","39","8_vs_9","9"
"monk_male_riding","12","gold","39","8_vs_9","9"
"monk_male_riding","13","green","39","8_vs_9","9"
"monk_male_riding","14","teal","39","8_vs_9","9"
"monk_male_riding","15","blue","39","8_vs_9","9"
"monk_male_riding","16","purple","39","8_vs_9","9"
"monk_male_riding","17","pink","39","8_vs_9","9"
"monk_male_riding","18","dark","39","8_vs_9","9"
"monk_male_riding","19","white","39","8_vs_9","9"
"monk_male_riding","20","brown","39","8_vs_9","9"
"new_peco_crusader_female","10","red","71","8_vs_9","9"
"new_peco_crusader_female","11","orange","71","8_vs_9","9"
"new_peco_crusader_female","12","gold","71","8_vs_9","9"
"new_peco_crusader_female","13","green","71","8_vs_9","9"
"new_peco_crusader_female","14","teal","71","8_vs_9","9"
"new_peco_crusader_female","15","blue","71","8_vs_9","9"
"new_peco_crusader_female","16","purple","71","8_vs_9","9"
"new_peco_crusader_female","17","pink","71","8_vs_9","9"
"new_peco_crusader_female","18","dark","71","8_vs_9","9"
"new_peco_crusader_female","19","white","71","8_vs_9","9"
"new_peco_crusader_female","20","brown","71","8_vs_9","9"
"new_peco_crusader_male","10","red","55","8_vs_9","9"
"new_peco_crusader_male","11","orange","55","8_vs_9","9"
"new_peco_crusader_male","12","gold","55","8_vs_9","9"
"new_peco_crusader_male","13","green","55","8_vs_9","9"
"new_peco_crusader_male","14","teal","55","8_vs_9","9"
"new_peco_crusader_male","15","blue","55","8_vs_9","9"
"new_peco_crusader_male","16","purple","55","8_vs_9","9"
"new_peco_crusader_male","17","pink","55","8_vs_9","9"
"new_peco_crusader_male","18","dark","55","8_vs_9","9"
"new_peco_crusader_male","19","white","55","8_vs_9","9"
"new_peco_crusader_male","20","brown","55","8_vs_9","9"
"night_watch_female","10","red","48","8_vs_9","9"
"night_watch_female","11","orange","48","8_vs_9","9"
"night_watch_female","12","gold","48","8_vs_9","9"
"night_watch_female","13","green","48","8_vs_9","9"
"night_watch_female","14","teal","48","8_vs_9","9"
"night_watch_female","15","blue","48","8_vs_9","9"
"night_watch_female","16","purple","48","8_vs_9","9"
"night_watch_female","17","pink","48","8_vs_9","9"
"night_watch_female","18","dark","48","8_vs_9","9"
"night_watch_female","19","white","48","8_vs_9","9"
"night_watch_female","20","brown","48","8_vs_9","9"
"night_watch_female_riding","10","red","48","8_vs_9","9"
"night_watch_female_riding","11","orange","48","8_vs_9","9"
"night_watch_female_riding","12","gold","48","8_vs_9","9"
"night_watch_female_riding","13","green","48","8_vs_9","9"
"night_watch_female_riding","14","teal","48","8_vs_9","9"
"night_watch_female_riding","15","blue","48","8_vs_9","9"
"night_watch_female_riding","16","purple","48","8_vs_9","9"
"night_watch_female_riding","17","pink","48","8_vs_9","9"
"night_watch_female_riding","18","dark","48","8_vs_9","9"
"night_watch_female_riding","19","white","48","8_vs_9","9"
"night_watch_female_riding","20","brown","48","8_vs_9","9"
"night_watch_male","10","red","37","8_vs_9","9"
"night_watch_male","11","orange","37","8_vs_9","9"
"night_watch_male","12","gold","37","8_vs_9","9"
"night_watch_male","13","green","37","8_vs_9","9"
"night_watch_male","14","teal","37","8_vs_9","9"
"night_watch_male","15","blue","37","8_vs_9","9"
"night_watch_male","16","purple","37","8_vs_9","9"
"night_watch_male","17","pink","37","8_vs_9","9"
"night_watch_male","18","dark","37","8_vs_9","9"
"night_watch_male","19","white","37","8_vs_9","9"
"night_watch_male","20","brown","37","8_vs_9","9"
"night_watch_male_riding","10","red","37","8_vs_9","9"
"night_watch_male_riding","11","orange","37","8_vs_9","9"
"night_watch_male_riding","12","gold","37","8_vs_9","9"
"night_watch_male_riding","13","green","37","8_vs_9","9"
"night_watch_male_riding","14","teal","37","8_vs_9","9"
"night_watch_male_riding","15","blue","37","8_vs_9","9"
"night_watch_male_riding","16","purple","37","8_vs_9","9"
"night_watch_male_riding","17","pink","37","8_vs_9","9"
"night_watch_male_riding","18","dark","37","8_vs_9","9"
"night_watch_male_riding","19","white","37","8_vs_9","9"
"night_watch_male_riding","20","brown","37","8_vs_9","9"
"night_watch_riding_³²","10","red","37","8_vs_9","9"
"night_watch_riding_³²","11","orange","37","8_vs_9","9"
"night_watch_riding_³²","12","gold","37","8_vs_9","9"
"night_watch_riding_³²","13","green","37","8_vs_9","9"
"night_watch_riding_³²","14","teal","37","8_vs_9","9"
"night_watch_riding_³²","15","blue","37","8_vs_9","9"
"night_watch_riding_³²","16","purple","37","8_vs_9","9"
"night_watch_riding_³²","17","pink","37","8_vs_9","9"
"night_watch_riding_³²","18","dark","37","8_vs_9","9"
"night_watch_riding_³²","19","white","37","8_vs_9","9"
"night_watch_riding_³²","20","brown","37","8_vs_9","9"
"night_watch_riding_¿©","10","red","48","8_vs_9","9"
"night_watch_riding_¿©","11","orange","48","8_vs_9","9"
"night_watch_riding_¿©","12","gold","48","8_vs_9","9"
"night_watch_riding_¿©","13","green","48","8_vs_9","9"
"night_watch_riding_¿©","14","teal","48","8_vs_9","9"
"night_watch_riding_¿©","15","blue","48","8_vs_9","9"
"night_watch_riding_¿©","16","purple","48","8_vs_9","9"
"night_watch_riding_¿©","17","pink","48","8_vs_9","9"
"night_watch_riding_¿©","18","dark","48","8_vs_9","9"
"night_watch_riding_¿©","19","white","48","8_vs_9","9"
"night_watch_riding_¿©","20","brown","48","8_vs_9","9"
"night_watch_³²","10","red","37","8_vs_9","9"
"night_watch_³²","11","orange","37","8_vs_9","9"
"night_watch_³²","12","gold","37","8_vs_9","9"
"night_watch_³²","13","green","37","8_vs_9","9"
"night_watch_³²","14","teal","37","8_vs_9","9"
"night_watch_³²","15","blue","37","8_vs_9","9"
"night_watch_³²","16","purple","37","8_vs_9","9"
"night_watch_³²","17","pink","37","8_vs_9","9"
"night_watch_³²","18","dark","37","8_vs_9","9"
"night_watch_³²","19","white","37","8_vs_9","9"
"night_watch_³²","20","brown","37","8_vs_9","9"
"night_watch_¿©","10","red","48","8_vs_9","9"
"night_watch_¿©","11","orange","48","8_vs_9","9"
"night_watch_¿©","12","gold","48","8_vs_9","9"
"night_watch_¿©","13","green","48","8_vs_9","9"
"night_watch_¿©","14","teal","48","8_vs_9","9"
"night_watch_¿©","15","blue","48","8_vs_9","9"
"night_watch_¿©","16","purple","48","8_vs_9","9"
"night_watch_¿©","17","pink","48","8_vs_9","9"
"night_watch_¿©","18","dark","48","8_vs_9","9"
"night_watch_¿©","19","white","48","8_vs_9","9"
"night_watch_¿©","20","brown","48","8_vs_9","9"
"ninja_female","10","red","49","8_vs_9","9"
"ninja_female","11","orange","49","8_vs_9","9"
"ninja_female","12","gold","49","8_vs_9","9"
"ninja_female","13","green","49","8_vs_9","9"
"ninja_female","14","teal","49","8_vs_9","9"
"ninja_female","15","blue","49","8_vs_9","9"
"ninja_female","16","purple","49","8_vs_9","9"
"ninja_female","17","pink","49","8_vs_9","9"
"ninja_female","18","dark","49","8_vs_9","9"
"ninja_female","19","white","49","8_vs_9","9"
"ninja_female","20","brown","49","8_vs_9","9"
"ninja_male","10","red","49","8_vs_9","9"
"ninja_male","11","orange","49","8_vs_9","9"
"ninja_male","12","gold","49","8_vs_9","9"
"ninja_male","13","green","49","8_vs_9","9"
"ninja_male","14","teal","49","8_vs_9","9"
"ninja_male","15","blue","49","8_vs_9","9"
"ninja_male","16","purple","49","8_vs_9","9"
"ninja_male","17","pink","49","8_vs_9","9"
"ninja_male","18","dark","49","8_vs_9","9"
"ninja_male","19","white","49","8_vs_9","9"
"ninja_male","20","brown","49","8_vs_9","9"
"oboro_female","10","red","66","8_vs_9","9"
"oboro_female","11","orange","66","8_vs_9","9"
"oboro_female","12","gold","66","8_vs_9","9"
"oboro_female","13","green","66","8_vs_9","9"
"oboro_female","14","teal","66","8_vs_9","9"
"oboro_female","15","blue","66","8_vs_9","9"
"oboro_female","16","purple","66","8_vs_9","9"
"oboro_female","17","pink","66","8_vs_9","9"
"oboro_female","18","dark","66","8_vs_9","9"
"oboro_female","19","white","66","8_vs_9","9"
"oboro_female","20","brown","66","8_vs_9","9"
"oboro_¿©","10","red","66","8_vs_9","9"
"oboro_¿©","11","orange","66","8_vs_9","9"
"oboro_¿©","12","gold","66","8_vs_9","9"
"oboro_¿©","13","green","66","8_vs_9","9"
"oboro_¿©","14","teal","66","8_vs_9","9"
"oboro_¿©","15","blue","66","8_vs_9","9"
"oboro_¿©","16","purple","66","8_vs_9","9"
"oboro_¿©","17","pink","66","8_vs_9","9"
"oboro_¿©","18","dark","66","8_vs_9","9"
"oboro_¿©","19","white","66","8_vs_9","9"
"oboro_¿©","20","brown","66","8_vs_9","9"
"ostrich_archer_female","10","red","30","8_vs_9","9"
"ostrich_archer_female","11","orange","30","8_vs_9","9"
"ostrich_archer_female","12","gold","30","8_vs_9","9"
"ostrich_archer_female","13","green","30","8_vs_9","9"
"ostrich_archer_female","14","teal","30","8_vs_9","9"
"ostrich_archer_female","15","blue","30","8_vs_9","9"
"ostrich_archer_female","16","purple","30","8_vs_9","9"
"ostrich_archer_female","17","pink","30","8_vs_9","9"
"ostrich_archer_female","18","dark","30","8_vs_9","9"
"ostrich_archer_female","19","white","30","8_vs_9","9"
"ostrich_archer_female","20","brown","30","8_vs_9","9"
"ostrich_archer_male","10","red","55","8_vs_9","9"
"ostrich_archer_male","11","orange","55","8_vs_9","9"
"ostrich_archer_male","12","gold","55","8_vs_9","9"
"ostrich_archer_male","13","green","55","8_vs_9","9"
"ostrich_archer_male","14","teal","55","8_vs_9","9"
"ostrich_archer_male","15","blue","55","8_vs_9","9"
"ostrich_archer_male","16","purple","55","8_vs_9","9"
"ostrich_archer_male","17","pink","55","8_vs_9","9"
"ostrich_archer_male","18","dark","55","8_vs_9","9"
"ostrich_archer_male","19","white","55","8_vs_9","9"
"ostrich_archer_male","20","brown","55","8_vs_9","9"
"ostrich_bard_female","10","red","111","8_vs_9","9"
"ostrich_bard_female","11","orange","111","8_vs_9","9"
"ostrich_bard_female","12","gold","111","8_vs_9","9"
"ostrich_bard_female","13","green","111","8_vs_9","9"
"ostrich_bard_female","14","teal","111","8_vs_9","9"
"ostrich_bard_female","15","blue","111","8_vs_9","9"
"ostrich_bard_female","16","purple","111","8_vs_9","9"
"ostrich_bard_female","17","pink","111","8_vs_9","9"
"ostrich_bard_female","18","dark","111","8_vs_9","9"
"ostrich_bard_female","19","white","111","8_vs_9","9"
"ostrich_bard_female","20","brown","111","8_vs_9","9"
"ostrich_bard_male","10","red","47","8_vs_9","9"
"ostrich_bard_male","11","orange","47","8_vs_9","9"
"ostrich_bard_male","12","gold","47","8_vs_9","9"
"ostrich_bard_male","13","green","47","8_vs_9","9"
"ostrich_bard_male","14","teal","47","8_vs_9","9"
"ostrich_bard_male","15","blue","47","8_vs_9","9"
"ostrich_bard_male","16","purple","47","8_vs_9","9"
"ostrich_bard_male","17","pink","47","8_vs_9","9"
"ostrich_bard_male","18","dark","47","8_vs_9","9"
"ostrich_bard_male","19","white","47","8_vs_9","9"
"ostrich_bard_male","20","brown","47","8_vs_9","9"
"ostrich_clown_male","10","red","47","8_vs_9","9"
"ostrich_clown_male","11","orange","47","8_vs_9","9"
"ostrich_clown_male","12","gold","47","8_vs_9","9"
"ostrich_clown_male","13","green","47","8_vs_9","9"
"ostrich_clown_male","14","teal","47","8_vs_9","9"
"ostrich_clown_male","15","blue","47","8_vs_9","9"
"ostrich_clown_male","16","purple","47","8_vs_9","9"
"ostrich_clown_male","17","pink","47","8_vs_9","9"
"ostrich_clown_male","18","dark","47","8_vs_9","9"
"ostrich_clown_male","19","white","47","8_vs_9","9"
"ostrich_clown_male","20","brown","47","8_vs_9","9"
"ostrich_dancer_female","10","red","111","8_vs_9","9"
"ostrich_dancer_female","11","orange","111","8_vs_9","9"
"ostrich_dancer_female","12","gold","111","8_vs_9","9"
"ostrich_dancer_female","13","green","111","8_vs_9","9"
"ostrich_dancer_female","14","teal","111","8_vs_9","9"
"ostrich_dancer_female","15","blue","111","8_vs_9","9"
"ostrich_dancer_female","16","purple","111","8_vs_9","9"
"ostrich_dancer_female","17","pink","111","8_vs_9","9"
"ostrich_dancer_female","18","dark","111","8_vs_9","9"
"ostrich_dancer_female","19","white","111","8_vs_9","9"
"ostrich_dancer_female","20","brown","111","8_vs_9","9"
"ostrich_dancer_male","10","red","47","8_vs_9","9"
"ostrich_dancer_male","11","orange","47","8_vs_9","9"
"ostrich_dancer_male","12","gold","47","8_vs_9","9"
"ostrich_dancer_male","13","green","47","8_vs_9","9"
"ostrich_dancer_male","14","teal","47","8_vs_9","9"
"ostrich_dancer_male","15","blue","47","8_vs_9","9"
"ostrich_dancer_male","16","purple","47","8_vs_9","9"
"ostrich_dancer_male","17","pink","47","8_vs_9","9"
"ostrich_dancer_male","18","dark","47","8_vs_9","9"
"ostrich_dancer_male","19","white","47","8_vs_9","9"
"ostrich_dancer_male","20","brown","47","8_vs_9","9"
"ostrich_hunter_female","10","red","71","8_vs_9","9"
"ostrich_hunter_female","11","orange","71","8_vs_9","9"
"ostrich_hunter_female","12","gold","71","8_vs_9","9"
"ostrich_hunter_female","13","green","71","8_vs_9","9"
"ostrich_hunter_female","14","teal","71","8_vs_9","9"
"ostrich_hunter_female","15","blue","71","8_vs_9","9"
"ostrich_hunter_female","16","purple","71","8_vs_9","9"
"ostrich_hunter_female","17","pink","71","8_vs_9","9"
"ostrich_hunter_female","18","dark","71","8_vs_9","9"
"ostrich_hunter_female","19","white","71","8_vs_9","9"
"ostrich_hunter_female","20","brown","71","8_vs_9","9"
"ostrich_hunter_male","10","red","47","8_vs_9","9"
"ostrich_hunter_male","11","orange","47","8_vs_9","9"
"ostrich_hunter_male","12","gold","47","8_vs_9","9"
"ostrich_hunter_male","13","green","47","8_vs_9","9"
"ostrich_hunter_male","14","teal","47","8_vs_9","9"
"ostrich_hunter_male","15","blue","47","8_vs_9","9"
"ostrich_hunter_male","16","purple","47","8_vs_9","9"
"ostrich_hunter_male","17","pink","47","8_vs_9","9"
"ostrich_hunter_male","18","dark","47","8_vs_9","9"
"ostrich_hunter_male","19","white","47","8_vs_9","9"
"ostrich_hunter_male","20","brown","47","8_vs_9","9"
"ostrich_minstrel_male","10","red","44","8_vs_9","9"
"ostrich_minstrel_male","11","orange","44","8_vs_9","9"
"ostrich_minstrel_male","12","gold","44","8_vs_9","9"
"ostrich_minstrel_male","13","green","44","8_vs_9","9"
"ostrich_minstrel_male","14","teal","44","8_vs_9","9"
"ostrich_minstrel_male","15","blue","44","8_vs_9","9"
"ostrich_minstrel_male","16","purple","44","8_vs_9","9"
"ostrich_minstrel_male","17","pink","44","8_vs_9","9"
"ostrich_minstrel_male","18","dark","44","8_vs_9","9"
"ostrich_minstrel_male","19","white","44","8_vs_9","9"
"ostrich_minstrel_male","20","brown","44","8_vs_9","9"
"ostrich_sniper_female","10","red","71","8_vs_9","9"
"ostrich_sniper_female","11","orange","71","8_vs_9","9"
"ostrich_sniper_female","12","gold","71","8_vs_9","9"
"ostrich_sniper_female","13","green","71","8_vs_9","9"
"ostrich_sniper_female","14","teal","71","8_vs_9","9"
"ostrich_sniper_female","15","blue","71","8_vs_9","9"
"ostrich_sniper_female","16","purple","71","8_vs_9","9"
"ostrich_sniper_female","17","pink","71","8_vs_9","9"
"ostrich_sniper_female","18","dark","71","8_vs_9","9"
"ostrich_sniper_female","19","white","71","8_vs_9","9"
"ostrich_sniper_female","20","brown","71","8_vs_9","9"
"ostrich_sniper_male","10","red","47","8_vs_9","9"
"ostrich_sniper_male","11","orange","47","8_vs_9","9"
"ostrich_sniper_male","12","gold","47","8_vs_9","9"
"ostrich_sniper_male","13","green","47","8_vs_9","9"
"ostrich_sniper_male","14","teal","47","8_vs_9","9"
"ostrich_sniper_male","15","blue","47","8_vs_9","9"
"ostrich_sniper_male","16","purple","47","8_vs_9","9"
"ostrich_sniper_male","17","pink","47","8_vs_9","9"
"ostrich_sniper_male","18","dark","47","8_vs_9","9"
"ostrich_sniper_male","19","white","47","8_vs_9","9"
"ostrich_sniper_male","20","brown","47","8_vs_9","9"
"ostrich_wanderer_female","10","red","44","8_vs_9","9"
"ostrich_wanderer_female","11","orange","44","8_vs_9","9"
"ostrich_wanderer_female","12","gold","44","8_vs_9","9"
"ostrich_wanderer_female","13","green","44","8_vs_9","9"
"ostrich_wanderer_female","14","teal","44","8_vs_9","9"
"ostrich_wanderer_female","15","blue","44","8_vs_9","9"
"ostrich_wanderer_female","16","purple","44","8_vs_9","9"
"ostrich_wanderer_female","17","pink","44","8_vs_9","9"
"ostrich_wanderer_female","18","dark","44","8_vs_9","9"
"ostrich_wanderer_female","19","white","44","8_vs_9","9"
"ostrich_wanderer_female","20","brown","44","8_vs_9","9"
"paladin_female","10","red","71","8_vs_9","9"
"paladin_female","11","orange","71","8_vs_9","9"
"paladin_female","12","gold","71","8_vs_9","9"
"paladin_female","13","green","71","8_vs_9","9"
"paladin_female","14","teal","71","8_vs_9","9"
"paladin_female","15","blue","71","8_vs_9","9"
"paladin_female","16","purple","71","8_vs_9","9"
"paladin_female","17","pink","71","8_vs_9","9"
"paladin_female","18","dark","71","8_vs_9","9"
"paladin_female","19","white","71","8_vs_9","9"
"paladin_female","20","brown","71","8_vs_9","9"
"paladin_male","10","red","55","8_vs_9","9"
"paladin_male","11","orange","55","8_vs_9","9"
"paladin_male","12","gold","55","8_vs_9","9"
"paladin_male","13","green","55","8_vs_9","9"
"paladin_male","14","teal","55","8_vs_9","9"
"paladin_male","15","blue","55","8_vs_9","9"
"paladin_male","16","purple","55","8_vs_9","9"
"paladin_male","17","pink","55","8_vs_9","9"
"paladin_male","18","dark","55","8_vs_9","9"
"paladin_male","19","white","55","8_vs_9","9"
"paladin_male","20","brown","55","8_vs_9","9"
"peco_gunslinger_female","10","red","40","8_vs_9","9"
"peco_gunslinger_female","11","orange","40","8_vs_9","9"
"peco_gunslinger_female","12","gold","40","8_vs_9","9"
"peco_gunslinger_female","13","green","40","8_vs_9","9"
"peco_gunslinger_female","14","teal","40","8_vs_9","9"
"peco_gunslinger_female","15","blue","40","8_vs_9","9"
"peco_gunslinger_female","16","purple","40","8_vs_9","9"
"peco_gunslinger_female","17","pink","40","8_vs_9","9"
"peco_gunslinger_female","18","dark","40","8_vs_9","9"
"peco_gunslinger_female","19","white","40","8_vs_9","9"
"peco_gunslinger_female","20","brown","40","8_vs_9","9"
"peco_gunslinger_male","10","red","41","8_vs_9","9"
"peco_gunslinger_male","11","orange","41","8_vs_9","9"
"peco_gunslinger_male","12","gold","41","8_vs_9","9"
"peco_gunslinger_male","13","green","41","8_vs_9","9"
"peco_gunslinger_male","14","teal","41","8_vs_9","9"
"peco_gunslinger_male","15","blue","41","8_vs_9","9"
"peco_gunslinger_male","16","purple","41","8_vs_9","9"
"peco_gunslinger_male","17","pink","41","8_vs_9","9"
"peco_gunslinger_male","18","dark","41","8_vs_9","9"
"peco_gunslinger_male","19","white","41","8_vs_9","9"
"peco_gunslinger_male","20","brown","41","8_vs_9","9"
"peco_paladin_female","10","red","71","8_vs_9","9"
"peco_paladin_female","11","orange","71","8_vs_9","9"
"peco_paladin_female","12","gold","71","8_vs_9","9"
"peco_paladin_female","13","green","71","8_vs_9","9"
"peco_paladin_female","14","teal","71","8_vs_9","9"
"peco_paladin_female","15","blue","71","8_vs_9","9"
"peco_paladin_female","16","purple","71","8_vs_9","9"
"peco_paladin_female","17","pink","71","8_vs_9","9"
"peco_paladin_female","18","dark","71","8_vs_9","9"
"peco_paladin_female","19","white","71","8_vs_9","9"
"peco_paladin_female","20","brown","71","8_vs_9","9"
"peco_paladin_male","10","red","55","8_vs_9","9"
"peco_paladin_male","11","orange","55","8_vs_9","9"
"peco_paladin_male","12","gold","55","8_vs_9","9"
"peco_paladin_male","13","green","55","8_vs_9","9"
"peco_paladin_male","14","teal","55","8_vs_9","9"
"peco_paladin_male","15","blue","55","8_vs_9","9"
"peco_paladin_male","16","purple","55","8_vs_9","9"
"peco_paladin_male","17","pink","55","8_vs_9","9"
"peco_paladin_male","18","dark","55","8_vs_9","9"
"peco_paladin_male","19","white","55","8_vs_9","9"
"peco_paladin_male","20","brown","55","8_vs_9","9"
"peco_swordman_female","10","red","23","8_vs_9","9"
"peco_swordman_female","11","orange","23","8_vs_9","9"
"peco_swordman_female","12","gold","23","8_vs_9","9"
"peco_swordman_female","13","green","23","8_vs_9","9"
"peco_swordman_female","14","teal","23","8_vs_9","9"
"peco_swordman_female","15","blue","23","8_vs_9","9"
"peco_swordman_female","16","purple","23","8_vs_9","9"
"peco_swordman_female","17","pink","23","8_vs_9","9"
"peco_swordman_female","18","dark","23","8_vs_9","9"
"peco_swordman_female","19","white","23","8_vs_9","9"
"peco_swordman_female","20","brown","23","8_vs_9","9"
"peco_swordman_male","10","red","31","8_vs_9","9"
"peco_swordman_male","11","orange","31","8_vs_9","9"
"peco_swordman_male","12","gold","31","8_vs_9","9"
"peco_swordman_male","13","green","31","8_vs_9","9"
"peco_swordman_male","14","teal","31","8_vs_9","9"
"peco_swordman_male","15","blue","31","8_vs_9","9"
"peco_swordman_male","16","purple","31","8_vs_9","9"
"peco_swordman_male","17","pink","31","8_vs_9","9"
"peco_swordman_male","18","dark","31","8_vs_9","9"
"peco_swordman_male","19","white","31","8_vs_9","9"
"peco_swordman_male","20","brown","31","8_vs_9","9"
"priest_female","10","red","39","8_vs_9","9"
"priest_female","11","orange","39","8_vs_9","9"
"priest_female","12","gold","39","8_vs_9","9"
"priest_female","13","green","39","8_vs_9","9"
"priest_female","14","teal","39","8_vs_9","9"
"priest_female","15","blue","39","8_vs_9","9"
"priest_female","16","purple","39","8_vs_9","9"
"priest_female","17","pink","39","8_vs_9","9"
"priest_female","18","dark","39","8_vs_9","9"
"priest_female","19","white","39","8_vs_9","9"
"priest_female","20","brown","39","8_vs_9","9"
"priest_female_riding","10","red","39","8_vs_9","9"
"priest_female_riding","11","orange","39","8_vs_9","9"
"priest_female_riding","12","gold","39","8_vs_9","9"
"priest_female_riding","13","green","39","8_vs_9","9"
"priest_female_riding","14","teal","39","8_vs_9","9"
"priest_female_riding","15","blue","39","8_vs_9","9"
"priest_female_riding","16","purple","39","8_vs_9","9"
"priest_female_riding","17","pink","39","8_vs_9","9"
"priest_female_riding","18","dark","39","8_vs_9","9"
"priest_female_riding","19","white","39","8_vs_9","9"
"priest_female_riding","20","brown","39","8_vs_9","9"
"priest_male","10","red","39","8_vs_9","9"
"priest_male","11","orange","39","8_vs_9","9"
"priest_male","12","gold","39","8_vs_9","9"
"priest_male","13","green","39","8_vs_9","9"
"priest_male","14","teal","39","8_vs_9","9"
"priest_male","15","blue","39","8_vs_9","9"
"priest_male","16","purple","39","8_vs_9","9"
"priest_male","17","pink","39","8_vs_9","9"
"priest_male","18","dark","39","8_vs_9","9"
"priest_male","19","white","39","8_vs_9","9"
"priest_male","20","brown","39","8_vs_9","9"
"priest_male_riding","10","red","39","8_vs_9","9"
"priest_male_riding","11","orange","39","8_vs_9","9"
"priest_male_riding","12","gold","39","8_vs_9","9"
"priest_male_riding","13","green","39","8_vs_9","9"
"priest_male_riding","14","teal","39","8_vs_9","9"
"priest_male_riding","15","blue","39","8_vs_9","9"
"priest_male_riding","16","purple","39","8_vs_9","9"
"priest_male_riding","17","pink","39","8_vs_9","9"
"priest_male_riding","18","dark","39","8_vs_9","9"
"priest_male_riding","19","white","39","8_vs_9","9"
"priest_male_riding","20","brown","39","8_vs_9","9"
"professor_female","10","red","47","8_vs_9","9"
"professor_female","11","orange","47","8_vs_9","9"
"professor_female","12","gold","47","8_vs_9","9"
"professor_female","13","green","47","8_vs_9","9"
"professor_female","14","teal","47","8_vs_9","9"
"professor_female","15","blue","47","8_vs_9","9"
"professor_female","16","purple","47","8_vs_9","9"
"professor_female","17","pink","47","8_vs_9","9"
"professor_female","18","dark","47","8_vs_9","9"
"professor_female","19","white","47","8_vs_9","9"
"professor_female","20","brown","47","8_vs_9","9"
"professor_male","10","red","46","8_vs_9","9"
"professor_male","11","orange","46","8_vs_9","9"
"professor_male","12","gold","46","8_vs_9","9"
"professor_male","13","green","46","8_vs_9","9"
"professor_male","14","teal","46","8_vs_9","9"
"professor_male","15","blue","46","8_vs_9","9"
"professor_male","16","purple","46","8_vs_9","9"
"professor_male","17","pink","46","8_vs_9","9"
"professor_male","18","dark","46","8_vs_9","9"
"professor_male","19","white","46","8_vs_9","9"
"professor_male","20","brown","46","8_vs_9","9"
"rebellion_female","10","red","63","8_vs_9","9"
"rebellion_female","11","orange","63","8_vs_9","9"
"rebellion_female","12","gold","63","8_vs_9","9"
"rebellion_female","13","green","63","8_vs_9","9"
"rebellion_female","14","teal","63","8_vs_9","9"
"rebellion_female","15","blue","63","8_vs_9","9"
"rebellion_female","16","purple","63","8_vs_9","9"
"rebellion_female","17","pink","63","8_vs_9","9"
"rebellion_female","18","dark","63","8_vs_9","9"
"rebellion_female","19","white","63","8_vs_9","9"
"rebellion_female","20","brown","63","8_vs_9","9"
"rebellion_female_riding","10","red","63","8_vs_9","9"
"rebellion_female_riding","11","orange","63","8_vs_9","9"
"rebellion_female_riding","12","gold","63","8_vs_9","9"
"rebellion_female_riding","13","green","63","8_vs_9","9"
"rebellion_female_riding","14","teal","63","8_vs_9","9"
"rebellion_female_riding","15","blue","63","8_vs_9","9"
"rebellion_female_riding","16","purple","63","8_vs_9","9"
"rebellion_female_riding","17","pink","63","8_vs_9","9"
"rebellion_female_riding","18","dark","63","8_vs_9","9"
"rebellion_female_riding","19","white","63","8_vs_9","9"
"rebellion_female_riding","20","brown","63","8_vs_9","9"
"rebellion_male","10","red","47","8_vs_9","9"
"rebellion_male","11","orange","47","8_vs_9","9"
"rebellion_male","12","gold","47","8_vs_9","9"
"rebellion_male","13","green","47","8_vs_9","9"
"rebellion_male","14","teal","47","8_vs_9","9"
"rebellion_male","15","blue","47","8_vs_9","9"
"rebellion_male","16","purple","47","8_vs_9","9"
"rebellion_male","17","pink","47","8_vs_9","9"
"rebellion_male","18","dark","47","8_vs_9","9"
"rebellion_male","19","white","47","8_vs_9","9"
"rebellion_male","20","brown","47","8_vs_9","9"
"rebellion_male_riding","10","red","47","8_vs_9","9"
"rebellion_male_riding","11","orange","47","8_vs_9","9"
"rebellion_male_riding","12","gold","47","8_vs_9","9"
"rebellion_male_riding","13","green","47","8_vs_9","9"
"rebellion_male_riding","14","teal","47","8_vs_9","9"
"rebellion_male_riding","15","blue","47","8_vs_9","9"
"rebellion_male_riding","16","purple","47","8_vs_9","9"
"rebellion_male_riding","17","pink","47","8_vs_9","9"
"rebellion_male_riding","18","dark","47","8_vs_9","9"
"rebellion_male_riding","19","white","47","8_vs_9","9"
"rebellion_male_riding","20","brown","47","8_vs_9","9"
"rogue_female","10","red","55","8_vs_9","9"
"rogue_female","11","orange","55","8_vs_9","9"
"rogue_female","12","gold","55","8_vs_9","9"
"rogue_female","13","green","55","8_vs_9","9"
"rogue_female","14","teal","55","8_vs_9","9"
"rogue_female","15","blue","55","8_vs_9","9"
"rogue_female","16","purple","55","8_vs_9","9"
"rogue_female","17","pink","55","8_vs_9","9"
"rogue_female","18","dark","55","8_vs_9","9"
"rogue_female","19","white","55","8_vs_9","9"
"rogue_female","20","brown","55","8_vs_9","9"
"rogue_male","10","red","62","8_vs_9","9"
"rogue_male","11","orange","62","8_vs_9","9"
"rogue_male","12","gold","62","8_vs_9","9"
"rogue_male","13","green","62","8_vs_9","9"
"rogue_male","14","teal","62","8_vs_9","9"
"rogue_male","15","blue","62","8_vs_9","9"
"rogue_male","16","purple","62","8_vs_9","9"
"rogue_male","17","pink","62","8_vs_9","9"
"rogue_male","18","dark","62","8_vs_9","9"
"rogue_male","19","white","62","8_vs_9","9"
"rogue_male","20","brown","62","8_vs_9","9"
"royal_guard_female","10","red","59","8_vs_9","9"
"royal_guard_female","11","orange","59","8_vs_9","9"
"royal_guard_female","12","gold","59","8_vs_9","9"
"royal_guard_female","13","green","59","8_vs_9","9"
"royal_guard_female","14","teal","59","8_vs_9","9"
"royal_guard_female","15","blue","59","8_vs_9","9"
"royal_guard_female","16","purple","59","8_vs_9","9"
"royal_guard_female","17","pink","59","8_vs_9","9"
"royal_guard_female","18","dark","59","8_vs_9","9"
"royal_guard_female","19","white","59","8_vs_9","9"
"royal_guard_female","20","brown","59","8_vs_9","9"
"royal_guard_male","10","red","55","8_vs_9","9"
"royal_guard_male","11","orange","55","8_vs_9","9"
"royal_guard_male","12","gold","55","8_vs_9","9"
"royal_guard_male","13","green","55","8_vs_9","9"
"royal_guard_male","14","teal","55","8_vs_9","9"
"royal_guard_male","15","blue","55","8_vs_9","9"
"royal_guard_male","16","purple","55","8_vs_9","9"
"royal_guard_male","17","pink","55","8_vs_9","9"
"royal_guard_male","18","dark","55","8_vs_9","9"
"royal_guard_male","19","white","55","8_vs_9","9"
"royal_guard_male","20","brown","55","8_vs_9","9"
"rune_knight_female","10","red","48","8_vs_9","9"
"rune_knight_female","11","orange","48","8_vs_9","9"
"rune_knight_female","12","gold","48","8_vs_9","9"
"rune_knight_female","13","green","48","8_vs_9","9"
"rune_knight_female","14","teal","48","8_vs_9","9"
"rune_knight_female","15","blue","48","8_vs_9","9"
"rune_knight_female","16","purple","48","8_vs_9","9"
"rune_knight_female","17","pink","48","8_vs_9","9"
"rune_knight_female","18","dark","48","8_vs_9","9"
"rune_knight_female","19","white","48","8_vs_9","9"
"rune_knight_female","20","brown","48","8_vs_9","9"
"rune_knight_female_riding","10","red","48","8_vs_9","9"
"rune_knight_female_riding","11","orange","48","8_vs_9","9"
"rune_knight_female_riding","12","gold","48","8_vs_9","9"
"rune_knight_female_riding","13","green","48","8_vs_9","9"
"rune_knight_female_riding","14","teal","48","8_vs_9","9"
"rune_knight_female_riding","15","blue","48","8_vs_9","9"
"rune_knight_female_riding","16","purple","48","8_vs_9","9"
"rune_knight_female_riding","17","pink","48","8_vs_9","9"
"rune_knight_female_riding","18","dark","48","8_vs_9","9"
"rune_knight_female_riding","19","white","48","8_vs_9","9"
"rune_knight_female_riding","20","brown","48","8_vs_9","9"
"rune_knight_male","10","red","49","8_vs_9","9"
"rune_knight_male","11","orange","49","8_vs_9","9"
"rune_knight_male","12","gold","49","8_vs_9","9"
"rune_knight_male","13","green","49","8_vs_9","9"
"rune_knight_male","14","teal","49","8_vs_9","9"
"rune_knight_male","15","blue","49","8_vs_9","9"
"rune_knight_male","16","purple","49","8_vs_9","9"
"rune_knight_male","17","pink","49","8_vs_9","9"
"rune_knight_male","18","dark","49","8_vs_9","9"
"rune_knight_male","19","white","49","8_vs_9","9"
"rune_knight_male","20","brown","49","8_vs_9","9"
"rune_knight_male_riding","10","red","49","8_vs_9","9"
"rune_knight_male_riding","11","orange","49","8_vs_9","9"
"rune_knight_male_riding","12","gold","49","8_vs_9","9"
"rune_knight_male_riding","13","green","49","8_vs_9","9"
"rune_knight_male_riding","14","teal","49","8_vs_9","9"
"rune_knight_male_riding","15","blue","49","8_vs_9","9"
"rune_knight_male_riding","16","purple","49","8_vs_9","9"
"rune_knight_male_riding","17","pink","49","8_vs_9","9"
"rune_knight_male_riding","18","dark","49","8_vs_9","9"
"rune_knight_male_riding","19","white","49","8_vs_9","9"
"rune_knight_male_riding","20","brown","49","8_vs_9","9"
"sage_female","10","red","47","8_vs_9","9"
"sage_female","11","orange","47","8_vs_9","9"
"sage_female","12","gold","47","8_vs_9","9"
"sage_female","13","green","47","8_vs_9","9"
"sage_female","14","teal","47","8_vs_9","9"
"sage_female","15","blue","47","8_vs_9","9"
"sage_female","16","purple","47","8_vs_9","9"
"sage_female","17","pink","47","8_vs_9","9"
"sage_female","18","dark","47","8_vs_9","9"
"sage_female","19","white","47","8_vs_9","9"
"sage_female","20","brown","47","8_vs_9","9"
"sage_male","10","red","38","8_vs_9","9"
"sage_male","11","orange","38","8_vs_9","9"
"sage_male","12","gold","38","8_vs_9","9"
"sage_male","13","green","38","8_vs_9","9"
"sage_male","14","teal","38","8_vs_9","9"
"sage_male","15","blue","38","8_vs_9","9"
"sage_male","16","purple","38","8_vs_9","9"
"sage_male","17","pink","38","8_vs_9","9"
"sage_male","18","dark","38","8_vs_9","9"
"sage_male","19","white","38","8_vs_9","9"
"sage_male","20","brown","38","8_vs_9","9"
"shadow_chaser_female","10","red","49","8_vs_9","9"
"shadow_chaser_female","11","orange","49","8_vs_9","9"
"shadow_chaser_female","12","gold","49","8_vs_9","9"
"shadow_chaser_female","13","green","49","8_vs_9","9"
"shadow_chaser_female","14","teal","49","8_vs_9","9"
"shadow_chaser_female","15","blue","49","8_vs_9","9"
"shadow_chaser_female","16","purple","49","8_vs_9","9"
"shadow_chaser_female","17","pink","49","8_vs_9","9"
"shadow_chaser_female","18","dark","49","8_vs_9","9"
"shadow_chaser_female","19","white","49","8_vs_9","9"
"shadow_chaser_female","20","brown","49","8_vs_9","9"
"shadow_chaser_male","10","red","56","8_vs_9","9"
"shadow_chaser_male","11","orange","56","8_vs_9","9"
"shadow_chaser_male","12","gold","56","8_vs_9","9"
"shadow_chaser_male","13","green","56","8_vs_9","9"
"shadow_chaser_male","14","teal","56","8_vs_9","9"
"shadow_chaser_male","15","blue","56","8_vs_9","9"
"shadow_chaser_male","16","purple","56","8_vs_9","9"
"shadow_chaser_male","17","pink","56","8_vs_9","9"
"shadow_chaser_male","18","dark","56","8_vs_9","9"
"shadow_chaser_male","19","white","56","8_vs_9","9"
"shadow_chaser_male","20","brown","56","8_vs_9","9"
"shadow_cross_female","10","red","38","8_vs_9","9"
"shadow_cross_female","11","orange","38","8_vs_9","9"
"shadow_cross_female","12","gold","38","8_vs_9","9"
"shadow_cross_female","13","green","38","8_vs_9","9"
"shadow_cross_female","14","teal","38","8_vs_9","9"
"shadow_cross_female","15","blue","38","8_vs_9","9"
"shadow_cross_female","16","purple","38","8_vs_9","9"
"shadow_cross_female","17","pink","38","8_vs_9","9"
"shadow_cross_female","18","dark","38","8_vs_9","9"
"shadow_cross_female","19","white","38","8_vs_9","9"
"shadow_cross_female","20","brown","38","8_vs_9","9"
"shadow_cross_female_riding","10","red","38","8_vs_9","9"
"shadow_cross_female_riding","11","orange","38","8_vs_9","9"
"shadow_cross_female_riding","12","gold","38","8_vs_9","9"
"shadow_cross_female_riding","13","green","38","8_vs_9","9"
"shadow_cross_female_riding","14","teal","38","8_vs_9","9"
"shadow_cross_female_riding","15","blue","38","8_vs_9","9"
"shadow_cross_female_riding","16","purple","38","8_vs_9","9"
"shadow_cross_female_riding","17","pink","38","8_vs_9","9"
"shadow_cross_female_riding","18","dark","38","8_vs_9","9"
"shadow_cross_female_riding","19","white","38","8_vs_9","9"
"shadow_cross_female_riding","20","brown","38","8_vs_9","9"
"shadow_cross_male","10","red","46","8_vs_9","9"
"shadow_cross_male","11","orange","46","8_vs_9","9"
"shadow_cross_male","12","gold","46","8_vs_9","9"
"shadow_cross_male","13","green","46","8_vs_9","9"
"shadow_cross_male","14","teal","46","8_vs_9","9"
"shadow_cross_male","15","blue","46","8_vs_9","9"
"shadow_cross_male","16","purple","46","8_vs_9","9"
"shadow_cross_male","17","pink","46","8_vs_9","9"
"shadow_cross_male","18","dark","46","8_vs_9","9"
"shadow_cross_male","19","white","46","8_vs_9","9"
"shadow_cross_male","20","brown","46","8_vs_9","9"
"shadow_cross_male_riding","10","red","46","8_vs_9","9"
"shadow_cross_male_riding","11","orange","46","8_vs_9","9"
"shadow_cross_male_riding","12","gold","46","8_vs_9","9"
"shadow_cross_male_riding","13","green","46","8_vs_9","9"
"shadow_cross_male_riding","14","teal","46","8_vs_9","9"
"shadow_cross_male_riding","15","blue","46","8_vs_9","9"
"shadow_cross_male_riding","16","purple","46","8_vs_9","9"
"shadow_cross_male_riding","17","pink","46","8_vs_9","9"
"shadow_cross_male_riding","18","dark","46","8_vs_9","9"
"shadow_cross_male_riding","19","white","46","8_vs_9","9"
"shadow_cross_male_riding","20","brown","46","8_vs_9","9"
"shadow_cross_riding_³²","10","red","46","8_vs_9","9"
"shadow_cross_riding_³²","11","orange","46","8_vs_9","9"
"shadow_cross_riding_³²","12","gold","46","8_vs_9","9"
"shadow_cross_riding_³²","13","green","46","8_vs_9","9"
"shadow_cross_riding_³²","14","teal","46","8_vs_9","9"
"shadow_cross_riding_³²","15","blue","46","8_vs_9","9"
"shadow_cross_riding_³²","16","purple","46","8_vs_9","9"
"shadow_cross_riding_³²","17","pink","46","8_vs_9","9"
"shadow_cross_riding_³²","18","dark","46","8_vs_9","9"
"shadow_cross_riding_³²","19","white","46","8_vs_9","9"
"shadow_cross_riding_³²","20","brown","46","8_vs_9","9"
"shadow_cross_riding_¿©","10","red","38","8_vs_9","9"
"shadow_cross_riding_¿©","11","orange","38","8_vs_9","9"
"shadow_cross_riding_¿©","12","gold","38","8_vs_9","9"
"shadow_cross_riding_¿©","13","green","38","8_vs_9","9"
"shadow_cross_riding_¿©","14","teal","38","8_vs_9","9"
"shadow_cross_riding_¿©","15","blue","38","8_vs_9","9"
"shadow_cross_riding_¿©","16","purple","38","8_vs_9","9"
"shadow_cross_riding_¿©","17","pink","38","8_vs_9","9"
"shadow_cross_riding_¿©","18","dark","38","8_vs_9","9"
"shadow_cross_riding_¿©","19","white","38","8_vs_9","9"
"shadow_cross_riding_¿©","20","brown","38","8_vs_9","9"
"shadow_cross_³²","10","red","46","8_vs_9","9"
"shadow_cross_³²","11","orange","46","8_vs_9","9"
"shadow_cross_³²","12","gold","46","8_vs_9","9"
"shadow_cross_³²","13","green","46","8_vs_9","9"
"shadow_cross_³²","14","teal","46","8_vs_9","9"
"shadow_cross_³²","15","blue","46","8_vs_9","9"
"shadow_cross_³²","16","purple","46","8_vs_9","9"
"shadow_cross_³²","17","pink","46","8_vs_9","9"
"shadow_cross_³²","18","dark","46","8_vs_9","9"
"shadow_cross_³²","19","white","46","8_vs_9","9"
"shadow_cross_³²","20","brown","46","8_vs_9","9"
"shadow_cross_¿©","10","red","38","8_vs_9","9"
"shadow_cross_¿©","11","orange","38","8_vs_9","9"
"shadow_cross_¿©","12","gold","38","8_vs_9","9"
"shadow_cross_¿©","13","green","38","8_vs_9","9"
"shadow_cross_¿©","14","teal","38","8_vs_9","9"
"shadow_cross_¿©","15","blue","38","8_vs_9","9"
"shadow_cross_¿©","16","purple","38","8_vs_9","9"
"shadow_cross_¿©","17","pink","38","8_vs_9","9"
"shadow_cross_¿©","18","dark","38","8_vs_9","9"
"shadow_cross_¿©","19","white","38","8_vs_9","9"
"shadow_cross_¿©","20","brown","38","8_vs_9","9"
"shinkiro_male","10","red","65","8_vs_9","9"
"shinkiro_male","11","orange","65","8_vs_9","9"
"shinkiro_male","12","gold","65","8_vs_9","9"
"shinkiro_male","13","green","65","8_vs_9","9"
"shinkiro_male","14","teal","65","8_vs_9","9"
"shinkiro_male","15","blue","65","8_vs_9","9"
"shinkiro_male","16","purple","65","8_vs_9","9"
"shinkiro_male","17","pink","65","8_vs_9","9"
"shinkiro_male","18","dark","65","8_vs_9","9"
"shinkiro_male","19","white","65","8_vs_9","9"
"shinkiro_male","20","brown","65","8_vs_9","9"
"shinkiro_male_riding","10","red","65","8_vs_9","9"
"shinkiro_male_riding","11","orange","65","8_vs_9","9"
"shinkiro_male_riding","12","gold","65","8_vs_9","9"
"shinkiro_male_riding","13","green","65","8_vs_9","9"
"shinkiro_male_riding","14","teal","65","8_vs_9","9"
"shinkiro_male_riding","15","blue","65","8_vs_9","9"
"shinkiro_male_riding","16","purple","65","8_vs_9","9"
"shinkiro_male_riding","17","pink","65","8_vs_9","9"
"shinkiro_male_riding","18","dark","65","8_vs_9","9"
"shinkiro_male_riding","19","white","65","8_vs_9","9"
"shinkiro_male_riding","20","brown","65","8_vs_9","9"
"shinkiro_riding_³²","10","red","65","8_vs_9","9"
"shinkiro_riding_³²","11","orange","65","8_vs_9","9"
"shinkiro_riding_³²","12","gold","65","8_vs_9","9"
"shinkiro_riding_³²","13","green","65","8_vs_9","9"
"shinkiro_riding_³²","14","teal","65","8_vs_9","9"
"shinkiro_riding_³²","15","blue","65","8_vs_9","9"
"shinkiro_riding_³²","16","purple","65","8_vs_9","9"
"shinkiro_riding_³²","17","pink","65","8_vs_9","9"
"shinkiro_riding_³²","18","dark","65","8_vs_9","9"
"shinkiro_riding_³²","19","white","65","8_vs_9","9"
"shinkiro_riding_³²","20","brown","65","8_vs_9","9"
"shinkiro_³²","10","red","65","8_vs_9","9"
"shinkiro_³²","11","orange","65","8_vs_9","9"
"shinkiro_³²","12","gold","65","8_vs_9","9"
"shinkiro_³²","13","green","65","8_vs_9","9"
"shinkiro_³²","14","teal","65","8_vs_9","9"
"shinkiro_³²","15","blue","65","8_vs_9","9"
"shinkiro_³²","16","purple","65","8_vs_9","9"
"shinkiro_³²","17","pink","65","8_vs_9","9"
"shinkiro_³²","18","dark","65","8_vs_9","9"
"shinkiro_³²","19","white","65","8_vs_9","9"
"shinkiro_³²","20","brown","65","8_vs_9","9"
"shiranui_female","10","red","66","8_vs_9","9"
"shiranui_female","11","orange","66","8_vs_9","9"
"shiranui_female","12","gold","66","8_vs_9","9"
"shiranui_female","13","green","66","8_vs_9","9"
"shiranui_female","14","teal","66","8_vs_9","9"
"shiranui_female","15","blue","66","8_vs_9","9"
"shiranui_female","16","purple","66","8_vs_9","9"
"shiranui_female","17","pink","66","8_vs_9","9"
"shiranui_female","18","dark","66","8_vs_9","9"
"shiranui_female","19","white","66","8_vs_9","9"
"shiranui_female","20","brown","66","8_vs_9","9"
"shiranui_female_riding","10","red","66","8_vs_9","9"
"shiranui_female_riding","11","orange","66","8_vs_9","9"
"shiranui_female_riding","12","gold","66","8_vs_9","9"
"shiranui_female_riding","13","green","66","8_vs_9","9"
"shiranui_female_riding","14","teal","66","8_vs_9","9"
"shiranui_female_riding","15","blue","66","8_vs_9","9"
"shiranui_female_riding","16","purple","66","8_vs_9","9"
"shiranui_female_riding","17","pink","66","8_vs_9","9"
"shiranui_female_riding","18","dark","66","8_vs_9","9"
"shiranui_female_riding","19","white","66","8_vs_9","9"
"shiranui_female_riding","20","brown","66","8_vs_9","9"
"shiranui_riding_¿©","10","red","66","8_vs_9","9"
"shiranui_riding_¿©","11","orange","66","8_vs_9","9"
"shiranui_riding_¿©","12","gold","66","8_vs_9","9"
"shiranui_riding_¿©","13","green","66","8_vs_9","9"
"shiranui_riding_¿©","14","teal","66","8_vs_9","9"
"shiranui_riding_¿©","15","blue","66","8_vs_9","9"
"shiranui_riding_¿©","16","purple","66","8_vs_9","9"
"shiranui_riding_¿©","17","pink","66","8_vs_9","9"
"shiranui_riding_¿©","18","dark","66","8_vs_9","9"
"shiranui_riding_¿©","19","white","66","8_vs_9","9"
"shiranui_riding_¿©","20","brown","66","8_vs_9","9"
"shiranui_¿©","10","red","66","8_vs_9","9"
"shiranui_¿©","11","orange","66","8_vs_9","9"
"shiranui_¿©","12","gold","66","8_vs_9","9"
"shiranui_¿©","13","green","66","8_vs_9","9"
"shiranui_¿©","14","teal","66","8_vs_9","9"
"shiranui_¿©","15","blue","66","8_vs_9","9"
"shiranui_¿©","16","purple","66","8_vs_9","9"
"shiranui_¿©","17","pink","66","8_vs_9","9"
"shiranui_¿©","18","dark","66","8_vs_9","9"
"shiranui_¿©","19","white","66","8_vs_9","9"
"shiranui_¿©","20","brown","66","8_vs_9","9"
"sky_emperor2_³²","10","red","48","8_vs_9","9"
"sky_emperor2_³²","11","orange","48","8_vs_9","9"
"sky_emperor2_³²","12","gold","48","8_vs_9","9"
"sky_emperor2_³²","13","green","48","8_vs_9","9"
"sky_emperor2_³²","14","teal","48","8_vs_9","9"
"sky_emperor2_³²","15","blue","48","8_vs_9","9"
"sky_emperor2_³²","16","purple","48","8_vs_9","9"
"sky_emperor2_³²","17","pink","48","8_vs_9","9"
"sky_emperor2_³²","18","dark","48","8_vs_9","9"
"sky_emperor2_³²","19","white","48","8_vs_9","9"
"sky_emperor2_³²","20","brown","48","8_vs_9","9"
"sky_emperor2_¿©","10","red","41","8_vs_9","9"
"sky_emperor2_¿©","11","orange","41","8_vs_9","9"
"sky_emperor2_¿©","12","gold","41","8_vs_9","9"
"sky_emperor2_¿©","13","green","41","8_vs_9","9"
"sky_emperor2_¿©","14","teal","41","8_vs_9","9"
"sky_emperor2_¿©","15","blue","41","8_vs_9","9"
"sky_emperor2_¿©","16","purple","41","8_vs_9","9"
"sky_emperor2_¿©","17","pink","41","8_vs_9","9"
"sky_emperor2_¿©","18","dark","41","8_vs_9","9"
"sky_emperor2_¿©","19","white","41","8_vs_9","9"
"sky_emperor2_¿©","20","brown","41","8_vs_9","9"
"sky_emperor_female","10","red","41","8_vs_9","9"
"sky_emperor_female","11","orange","41","8_vs_9","9"
"sky_emperor_female","12","gold","41","8_vs_9","9"
"sky_emperor_female","13","green","41","8_vs_9","9"
"sky_emperor_female","14","teal","41","8_vs_9","9"
"sky_emperor_female","15","blue","41","8_vs_9","9"
"sky_emperor_female","16","purple","41","8_vs_9","9"
"sky_emperor_female","17","pink","41","8_vs_9","9"
"sky_emperor_female","18","dark","41","8_vs_9","9"
"sky_emperor_female","19","white","41","8_vs_9","9"
"sky_emperor_female","20","brown","41","8_vs_9","9"
"sky_emperor_female_riding","10","red","41","8_vs_9","9"
"sky_emperor_female_riding","11","orange","41","8_vs_9","9"
"sky_emperor_female_riding","12","gold","41","8_vs_9","9"
"sky_emperor_female_riding","13","green","41","8_vs_9","9"
"sky_emperor_female_riding","14","teal","41","8_vs_9","9"
"sky_emperor_female_riding","15","blue","41","8_vs_9","9"
"sky_emperor_female_riding","16","purple","41","8_vs_9","9"
"sky_emperor_female_riding","17","pink","41","8_vs_9","9"
"sky_emperor_female_riding","18","dark","41","8_vs_9","9"
"sky_emperor_female_riding","19","white","41","8_vs_9","9"
"sky_emperor_female_riding","20","brown","41","8_vs_9","9"
"sky_emperor_male","10","red","48","8_vs_9","9"
"sky_emperor_male","11","orange","48","8_vs_9","9"
"sky_emperor_male","12","gold","48","8_vs_9","9"
"sky_emperor_male","13","green","48","8_vs_9","9"
"sky_emperor_male","14","teal","48","8_vs_9","9"
"sky_emperor_male","15","blue","48","8_vs_9","9"
"sky_emperor_male","16","purple","48","8_vs_9","9"
"sky_emperor_male","17","pink","48","8_vs_9","9"
"sky_emperor_male","18","dark","48","8_vs_9","9"
"sky_emperor_male","19","white","48","8_vs_9","9"
"sky_emperor_male","20","brown","48","8_vs_9","9"
"sky_emperor_male_riding","10","red","48","8_vs_9","9"
"sky_emperor_male_riding","11","orange","48","8_vs_9","9"
"sky_emperor_male_riding","12","gold","48","8_vs_9","9"
"sky_emperor_male_riding","13","green","48","8_vs_9","9"
"sky_emperor_male_riding","14","teal","48","8_vs_9","9"
"sky_emperor_male_riding","15","blue","48","8_vs_9","9"
"sky_emperor_male_riding","16","purple","48","8_vs_9","9"
"sky_emperor_male_riding","17","pink","48","8_vs_9","9"
"sky_emperor_male_riding","18","dark","48","8_vs_9","9"
"sky_emperor_male_riding","19","white","48","8_vs_9","9"
"sky_emperor_male_riding","20","brown","48","8_vs_9","9"
"sky_emperor_riding_³²","10","red","48","8_vs_9","9"
"sky_emperor_riding_³²","11","orange","48","8_vs_9","9"
"sky_emperor_riding_³²","12","gold","48","8_vs_9","9"
"sky_emperor_riding_³²","13","green","48","8_vs_9","9"
"sky_emperor_riding_³²","14","teal","48","8_vs_9","9"
"sky_emperor_riding_³²","15","blue","48","8_vs_9","9"
"sky_emperor_riding_³²","16","purple","48","8_vs_9","9"
"sky_emperor_riding_³²","17","pink","48","8_vs_9","9"
"sky_emperor_riding_³²","18","dark","48","8_vs_9","9"
"sky_emperor_riding_³²","19","white","48","8_vs_9","9"
"sky_emperor_riding_³²","20","brown","48","8_vs_9","9"
"sky_emperor_riding_¿©","10","red","41","8_vs_9","9"
"sky_emperor_riding_¿©","11","orange","41","8_vs_9","9"
"sky_emperor_riding_¿©","12","gold","41","8_vs_9","9"
"sky_emperor_riding_¿©","13","green","41","8_vs_9","9"
"sky_emperor_riding_¿©","14","teal","41","8_vs_9","9"
"sky_emperor_riding_¿©","15","blue","41","8_vs_9","9"
"sky_emperor_riding_¿©","16","purple","41","8_vs_9","9"
"sky_emperor_riding_¿©","17","pink","41","8_vs_9","9"
"sky_emperor_riding_¿©","18","dark","41","8_vs_9","9"
"sky_emperor_riding_¿©","19","white","41","8_vs_9","9"
"sky_emperor_riding_¿©","20","brown","41","8_vs_9","9"
"sky_emperor_³²","10","red","48","8_vs_9","9"
"sky_emperor_³²","11","orange","48","8_vs_9","9"
"sky_emperor_³²","12","gold","48","8_vs_9","9"
"sky_emperor_³²","13","green","48","8_vs_9","9"
"sky_emperor_³²","14","teal","48","8_vs_9","9"
"sky_emperor_³²","15","blue","48","8_vs_9","9"
"sky_emperor_³²","16","purple","48","8_vs_9","9"
"sky_emperor_³²","17","pink","48","8_vs_9","9"
"sky_emperor_³²","18","dark","48","8_vs_9","9"
"sky_emperor_³²","19","white","48","8_vs_9","9"
"sky_emperor_³²","20","brown","48","8_vs_9","9"
"sky_emperor_¿©","10","red","41","8_vs_9","9"
"sky_emperor_¿©","11","orange","41","8_vs_9","9"
"sky_emperor_¿©","12","gold","41","8_vs_9","9"
"sky_emperor_¿©","13","green","41","8_vs_9","9"
"sky_emperor_¿©","14","teal","41","8_vs_9","9"
"sky_emperor_¿©","15","blue","41","8_vs_9","9"
"sky_emperor_¿©","16","purple","41","8_vs_9","9"
"sky_emperor_¿©","17","pink","41","8_vs_9","9"
"sky_emperor_¿©","18","dark","41","8_vs_9","9"
"sky_emperor_¿©","19","white","41","8_vs_9","9"
"sky_emperor_¿©","20","brown","41","8_vs_9","9"
"sniper_female","10","red","71","8_vs_9","9"
"sniper_female","11","orange","71","8_vs_9","9"
"sniper_female","12","gold","71","8_vs_9","9"
"sniper_female","13","green","71","8_vs_9","9"
"sniper_female","14","teal","71","8_vs_9","9"
"sniper_female","15","blue","71","8_vs_9","9"
"sniper_female","16","purple","71","8_vs_9","9"
"sniper_female","17","pink","71","8_vs_9","9"
"sniper_female","18","dark","71","8_vs_9","9"
"sniper_female","19","white","71","8_vs_9","9"
"sniper_female","20","brown","71","8_vs_9","9"
"sniper_male","10","red","47","8_vs_9","9"
"sniper_male","11","orange","47","8_vs_9","9"
"sniper_male","12","gold","47","8_vs_9","9"
"sniper_male","13","green","47","8_vs_9","9"
"sniper_male","14","teal","47","8_vs_9","9"
"sniper_male","15","blue","47","8_vs_9","9"
"sniper_male","16","purple","47","8_vs_9","9"
"sniper_male","17","pink","47","8_vs_9","9"
"sniper_male","18","dark","47","8_vs_9","9"
"sniper_male","19","white","47","8_vs_9","9"
"sniper_male","20","brown","47","8_vs_9","9"
"sorcerer_female","10","red","36","8_vs_9","9"
"sorcerer_female","11","orange","36","8_vs_9","9"
"sorcerer_female","12","gold","36","8_vs_9","9"
"sorcerer_female","13","green","36","8_vs_9","9"
"sorcerer_female","14","teal","36","8_vs_9","9"
"sorcerer_female","15","blue","36","8_vs_9","9"
"sorcerer_female","16","purple","36","8_vs_9","9"
"sorcerer_female","17","pink","36","8_vs_9","9"
"sorcerer_female","18","dark","36","8_vs_9","9"
"sorcerer_female","19","white","36","8_vs_9","9"
"sorcerer_female","20","brown","36","8_vs_9","9"
"sorcerer_male","10","red","36","8_vs_9","9"
"sorcerer_male","11","orange","36","8_vs_9","9"
"sorcerer_male","12","gold","36","8_vs_9","9"
"sorcerer_male","13","green","36","8_vs_9","9"
"sorcerer_male","14","teal","36","8_vs_9","9"
"sorcerer_male","15","blue","36","8_vs_9","9"
"sorcerer_male","16","purple","36","8_vs_9","9"
"sorcerer_male","17","pink","36","8_vs_9","9"
"sorcerer_male","18","dark","36","8_vs_9","9"
"sorcerer_male","19","white","36","8_vs_9","9"
"sorcerer_male","20","brown","36","8_vs_9","9"
"soul_ascetic_female","10","red","66","8_vs_9","9"
"soul_ascetic_female","11","orange","66","8_vs_9","9"
"soul_ascetic_female","12","gold","66","8_vs_9","9"
"soul_ascetic_female","13","green","66","8_vs_9","9"
"soul_ascetic_female","14","teal","66","8_vs_9","9"
"soul_ascetic_female","15","blue","66","8_vs_9","9"
"soul_ascetic_female","16","purple","66","8_vs_9","9"
"soul_ascetic_female","17","pink","66","8_vs_9","9"
"soul_ascetic_female","18","dark","66","8_vs_9","9"
"soul_ascetic_female","19","white","66","8_vs_9","9"
"soul_ascetic_female","20","brown","66","8_vs_9","9"
"soul_ascetic_female_riding","10","red","66","8_vs_9","9"
"soul_ascetic_female_riding","11","orange","66","8_vs_9","9"
"soul_ascetic_female_riding","12","gold","66","8_vs_9","9"
"soul_ascetic_female_riding","13","green","66","8_vs_9","9"
"soul_ascetic_female_riding","14","teal","66","8_vs_9","9"
"soul_ascetic_female_riding","15","blue","66","8_vs_9","9"
"soul_ascetic_female_riding","16","purple","66","8_vs_9","9"
"soul_ascetic_female_riding","17","pink","66","8_vs_9","9"
"soul_ascetic_female_riding","18","dark","66","8_vs_9","9"
"soul_ascetic_female_riding","19","white","66","8_vs_9","9"
"soul_ascetic_female_riding","20","brown","66","8_vs_9","9"
"soul_ascetic_male","10","red","66","8_vs_9","9"
"soul_ascetic_male","11","orange","66","8_vs_9","9"
"soul_ascetic_male","12","gold","66","8_vs_9","9"
"soul_ascetic_male","13","green","66","8_vs_9","9"
"soul_ascetic_male","14","teal","66","8_vs_9","9"
"soul_ascetic_male","15","blue","66","8_vs_9","9"
"soul_ascetic_male","16","purple","66","8_vs_9","9"
"soul_ascetic_male","17","pink","66","8_vs_9","9"
"soul_ascetic_male","18","dark","66","8_vs_9","9"
"soul_ascetic_male","19","white","66","8_vs_9","9"
"soul_ascetic_male","20","brown","66","8_vs_9","9"
"soul_ascetic_male_riding","10","red","66","8_vs_9","9"
"soul_ascetic_male_riding","11","orange","66","8_vs_9","9"
"soul_ascetic_male_riding","12","gold","66","8_vs_9","9"
"soul_ascetic_male_riding","13","green","66","8_vs_9","9"
"soul_ascetic_male_riding","14","teal","66","8_vs_9","9"
"soul_ascetic_male_riding","15","blue","66","8_vs_9","9"
"soul_ascetic_male_riding","16","purple","66","8_vs_9","9"
"soul_ascetic_male_riding","17","pink","66","8_vs_9","9"
"soul_ascetic_male_riding","18","dark","66","8_vs_9","9"
"soul_ascetic_male_riding","19","white","66","8_vs_9","9"
"soul_ascetic_male_riding","20","brown","66","8_vs_9","9"
"soul_ascetic_riding_³²","10","red","66","8_vs_9","9"
"soul_ascetic_riding_³²","11","orange","66","8_vs_9","9"
"soul_ascetic_riding_³²","12","gold","66","8_vs_9","9"
"soul_ascetic_riding_³²","13","green","66","8_vs_9","9"
"soul_ascetic_riding_³²","14","teal","66","8_vs_9","9"
"soul_ascetic_riding_³²","15","blue","66","8_vs_9","9"
"soul_ascetic_riding_³²","16","purple","66","8_vs_9","9"
"soul_ascetic_riding_³²","17","pink","66","8_vs_9","9"
"soul_ascetic_riding_³²","18","dark","66","8_vs_9","9"
"soul_ascetic_riding_³²","19","white","66","8_vs_9","9"
"soul_ascetic_riding_³²","20","brown","66","8_vs_9","9"
"soul_ascetic_riding_¿©","10","red","66","8_vs_9","9"
"soul_ascetic_riding_¿©","11","orange","66","8_vs_9","9"
"soul_ascetic_riding_¿©","12","gold","66","8_vs_9","9"
"soul_ascetic_riding_¿©","13","green","66","8_vs_9","9"
"soul_ascetic_riding_¿©","14","teal","66","8_vs_9","9"
"soul_ascetic_riding_¿©","15","blue","66","8_vs_9","9"
"soul_ascetic_riding_¿©","16","purple","66","8_vs_9","9"
"soul_ascetic_riding_¿©","17","pink","66","8_vs_9","9"
"soul_ascetic_riding_¿©","18","dark","66","8_vs_9","9"
"soul_ascetic_riding_¿©","19","white","66","8_vs_9","9"
"soul_ascetic_riding_¿©","20","brown","66","8_vs_9","9"
"soul_ascetic_³²","10","red","66","8_vs_9","9"
"soul_ascetic_³²","11","orange","66","8_vs_9","9"
"soul_ascetic_³²","12","gold","66","8_vs_9","9"
"soul_ascetic_³²","13","green","66","8_vs_9","9"
"soul_ascetic_³²","14","teal","66","8_vs_9","9"
"soul_ascetic_³²","15","blue","66","8_vs_9","9"
"soul_ascetic_³²","16","purple","66","8_vs_9","9"
"soul_ascetic_³²","17","pink","66","8_vs_9","9"
"soul_ascetic_³²","18","dark","66","8_vs_9","9"
"soul_ascetic_³²","19","white","66","8_vs_9","9"
"soul_ascetic_³²","20","brown","66","8_vs_9","9"
"soul_ascetic_¿©","10","red","66","8_vs_9","9"
"soul_ascetic_¿©","11","orange","66","8_vs_9","9"
"soul_ascetic_¿©","12","gold","66","8_vs_9","9"
"soul_ascetic_¿©","13","green","66","8_vs_9","9"
"soul_ascetic_¿©","14","teal","66","8_vs_9","9"
"soul_ascetic_¿©","15","blue","66","8_vs_9","9"
"soul_ascetic_¿©","16","purple","66","8_vs_9","9"
"soul_ascetic_¿©","17","pink","66","8_vs_9","9"
"soul_ascetic_¿©","18","dark","66","8_vs_9","9"
"soul_ascetic_¿©","19","white","66","8_vs_9","9"
"soul_ascetic_¿©","20","brown","66","8_vs_9","9"
"soul_linker_female","10","red","48","8_vs_9","9"
"soul_linker_female","11","orange","48","8_vs_9","9"
"soul_linker_female","12","gold","48","8_vs_9","9"
"soul_linker_female","13","green","48","8_vs_9","9"
"soul_linker_female","14","teal","48","8_vs_9","9"
"soul_linker_female","15","blue","48","8_vs_9","9"
"soul_linker_female","16","purple","48","8_vs_9","9"
"soul_linker_female","17","pink","48","8_vs_9","9"
"soul_linker_female","18","dark","48","8_vs_9","9"
"soul_linker_female","19","white","48","8_vs_9","9"
"soul_linker_female","20","brown","48","8_vs_9","9"
"soul_linker_male","10","red","82","8_vs_9","9"
"soul_linker_male","11","orange","82","8_vs_9","9"
"soul_linker_male","12","gold","82","8_vs_9","9"
"soul_linker_male","13","green","82","8_vs_9","9"
"soul_linker_male","14","teal","82","8_vs_9","9"
"soul_linker_male","15","blue","82","8_vs_9","9"
"soul_linker_male","16","purple","82","8_vs_9","9"
"soul_linker_male","17","pink","82","8_vs_9","9"
"soul_linker_male","18","dark","82","8_vs_9","9"
"soul_linker_male","19","white","82","8_vs_9","9"
"soul_linker_male","20","brown","82","8_vs_9","9"
"stalker_female","10","red","71","8_vs_9","9"
"stalker_female","11","orange","71","8_vs_9","9"
"stalker_female","12","gold","71","8_vs_9","9"
"stalker_female","13","green","71","8_vs_9","9"
"stalker_female","14","teal","71","8_vs_9","9"
"stalker_female","15","blue","71","8_vs_9","9"
"stalker_female","16","purple","71","8_vs_9","9"
"stalker_female","17","pink","71","8_vs_9","9"
"stalker_female","18","dark","71","8_vs_9","9"
"stalker_female","19","white","71","8_vs_9","9"
"stalker_female","20","brown","71","8_vs_9","9"
"stalker_male","10","red","55","8_vs_9","9"
"stalker_male","11","orange","55","8_vs_9","9"
"stalker_male","12","gold","55","8_vs_9","9"
"stalker_male","13","green","55","8_vs_9","9"
"stalker_male","14","teal","55","8_vs_9","9"
"stalker_male","15","blue","55","8_vs_9","9"
"stalker_male","16","purple","55","8_vs_9","9"
"stalker_male","17","pink","55","8_vs_9","9"
"stalker_male","18","dark","55","8_vs_9","9"
"stalker_male","19","white","55","8_vs_9","9"
"stalker_male","20","brown","55","8_vs_9","9"
"summoner_female","10","red","57","8_vs_9","9"
"summoner_female","11","orange","57","8_vs_9","9"
"summoner_female","12","gold","57","8_vs_9","9"
"summoner_female","13","green","57","8_vs_9","9"
"summoner_female","14","teal","57","8_vs_9","9"
"summoner_female","15","blue","57","8_vs_9","9"
"summoner_female","16","purple","57","8_vs_9","9"
"summoner_female","17","pink","57","8_vs_9","9"
"summoner_female","18","dark","57","8_vs_9","9"
"summoner_female","19","white","57","8_vs_9","9"
"summoner_female","20","brown","57","8_vs_9","9"
"summoner_female_riding","10","red","57","8_vs_9","9"
"summoner_female_riding","11","orange","57","8_vs_9","9"
"summoner_female_riding","12","gold","57","8_vs_9","9"
"summoner_female_riding","13","green","57","8_vs_9","9"
"summoner_female_riding","14","teal","57","8_vs_9","9"
"summoner_female_riding","15","blue","57","8_vs_9","9"
"summoner_female_riding","16","purple","57","8_vs_9","9"
"summoner_female_riding","17","pink","57","8_vs_9","9"
"summoner_female_riding","18","dark","57","8_vs_9","9"
"summoner_female_riding","19","white","57","8_vs_9","9"
"summoner_female_riding","20","brown","57","8_vs_9","9"
"summoner_male","10","red","57","8_vs_9","9"
"summoner_male","11","orange","57","8_vs_9","9"
"summoner_male","12","gold","57","8_vs_9","9"
"summoner_male","13","green","57","8_vs_9","9"
"summoner_male","14","teal","57","8_vs_9","9"
"summoner_male","15","blue","57","8_vs_9","9"
"summoner_male","16","purple","57","8_vs_9","9"
"summoner_male","17","pink","57","8_vs_9","9"
"summoner_male","18","dark","57","8_vs_9","9"
"summoner_male","19","white","57","8_vs_9","9"
"summoner_male","20","brown","57","8_vs_9","9"
"summoner_male_riding","10","red","57","8_vs_9","9"
"summoner_male_riding","11","orange","57","8_vs_9","9"
"summoner_male_riding","12","gold","57","8_vs_9","9"
"summoner_male_riding","13","green","57","8_vs_9","9"
"summoner_male_riding","14","teal","57","8_vs_9","9"
"summoner_male_riding","15","blue","57","8_vs_9","9"
"summoner_male_riding","16","purple","57","8_vs_9","9"
"summoner_male_riding","17","pink","57","8_vs_9","9"
"summoner_male_riding","18","dark","57","8_vs_9","9"
"summoner_male_riding","19","white","57","8_vs_9","9"
"summoner_male_riding","20","brown","57","8_vs_9","9"
"summoner_³²","10","red","15","8_vs_9","9"
"summoner_³²","11","orange","15","8_vs_9","9"
"summoner_³²","12","gold","15","8_vs_9","9"
"summoner_³²","13","green","15","8_vs_9","9"
"summoner_³²","14","teal","15","8_vs_9","9"
"summoner_³²","15","blue","15","8_vs_9","9"
"summoner_³²","16","purple","15","8_vs_9","9"
"summoner_³²","17","pink","15","8_vs_9","9"
"summoner_³²","18","dark","15","8_vs_9","9"
"summoner_³²","19","white","15","8_vs_9","9"
"summoner_³²","20","brown","15","8_vs_9","9"
"summoner_¿©","10","red","23","8_vs_9","9"
"summoner_¿©","11","orange","23","8_vs_9","9"
"summoner_¿©","12","gold","23","8_vs_9","9"
"summoner_¿©","13","green","23","8_vs_9","9"
"summoner_¿©","14","teal","23","8_vs_9","9"
"summoner_¿©","15","blue","23","8_vs_9","9"
"summoner_¿©","16","purple","23","8_vs_9","9"
"summoner_¿©","17","pink","23","8_vs_9","9"
"summoner_¿©","18","dark","23","8_vs_9","9"
"summoner_¿©","19","white","23","8_vs_9","9"
"summoner_¿©","20","brown","23","8_vs_9","9"
"super_novice_female","10","red","56","8_vs_9","9"
"super_novice_female","11","orange","56","8_vs_9","9"
"super_novice_female","12","gold","56","8_vs_9","9"
"super_novice_female","13","green","56","8_vs_9","9"
"super_novice_female","14","teal","56","8_vs_9","9"
"super_novice_female","15","blue","56","8_vs_9","9"
"super_novice_female","16","purple","56","8_vs_9","9"
"super_novice_female","17","pink","56","8_vs_9","9"
"super_novice_female","18","dark","56","8_vs_9","9"
"super_novice_female","19","white","56","8_vs_9","9"
"super_novice_female","20","brown","56","8_vs_9","9"
"super_novice_female_riding","10","red","56","8_vs_9","9"
"super_novice_female_riding","11","orange","56","8_vs_9","9"
"super_novice_female_riding","12","gold","56","8_vs_9","9"
"super_novice_female_riding","13","green","56","8_vs_9","9"
"super_novice_female_riding","14","teal","56","8_vs_9","9"
"super_novice_female_riding","15","blue","56","8_vs_9","9"
"super_novice_female_riding","16","purple","56","8_vs_9","9"
"super_novice_female_riding","17","pink","56","8_vs_9","9"
"super_novice_female_riding","18","dark","56","8_vs_9","9"
"super_novice_female_riding","19","white","56","8_vs_9","9"
"super_novice_female_riding","20","brown","56","8_vs_9","9"
"super_novice_male","10","red","60","8_vs_9","9"
"super_novice_male","11","orange","60","8_vs_9","9"
"super_novice_male","12","gold","60","8_vs_9","9"
"super_novice_male","13","green","60","8_vs_9","9"
"super_novice_male","14","teal","60","8_vs_9","9"
"super_novice_male","15","blue","60","8_vs_9","9"
"super_novice_male","16","purple","60","8_vs_9","9"
"super_novice_male","17","pink","60","8_vs_9","9"
"super_novice_male","18","dark","60","8_vs_9","9"
"super_novice_male","19","white","60","8_vs_9","9"
"super_novice_male","20","brown","60","8_vs_9","9"
"super_novice_male_riding","10","red","60","8_vs_9","9"
"super_novice_male_riding","11","orange","60","8_vs_9","9"
"super_novice_male_riding","12","gold","60","8_vs_9","9"
"super_novice_male_riding","13","green","60","8_vs_9","9"
"super_novice_male_riding","14","teal","60","8_vs_9","9"
"super_novice_male_riding","15","blue","60","8_vs_9","9"
"super_novice_male_riding","16","purple","60","8_vs_9","9"
"super_novice_male_riding","17","pink","60","8_vs_9","9"
"super_novice_male_riding","18","dark","60","8_vs_9","9"
"super_novice_male_riding","19","white","60","8_vs_9","9"
"super_novice_male_riding","20","brown","60","8_vs_9","9"
"sura_female","10","red","66","8_vs_9","9"
"sura_female","11","orange","66","8_vs_9","9"
"sura_female","12","gold","66","8_vs_9","9"
"sura_female","13","green","66","8_vs_9","9"
"sura_female","14","teal","66","8_vs_9","9"
"sura_female","15","blue","66","8_vs_9","9"
"sura_female","16","purple","66","8_vs_9","9"
"sura_female","17","pink","66","8_vs_9","9"
"sura_female","18","dark","66","8_vs_9","9"
"sura_female","19","white","66","8_vs_9","9"
"sura_female","20","brown","66","8_vs_9","9"
"sura_female_riding","10","red","66","8_vs_9","9"
"sura_female_riding","11","orange","66","8_vs_9","9"
"sura_female_riding","12","gold","66","8_vs_9","9"
"sura_female_riding","13","green","66","8_vs_9","9"
"sura_female_riding","14","teal","66","8_vs_9","9"
"sura_female_riding","15","blue","66","8_vs_9","9"
"sura_female_riding","16","purple","66","8_vs_9","9"
"sura_female_riding","17","pink","66","8_vs_9","9"
"sura_female_riding","18","dark","66","8_vs_9","9"
"sura_female_riding","19","white","66","8_vs_9","9"
"sura_female_riding","20","brown","66","8_vs_9","9"
"sura_male","10","red","57","8_vs_9","9"
"sura_male","11","orange","57","8_vs_9","9"
"sura_male","12","gold","57","8_vs_9","9"
"sura_male","13","green","57","8_vs_9","9"
"sura_male","14","teal","57","8_vs_9","9"
"sura_male","15","blue","57","8_vs_9","9"
"sura_male","16","purple","57","8_vs_9","9"
"sura_male","17","pink","57","8_vs_9","9"
"sura_male","18","dark","57","8_vs_9","9"
"sura_male","19","white","57","8_vs_9","9"
"sura_male","20","brown","57","8_vs_9","9"
"sura_male_riding","10","red","57","8_vs_9","9"
"sura_male_riding","11","orange","57","8_vs_9","9"
"sura_male_riding","12","gold","57","8_vs_9","9"
"sura_male_riding","13","green","57","8_vs_9","9"
"sura_male_riding","14","teal","57","8_vs_9","9"
"sura_male_riding","15","blue","57","8_vs_9","9"
"sura_male_riding","16","purple","57","8_vs_9","9"
"sura_male_riding","17","pink","57","8_vs_9","9"
"sura_male_riding","18","dark","57","8_vs_9","9"
"sura_male_riding","19","white","57","8_vs_9","9"
"sura_male_riding","20","brown","57","8_vs_9","9"
"swordman_female","10","red","23","8_vs_9","9"
"swordman_female","11","orange","23","8_vs_9","9"
"swordman_female","12","gold","23","8_vs_9","9"
"swordman_female","13","green","23","8_vs_9","9"
"swordman_female","14","teal","23","8_vs_9","9"
"swordman_female","15","blue","23","8_vs_9","9"
"swordman_female","16","purple","23","8_vs_9","9"
"swordman_female","17","pink","23","8_vs_9","9"
"swordman_female","18","dark","23","8_vs_9","9"
"swordman_female","19","white","23","8_vs_9","9"
"swordman_female","20","brown","23","8_vs_9","9"
"swordman_male","10","red","31","8_vs_9","9"
"swordman_male","11","orange","31","8_vs_9","9"
"swordman_male","12","gold","31","8_vs_9","9"
"swordman_male","13","green","31","8_vs_9","9"
"swordman_male","14","teal","31","8_vs_9","9"
"swordman_male","15","blue","31","8_vs_9","9"
"swordman_male","16","purple","31","8_vs_9","9"
"swordman_male","17","pink","31","8_vs_9","9"
"swordman_male","18","dark","31","8_vs_9","9"
"swordman_male","19","white","31","8_vs_9","9"
"swordman_male","20","brown","31","8_vs_9","9"
"taekwon_female","10","red","41","8_vs_9","9"
"taekwon_female","11","orange","41","8_vs_9","9"
"taekwon_female","12","gold","41","8_vs_9","9"
"taekwon_female","13","green","41","8_vs_9","9"
"taekwon_female","14","teal","41","8_vs_9","9"
"taekwon_female","15","blue","41","8_vs_9","9"
"taekwon_female","16","purple","41","8_vs_9","9"
"taekwon_female","17","pink","41","8_vs_9","9"
"taekwon_female","18","dark","41","8_vs_9","9"
"taekwon_female","19","white","41","8_vs_9","9"
"taekwon_female","20","brown","41","8_vs_9","9"
"taekwon_female_riding","10","red","41","8_vs_9","9"
"taekwon_female_riding","11","orange","41","8_vs_9","9"
"taekwon_female_riding","12","gold","41","8_vs_9","9"
"taekwon_female_riding","13","green","41","8_vs_9","9"
"taekwon_female_riding","14","teal","41","8_vs_9","9"
"taekwon_female_riding","15","blue","41","8_vs_9","9"
"taekwon_female_riding","16","purple","41","8_vs_9","9"
"taekwon_female_riding","17","pink","41","8_vs_9","9"
"taekwon_female_riding","18","dark","41","8_vs_9","9"
"taekwon_female_riding","19","white","41","8_vs_9","9"
"taekwon_female_riding","20","brown","41","8_vs_9","9"
"taekwon_male","10","red","48","8_vs_9","9"
"taekwon_male","11","orange","48","8_vs_9","9"
"taekwon_male","12","gold","48","8_vs_9","9"
"taekwon_male","13","green","48","8_vs_9","9"
"taekwon_male","14","teal","48","8_vs_9","9"
"taekwon_male","15","blue","48","8_vs_9","9"
"taekwon_male","16","purple","48","8_vs_9","9"
"taekwon_male","17","pink","48","8_vs_9","9"
"taekwon_male","18","dark","48","8_vs_9","9"
"taekwon_male","19","white","48","8_vs_9","9"
"taekwon_male","20","brown","48","8_vs_9","9"
"taekwon_male_riding","10","red","48","8_vs_9","9"
"taekwon_male_riding","11","orange","48","8_vs_9","9"
"taekwon_male_riding","12","gold","48","8_vs_9","9"
"taekwon_male_riding","13","green","48","8_vs_9","9"
"taekwon_male_riding","14","teal","48","8_vs_9","9"
"taekwon_male_riding","15","blue","48","8_vs_9","9"
"taekwon_male_riding","16","purple","48","8_vs_9","9"
"taekwon_male_riding","17","pink","48","8_vs_9","9"
"taekwon_male_riding","18","dark","48","8_vs_9","9"
"taekwon_male_riding","19","white","48","8_vs_9","9"
"taekwon_male_riding","20","brown","48","8_vs_9","9"
"thief_female","10","red","30","8_vs_9","9"
"thief_female","11","orange","30","8_vs_9","9"
"thief_female","12","gold","30","8_vs_9","9"
"thief_female","13","green","30","8_vs_9","9"
"thief_female","14","teal","30","8_vs_9","9"
"thief_female","15","blue","30","8_vs_9","9"
"thief_female","16","purple","30","8_vs_9","9"
"thief_female","17","pink","30","8_vs_9","9"
"thief_female","18","dark","30","8_vs_9","9"
"thief_female","19","white","30","8_vs_9","9"
"thief_female","20","brown","30","8_vs_9","9"
"thief_male","10","red","14","8_vs_9","9"
"thief_male","11","orange","14","8_vs_9","9"
"thief_male","12","gold","14","8_vs_9","9"
"thief_male","13","green","14","8_vs_9","9"
"thief_male","14","teal","14","8_vs_9","9"
"thief_male","15","blue","14","8_vs_9","9"
"thief_male","16","purple","14","8_vs_9","9"
"thief_male","17","pink","14","8_vs_9","9"
"thief_male","18","dark","14","8_vs_9","9"
"thief_male","19","white","14","8_vs_9","9"
"thief_male","20","brown","14","8_vs_9","9"
"trans_high_wizard_female","10","red","47","8_vs_9","9"
"trans_high_wizard_female","11","orange","47","8_vs_9","9"
"trans_high_wizard_female","12","gold","47","8_vs_9","9"
"trans_high_wizard_female","13","green","47","8_vs_9","9"
"trans_high_wizard_female","14","teal","47","8_vs_9","9"
"trans_high_wizard_female","15","blue","47","8_vs_9","9"
"trans_high_wizard_female","16","purple","47","8_vs_9","9"
"trans_high_wizard_female","17","pink","47","8_vs_9","9"
"trans_high_wizard_female","18","dark","47","8_vs_9","9"
"trans_high_wizard_female","19","white","47","8_vs_9","9"
"trans_high_wizard_female","20","brown","47","8_vs_9","9"
"trans_high_wizard_male","10","red","38","8_vs_9","9"
"trans_high_wizard_male","11","orange","38","8_vs_9","9"
"trans_high_wizard_male","12","gold","38","8_vs_9","9"
"trans_high_wizard_male","13","green","38","8_vs_9","9"
"trans_high_wizard_male","14","teal","38","8_vs_9","9"
"trans_high_wizard_male","15","blue","38","8_vs_9","9"
"trans_high_wizard_male","16","purple","38","8_vs_9","9"
"trans_high_wizard_male","17","pink","38","8_vs_9","9"
"trans_high_wizard_male","18","dark","38","8_vs_9","9"
"trans_high_wizard_male","19","white","38","8_vs_9","9"
"trans_high_wizard_male","20","brown","38","8_vs_9","9"
"trans_magician_female","10","red","31","8_vs_9","9"
"trans_magician_female","11","orange","31","8_vs_9","9"
"trans_magician_female","12","gold","31","8_vs_9","9"
"trans_magician_female","13","green","31","8_vs_9","9"
"trans_magician_female","14","teal","31","8_vs_9","9"
"trans_magician_female","15","blue","31","8_vs_9","9"
"trans_magician_female","16","purple","31","8_vs_9","9"
"trans_magician_female","17","pink","31","8_vs_9","9"
"trans_magician_female","18","dark","31","8_vs_9","9"
"trans_magician_female","19","white","31","8_vs_9","9"
"trans_magician_female","20","brown","31","8_vs_9","9"
"trans_magician_male","10","red","30","8_vs_9","9"
"trans_magician_male","11","orange","30","8_vs_9","9"
"trans_magician_male","12","gold","30","8_vs_9","9"
"trans_magician_male","13","green","30","8_vs_9","9"
"trans_magician_male","14","teal","30","8_vs_9","9"
"trans_magician_male","15","blue","30","8_vs_9","9"
"trans_magician_male","16","purple","30","8_vs_9","9"
"trans_magician_male","17","pink","30","8_vs_9","9"
"trans_magician_male","18","dark","30","8_vs_9","9"
"trans_magician_male","19","white","30","8_vs_9","9"
"trans_magician_male","20","brown","30","8_vs_9","9"
"trans_professor_female","10","red","47","8_vs_9","9"
"trans_professor_female","11","orange","47","8_vs_9","9"
"trans_professor_female","12","gold","47","8_vs_9","9"
"trans_professor_female","13","green","47","8_vs_9","9"
"trans_professor_female","14","teal","47","8_vs_9","9"
"trans_professor_female","15","blue","47","8_vs_9","9"
"trans_professor_female","16","purple","47","8_vs_9","9"
"trans_professor_female","17","pink","47","8_vs_9","9"
"trans_professor_female","18","dark","47","8_vs_9","9"
"trans_professor_female","19","white","47","8_vs_9","9"
"trans_professor_female","20","brown","47","8_vs_9","9"
"trans_professor_male","10","red","46","8_vs_9","9"
"trans_professor_male","11","orange","46","8_vs_9","9"
"trans_professor_male","12","gold","46","8_vs_9","9"
"trans_professor_male","13","green","46","8_vs_9","9"
"trans_professor_male","14","teal","46","8_vs_9","9"
"trans_professor_male","15","blue","46","8_vs_9","9"
"trans_professor_male","16","purple","46","8_vs_9","9"
"trans_professor_male","17","pink","46","8_vs_9","9"
"trans_professor_male","18","dark","46","8_vs_9","9"
"trans_professor_male","19","white","46","8_vs_9","9"
"trans_professor_male","20","brown","46","8_vs_9","9"
"trans_sage_female","10","red","47","8_vs_9","9"
"trans_sage_female","11","orange","47","8_vs_9","9"
"trans_sage_female","12","gold","47","8_vs_9","9"
"trans_sage_female","13","green","47","8_vs_9","9"
"trans_sage_female","14","teal","47","8_vs_9","9"
"trans_sage_female","15","blue","47","8_vs_9","9"
"trans_sage_female","16","purple","47","8_vs_9","9"
"trans_sage_female","17","pink","47","8_vs_9","9"
"trans_sage_female","18","dark","47","8_vs_9","9"
"trans_sage_female","19","white","47","8_vs_9","9"
"trans_sage_female","20","brown","47","8_vs_9","9"
"trans_sage_male","10","red","38","8_vs_9","9"
"trans_sage_male","11","orange","38","8_vs_9","9"
"trans_sage_male","12","gold","38","8_vs_9","9"
"trans_sage_male","13","green","38","8_vs_9","9"
"trans_sage_male","14","teal","38","8_vs_9","9"
"trans_sage_male","15","blue","38","8_vs_9","9"
"trans_sage_male","16","purple","38","8_vs_9","9"
"trans_sage_male","17","pink","38","8_vs_9","9"
"trans_sage_male","18","dark","38","8_vs_9","9"
"trans_sage_male","19","white","38","8_vs_9","9"
"trans_sage_male","20","brown","38","8_vs_9","9"
"trans_sorcerer_female","10","red","36","8_vs_9","9"
"trans_sorcerer_female","11","orange","36","8_vs_9","9"
"trans_sorcerer_female","12","gold","36","8_vs_9","9"
"trans_sorcerer_female","13","green","36","8_vs_9","9"
"trans_sorcerer_female","14","teal","36","8_vs_9","9"
"trans_sorcerer_female","15","blue","36","8_vs_9","9"
"trans_sorcerer_female","16","purple","36","8_vs_9","9"
"trans_sorcerer_female","17","pink","36","8_vs_9","9"
"trans_sorcerer_female","18","dark","36","8_vs_9","9"
"trans_sorcerer_female","19","white","36","8_vs_9","9"
"trans_sorcerer_female","20","brown","36","8_vs_9","9"
"trans_sorcerer_male","10","red","36","8_vs_9","9"
"trans_sorcerer_male","11","orange","36","8_vs_9","9"
"trans_sorcerer_male","12","gold","36","8_vs_9","9"
"trans_sorcerer_male","13","green","36","8_vs_9","9"
"trans_sorcerer_male","14","teal","36","8_vs_9","9"
"trans_sorcerer_male","15","blue","36","8_vs_9","9"
"trans_sorcerer_male","16","purple","36","8_vs_9","9"
"trans_sorcerer_male","17","pink","36","8_vs_9","9"
"trans_sorcerer_male","18","dark","36","8_vs_9","9"
"trans_sorcerer_male","19","white","36","8_vs_9","9"
"trans_sorcerer_male","20","brown","36","8_vs_9","9"
"trans_warlock_female","10","red","45","8_vs_9","9"
"trans_warlock_female","11","orange","45","8_vs_9","9"
"trans_warlock_female","12","gold","45","8_vs_9","9"
"trans_warlock_female","13","green","45","8_vs_9","9"
"trans_warlock_female","14","teal","45","8_vs_9","9"
"trans_warlock_female","15","blue","45","8_vs_9","9"
"trans_warlock_female","16","purple","45","8_vs_9","9"
"trans_warlock_female","17","pink","45","8_vs_9","9"
"trans_warlock_female","18","dark","45","8_vs_9","9"
"trans_warlock_female","19","white","45","8_vs_9","9"
"trans_warlock_female","20","brown","45","8_vs_9","9"
"trans_warlock_male","10","red","44","8_vs_9","9"
"trans_warlock_male","11","orange","44","8_vs_9","9"
"trans_warlock_male","12","gold","44","8_vs_9","9"
"trans_warlock_male","13","green","44","8_vs_9","9"
"trans_warlock_male","14","teal","44","8_vs_9","9"
"trans_warlock_male","15","blue","44","8_vs_9","9"
"trans_warlock_male","16","purple","44","8_vs_9","9"
"trans_warlock_male","17","pink","44","8_vs_9","9"
"trans_warlock_male","18","dark","44","8_vs_9","9"
"trans_warlock_male","19","white","44","8_vs_9","9"
"trans_warlock_male","20","brown","44","8_vs_9","9"
"trans_wizard_female","10","red","47","8_vs_9","9"
"trans_wizard_female","11","orange","47","8_vs_9","9"
"trans_wizard_female","12","gold","47","8_vs_9","9"
"trans_wizard_female","13","green","47","8_vs_9","9"
"trans_wizard_female","14","teal","47","8_vs_9","9"
"trans_wizard_female","15","blue","47","8_vs_9","9"
"trans_wizard_female","16","purple","47","8_vs_9","9"
"trans_wizard_female","17","pink","47","8_vs_9","9"
"trans_wizard_female","18","dark","47","8_vs_9","9"
"trans_wizard_female","19","white","47","8_vs_9","9"
"trans_wizard_female","20","brown","47","8_vs_9","9"
"trans_wizard_male","10","red","46","8_vs_9","9"
"trans_wizard_male","11","orange","46","8_vs_9","9"
"trans_wizard_male","12","gold","46","8_vs_9","9"
"trans_wizard_male","13","green","46","8_vs_9","9"
"trans_wizard_male","14","teal","46","8_vs_9","9"
"trans_wizard_male","15","blue","46","8_vs_9","9"
"trans_wizard_male","16","purple","46","8_vs_9","9"
"trans_wizard_male","17","pink","46","8_vs_9","9"
"trans_wizard_male","18","dark","46","8_vs_9","9"
"trans_wizard_male","19","white","46","8_vs_9","9"
"trans_wizard_male","20","brown","46","8_vs_9","9"
"troubadour_male","10","red","47","8_vs_9","9"
"troubadour_male","11","orange","47","8_vs_9","9"
"troubadour_male","12","gold","47","8_vs_9","9"
"troubadour_male","13","green","47","8_vs_9","9"
"troubadour_male","14","teal","47","8_vs_9","9"
"troubadour_male","15","blue","47","8_vs_9","9"
"troubadour_male","16","purple","47","8_vs_9","9"
"troubadour_male","17","pink","47","8_vs_9","9"
"troubadour_male","18","dark","47","8_vs_9","9"
"troubadour_male","19","white","47","8_vs_9","9"
"troubadour_male","20","brown","47","8_vs_9","9"
"troubadour_male_riding","10","red","47","8_vs_9","9"
"troubadour_male_riding","11","orange","47","8_vs_9","9"
"troubadour_male_riding","12","gold","47","8_vs_9","9"
"troubadour_male_riding","13","green","47","8_vs_9","9"
"troubadour_male_riding","14","teal","47","8_vs_9","9"
"troubadour_male_riding","15","blue","47","8_vs_9","9"
"troubadour_male_riding","16","purple","47","8_vs_9","9"
"troubadour_male_riding","17","pink","47","8_vs_9","9"
"troubadour_male_riding","18","dark","47","8_vs_9","9"
"troubadour_male_riding","19","white","47","8_vs_9","9"
"troubadour_male_riding","20","brown","47","8_vs_9","9"
"troubadour_riding_³²","10","red","47","8_vs_9","9"
"troubadour_riding_³²","11","orange","47","8_vs_9","9"
"troubadour_riding_³²","12","gold","47","8_vs_9","9"
"troubadour_riding_³²","13","green","47","8_vs_9","9"
"troubadour_riding_³²","14","teal","47","8_vs_9","9"
"troubadour_riding_³²","15","blue","47","8_vs_9","9"
"troubadour_riding_³²","16","purple","47","8_vs_9","9"
"troubadour_riding_³²","17","pink","47","8_vs_9","9"
"troubadour_riding_³²","18","dark","47","8_vs_9","9"
"troubadour_riding_³²","19","white","47","8_vs_9","9"
"troubadour_riding_³²","20","brown","47","8_vs_9","9"
"troubadour_³²","10","red","47","8_vs_9","9"
"troubadour_³²","11","orange","47","8_vs_9","9"
"troubadour_³²","12","gold","47","8_vs_9","9"
"troubadour_³²","13","green","47","8_vs_9","9"
"troubadour_³²","14","teal","47","8_vs_9","9"
"troubadour_³²","15","blue","47","8_vs_9","9"
"troubadour_³²","16","purple","47","8_vs_9","9"
"troubadour_³²","17","pink","47","8_vs_9","9"
"troubadour_³²","18","dark","47","8_vs_9","9"
"troubadour_³²","19","white","47","8_vs_9","9"
"troubadour_³²","20","brown","47","8_vs_9","9"
"trouvere_female","10","red","44","8_vs_9","9"
"trouvere_female","11","orange","44","8_vs_9","9"
"trouvere_female","12","gold","44","8_vs_9","9"
"trouvere_female","13","green","44","8_vs_9","9"
"trouvere_female","14","teal","44","8_vs_9","9"
"trouvere_female","15","blue","44","8_vs_9","9"
"trouvere_female","16","purple","44","8_vs_9","9"
"trouvere_female","17","pink","44","8_vs_9","9"
"trouvere_female","18","dark","44","8_vs_9","9"
"trouvere_female","19","white","44","8_vs_9","9"
"trouvere_female","20","brown","44","8_vs_9","9"
"trouvere_female_riding","10","red","44","8_vs_9","9"
"trouvere_female_riding","11","orange","44","8_vs_9","9"
"trouvere_female_riding","12","gold","44","8_vs_9","9"
"trouvere_female_riding","13","green","44","8_vs_9","9"
"trouvere_female_riding","14","teal","44","8_vs_9","9"
"trouvere_female_riding","15","blue","44","8_vs_9","9"
"trouvere_female_riding","16","purple","44","8_vs_9","9"
"trouvere_female_riding","17","pink","44","8_vs_9","9"
"trouvere_female_riding","18","dark","44","8_vs_9","9"
"trouvere_female_riding","19","white","44","8_vs_9","9"
"trouvere_female_riding","20","brown","44","8_vs_9","9"
"trouvere_riding_¿©","10","red","44","8_vs_9","9"
"trouvere_riding_¿©","11","orange","44","8_vs_9","9"
"trouvere_riding_¿©","12","gold","44","8_vs_9","9"
"trouvere_riding_¿©","13","green","44","8_vs_9","9"
"trouvere_riding_¿©","14","teal","44","8_vs_9","9"
"trouvere_riding_¿©","15","blue","44","8_vs_9","9"
"trouvere_riding_¿©","16","purple","44","8_vs_9","9"
"trouvere_riding_¿©","17","pink","44","8_vs_9","9"
"trouvere_riding_¿©","18","dark","44","8_vs_9","9"
"trouvere_riding_¿©","19","white","44","8_vs_9","9"
"trouvere_riding_¿©","20","brown","44","8_vs_9","9"
"trouvere_¿©","10","red","44","8_vs_9","9"
"trouvere_¿©","11","orange","44","8_vs_9","9"
"trouvere_¿©","12","gold","44","8_vs_9","9"
"trouvere_¿©","13","green","44","8_vs_9","9"
"trouvere_¿©","14","teal","44","8_vs_9","9"
"trouvere_¿©","15","blue","44","8_vs_9","9"
"trouvere_¿©","16","purple","44","8_vs_9","9"
"trouvere_¿©","17","pink","44","8_vs_9","9"
"trouvere_¿©","18","dark","44","8_vs_9","9"
"trouvere_¿©","19","white","44","8_vs_9","9"
"trouvere_¿©","20","brown","44","8_vs_9","9"
"wanderer_female","10","red","44","8_vs_9","9"
"wanderer_female","11","orange","44","8_vs_9","9"
"wanderer_female","12","gold","44","8_vs_9","9"
"wanderer_female","13","green","44","8_vs_9","9"
"wanderer_female","14","teal","44","8_vs_9","9"
"wanderer_female","15","blue","44","8_vs_9","9"
"wanderer_female","16","purple","44","8_vs_9","9"
"wanderer_female","17","pink","44","8_vs_9","9"
"wanderer_female","18","dark","44","8_vs_9","9"
"wanderer_female","19","white","44","8_vs_9","9"
"wanderer_female","20","brown","44","8_vs_9","9"
"warlock_female","10","red","45","8_vs_9","9"
"warlock_female","11","orange","45","8_vs_9","9"
"warlock_female","12","gold","45","8_vs_9","9"
"warlock_female","13","green","45","8_vs_9","9"
"warlock_female","14","teal","45","8_vs_9","9"
"warlock_female","15","blue","45","8_vs_9","9"
"warlock_female","16","purple","45","8_vs_9","9"
"warlock_female","17","pink","45","8_vs_9","9"
"warlock_female","18","dark","45","8_vs_9","9"
"warlock_female","19","white","45","8_vs_9","9"
"warlock_female","20","brown","45","8_vs_9","9"
"warlock_male","10","red","44","8_vs_9","9"
"warlock_male","11","orange","44","8_vs_9","9"
"warlock_male","12","gold","44","8_vs_9","9"
"warlock_male","13","green","44","8_vs_9","9"
"warlock_male","14","teal","44","8_vs_9","9"
"warlock_male","15","blue","44","8_vs_9","9"
"warlock_male","16","purple","44","8_vs_9","9"
"warlock_male","17","pink","44","8_vs_9","9"
"warlock_male","18","dark","44","8_vs_9","9"
"warlock_male","19","white","44","8_vs_9","9"
"warlock_male","20","brown","44","8_vs_9","9"
"whitesmith_female","10","red","63","8_vs_9","9"
"whitesmith_female","11","orange","63","8_vs_9","9"
"whitesmith_female","12","gold","63","8_vs_9","9"
"whitesmith_female","13","green","63","8_vs_9","9"
"whitesmith_female","14","teal","63","8_vs_9","9"
"whitesmith_female","15","blue","63","8_vs_9","9"
"whitesmith_female","16","purple","63","8_vs_9","9"
"whitesmith_female","17","pink","63","8_vs_9","9"
"whitesmith_female","18","dark","63","8_vs_9","9"
"whitesmith_female","19","white","63","8_vs_9","9"
"whitesmith_female","20","brown","63","8_vs_9","9"
"whitesmith_female_riding","10","red","63","8_vs_9","9"
"whitesmith_female_riding","11","orange","63","8_vs_9","9"
"whitesmith_female_riding","12","gold","63","8_vs_9","9"
"whitesmith_female_riding","13","green","63","8_vs_9","9"
"whitesmith_female_riding","14","teal","63","8_vs_9","9"
"whitesmith_female_riding","15","blue","63","8_vs_9","9"
"whitesmith_female_riding","16","purple","63","8_vs_9","9"
"whitesmith_female_riding","17","pink","63","8_vs_9","9"
"whitesmith_female_riding","18","dark","63","8_vs_9","9"
"whitesmith_female_riding","19","white","63","8_vs_9","9"
"whitesmith_female_riding","20","brown","63","8_vs_9","9"
"whitesmith_male","10","red","47","8_vs_9","9"
"whitesmith_male","11","orange","47","8_vs_9","9"
"whitesmith_male","12","gold","47","8_vs_9","9"
"whitesmith_male","13","green","47","8_vs_9","9"
"whitesmith_male","14","teal","47","8_vs_9","9"
"whitesmith_male","15","blue","47","8_vs_9","9"
"whitesmith_male","16","purple","47","8_vs_9","9"
"whitesmith_male","17","pink","47","8_vs_9","9"
"whitesmith_male","18","dark","47","8_vs_9","9"
"whitesmith_male","19","white","47","8_vs_9","9"
"whitesmith_male","20","brown","47","8_vs_9","9"
"whitesmith_male_riding","10","red","47","8_vs_9","9"
"whitesmith_male_riding","11","orange","47","8_vs_9","9"
"whitesmith_male_riding","12","gold","47","8_vs_9","9"
"whitesmith_male_riding","13","green","47","8_vs_9","9"
"whitesmith_male_riding","14","teal","47","8_vs_9","9"
"whitesmith_male_riding","15","blue","47","8_vs_9","9"
"whitesmith_male_riding","16","purple","47","8_vs_9","9"
"whitesmith_male_riding","17","pink","47","8_vs_9","9"
"whitesmith_male_riding","18","dark","47","8_vs_9","9"
"whitesmith_male_riding","19","white","47","8_vs_9","9"
"whitesmith_male_riding","20","brown","47","8_vs_9","9"
"windhawk_female","10","red","48","8_vs_9","9"
"windhawk_female","11","orange","48","8_vs_9","9"
"windhawk_female","12","gold","48","8_vs_9","9"
"windhawk_female","13","green","48","8_vs_9","9"
"windhawk_female","14","teal","48","8_vs_9","9"
"windhawk_female","15","blue","48","8_vs_9","9"
"windhawk_female","16","purple","48","8_vs_9","9"
"windhawk_female","17","pink","48","8_vs_9","9"
"windhawk_female","18","dark","48","8_vs_9","9"
"windhawk_female","19","white","48","8_vs_9","9"
"windhawk_female","20","brown","48","8_vs_9","9"
"windhawk_female_riding","10","red","48","8_vs_9","9"
"windhawk_female_riding","11","orange","48","8_vs_9","9"
"windhawk_female_riding","12","gold","48","8_vs_9","9"
"windhawk_female_riding","13","green","48","8_vs_9","9"
"windhawk_female_riding","14","teal","48","8_vs_9","9"
"windhawk_female_riding","15","blue","48","8_vs_9","9"
"windhawk_female_riding","16","purple","48","8_vs_9","9"
"windhawk_female_riding","17","pink","48","8_vs_9","9"
"windhawk_female_riding","18","dark","48","8_vs_9","9"
"windhawk_female_riding","19","white","48","8_vs_9","9"
"windhawk_female_riding","20","brown","48","8_vs_9","9"
"windhawk_male","10","red","37","8_vs_9","9"
"windhawk_male","11","orange","37","8_vs_9","9"
"windhawk_male","12","gold","37","8_vs_9","9"
"windhawk_male","13","green","37","8_vs_9","9"
"windhawk_male","14","teal","37","8_vs_9","9"
"windhawk_male","15","blue","37","8_vs_9","9"
"windhawk_male","16","purple","37","8_vs_9","9"
"windhawk_male","17","pink","37","8_vs_9","9"
"windhawk_male","18","dark","37","8_vs_9","9"
"windhawk_male","19","white","37","8_vs_9","9"
"windhawk_male","20","brown","37","8_vs_9","9"
"windhawk_male_riding","10","red","37","8_vs_9","9"
"windhawk_male_riding","11","orange","37","8_vs_9","9"
"windhawk_male_riding","12","gold","37","8_vs_9","9"
"windhawk_male_riding","13","green","37","8_vs_9","9"
"windhawk_male_riding","14","teal","37","8_vs_9","9"
"windhawk_male_riding","15","blue","37","8_vs_9","9"
"windhawk_male_riding","16","purple","37","8_vs_9","9"
"windhawk_male_riding","17","pink","37","8_vs_9","9"
"windhawk_male_riding","18","dark","37","8_vs_9","9"
"windhawk_male_riding","19","white","37","8_vs_9","9"
"windhawk_male_riding","20","brown","37","8_vs_9","9"
"windhawk_riding_³²","10","red","37","8_vs_9","9"
"windhawk_riding_³²","11","orange","37","8_vs_9","9"
"windhawk_riding_³²","12","gold","37","8_vs_9","9"
"windhawk_riding_³²","13","green","37","8_vs_9","9"
"windhawk_riding_³²","14","teal","37","8_vs_9","9"
"windhawk_riding_³²","15","blue","37","8_vs_9","9"
"windhawk_riding_³²","16","purple","37","8_vs_9","9"
"windhawk_riding_³²","17","pink","37","8_vs_9","9"
"windhawk_riding_³²","18","dark","37","8_vs_9","9"
"windhawk_riding_³²","19","white","37","8_vs_9","9"
"windhawk_riding_³²","20","brown","37","8_vs_9","9"
"windhawk_riding_¿©","10","red","48","8_vs_9","9"
"windhawk_riding_¿©","11","orange","48","8_vs_9","9"
"windhawk_riding_¿©","12","gold","48","8_vs_9","9"
"windhawk_riding_¿©","13","green","48","8_vs_9","9"
"windhawk_riding_¿©","14","teal","48","8_vs_9","9"
"windhawk_riding_¿©","15","blue","48","8_vs_9","9"
"windhawk_riding_¿©","16","purple","48","8_vs_9","9"
"windhawk_riding_¿©","17","pink","48","8_vs_9","9"
"windhawk_riding_¿©","18","dark","48","8_vs_9","9"
"windhawk_riding_¿©","19","white","48","8_vs_9","9"
"windhawk_riding_¿©","20","brown","48","8_vs_9","9"
"windhawk_³²","10","red","37","8_vs_9","9"
"windhawk_³²","11","orange","37","8_vs_9","9"
"windhawk_³²","12","gold","37","8_vs_9","9"
"windhawk_³²","13","green","37","8_vs_9","9"
"windhawk_³²","14","teal","37","8_vs_9","9"
"windhawk_³²","15","blue","37","8_vs_9","9"
"windhawk_³²","16","purple","37","8_vs_9","9"
"windhawk_³²","17","pink","37","8_vs_9","9"
"windhawk_³²","18","dark","37","8_vs_9","9"
"windhawk_³²","19","white","37","8_vs_9","9"
"windhawk_³²","20","brown","37","8_vs_9","9"
"windhawk_¿©","10","red","48","8_vs_9","9"
"windhawk_¿©","11","orange","48","8_vs_9","9"
"windhawk_¿©","12","gold","48","8_vs_9","9"
"windhawk_¿©","13","green","48","8_vs_9","9"
"windhawk_¿©","14","teal","48","8_vs_9","9"
"windhawk_¿©","15","blue","48","8_vs_9","9"
"windhawk_¿©","16","purple","48","8_vs_9","9"
"windhawk_¿©","17","pink","48","8_vs_9","9"
"windhawk_¿©","18","dark","48","8_vs_9","9"
"windhawk_¿©","19","white","48","8_vs_9","9"
"windhawk_¿©","20","brown","48","8_vs_9","9"
"wizard_female","10","red","47","8_vs_9","9"
"wizard_female","11","orange","47","8_vs_9","9"
"wizard_female","12","gold","47","8_vs_9","9"
"wizard_female","13","green","47","8_vs_9","9"
"wizard_female","14","teal","47","8_vs_9","9"
"wizard_female","15","blue","47","8_vs_9","9"
"wizard_female","16","purple","47","8_vs_9","9"
"wizard_female","17","pink","47","8_vs_9","9"
"wizard_female","18","dark","47","8_vs_9","9"
"wizard_female","19","white","47","8_vs_9","9"
"wizard_female","20","brown","47","8_vs_9","9"
"wizard_male","10","red","46","8_vs_9","9"
"wizard_male","11","orange","46","8_vs_9","9"
"wizard_male","12","gold","46","8_vs_9","9"
"wizard_male","13","green","46","8_vs_9","9"
"wizard_male","14","teal","46","8_vs_9","9"
"wizard_male","15","blue","46","8_vs_9","9"
"wizard_male","16","purple","46","8_vs_9","9"
"wizard_male","17","pink","46","8_vs_9","9"
"wizard_male","18","dark","46","8_vs_9","9"
"wizard_male","19","white","46","8_vs_9","9"
"wizard_male","20","brown","46","8_vs_9","9"
"wolf_windhawk_female","10","red","48","8_vs_9","9"
"wolf_windhawk_female","11","orange","48","8_vs_9","9"
"wolf_windhawk_female","12","gold","48","8_vs_9","9"
"wolf_windhawk_female","13","green","48","8_vs_9","9"
"wolf_windhawk_female","14","teal","48","8_vs_9","9"
"wolf_windhawk_female","15","blue","48","8_vs_9","9"
"wolf_windhawk_female","16","purple","48","8_vs_9","9"
"wolf_windhawk_female","17","pink","48","8_vs_9","9"
"wolf_windhawk_female","18","dark","48","8_vs_9","9"
"wolf_windhawk_female","19","white","48","8_vs_9","9"
"wolf_windhawk_female","20","brown","48","8_vs_9","9"
"wolf_windhawk_male","10","red","37","8_vs_9","9"
"wolf_windhawk_male","11","orange","37","8_vs_9","9"
"wolf_windhawk_male","12","gold","37","8_vs_9","9"
"wolf_windhawk_male","13","green","37","8_vs_9","9"
"wolf_windhawk_male","14","teal","37","8_vs_9","9"
"wolf_windhawk_male","15","blue","37","8_vs_9","9"
"wolf_windhawk_male","16","purple","37","8_vs_9","9"
"wolf_windhawk_male","17","pink","37","8_vs_9","9"
"wolf_windhawk_male","18","dark","37","8_vs_9","9"
"wolf_windhawk_male","19","white","37","8_vs_9","9"
"wolf_windhawk_male","20","brown","37","8_vs_9","9"
"wolf_windhawk_³²","10","red","37","8_vs_9","9"
"wolf_windhawk_³²","11","orange","37","8_vs_9","9"
"wolf_windhawk_³²","12","gold","37","8_vs_9","9"
"wolf_windhawk_³²","13","green","37","8_vs_9","9"
"wolf_windhawk_³²","14","teal","37","8_vs_9","9"
"wolf_windhawk_³²","15","blue","37","8_vs_9","9"
"wolf_windhawk_³²","16","purple","37","8_vs_9","9"
"wolf_windhawk_³²","17","pink","37","8_vs_9","9"
"wolf_windhawk_³²","18","dark","37","8_vs_9","9"
"wolf_windhawk_³²","19","white","37","8_vs_9","9"
"wolf_windhawk_³²","20","brown","37","8_vs_9","9"
"wolf_windhawk_¿©","10","red","48","8_vs_9","9"
"wolf_windhawk_¿©","11","orange","48","8_vs_9","9"
"wolf_windhawk_¿©","12","gold","48","8_vs_9","9"
"wolf_windhawk_¿©","13","green","48","8_vs_9","9"
"wolf_windhawk_¿©","14","teal","48","8_vs_9","9"
"wolf_windhawk_¿©","15","blue","48","8_vs_9","9"
"wolf_windhawk_¿©","16","purple","48","8_vs_9","9"
"wolf_windhawk_¿©","17","pink","48","8_vs_9","9"
"wolf_windhawk_¿©","18","dark","48","8_vs_9","9"
"wolf_windhawk_¿©","19","white","48","8_vs_9","9"
"wolf_windhawk_¿©","20","brown","48","8_vs_9","9"
"°áÈ¥_³²","10","red","0","8_vs_9","9"
"°áÈ¥_³²","11","orange","0","8_vs_9","9"
"°áÈ¥_³²","12","gold","0","8_vs_9","9"
"°áÈ¥_³²","13","green","0","8_vs_9","9"
"°áÈ¥_³²","14","teal","0","8_vs_9","9"
"°áÈ¥_³²","15","blue","0","8_vs_9","9"
"°áÈ¥_³²","16","purple","0","8_vs_9","9"
"°áÈ¥_³²","17","pink","0","8_vs_9","9"
"°áÈ¥_³²","18","dark","0","8_vs_9","9"
"°áÈ¥_³²","19","white","0","8_vs_9","9"
"°áÈ¥_³²","20","brown","0","8_vs_9","9"
"°áÈ¥_¿©","10","red","0","8_vs_9","9"
"°áÈ¥_¿©","11","orange","0","8_vs_9","9"
"°áÈ¥_¿©","12","gold","0","8_vs_9","9"
"°áÈ¥_¿©","13","green","0","8_vs_9","9"
"°áÈ¥_¿©","14","teal","0","8_vs_9","9"
"°áÈ¥_¿©","15","blue","0","8_vs_9","9"
"°áÈ¥_¿©","16","purple","0","8_vs_9","9"
"°áÈ¥_¿©","17","pink","0","8_vs_9","9"
"°áÈ¥_¿©","18","dark","0","8_vs_9","9"
"°áÈ¥_¿©","19","white","0","8_vs_9","9"
"°áÈ¥_¿©","20","brown","0","8_vs_9","9"
"°Ç³Ê_³²","10","red","41","8_vs_9","9"
"°Ç³Ê_³²","11","orange","41","8_vs_9","9"
"°Ç³Ê_³²","12","gold","41","8_vs_9","9"
"°Ç³Ê_³²","13","green","41","8_vs_9","9"
"°Ç³Ê_³²","14","teal","41","8_vs_9","9"
"°Ç³Ê_³²","15","blue","41","8_vs_9","9"
"°Ç³Ê_³²","16","purple","41","8_vs_9","9"
"°Ç³Ê_³²","17","pink","41","8_vs_9","9"
"°Ç³Ê_³²","18","dark","41","8_vs_9","9"
"°Ç³Ê_³²","19","white","41","8_vs_9","9"
"°Ç³Ê_³²","20","brown","41","8_vs_9","9"
"°Ç³Ê_¿©","10","red","40","8_vs_9","9"
"°Ç³Ê_¿©","11","orange","40","8_vs_9","9"
"°Ç³Ê_¿©","12","gold","40","8_vs_9","9"
"°Ç³Ê_¿©","13","green","40","8_vs_9","9"
"°Ç³Ê_¿©","14","teal","40","8_vs_9","9"
"°Ç³Ê_¿©","15","blue","40","8_vs_9","9"
"°Ç³Ê_¿©","16","purple","40","8_vs_9","9"
"°Ç³Ê_¿©","17","pink","40","8_vs_9","9"
"°Ç³Ê_¿©","18","dark","40","8_vs_9","9"
"°Ç³Ê_¿©","19","white","40","8_vs_9","9"
"°Ç³Ê_¿©","20","brown","40","8_vs_9","9"
"°Ë»ç_³²","10","red","31","8_vs_9","9"
"°Ë»ç_³²","11","orange","31","8_vs_9","9"
"°Ë»ç_³²","12","gold","31","8_vs_9","9"
"°Ë»ç_³²","13","green","31","8_vs_9","9"
"°Ë»ç_³²","14","teal","31","8_vs_9","9"
"°Ë»ç_³²","15","blue","31","8_vs_9","9"
"°Ë»ç_³²","16","purple","31","8_vs_9","9"
"°Ë»ç_³²","17","pink","31","8_vs_9","9"
"°Ë»ç_³²","18","dark","31","8_vs_9","9"
"°Ë»ç_³²","19","white","31","8_vs_9","9"
"°Ë»ç_³²","20","brown","31","8_vs_9","9"
"°Ë»ç_¿©","10","red","23","8_vs_9","9"
"°Ë»ç_¿©","11","orange","23","8_vs_9","9"
"°Ë»ç_¿©","12","gold","23","8_vs_9","9"
"°Ë»ç_¿©","13","green","23","8_vs_9","9"
"°Ë»ç_¿©","14","teal","23","8_vs_9","9"
"°Ë»ç_¿©","15","blue","23","8_vs_9","9"
"°Ë»ç_¿©","16","purple","23","8_vs_9","9"
"°Ë»ç_¿©","17","pink","23","8_vs_9","9"
"°Ë»ç_¿©","18","dark","23","8_vs_9","9"
"°Ë»ç_¿©","19","white","23","8_vs_9","9"
"°Ë»ç_¿©","20","brown","23","8_vs_9","9"
"°Ë»çÆäÄÚ_³²","10","red","31","8_vs_9","9"
"°Ë»çÆäÄÚ_³²","11","orange","31","8_vs_9","9"
"°Ë»çÆäÄÚ_³²","12","gold","31","8_vs_9","9"
"°Ë»çÆäÄÚ_³²","13","green","31","8_vs_9","9"
"°Ë»çÆäÄÚ_³²","14","teal","31","8_vs_9","9"
"°Ë»çÆäÄÚ_³²","15","blue","31","8_vs_9","9"
"°Ë»çÆäÄÚ_³²","16","purple","31","8_vs_9","9"
"°Ë»çÆäÄÚ_³²","17","pink","31","8_vs_9","9"
"°Ë»çÆäÄÚ_³²","18","dark","31","8_vs_9","9"
"°Ë»çÆäÄÚ_³²","19","white","31","8_vs_9","9"
"°Ë»çÆäÄÚ_³²","20","brown","31","8_vs_9","9"
"°Ë»çÆäÄÚ_¿©","10","red","23","8_vs_9","9"
"°Ë»çÆäÄÚ_¿©","11","orange","23","8_vs_9","9"
"°Ë»çÆäÄÚ_¿©","12","gold","23","8_vs_9","9"
"°Ë»çÆäÄÚ_¿©","13","green","23","8_vs_9","9"
"°Ë»çÆäÄÚ_¿©","14","teal","23","8_vs_9","9"
"°Ë»çÆäÄÚ_¿©","15","blue","23","8_vs_9","9"
"°Ë»çÆäÄÚ_¿©","16","purple","23","8_vs_9","9"
"°Ë»çÆäÄÚ_¿©","17","pink","23","8_vs_9","9"
"°Ë»çÆäÄÚ_¿©","18","dark","23","8_vs_9","9"
"°Ë»çÆäÄÚ_¿©","19","white","23","8_vs_9","9"
"°Ë»çÆäÄÚ_¿©","20","brown","23","8_vs_9","9"
"±â»ç_³²","10","red","55","8_vs_9","9"
"±â»ç_³²","11","orange","55","8_vs_9","9"
"±â»ç_³²","12","gold","55","8_vs_9","9"
"±â»ç_³²","13","green","55","8_vs_9","9"
"±â»ç_³²","14","teal","55","8_vs_9","9"
"±â»ç_³²","15","blue","55","8_vs_9","9"
"±â»ç_³²","16","purple","55","8_vs_9","9"
"±â»ç_³²","17","pink","55","8_vs_9","9"
"±â»ç_³²","18","dark","55","8_vs_9","9"
"±â»ç_³²","19","white","55","8_vs_9","9"
"±â»ç_³²","20","brown","55","8_vs_9","9"
"±â»ç_¿©","10","red","71","8_vs_9","9"
"±â»ç_¿©","11","orange","71","8_vs_9","9"
"±â»ç_¿©","12","gold","71","8_vs_9","9"
"±â»ç_¿©","13","green","71","8_vs_9","9"
"±â»ç_¿©","14","teal","71","8_vs_9","9"
"±â»ç_¿©","15","blue","71","8_vs_9","9"
"±â»ç_¿©","16","purple","71","8_vs_9","9"
"±â»ç_¿©","17","pink","71","8_vs_9","9"
"±â»ç_¿©","18","dark","71","8_vs_9","9"
"±â»ç_¿©","19","white","71","8_vs_9","9"
"±â»ç_¿©","20","brown","71","8_vs_9","9"
"±Ã¼ö_³²","10","red","55","8_vs_9","9"
"±Ã¼ö_³²","11","orange","55","8_vs_9","9"
"±Ã¼ö_³²","12","gold","55","8_vs_9","9"
"±Ã¼ö_³²","13","green","55","8_vs_9","9"
"±Ã¼ö_³²","14","teal","55","8_vs_9","9"
"±Ã¼ö_³²","15","blue","55","8_vs_9","9"
"±Ã¼ö_³²","16","purple","55","8_vs_9","9"
"±Ã¼ö_³²","17","pink","55","8_vs_9","9"
"±Ã¼ö_³²","18","dark","55","8_vs_9","9"
"±Ã¼ö_³²","19","white","55","8_vs_9","9"
"±Ã¼ö_³²","20","brown","55","8_vs_9","9"
"±Ã¼ö_¿©","10","red","30","8_vs_9","9"
"±Ã¼ö_¿©","11","orange","30","8_vs_9","9"
"±Ã¼ö_¿©","12","gold","30","8_vs_9","9"
"±Ã¼ö_¿©","13","green","30","8_vs_9","9"
"±Ã¼ö_¿©","14","teal","30","8_vs_9","9"
"±Ã¼ö_¿©","15","blue","30","8_vs_9","9"
"±Ã¼ö_¿©","16","purple","30","8_vs_9","9"
"±Ã¼ö_¿©","17","pink","30","8_vs_9","9"
"±Ã¼ö_¿©","18","dark","30","8_vs_9","9"
"±Ã¼ö_¿©","19","white","30","8_vs_9","9"
"±Ã¼ö_¿©","20","brown","30","8_vs_9","9"
"±æ·ÎÆ¾Å©·Î½º_³²","10","red","46","8_vs_9","9"
"±æ·ÎÆ¾Å©·Î½º_³²","11","orange","46","8_vs_9","9"
"±æ·ÎÆ¾Å©·Î½º_³²","12","gold","46","8_vs_9","9"
"±æ·ÎÆ¾Å©·Î½º_³²","13","green","46","8_vs_9","9"
"±æ·ÎÆ¾Å©·Î½º_³²","14","teal","46","8_vs_9","9"
"±æ·ÎÆ¾Å©·Î½º_³²","15","blue","46","8_vs_9","9"
"±æ·ÎÆ¾Å©·Î½º_³²","16","purple","46","8_vs_9","9"
"±æ·ÎÆ¾Å©·Î½º_³²","17","pink","46","8_vs_9","9"
"±æ·ÎÆ¾Å©·Î½º_³²","18","dark","46","8_vs_9","9"
"±æ·ÎÆ¾Å©·Î½º_³²","19","white","46","8_vs_9","9"
"±æ·ÎÆ¾Å©·Î½º_³²","20","brown","46","8_vs_9","9"
"±æ·ÎÆ¾Å©·Î½º_¿©","10","red","38","8_vs_9","9"
"±æ·ÎÆ¾Å©·Î½º_¿©","11","orange","38","8_vs_9","9"
"±æ·ÎÆ¾Å©·Î½º_¿©","12","gold","38","8_vs_9","9"
"±æ·ÎÆ¾Å©·Î½º_¿©","13","green","38","8_vs_9","9"
"±æ·ÎÆ¾Å©·Î½º_¿©","14","teal","38","8_vs_9","9"
"±æ·ÎÆ¾Å©·Î½º_¿©","15","blue","38","8_vs_9","9"
"±æ·ÎÆ¾Å©·Î½º_¿©","16","purple","38","8_vs_9","9"
"±æ·ÎÆ¾Å©·Î½º_¿©","17","pink","38","8_vs_9","9"
"±æ·ÎÆ¾Å©·Î½º_¿©","18","dark","38","8_vs_9","9"
"±æ·ÎÆ¾Å©·Î½º_¿©","19","white","38","8_vs_9","9"
"±æ·ÎÆ¾Å©·Î½º_¿©","20","brown","38","8_vs_9","9"
"±Ç¼º_³²","10","red","57","8_vs_9","9"
"±Ç¼º_³²","11","orange","57","8_vs_9","9"
"±Ç¼º_³²","12","gold","57","8_vs_9","9"
"±Ç¼º_³²","13","green","57","8_vs_9","9"
"±Ç¼º_³²","14","teal","57","8_vs_9","9"
"±Ç¼º_³²","15","blue","57","8_vs_9","9"
"±Ç¼º_³²","16","purple","57","8_vs_9","9"
"±Ç¼º_³²","17","pink","57","8_vs_9","9"
"±Ç¼º_³²","18","dark","57","8_vs_9","9"
"±Ç¼º_³²","19","white","57","8_vs_9","9"
"±Ç¼º_³²","20","brown","57","8_vs_9","9"
"±Ç¼º_¿©","10","red","57","8_vs_9","9"
"±Ç¼º_¿©","11","orange","57","8_vs_9","9"
"±Ç¼º_¿©","12","gold","57","8_vs_9","9"
"±Ç¼º_¿©","13","green","57","8_vs_9","9"
"±Ç¼º_¿©","14","teal","57","8_vs_9","9"
"±Ç¼º_¿©","15","blue","57","8_vs_9","9"
"±Ç¼º_¿©","16","purple","57","8_vs_9","9"
"±Ç¼º_¿©","17","pink","57","8_vs_9","9"
"±Ç¼º_¿©","18","dark","57","8_vs_9","9"
"±Ç¼º_¿©","19","white","57","8_vs_9","9"
"±Ç¼º_¿©","20","brown","57","8_vs_9","9"
"±Ç¼ºÀ¶ÇÕ_³²","10","red","57","8_vs_9","9"
"±Ç¼ºÀ¶ÇÕ_³²","11","orange","57","8_vs_9","9"
"±Ç¼ºÀ¶ÇÕ_³²","12","gold","57","8_vs_9","9"
"±Ç¼ºÀ¶ÇÕ_³²","13","green","57","8_vs_9","9"
"±Ç¼ºÀ¶ÇÕ_³²","14","teal","57","8_vs_9","9"
"±Ç¼ºÀ¶ÇÕ_³²","15","blue","57","8_vs_9","9"
"±Ç¼ºÀ¶ÇÕ_³²","16","purple","57","8_vs_9","9"
"±Ç¼ºÀ¶ÇÕ_³²","17","pink","57","8_vs_9","9"
"±Ç¼ºÀ¶ÇÕ_³²","18","dark","57","8_vs_9","9"
"±Ç¼ºÀ¶ÇÕ_³²","19","white","57","8_vs_9","9"
"±Ç¼ºÀ¶ÇÕ_³²","20","brown","57","8_vs_9","9"
"±Ç¼ºÀ¶ÇÕ_¿©","10","red","57","8_vs_9","9"
"±Ç¼ºÀ¶ÇÕ_¿©","11","orange","57","8_vs_9","9"
"±Ç¼ºÀ¶ÇÕ_¿©","12","gold","57","8_vs_9","9"
"±Ç¼ºÀ¶ÇÕ_¿©","13","green","57","8_vs_9","9"
"±Ç¼ºÀ¶ÇÕ_¿©","14","teal","57","8_vs_9","9"
"±Ç¼ºÀ¶ÇÕ_¿©","15","blue","57","8_vs_9","9"
"±Ç¼ºÀ¶ÇÕ_¿©","16","purple","57","8_vs_9","9"
"±Ç¼ºÀ¶ÇÕ_¿©","17","pink","57","8_vs_9","9"
"±Ç¼ºÀ¶ÇÕ_¿©","18","dark","57","8_vs_9","9"
"±Ç¼ºÀ¶ÇÕ_¿©","19","white","57","8_vs_9","9"
"±Ç¼ºÀ¶ÇÕ_¿©","20","brown","57","8_vs_9","9"
"±Ç¼ºÆ÷¸µ_³²","10","red","57","8_vs_9","9"
"±Ç¼ºÆ÷¸µ_³²","11","orange","57","8_vs_9","9"
"±Ç¼ºÆ÷¸µ_³²","12","gold","57","8_vs_9","9"
"±Ç¼ºÆ÷¸µ_³²","13","green","57","8_vs_9","9"
"±Ç¼ºÆ÷¸µ_³²","14","teal","57","8_vs_9","9"
"±Ç¼ºÆ÷¸µ_³²","15","blue","57","8_vs_9","9"
"±Ç¼ºÆ÷¸µ_³²","16","purple","57","8_vs_9","9"
"±Ç¼ºÆ÷¸µ_³²","17","pink","57","8_vs_9","9"
"±Ç¼ºÆ÷¸µ_³²","18","dark","57","8_vs_9","9"
"±Ç¼ºÆ÷¸µ_³²","19","white","57","8_vs_9","9"
"±Ç¼ºÆ÷¸µ_³²","20","brown","57","8_vs_9","9"
"±Ç¼ºÆ÷¸µ_¿©","10","red","57","8_vs_9","9"
"±Ç¼ºÆ÷¸µ_¿©","11","orange","57","8_vs_9","9"
"±Ç¼ºÆ÷¸µ_¿©","12","gold","57","8_vs_9","9"
"±Ç¼ºÆ÷¸µ_¿©","13","green","57","8_vs_9","9"
"±Ç¼ºÆ÷¸µ_¿©","14","teal","57","8_vs_9","9"
"±Ç¼ºÆ÷¸µ_¿©","15","blue","57","8_vs_9","9"
"±Ç¼ºÆ÷¸µ_¿©","16","purple","57","8_vs_9","9"
"±Ç¼ºÆ÷¸µ_¿©","17","pink","57","8_vs_9","9"
"±Ç¼ºÆ÷¸µ_¿©","18","dark","57","8_vs_9","9"
"±Ç¼ºÆ÷¸µ_¿©","19","white","57","8_vs_9","9"
"±Ç¼ºÆ÷¸µ_¿©","20","brown","57","8_vs_9","9"
"±×¸®Æù·Î¾â_³²","10","red","23","8_vs_9","9"
"±×¸®Æù·Î¾â_³²","11","orange","23","8_vs_9","9"
"±×¸®Æù·Î¾â_³²","12","gold","23","8_vs_9","9"
"±×¸®Æù·Î¾â_³²","13","green","23","8_vs_9","9"
"±×¸®Æù·Î¾â_³²","14","teal","23","8_vs_9","9"
"±×¸®Æù·Î¾â_³²","15","blue","23","8_vs_9","9"
"±×¸®Æù·Î¾â_³²","16","purple","23","8_vs_9","9"
"±×¸®Æù·Î¾â_³²","17","pink","23","8_vs_9","9"
"±×¸®Æù·Î¾â_³²","18","dark","23","8_vs_9","9"
"±×¸®Æù·Î¾â_³²","19","white","23","8_vs_9","9"
"±×¸®Æù·Î¾â_³²","20","brown","23","8_vs_9","9"
"±×¸®Æù·Î¾â_¿©","10","red","23","8_vs_9","9"
"±×¸®Æù·Î¾â_¿©","11","orange","23","8_vs_9","9"
"±×¸®Æù·Î¾â_¿©","12","gold","23","8_vs_9","9"
"±×¸®Æù·Î¾â_¿©","13","green","23","8_vs_9","9"
"±×¸®Æù·Î¾â_¿©","14","teal","23","8_vs_9","9"
"±×¸®Æù·Î¾â_¿©","15","blue","23","8_vs_9","9"
"±×¸®Æù·Î¾â_¿©","16","purple","23","8_vs_9","9"
"±×¸®Æù·Î¾â_¿©","17","pink","23","8_vs_9","9"
"±×¸®Æù·Î¾â_¿©","18","dark","23","8_vs_9","9"
"±×¸®Æù·Î¾â_¿©","19","white","23","8_vs_9","9"
"±×¸®Æù·Î¾â_¿©","20","brown","23","8_vs_9","9"
"´í¼­_¿©","10","red","71","8_vs_9","9"
"´í¼­_¿©","11","orange","71","8_vs_9","9"
"´í¼­_¿©","12","gold","71","8_vs_9","9"
"´í¼­_¿©","13","green","71","8_vs_9","9"
"´í¼­_¿©","14","teal","71","8_vs_9","9"
"´í¼­_¿©","15","blue","71","8_vs_9","9"
"´í¼­_¿©","16","purple","71","8_vs_9","9"
"´í¼­_¿©","17","pink","71","8_vs_9","9"
"´í¼­_¿©","18","dark","71","8_vs_9","9"
"´í¼­_¿©","19","white","71","8_vs_9","9"
"´í¼­_¿©","20","brown","71","8_vs_9","9"
"´ÑÀÚ_³²","10","red","49","8_vs_9","9"
"´ÑÀÚ_³²","11","orange","49","8_vs_9","9"
"´ÑÀÚ_³²","12","gold","49","8_vs_9","9"
"´ÑÀÚ_³²","13","green","49","8_vs_9","9"
"´ÑÀÚ_³²","14","teal","49","8_vs_9","9"
"´ÑÀÚ_³²","15","blue","49","8_vs_9","9"
"´ÑÀÚ_³²","16","purple","49","8_vs_9","9"
"´ÑÀÚ_³²","17","pink","49","8_vs_9","9"
"´ÑÀÚ_³²","18","dark","49","8_vs_9","9"
"´ÑÀÚ_³²","19","white","49","8_vs_9","9"
"´ÑÀÚ_³²","20","brown","49","8_vs_9","9"
"´ÑÀÚ_¿©","10","red","49","8_vs_9","9"
"´ÑÀÚ_¿©","11","orange","49","8_vs_9","9"
"´ÑÀÚ_¿©","12","gold","49","8_vs_9","9"
"´ÑÀÚ_¿©","13","green","49","8_vs_9","9"
"´ÑÀÚ_¿©","14","teal","49","8_vs_9","9"
"´ÑÀÚ_¿©","15","blue","49","8_vs_9","9"
"´ÑÀÚ_¿©","16","purple","49","8_vs_9","9"
"´ÑÀÚ_¿©","17","pink","49","8_vs_9","9"
"´ÑÀÚ_¿©","18","dark","49","8_vs_9","9"
"´ÑÀÚ_¿©","19","white","49","8_vs_9","9"
"´ÑÀÚ_¿©","20","brown","49","8_vs_9","9"
"µµµÏ_³²","10","red","14","8_vs_9","9"
"µµµÏ_³²","11","orange","14","8_vs_9","9"
"µµµÏ_³²","12","gold","14","8_vs_9","9"
"µµµÏ_³²","13","green","14","8_vs_9","9"
"µµµÏ_³²","14","teal","14","8_vs_9","9"
"µµµÏ_³²","15","blue","14","8_vs_9","9"
"µµµÏ_³²","16","purple","14","8_vs_9","9"
"µµµÏ_³²","17","pink","14","8_vs_9","9"
"µµµÏ_³²","18","dark","14","8_vs_9","9"
"µµµÏ_³²","19","white","14","8_vs_9","9"
"µµµÏ_³²","20","brown","14","8_vs_9","9"
"µµµÏ_¿©","10","red","30","8_vs_9","9"
"µµµÏ_¿©","11","orange","30","8_vs_9","9"
"µµµÏ_¿©","12","gold","30","8_vs_9","9"
"µµµÏ_¿©","13","green","30","8_vs_9","9"
"µµµÏ_¿©","14","teal","30","8_vs_9","9"
"µµµÏ_¿©","15","blue","30","8_vs_9","9"
"µµµÏ_¿©","16","purple","30","8_vs_9","9"
"µµµÏ_¿©","17","pink","30","8_vs_9","9"
"µµµÏ_¿©","18","dark","30","8_vs_9","9"
"µµµÏ_¿©","19","white","30","8_vs_9","9"
"µµµÏ_¿©","20","brown","30","8_vs_9","9"
"µÎ²¨ºñ´ÑÀÚ_³²","10","red","49","8_vs_9","9"
"µÎ²¨ºñ´ÑÀÚ_³²","11","orange","49","8_vs_9","9"
"µÎ²¨ºñ´ÑÀÚ_³²","12","gold","49","8_vs_9","9"
"µÎ²¨ºñ´ÑÀÚ_³²","13","green","49","8_vs_9","9"
"µÎ²¨ºñ´ÑÀÚ_³²","14","teal","49","8_vs_9","9"
"µÎ²¨ºñ´ÑÀÚ_³²","15","blue","49","8_vs_9","9"
"µÎ²¨ºñ´ÑÀÚ_³²","16","purple","49","8_vs_9","9"
"µÎ²¨ºñ´ÑÀÚ_³²","17","pink","49","8_vs_9","9"
"µÎ²¨ºñ´ÑÀÚ_³²","18","dark","49","8_vs_9","9"
"µÎ²¨ºñ´ÑÀÚ_³²","19","white","49","8_vs_9","9"
"µÎ²¨ºñ´ÑÀÚ_³²","20","brown","49","8_vs_9","9"
"µÎ²¨ºñ´ÑÀÚ_¿©","10","red","49","8_vs_9","9"
"µÎ²¨ºñ´ÑÀÚ_¿©","11","orange","49","8_vs_9","9"
"µÎ²¨ºñ´ÑÀÚ_¿©","12","gold","49","8_vs_9","9"
"µÎ²¨ºñ´ÑÀÚ_¿©","13","green","49","8_vs_9","9"
"µÎ²¨ºñ´ÑÀÚ_¿©","14","teal","49","8_vs_9","9"
"µÎ²¨ºñ´ÑÀÚ_¿©","15","blue","49","8_vs_9","9"
"µÎ²¨ºñ´ÑÀÚ_¿©","16","purple","49","8_vs_9","9"
"µÎ²¨ºñ´ÑÀÚ_¿©","17","pink","49","8_vs_9","9"
"µÎ²¨ºñ´ÑÀÚ_¿©","18","dark","49","8_vs_9","9"
"µÎ²¨ºñ´ÑÀÚ_¿©","19","white","49","8_vs_9","9"
"µÎ²¨ºñ´ÑÀÚ_¿©","20","brown","49","8_vs_9","9"
"µÎ²¨ºñ¼Ò¿ï¸µÄ¿_³²","10","red","82","8_vs_9","9"
"µÎ²¨ºñ¼Ò¿ï¸µÄ¿_³²","11","orange","82","8_vs_9","9"
"µÎ²¨ºñ¼Ò¿ï¸µÄ¿_³²","12","gold","82","8_vs_9","9"
"µÎ²¨ºñ¼Ò¿ï¸µÄ¿_³²","13","green","82","8_vs_9","9"
"µÎ²¨ºñ¼Ò¿ï¸µÄ¿_³²","14","teal","82","8_vs_9","9"
"µÎ²¨ºñ¼Ò¿ï¸µÄ¿_³²","15","blue","82","8_vs_9","9"
"µÎ²¨ºñ¼Ò¿ï¸µÄ¿_³²","16","purple","82","8_vs_9","9"
"µÎ²¨ºñ¼Ò¿ï¸µÄ¿_³²","17","pink","82","8_vs_9","9"
"µÎ²¨ºñ¼Ò¿ï¸µÄ¿_³²","18","dark","82","8_vs_9","9"
"µÎ²¨ºñ¼Ò¿ï¸µÄ¿_³²","19","white","82","8_vs_9","9"
"µÎ²¨ºñ¼Ò¿ï¸µÄ¿_³²","20","brown","82","8_vs_9","9"
"µÎ²¨ºñ¼Ò¿ï¸µÄ¿_¿©","10","red","48","8_vs_9","9"
"µÎ²¨ºñ¼Ò¿ï¸µÄ¿_¿©","11","orange","48","8_vs_9","9"
"µÎ²¨ºñ¼Ò¿ï¸µÄ¿_¿©","12","gold","48","8_vs_9","9"
"µÎ²¨ºñ¼Ò¿ï¸µÄ¿_¿©","13","green","48","8_vs_9","9"
"µÎ²¨ºñ¼Ò¿ï¸µÄ¿_¿©","14","teal","48","8_vs_9","9"
"µÎ²¨ºñ¼Ò¿ï¸µÄ¿_¿©","15","blue","48","8_vs_9","9"
"µÎ²¨ºñ¼Ò¿ï¸µÄ¿_¿©","16","purple","48","8_vs_9","9"
"µÎ²¨ºñ¼Ò¿ï¸µÄ¿_¿©","17","pink","48","8_vs_9","9"
"µÎ²¨ºñ¼Ò¿ï¸µÄ¿_¿©","18","dark","48","8_vs_9","9"
"µÎ²¨ºñ¼Ò¿ï¸µÄ¿_¿©","19","white","48","8_vs_9","9"
"µÎ²¨ºñ¼Ò¿ï¸µÄ¿_¿©","20","brown","48","8_vs_9","9"
"·¹ÀÎÀú_³²","10","red","37","8_vs_9","9"
"·¹ÀÎÀú_³²","11","orange","37","8_vs_9","9"
"·¹ÀÎÀú_³²","12","gold","37","8_vs_9","9"
"·¹ÀÎÀú_³²","13","green","37","8_vs_9","9"
"·¹ÀÎÀú_³²","14","teal","37","8_vs_9","9"
"·¹ÀÎÀú_³²","15","blue","37","8_vs_9","9"
"·¹ÀÎÀú_³²","16","purple","37","8_vs_9","9"
"·¹ÀÎÀú_³²","17","pink","37","8_vs_9","9"
"·¹ÀÎÀú_³²","18","dark","37","8_vs_9","9"
"·¹ÀÎÀú_³²","19","white","37","8_vs_9","9"
"·¹ÀÎÀú_³²","20","brown","37","8_vs_9","9"
"·¹ÀÎÀú_¿©","10","red","48","8_vs_9","9"
"·¹ÀÎÀú_¿©","11","orange","48","8_vs_9","9"
"·¹ÀÎÀú_¿©","12","gold","48","8_vs_9","9"
"·¹ÀÎÀú_¿©","13","green","48","8_vs_9","9"
"·¹ÀÎÀú_¿©","14","teal","48","8_vs_9","9"
"·¹ÀÎÀú_¿©","15","blue","48","8_vs_9","9"
"·¹ÀÎÀú_¿©","16","purple","48","8_vs_9","9"
"·¹ÀÎÀú_¿©","17","pink","48","8_vs_9","9"
"·¹ÀÎÀú_¿©","18","dark","48","8_vs_9","9"
"·¹ÀÎÀú_¿©","19","white","48","8_vs_9","9"
"·¹ÀÎÀú_¿©","20","brown","48","8_vs_9","9"
"·é³ªÀÌÆ®_³²","10","red","49","8_vs_9","9"
"·é³ªÀÌÆ®_³²","11","orange","49","8_vs_9","9"
"·é³ªÀÌÆ®_³²","12","gold","49","8_vs_9","9"
"·é³ªÀÌÆ®_³²","13","green","49","8_vs_9","9"
"·é³ªÀÌÆ®_³²","14","teal","49","8_vs_9","9"
"·é³ªÀÌÆ®_³²","15","blue","49","8_vs_9","9"
"·é³ªÀÌÆ®_³²","16","purple","49","8_vs_9","9"
"·é³ªÀÌÆ®_³²","17","pink","49","8_vs_9","9"
"·é³ªÀÌÆ®_³²","18","dark","49","8_vs_9","9"
"·é³ªÀÌÆ®_³²","19","white","49","8_vs_9","9"
"·é³ªÀÌÆ®_³²","20","brown","49","8_vs_9","9"
"·é³ªÀÌÆ®_¿©","10","red","48","8_vs_9","9"
"·é³ªÀÌÆ®_¿©","11","orange","48","8_vs_9","9"
"·é³ªÀÌÆ®_¿©","12","gold","48","8_vs_9","9"
"·é³ªÀÌÆ®_¿©","13","green","48","8_vs_9","9"
"·é³ªÀÌÆ®_¿©","14","teal","48","8_vs_9","9"
"·é³ªÀÌÆ®_¿©","15","blue","48","8_vs_9","9"
"·é³ªÀÌÆ®_¿©","16","purple","48","8_vs_9","9"
"·é³ªÀÌÆ®_¿©","17","pink","48","8_vs_9","9"
"·é³ªÀÌÆ®_¿©","18","dark","48","8_vs_9","9"
"·é³ªÀÌÆ®_¿©","19","white","48","8_vs_9","9"
"·é³ªÀÌÆ®_¿©","20","brown","48","8_vs_9","9"
"·é³ªÀÌÆ®»Ú¶ì_³²","10","red","49","8_vs_9","9"
"·é³ªÀÌÆ®»Ú¶ì_³²","11","orange","49","8_vs_9","9"
"·é³ªÀÌÆ®»Ú¶ì_³²","12","gold","49","8_vs_9","9"
"·é³ªÀÌÆ®»Ú¶ì_³²","13","green","49","8_vs_9","9"
"·é³ªÀÌÆ®»Ú¶ì_³²","14","teal","49","8_vs_9","9"
"·é³ªÀÌÆ®»Ú¶ì_³²","15","blue","49","8_vs_9","9"
"·é³ªÀÌÆ®»Ú¶ì_³²","16","purple","49","8_vs_9","9"
"·é³ªÀÌÆ®»Ú¶ì_³²","17","pink","49","8_vs_9","9"
"·é³ªÀÌÆ®»Ú¶ì_³²","18","dark","49","8_vs_9","9"
"·é³ªÀÌÆ®»Ú¶ì_³²","19","white","49","8_vs_9","9"
"·é³ªÀÌÆ®»Ú¶ì_³²","20","brown","49","8_vs_9","9"
"·é³ªÀÌÆ®»Ú¶ì_¿©","10","red","48","8_vs_9","9"
"·é³ªÀÌÆ®»Ú¶ì_¿©","11","orange","48","8_vs_9","9"
"·é³ªÀÌÆ®»Ú¶ì_¿©","12","gold","48","8_vs_9","9"
"·é³ªÀÌÆ®»Ú¶ì_¿©","13","green","48","8_vs_9","9"
"·é³ªÀÌÆ®»Ú¶ì_¿©","14","teal","48","8_vs_9","9"
"·é³ªÀÌÆ®»Ú¶ì_¿©","15","blue","48","8_vs_9","9"
"·é³ªÀÌÆ®»Ú¶ì_¿©","16","purple","48","8_vs_9","9"
"·é³ªÀÌÆ®»Ú¶ì_¿©","17","pink","48","8_vs_9","9"
"·é³ªÀÌÆ®»Ú¶ì_¿©","18","dark","48","8_vs_9","9"
"·é³ªÀÌÆ®»Ú¶ì_¿©","19","white","48","8_vs_9","9"
"·é³ªÀÌÆ®»Ú¶ì_¿©","20","brown","48","8_vs_9","9"
"·éµå·¡°ï_³²","10","red","102","8_vs_9","9"
"·éµå·¡°ï_³²","11","orange","102","8_vs_9","9"
"·éµå·¡°ï_³²","12","gold","102","8_vs_9","9"
"·éµå·¡°ï_³²","13","green","102","8_vs_9","9"
"·éµå·¡°ï_³²","14","teal","102","8_vs_9","9"
"·éµå·¡°ï_³²","15","blue","102","8_vs_9","9"
"·éµå·¡°ï_³²","16","purple","102","8_vs_9","9"
"·éµå·¡°ï_³²","17","pink","102","8_vs_9","9"
"·éµå·¡°ï_³²","18","dark","102","8_vs_9","9"
"·éµå·¡°ï_³²","19","white","102","8_vs_9","9"
"·éµå·¡°ï_³²","20","brown","102","8_vs_9","9"
"·éµå·¡°ï_¿©","10","red","101","8_vs_9","9"
"·éµå·¡°ï_¿©","11","orange","101","8_vs_9","9"
"·éµå·¡°ï_¿©","12","gold","101","8_vs_9","9"
"·éµå·¡°ï_¿©","13","green","101","8_vs_9","9"
"·éµå·¡°ï_¿©","14","teal","101","8_vs_9","9"
"·éµå·¡°ï_¿©","15","blue","101","8_vs_9","9"
"·éµå·¡°ï_¿©","16","purple","101","8_vs_9","9"
"·éµå·¡°ï_¿©","17","pink","101","8_vs_9","9"
"·éµå·¡°ï_¿©","18","dark","101","8_vs_9","9"
"·éµå·¡°ï_¿©","19","white","101","8_vs_9","9"
"·éµå·¡°ï_¿©","20","brown","101","8_vs_9","9"
"·Î±×_³²","10","red","62","8_vs_9","9"
"·Î±×_³²","11","orange","62","8_vs_9","9"
"·Î±×_³²","12","gold","62","8_vs_9","9"
"·Î±×_³²","13","green","62","8_vs_9","9"
"·Î±×_³²","14","teal","62","8_vs_9","9"
"·Î±×_³²","15","blue","62","8_vs_9","9"
"·Î±×_³²","16","purple","62","8_vs_9","9"
"·Î±×_³²","17","pink","62","8_vs_9","9"
"·Î±×_³²","18","dark","62","8_vs_9","9"
"·Î±×_³²","19","white","62","8_vs_9","9"
"·Î±×_³²","20","brown","62","8_vs_9","9"
"·Î±×_¿©","10","red","55","8_vs_9","9"
"·Î±×_¿©","11","orange","55","8_vs_9","9"
"·Î±×_¿©","12","gold","55","8_vs_9","9"
"·Î±×_¿©","13","green","55","8_vs_9","9"
"·Î±×_¿©","14","teal","55","8_vs_9","9"
"·Î±×_¿©","15","blue","55","8_vs_9","9"
"·Î±×_¿©","16","purple","55","8_vs_9","9"
"·Î±×_¿©","17","pink","55","8_vs_9","9"
"·Î±×_¿©","18","dark","55","8_vs_9","9"
"·Î±×_¿©","19","white","55","8_vs_9","9"
"·Î±×_¿©","20","brown","55","8_vs_9","9"
"·Îµå³ªÀÌÆ®_³²","10","red","55","8_vs_9","9"
"·Îµå³ªÀÌÆ®_³²","11","orange","55","8_vs_9","9"
"·Îµå³ªÀÌÆ®_³²","12","gold","55","8_vs_9","9"
"·Îµå³ªÀÌÆ®_³²","13","green","55","8_vs_9","9"
"·Îµå³ªÀÌÆ®_³²","14","teal","55","8_vs_9","9"
"·Îµå³ªÀÌÆ®_³²","15","blue","55","8_vs_9","9"
"·Îµå³ªÀÌÆ®_³²","16","purple","55","8_vs_9","9"
"·Îµå³ªÀÌÆ®_³²","17","pink","55","8_vs_9","9"
"·Îµå³ªÀÌÆ®_³²","18","dark","55","8_vs_9","9"
"·Îµå³ªÀÌÆ®_³²","19","white","55","8_vs_9","9"
"·Îµå³ªÀÌÆ®_³²","20","brown","55","8_vs_9","9"
"·Îµå³ªÀÌÆ®_¿©","10","red","71","8_vs_9","9"
"·Îµå³ªÀÌÆ®_¿©","11","orange","71","8_vs_9","9"
"·Îµå³ªÀÌÆ®_¿©","12","gold","71","8_vs_9","9"
"·Îµå³ªÀÌÆ®_¿©","13","green","71","8_vs_9","9"
"·Îµå³ªÀÌÆ®_¿©","14","teal","71","8_vs_9","9"
"·Îµå³ªÀÌÆ®_¿©","15","blue","71","8_vs_9","9"
"·Îµå³ªÀÌÆ®_¿©","16","purple","71","8_vs_9","9"
"·Îµå³ªÀÌÆ®_¿©","17","pink","71","8_vs_9","9"
"·Îµå³ªÀÌÆ®_¿©","18","dark","71","8_vs_9","9"
"·Îµå³ªÀÌÆ®_¿©","19","white","71","8_vs_9","9"
"·Îµå³ªÀÌÆ®_¿©","20","brown","71","8_vs_9","9"
"·Î¾â°¡µå_³²","10","red","55","8_vs_9","9"
"·Î¾â°¡µå_³²","11","orange","55","8_vs_9","9"
"·Î¾â°¡µå_³²","12","gold","55","8_vs_9","9"
"·Î¾â°¡µå_³²","13","green","55","8_vs_9","9"
"·Î¾â°¡µå_³²","14","teal","55","8_vs_9","9"
"·Î¾â°¡µå_³²","15","blue","55","8_vs_9","9"
"·Î¾â°¡µå_³²","16","purple","55","8_vs_9","9"
"·Î¾â°¡µå_³²","17","pink","55","8_vs_9","9"
"·Î¾â°¡µå_³²","18","dark","55","8_vs_9","9"
"·Î¾â°¡µå_³²","19","white","55","8_vs_9","9"
"·Î¾â°¡µå_³²","20","brown","55","8_vs_9","9"
"·Î¾â°¡µå_¿©","10","red","59","8_vs_9","9"
"·Î¾â°¡µå_¿©","11","orange","59","8_vs_9","9"
"·Î¾â°¡µå_¿©","12","gold","59","8_vs_9","9"
"·Î¾â°¡µå_¿©","13","green","59","8_vs_9","9"
"·Î¾â°¡µå_¿©","14","teal","59","8_vs_9","9"
"·Î¾â°¡µå_¿©","15","blue","59","8_vs_9","9"
"·Î¾â°¡µå_¿©","16","purple","59","8_vs_9","9"
"·Î¾â°¡µå_¿©","17","pink","59","8_vs_9","9"
"·Î¾â°¡µå_¿©","18","dark","59","8_vs_9","9"
"·Î¾â°¡µå_¿©","19","white","59","8_vs_9","9"
"·Î¾â°¡µå_¿©","20","brown","59","8_vs_9","9"
"¸®º§¸®¿Â_³²","10","red","48","8_vs_9","9"
"¸®º§¸®¿Â_³²","11","orange","48","8_vs_9","9"
"¸®º§¸®¿Â_³²","12","gold","48","8_vs_9","9"
"¸®º§¸®¿Â_³²","13","green","48","8_vs_9","9"
"¸®º§¸®¿Â_³²","14","teal","48","8_vs_9","9"
"¸®º§¸®¿Â_³²","15","blue","48","8_vs_9","9"
"¸®º§¸®¿Â_³²","16","purple","48","8_vs_9","9"
"¸®º§¸®¿Â_³²","17","pink","48","8_vs_9","9"
"¸®º§¸®¿Â_³²","18","dark","48","8_vs_9","9"
"¸®º§¸®¿Â_³²","19","white","48","8_vs_9","9"
"¸®º§¸®¿Â_³²","20","brown","48","8_vs_9","9"
"¸®º§¸®¿Â_¿©","10","red","48","8_vs_9","9"
"¸®º§¸®¿Â_¿©","11","orange","48","8_vs_9","9"
"¸®º§¸®¿Â_¿©","12","gold","48","8_vs_9","9"
"¸®º§¸®¿Â_¿©","13","green","48","8_vs_9","9"
"¸®º§¸®¿Â_¿©","14","teal","48","8_vs_9","9"
"¸®º§¸®¿Â_¿©","15","blue","48","8_vs_9","9"
"¸®º§¸®¿Â_¿©","16","purple","48","8_vs_9","9"
"¸®º§¸®¿Â_¿©","17","pink","48","8_vs_9","9"
"¸®º§¸®¿Â_¿©","18","dark","48","8_vs_9","9"
"¸®º§¸®¿Â_¿©","19","white","48","8_vs_9","9"
"¸®º§¸®¿Â_¿©","20","brown","48","8_vs_9","9"
"¸¶¹ý»ç_³²","10","red","30","8_vs_9","9"
"¸¶¹ý»ç_³²","11","orange","30","8_vs_9","9"
"¸¶¹ý»ç_³²","12","gold","30","8_vs_9","9"
"¸¶¹ý»ç_³²","13","green","30","8_vs_9","9"
"¸¶¹ý»ç_³²","14","teal","30","8_vs_9","9"
"¸¶¹ý»ç_³²","15","blue","30","8_vs_9","9"
"¸¶¹ý»ç_³²","16","purple","30","8_vs_9","9"
"¸¶¹ý»ç_³²","17","pink","30","8_vs_9","9"
"¸¶¹ý»ç_³²","18","dark","30","8_vs_9","9"
"¸¶¹ý»ç_³²","19","white","30","8_vs_9","9"
"¸¶¹ý»ç_³²","20","brown","30","8_vs_9","9"
"¸¶¹ý»ç_¿©","10","red","31","8_vs_9","9"
"¸¶¹ý»ç_¿©","11","orange","31","8_vs_9","9"
"¸¶¹ý»ç_¿©","12","gold","31","8_vs_9","9"
"¸¶¹ý»ç_¿©","13","green","31","8_vs_9","9"
"¸¶¹ý»ç_¿©","14","teal","31","8_vs_9","9"
"¸¶¹ý»ç_¿©","15","blue","31","8_vs_9","9"
"¸¶¹ý»ç_¿©","16","purple","31","8_vs_9","9"
"¸¶¹ý»ç_¿©","17","pink","31","8_vs_9","9"
"¸¶¹ý»ç_¿©","18","dark","31","8_vs_9","9"
"¸¶¹ý»ç_¿©","19","white","31","8_vs_9","9"
"¸¶¹ý»ç_¿©","20","brown","31","8_vs_9","9"
"¸ùÅ©_³²","10","red","39","8_vs_9","9"
"¸ùÅ©_³²","11","orange","39","8_vs_9","9"
"¸ùÅ©_³²","12","gold","39","8_vs_9","9"
"¸ùÅ©_³²","13","green","39","8_vs_9","9"
"¸ùÅ©_³²","14","teal","39","8_vs_9","9"
"¸ùÅ©_³²","15","blue","39","8_vs_9","9"
"¸ùÅ©_³²","16","purple","39","8_vs_9","9"
"¸ùÅ©_³²","17","pink","39","8_vs_9","9"
"¸ùÅ©_³²","18","dark","39","8_vs_9","9"
"¸ùÅ©_³²","19","white","39","8_vs_9","9"
"¸ùÅ©_³²","20","brown","39","8_vs_9","9"
"¸ùÅ©_¿©","10","red","39","8_vs_9","9"
"¸ùÅ©_¿©","11","orange","39","8_vs_9","9"
"¸ùÅ©_¿©","12","gold","39","8_vs_9","9"
"¸ùÅ©_¿©","13","green","39","8_vs_9","9"
"¸ùÅ©_¿©","14","teal","39","8_vs_9","9"
"¸ùÅ©_¿©","15","blue","39","8_vs_9","9"
"¸ùÅ©_¿©","16","purple","39","8_vs_9","9"
"¸ùÅ©_¿©","17","pink","39","8_vs_9","9"
"¸ùÅ©_¿©","18","dark","39","8_vs_9","9"
"¸ùÅ©_¿©","19","white","39","8_vs_9","9"
"¸ùÅ©_¿©","20","brown","39","8_vs_9","9"
"¸ùÅ©¾ËÆÄÄ«_³²","10","red","39","8_vs_9","9"
"¸ùÅ©¾ËÆÄÄ«_³²","11","orange","39","8_vs_9","9"
"¸ùÅ©¾ËÆÄÄ«_³²","12","gold","39","8_vs_9","9"
"¸ùÅ©¾ËÆÄÄ«_³²","13","green","39","8_vs_9","9"
"¸ùÅ©¾ËÆÄÄ«_³²","14","teal","39","8_vs_9","9"
"¸ùÅ©¾ËÆÄÄ«_³²","15","blue","39","8_vs_9","9"
"¸ùÅ©¾ËÆÄÄ«_³²","16","purple","39","8_vs_9","9"
"¸ùÅ©¾ËÆÄÄ«_³²","17","pink","39","8_vs_9","9"
"¸ùÅ©¾ËÆÄÄ«_³²","18","dark","39","8_vs_9","9"
"¸ùÅ©¾ËÆÄÄ«_³²","19","white","39","8_vs_9","9"
"¸ùÅ©¾ËÆÄÄ«_³²","20","brown","39","8_vs_9","9"
"¸ùÅ©¾ËÆÄÄ«_¿©","10","red","39","8_vs_9","9"
"¸ùÅ©¾ËÆÄÄ«_¿©","11","orange","39","8_vs_9","9"
"¸ùÅ©¾ËÆÄÄ«_¿©","12","gold","39","8_vs_9","9"
"¸ùÅ©¾ËÆÄÄ«_¿©","13","green","39","8_vs_9","9"
"¸ùÅ©¾ËÆÄÄ«_¿©","14","teal","39","8_vs_9","9"
"¸ùÅ©¾ËÆÄÄ«_¿©","15","blue","39","8_vs_9","9"
"¸ùÅ©¾ËÆÄÄ«_¿©","16","purple","39","8_vs_9","9"
"¸ùÅ©¾ËÆÄÄ«_¿©","17","pink","39","8_vs_9","9"
"¸ùÅ©¾ËÆÄÄ«_¿©","18","dark","39","8_vs_9","9"
"¸ùÅ©¾ËÆÄÄ«_¿©","19","white","39","8_vs_9","9"
"¸ùÅ©¾ËÆÄÄ«_¿©","20","brown","39","8_vs_9","9"
"¹«Èñ_³²","10","red","47","8_vs_9","9"
"¹«Èñ_³²","11","orange","47","8_vs_9","9"
"¹«Èñ_³²","12","gold","47","8_vs_9","9"
"¹«Èñ_³²","13","green","47","8_vs_9","9"
"¹«Èñ_³²","14","teal","47","8_vs_9","9"
"¹«Èñ_³²","15","blue","47","8_vs_9","9"
"¹«Èñ_³²","16","purple","47","8_vs_9","9"
"¹«Èñ_³²","17","pink","47","8_vs_9","9"
"¹«Èñ_³²","18","dark","47","8_vs_9","9"
"¹«Èñ_³²","19","white","47","8_vs_9","9"
"¹«Èñ_³²","20","brown","47","8_vs_9","9"
"¹«Èñ_¿©","10","red","111","8_vs_9","9"
"¹«Èñ_¿©","11","orange","111","8_vs_9","9"
"¹«Èñ_¿©","12","gold","111","8_vs_9","9"
"¹«Èñ_¿©","13","green","111","8_vs_9","9"
"¹«Èñ_¿©","14","teal","111","8_vs_9","9"
"¹«Èñ_¿©","15","blue","111","8_vs_9","9"
"¹«Èñ_¿©","16","purple","111","8_vs_9","9"
"¹«Èñ_¿©","17","pink","111","8_vs_9","9"
"¹«Èñ_¿©","18","dark","111","8_vs_9","9"
"¹«Èñ_¿©","19","white","111","8_vs_9","9"
"¹«Èñ_¿©","20","brown","111","8_vs_9","9"
"¹«Èñ¹ÙÁö_¿©","10","red","111","8_vs_9","9"
"¹«Èñ¹ÙÁö_¿©","11","orange","111","8_vs_9","9"
"¹«Èñ¹ÙÁö_¿©","12","gold","111","8_vs_9","9"
"¹«Èñ¹ÙÁö_¿©","13","green","111","8_vs_9","9"
"¹«Èñ¹ÙÁö_¿©","14","teal","111","8_vs_9","9"
"¹«Èñ¹ÙÁö_¿©","15","blue","111","8_vs_9","9"
"¹«Èñ¹ÙÁö_¿©","16","purple","111","8_vs_9","9"
"¹«Èñ¹ÙÁö_¿©","17","pink","111","8_vs_9","9"
"¹«Èñ¹ÙÁö_¿©","18","dark","111","8_vs_9","9"
"¹«Èñ¹ÙÁö_¿©","19","white","111","8_vs_9","9"
"¹«Èñ¹ÙÁö_¿©","20","brown","111","8_vs_9","9"
"¹ÌÄÉ´Ð_³²","10","red","18","8_vs_9","9"
"¹ÌÄÉ´Ð_³²","11","orange","18","8_vs_9","9"
"¹ÌÄÉ´Ð_³²","12","gold","18","8_vs_9","9"
"¹ÌÄÉ´Ð_³²","13","green","18","8_vs_9","9"
"¹ÌÄÉ´Ð_³²","14","teal","18","8_vs_9","9"
"¹ÌÄÉ´Ð_³²","15","blue","18","8_vs_9","9"
"¹ÌÄÉ´Ð_³²","16","purple","18","8_vs_9","9"
"¹ÌÄÉ´Ð_³²","17","pink","18","8_vs_9","9"
"¹ÌÄÉ´Ð_³²","18","dark","18","8_vs_9","9"
"¹ÌÄÉ´Ð_³²","19","white","18","8_vs_9","9"
"¹ÌÄÉ´Ð_³²","20","brown","18","8_vs_9","9"
"¹ÌÄÉ´Ð_¸¶µµ±â¾î_³²","10","red","18","8_vs_9","9"
"¹ÌÄÉ´Ð_¸¶µµ±â¾î_³²","11","orange","18","8_vs_9","9"
"¹ÌÄÉ´Ð_¸¶µµ±â¾î_³²","12","gold","18","8_vs_9","9"
"¹ÌÄÉ´Ð_¸¶µµ±â¾î_³²","13","green","18","8_vs_9","9"
"¹ÌÄÉ´Ð_¸¶µµ±â¾î_³²","14","teal","18","8_vs_9","9"
"¹ÌÄÉ´Ð_¸¶µµ±â¾î_³²","15","blue","18","8_vs_9","9"
"¹ÌÄÉ´Ð_¸¶µµ±â¾î_³²","16","purple","18","8_vs_9","9"
"¹ÌÄÉ´Ð_¸¶µµ±â¾î_³²","17","pink","18","8_vs_9","9"
"¹ÌÄÉ´Ð_¸¶µµ±â¾î_³²","18","dark","18","8_vs_9","9"
"¹ÌÄÉ´Ð_¸¶µµ±â¾î_³²","19","white","18","8_vs_9","9"
"¹ÌÄÉ´Ð_¸¶µµ±â¾î_³²","20","brown","18","8_vs_9","9"
"¹ÌÄÉ´Ð_¸¶µµ±â¾î_¿©","10","red","47","8_vs_9","9"
"¹ÌÄÉ´Ð_¸¶µµ±â¾î_¿©","11","orange","47","8_vs_9","9"
"¹ÌÄÉ´Ð_¸¶µµ±â¾î_¿©","12","gold","47","8_vs_9","9"
"¹ÌÄÉ´Ð_¸¶µµ±â¾î_¿©","13","green","47","8_vs_9","9"
"¹ÌÄÉ´Ð_¸¶µµ±â¾î_¿©","14","teal","47","8_vs_9","9"
"¹ÌÄÉ´Ð_¸¶µµ±â¾î_¿©","15","blue","47","8_vs_9","9"
"¹ÌÄÉ´Ð_¸¶µµ±â¾î_¿©","16","purple","47","8_vs_9","9"
"¹ÌÄÉ´Ð_¸¶µµ±â¾î_¿©","17","pink","47","8_vs_9","9"
"¹ÌÄÉ´Ð_¸¶µµ±â¾î_¿©","18","dark","47","8_vs_9","9"
"¹ÌÄÉ´Ð_¸¶µµ±â¾î_¿©","19","white","47","8_vs_9","9"
"¹ÌÄÉ´Ð_¸¶µµ±â¾î_¿©","20","brown","47","8_vs_9","9"
"¹ÌÄÉ´Ð_¸¶µµ¾Æ¸Ó_³²","10","red","18","8_vs_9","9"
"¹ÌÄÉ´Ð_¸¶µµ¾Æ¸Ó_³²","11","orange","18","8_vs_9","9"
"¹ÌÄÉ´Ð_¸¶µµ¾Æ¸Ó_³²","12","gold","18","8_vs_9","9"
"¹ÌÄÉ´Ð_¸¶µµ¾Æ¸Ó_³²","13","green","18","8_vs_9","9"
"¹ÌÄÉ´Ð_¸¶µµ¾Æ¸Ó_³²","14","teal","18","8_vs_9","9"
"¹ÌÄÉ´Ð_¸¶µµ¾Æ¸Ó_³²","15","blue","18","8_vs_9","9"
"¹ÌÄÉ´Ð_¸¶µµ¾Æ¸Ó_³²","16","purple","18","8_vs_9","9"
"¹ÌÄÉ´Ð_¸¶µµ¾Æ¸Ó_³²","17","pink","18","8_vs_9","9"
"¹ÌÄÉ´Ð_¸¶µµ¾Æ¸Ó_³²","18","dark","18","8_vs_9","9"
"¹ÌÄÉ´Ð_¸¶µµ¾Æ¸Ó_³²","19","white","18","8_vs_9","9"
"¹ÌÄÉ´Ð_¸¶µµ¾Æ¸Ó_³²","20","brown","18","8_vs_9","9"
"¹ÌÄÉ´Ð_¸¶µµ¾Æ¸Ó_¿©","10","red","47","8_vs_9","9"
"¹ÌÄÉ´Ð_¸¶µµ¾Æ¸Ó_¿©","11","orange","47","8_vs_9","9"
"¹ÌÄÉ´Ð_¸¶µµ¾Æ¸Ó_¿©","12","gold","47","8_vs_9","9"
"¹ÌÄÉ´Ð_¸¶µµ¾Æ¸Ó_¿©","13","green","47","8_vs_9","9"
"¹ÌÄÉ´Ð_¸¶µµ¾Æ¸Ó_¿©","14","teal","47","8_vs_9","9"
"¹ÌÄÉ´Ð_¸¶µµ¾Æ¸Ó_¿©","15","blue","47","8_vs_9","9"
"¹ÌÄÉ´Ð_¸¶µµ¾Æ¸Ó_¿©","16","purple","47","8_vs_9","9"
"¹ÌÄÉ´Ð_¸¶µµ¾Æ¸Ó_¿©","17","pink","47","8_vs_9","9"
"¹ÌÄÉ´Ð_¸¶µµ¾Æ¸Ó_¿©","18","dark","47","8_vs_9","9"
"¹ÌÄÉ´Ð_¸¶µµ¾Æ¸Ó_¿©","19","white","47","8_vs_9","9"
"¹ÌÄÉ´Ð_¸¶µµ¾Æ¸Ó_¿©","20","brown","47","8_vs_9","9"
"¹ÌÄÉ´Ð_¿©","10","red","47","8_vs_9","9"
"¹ÌÄÉ´Ð_¿©","11","orange","47","8_vs_9","9"
"¹ÌÄÉ´Ð_¿©","12","gold","47","8_vs_9","9"
"¹ÌÄÉ´Ð_¿©","13","green","47","8_vs_9","9"
"¹ÌÄÉ´Ð_¿©","14","teal","47","8_vs_9","9"
"¹ÌÄÉ´Ð_¿©","15","blue","47","8_vs_9","9"
"¹ÌÄÉ´Ð_¿©","16","purple","47","8_vs_9","9"
"¹ÌÄÉ´Ð_¿©","17","pink","47","8_vs_9","9"
"¹ÌÄÉ´Ð_¿©","18","dark","47","8_vs_9","9"
"¹ÌÄÉ´Ð_¿©","19","white","47","8_vs_9","9"
"¹ÌÄÉ´Ð_¿©","20","brown","47","8_vs_9","9"
"¹ÌÄÉ´Ð¸äµÅÁö_³²","10","red","18","8_vs_9","9"
"¹ÌÄÉ´Ð¸äµÅÁö_³²","11","orange","18","8_vs_9","9"
"¹ÌÄÉ´Ð¸äµÅÁö_³²","12","gold","18","8_vs_9","9"
"¹ÌÄÉ´Ð¸äµÅÁö_³²","13","green","18","8_vs_9","9"
"¹ÌÄÉ´Ð¸äµÅÁö_³²","14","teal","18","8_vs_9","9"
"¹ÌÄÉ´Ð¸äµÅÁö_³²","15","blue","18","8_vs_9","9"
"¹ÌÄÉ´Ð¸äµÅÁö_³²","16","purple","18","8_vs_9","9"
"¹ÌÄÉ´Ð¸äµÅÁö_³²","17","pink","18","8_vs_9","9"
"¹ÌÄÉ´Ð¸äµÅÁö_³²","18","dark","18","8_vs_9","9"
"¹ÌÄÉ´Ð¸äµÅÁö_³²","19","white","18","8_vs_9","9"
"¹ÌÄÉ´Ð¸äµÅÁö_³²","20","brown","18","8_vs_9","9"
"¹ÌÄÉ´Ð¸äµÅÁö_¿©","10","red","47","8_vs_9","9"
"¹ÌÄÉ´Ð¸äµÅÁö_¿©","11","orange","47","8_vs_9","9"
"¹ÌÄÉ´Ð¸äµÅÁö_¿©","12","gold","47","8_vs_9","9"
"¹ÌÄÉ´Ð¸äµÅÁö_¿©","13","green","47","8_vs_9","9"
"¹ÌÄÉ´Ð¸äµÅÁö_¿©","14","teal","47","8_vs_9","9"
"¹ÌÄÉ´Ð¸äµÅÁö_¿©","15","blue","47","8_vs_9","9"
"¹ÌÄÉ´Ð¸äµÅÁö_¿©","16","purple","47","8_vs_9","9"
"¹ÌÄÉ´Ð¸äµÅÁö_¿©","17","pink","47","8_vs_9","9"
"¹ÌÄÉ´Ð¸äµÅÁö_¿©","18","dark","47","8_vs_9","9"
"¹ÌÄÉ´Ð¸äµÅÁö_¿©","19","white","47","8_vs_9","9"
"¹ÌÄÉ´Ð¸äµÅÁö_¿©","20","brown","47","8_vs_9","9"
"¹Î½ºÆ®·²_³²","10","red","44","8_vs_9","9"
"¹Î½ºÆ®·²_³²","11","orange","44","8_vs_9","9"
"¹Î½ºÆ®·²_³²","12","gold","44","8_vs_9","9"
"¹Î½ºÆ®·²_³²","13","green","44","8_vs_9","9"
"¹Î½ºÆ®·²_³²","14","teal","44","8_vs_9","9"
"¹Î½ºÆ®·²_³²","15","blue","44","8_vs_9","9"
"¹Î½ºÆ®·²_³²","16","purple","44","8_vs_9","9"
"¹Î½ºÆ®·²_³²","17","pink","44","8_vs_9","9"
"¹Î½ºÆ®·²_³²","18","dark","44","8_vs_9","9"
"¹Î½ºÆ®·²_³²","19","white","44","8_vs_9","9"
"¹Î½ºÆ®·²_³²","20","brown","44","8_vs_9","9"
"¹Î½ºÆ®·²_¿©","10","red","44","8_vs_9","9"
"¹Î½ºÆ®·²_¿©","11","orange","44","8_vs_9","9"
"¹Î½ºÆ®·²_¿©","12","gold","44","8_vs_9","9"
"¹Î½ºÆ®·²_¿©","13","green","44","8_vs_9","9"
"¹Î½ºÆ®·²_¿©","14","teal","44","8_vs_9","9"
"¹Î½ºÆ®·²_¿©","15","blue","44","8_vs_9","9"
"¹Î½ºÆ®·²_¿©","16","purple","44","8_vs_9","9"
"¹Î½ºÆ®·²_¿©","17","pink","44","8_vs_9","9"
"¹Î½ºÆ®·²_¿©","18","dark","44","8_vs_9","9"
"¹Î½ºÆ®·²_¿©","19","white","44","8_vs_9","9"
"¹Î½ºÆ®·²_¿©","20","brown","44","8_vs_9","9"
"¹Ùµå_³²","10","red","47","8_vs_9","9"
"¹Ùµå_³²","11","orange","47","8_vs_9","9"
"¹Ùµå_³²","12","gold","47","8_vs_9","9"
"¹Ùµå_³²","13","green","47","8_vs_9","9"
"¹Ùµå_³²","14","teal","47","8_vs_9","9"
"¹Ùµå_³²","15","blue","47","8_vs_9","9"
"¹Ùµå_³²","16","purple","47","8_vs_9","9"
"¹Ùµå_³²","17","pink","47","8_vs_9","9"
"¹Ùµå_³²","18","dark","47","8_vs_9","9"
"¹Ùµå_³²","19","white","47","8_vs_9","9"
"¹Ùµå_³²","20","brown","47","8_vs_9","9"
"¹Ùµå_¿©","10","red","111","8_vs_9","9"
"¹Ùµå_¿©","11","orange","111","8_vs_9","9"
"¹Ùµå_¿©","12","gold","111","8_vs_9","9"
"¹Ùµå_¿©","13","green","111","8_vs_9","9"
"¹Ùµå_¿©","14","teal","111","8_vs_9","9"
"¹Ùµå_¿©","15","blue","111","8_vs_9","9"
"¹Ùµå_¿©","16","purple","111","8_vs_9","9"
"¹Ùµå_¿©","17","pink","111","8_vs_9","9"
"¹Ùµå_¿©","18","dark","111","8_vs_9","9"
"¹Ùµå_¿©","19","white","111","8_vs_9","9"
"¹Ùµå_¿©","20","brown","111","8_vs_9","9"
"»çÀÚ±â»ç_³²","10","red","55","8_vs_9","9"
"»çÀÚ±â»ç_³²","11","orange","55","8_vs_9","9"
"»çÀÚ±â»ç_³²","12","gold","55","8_vs_9","9"
"»çÀÚ±â»ç_³²","13","green","55","8_vs_9","9"
"»çÀÚ±â»ç_³²","14","teal","55","8_vs_9","9"
"»çÀÚ±â»ç_³²","15","blue","55","8_vs_9","9"
"»çÀÚ±â»ç_³²","16","purple","55","8_vs_9","9"
"»çÀÚ±â»ç_³²","17","pink","55","8_vs_9","9"
"»çÀÚ±â»ç_³²","18","dark","55","8_vs_9","9"
"»çÀÚ±â»ç_³²","19","white","55","8_vs_9","9"
"»çÀÚ±â»ç_³²","20","brown","55","8_vs_9","9"
"»çÀÚ±â»ç_¿©","10","red","71","8_vs_9","9"
"»çÀÚ±â»ç_¿©","11","orange","71","8_vs_9","9"
"»çÀÚ±â»ç_¿©","12","gold","71","8_vs_9","9"
"»çÀÚ±â»ç_¿©","13","green","71","8_vs_9","9"
"»çÀÚ±â»ç_¿©","14","teal","71","8_vs_9","9"
"»çÀÚ±â»ç_¿©","15","blue","71","8_vs_9","9"
"»çÀÚ±â»ç_¿©","16","purple","71","8_vs_9","9"
"»çÀÚ±â»ç_¿©","17","pink","71","8_vs_9","9"
"»çÀÚ±â»ç_¿©","18","dark","71","8_vs_9","9"
"»çÀÚ±â»ç_¿©","19","white","71","8_vs_9","9"
"»çÀÚ±â»ç_¿©","20","brown","71","8_vs_9","9"
"»çÀÚ·é³ªÀÌÆ®_³²","10","red","49","8_vs_9","9"
"»çÀÚ·é³ªÀÌÆ®_³²","11","orange","49","8_vs_9","9"
"»çÀÚ·é³ªÀÌÆ®_³²","12","gold","49","8_vs_9","9"
"»çÀÚ·é³ªÀÌÆ®_³²","13","green","49","8_vs_9","9"
"»çÀÚ·é³ªÀÌÆ®_³²","14","teal","49","8_vs_9","9"
"»çÀÚ·é³ªÀÌÆ®_³²","15","blue","49","8_vs_9","9"
"»çÀÚ·é³ªÀÌÆ®_³²","16","purple","49","8_vs_9","9"
"»çÀÚ·é³ªÀÌÆ®_³²","17","pink","49","8_vs_9","9"
"»çÀÚ·é³ªÀÌÆ®_³²","18","dark","49","8_vs_9","9"
"»çÀÚ·é³ªÀÌÆ®_³²","19","white","49","8_vs_9","9"
"»çÀÚ·é³ªÀÌÆ®_³²","20","brown","49","8_vs_9","9"
"»çÀÚ·é³ªÀÌÆ®_¿©","10","red","48","8_vs_9","9"
"»çÀÚ·é³ªÀÌÆ®_¿©","11","orange","48","8_vs_9","9"
"»çÀÚ·é³ªÀÌÆ®_¿©","12","gold","48","8_vs_9","9"
"»çÀÚ·é³ªÀÌÆ®_¿©","13","green","48","8_vs_9","9"
"»çÀÚ·é³ªÀÌÆ®_¿©","14","teal","48","8_vs_9","9"
"»çÀÚ·é³ªÀÌÆ®_¿©","15","blue","48","8_vs_9","9"
"»çÀÚ·é³ªÀÌÆ®_¿©","16","purple","48","8_vs_9","9"
"»çÀÚ·é³ªÀÌÆ®_¿©","17","pink","48","8_vs_9","9"
"»çÀÚ·é³ªÀÌÆ®_¿©","18","dark","48","8_vs_9","9"
"»çÀÚ·é³ªÀÌÆ®_¿©","19","white","48","8_vs_9","9"
"»çÀÚ·é³ªÀÌÆ®_¿©","20","brown","48","8_vs_9","9"
"»çÀÚ·Îµå³ªÀÌÆ®_³²","10","red","55","8_vs_9","9"
"»çÀÚ·Îµå³ªÀÌÆ®_³²","11","orange","55","8_vs_9","9"
"»çÀÚ·Îµå³ªÀÌÆ®_³²","12","gold","55","8_vs_9","9"
"»çÀÚ·Îµå³ªÀÌÆ®_³²","13","green","55","8_vs_9","9"
"»çÀÚ·Îµå³ªÀÌÆ®_³²","14","teal","55","8_vs_9","9"
"»çÀÚ·Îµå³ªÀÌÆ®_³²","15","blue","55","8_vs_9","9"
"»çÀÚ·Îµå³ªÀÌÆ®_³²","16","purple","55","8_vs_9","9"
"»çÀÚ·Îµå³ªÀÌÆ®_³²","17","pink","55","8_vs_9","9"
"»çÀÚ·Îµå³ªÀÌÆ®_³²","18","dark","55","8_vs_9","9"
"»çÀÚ·Îµå³ªÀÌÆ®_³²","19","white","55","8_vs_9","9"
"»çÀÚ·Îµå³ªÀÌÆ®_³²","20","brown","55","8_vs_9","9"
"»çÀÚ·Îµå³ªÀÌÆ®_¿©","10","red","71","8_vs_9","9"
"»çÀÚ·Îµå³ªÀÌÆ®_¿©","11","orange","71","8_vs_9","9"
"»çÀÚ·Îµå³ªÀÌÆ®_¿©","12","gold","71","8_vs_9","9"
"»çÀÚ·Îµå³ªÀÌÆ®_¿©","13","green","71","8_vs_9","9"
"»çÀÚ·Îµå³ªÀÌÆ®_¿©","14","teal","71","8_vs_9","9"
"»çÀÚ·Îµå³ªÀÌÆ®_¿©","15","blue","71","8_vs_9","9"
"»çÀÚ·Îµå³ªÀÌÆ®_¿©","16","purple","71","8_vs_9","9"
"»çÀÚ·Îµå³ªÀÌÆ®_¿©","17","pink","71","8_vs_9","9"
"»çÀÚ·Îµå³ªÀÌÆ®_¿©","18","dark","71","8_vs_9","9"
"»çÀÚ·Îµå³ªÀÌÆ®_¿©","19","white","71","8_vs_9","9"
"»çÀÚ·Îµå³ªÀÌÆ®_¿©","20","brown","71","8_vs_9","9"
"»çÀÚ·Î¾â°¡µå_³²","10","red","55","8_vs_9","9"
"»çÀÚ·Î¾â°¡µå_³²","11","orange","55","8_vs_9","9"
"»çÀÚ·Î¾â°¡µå_³²","12","gold","55","8_vs_9","9"
"»çÀÚ·Î¾â°¡µå_³²","13","green","55","8_vs_9","9"
"»çÀÚ·Î¾â°¡µå_³²","14","teal","55","8_vs_9","9"
"»çÀÚ·Î¾â°¡µå_³²","15","blue","55","8_vs_9","9"
"»çÀÚ·Î¾â°¡µå_³²","16","purple","55","8_vs_9","9"
"»çÀÚ·Î¾â°¡µå_³²","17","pink","55","8_vs_9","9"
"»çÀÚ·Î¾â°¡µå_³²","18","dark","55","8_vs_9","9"
"»çÀÚ·Î¾â°¡µå_³²","19","white","55","8_vs_9","9"
"»çÀÚ·Î¾â°¡µå_³²","20","brown","55","8_vs_9","9"
"»çÀÚ·Î¾â°¡µå_¿©","10","red","59","8_vs_9","9"
"»çÀÚ·Î¾â°¡µå_¿©","11","orange","59","8_vs_9","9"
"»çÀÚ·Î¾â°¡µå_¿©","12","gold","59","8_vs_9","9"
"»çÀÚ·Î¾â°¡µå_¿©","13","green","59","8_vs_9","9"
"»çÀÚ·Î¾â°¡µå_¿©","14","teal","59","8_vs_9","9"
"»çÀÚ·Î¾â°¡µå_¿©","15","blue","59","8_vs_9","9"
"»çÀÚ·Î¾â°¡µå_¿©","16","purple","59","8_vs_9","9"
"»çÀÚ·Î¾â°¡µå_¿©","17","pink","59","8_vs_9","9"
"»çÀÚ·Î¾â°¡µå_¿©","18","dark","59","8_vs_9","9"
"»çÀÚ·Î¾â°¡µå_¿©","19","white","59","8_vs_9","9"
"»çÀÚ·Î¾â°¡µå_¿©","20","brown","59","8_vs_9","9"
"»çÀÚÅ©·ç¼¼ÀÌ´õ_³²","10","red","55","8_vs_9","9"
"»çÀÚÅ©·ç¼¼ÀÌ´õ_³²","11","orange","55","8_vs_9","9"
"»çÀÚÅ©·ç¼¼ÀÌ´õ_³²","12","gold","55","8_vs_9","9"
"»çÀÚÅ©·ç¼¼ÀÌ´õ_³²","13","green","55","8_vs_9","9"
"»çÀÚÅ©·ç¼¼ÀÌ´õ_³²","14","teal","55","8_vs_9","9"
"»çÀÚÅ©·ç¼¼ÀÌ´õ_³²","15","blue","55","8_vs_9","9"
"»çÀÚÅ©·ç¼¼ÀÌ´õ_³²","16","purple","55","8_vs_9","9"
"»çÀÚÅ©·ç¼¼ÀÌ´õ_³²","17","pink","55","8_vs_9","9"
"»çÀÚÅ©·ç¼¼ÀÌ´õ_³²","18","dark","55","8_vs_9","9"
"»çÀÚÅ©·ç¼¼ÀÌ´õ_³²","19","white","55","8_vs_9","9"
"»çÀÚÅ©·ç¼¼ÀÌ´õ_³²","20","brown","55","8_vs_9","9"
"»çÀÚÅ©·ç¼¼ÀÌ´õ_¿©","10","red","71","8_vs_9","9"
"»çÀÚÅ©·ç¼¼ÀÌ´õ_¿©","11","orange","71","8_vs_9","9"
"»çÀÚÅ©·ç¼¼ÀÌ´õ_¿©","12","gold","71","8_vs_9","9"
"»çÀÚÅ©·ç¼¼ÀÌ´õ_¿©","13","green","71","8_vs_9","9"
"»çÀÚÅ©·ç¼¼ÀÌ´õ_¿©","14","teal","71","8_vs_9","9"
"»çÀÚÅ©·ç¼¼ÀÌ´õ_¿©","15","blue","71","8_vs_9","9"
"»çÀÚÅ©·ç¼¼ÀÌ´õ_¿©","16","purple","71","8_vs_9","9"
"»çÀÚÅ©·ç¼¼ÀÌ´õ_¿©","17","pink","71","8_vs_9","9"
"»çÀÚÅ©·ç¼¼ÀÌ´õ_¿©","18","dark","71","8_vs_9","9"
"»çÀÚÅ©·ç¼¼ÀÌ´õ_¿©","19","white","71","8_vs_9","9"
"»çÀÚÅ©·ç¼¼ÀÌ´õ_¿©","20","brown","71","8_vs_9","9"
"»çÀÚÆÈ¶óµò_³²","10","red","55","8_vs_9","9"
"»çÀÚÆÈ¶óµò_³²","11","orange","55","8_vs_9","9"
"»çÀÚÆÈ¶óµò_³²","12","gold","55","8_vs_9","9"
"»çÀÚÆÈ¶óµò_³²","13","green","55","8_vs_9","9"
"»çÀÚÆÈ¶óµò_³²","14","teal","55","8_vs_9","9"
"»çÀÚÆÈ¶óµò_³²","15","blue","55","8_vs_9","9"
"»çÀÚÆÈ¶óµò_³²","16","purple","55","8_vs_9","9"
"»çÀÚÆÈ¶óµò_³²","17","pink","55","8_vs_9","9"
"»çÀÚÆÈ¶óµò_³²","18","dark","55","8_vs_9","9"
"»çÀÚÆÈ¶óµò_³²","19","white","55","8_vs_9","9"
"»çÀÚÆÈ¶óµò_³²","20","brown","55","8_vs_9","9"
"»çÀÚÆÈ¶óµò_¿©","10","red","71","8_vs_9","9"
"»çÀÚÆÈ¶óµò_¿©","11","orange","71","8_vs_9","9"
"»çÀÚÆÈ¶óµò_¿©","12","gold","71","8_vs_9","9"
"»çÀÚÆÈ¶óµò_¿©","13","green","71","8_vs_9","9"
"»çÀÚÆÈ¶óµò_¿©","14","teal","71","8_vs_9","9"
"»çÀÚÆÈ¶óµò_¿©","15","blue","71","8_vs_9","9"
"»çÀÚÆÈ¶óµò_¿©","16","purple","71","8_vs_9","9"
"»çÀÚÆÈ¶óµò_¿©","17","pink","71","8_vs_9","9"
"»çÀÚÆÈ¶óµò_¿©","18","dark","71","8_vs_9","9"
"»çÀÚÆÈ¶óµò_¿©","19","white","71","8_vs_9","9"
"»çÀÚÆÈ¶óµò_¿©","20","brown","71","8_vs_9","9"
"»óÀÎ_³²","10","red","22","8_vs_9","9"
"»óÀÎ_³²","11","orange","22","8_vs_9","9"
"»óÀÎ_³²","12","gold","22","8_vs_9","9"
"»óÀÎ_³²","13","green","22","8_vs_9","9"
"»óÀÎ_³²","14","teal","22","8_vs_9","9"
"»óÀÎ_³²","15","blue","22","8_vs_9","9"
"»óÀÎ_³²","16","purple","22","8_vs_9","9"
"»óÀÎ_³²","17","pink","22","8_vs_9","9"
"»óÀÎ_³²","18","dark","22","8_vs_9","9"
"»óÀÎ_³²","19","white","22","8_vs_9","9"
"»óÀÎ_³²","20","brown","22","8_vs_9","9"
"»óÀÎ_¿©","10","red","30","8_vs_9","9"
"»óÀÎ_¿©","11","orange","30","8_vs_9","9"
"»óÀÎ_¿©","12","gold","30","8_vs_9","9"
"»óÀÎ_¿©","13","green","30","8_vs_9","9"
"»óÀÎ_¿©","14","teal","30","8_vs_9","9"
"»óÀÎ_¿©","15","blue","30","8_vs_9","9"
"»óÀÎ_¿©","16","purple","30","8_vs_9","9"
"»óÀÎ_¿©","17","pink","30","8_vs_9","9"
"»óÀÎ_¿©","18","dark","30","8_vs_9","9"
"»óÀÎ_¿©","19","white","30","8_vs_9","9"
"»óÀÎ_¿©","20","brown","30","8_vs_9","9"
"»óÀÎ¸äµÅÁö_³²","10","red","22","8_vs_9","9"
"»óÀÎ¸äµÅÁö_³²","11","orange","22","8_vs_9","9"
"»óÀÎ¸äµÅÁö_³²","12","gold","22","8_vs_9","9"
"»óÀÎ¸äµÅÁö_³²","13","green","22","8_vs_9","9"
"»óÀÎ¸äµÅÁö_³²","14","teal","22","8_vs_9","9"
"»óÀÎ¸äµÅÁö_³²","15","blue","22","8_vs_9","9"
"»óÀÎ¸äµÅÁö_³²","16","purple","22","8_vs_9","9"
"»óÀÎ¸äµÅÁö_³²","17","pink","22","8_vs_9","9"
"»óÀÎ¸äµÅÁö_³²","18","dark","22","8_vs_9","9"
"»óÀÎ¸äµÅÁö_³²","19","white","22","8_vs_9","9"
"»óÀÎ¸äµÅÁö_³²","20","brown","22","8_vs_9","9"
"»óÀÎ¸äµÅÁö_¿©","10","red","30","8_vs_9","9"
"»óÀÎ¸äµÅÁö_¿©","11","orange","30","8_vs_9","9"
"»óÀÎ¸äµÅÁö_¿©","12","gold","30","8_vs_9","9"
"»óÀÎ¸äµÅÁö_¿©","13","green","30","8_vs_9","9"
"»óÀÎ¸äµÅÁö_¿©","14","teal","30","8_vs_9","9"
"»óÀÎ¸äµÅÁö_¿©","15","blue","30","8_vs_9","9"
"»óÀÎ¸äµÅÁö_¿©","16","purple","30","8_vs_9","9"
"»óÀÎ¸äµÅÁö_¿©","17","pink","30","8_vs_9","9"
"»óÀÎ¸äµÅÁö_¿©","18","dark","30","8_vs_9","9"
"»óÀÎ¸äµÅÁö_¿©","19","white","30","8_vs_9","9"
"»óÀÎ¸äµÅÁö_¿©","20","brown","30","8_vs_9","9"
"¼ºÁ¦_³²","10","red","33","8_vs_9","9"
"¼ºÁ¦_³²","11","orange","33","8_vs_9","9"
"¼ºÁ¦_³²","12","gold","33","8_vs_9","9"
"¼ºÁ¦_³²","13","green","33","8_vs_9","9"
"¼ºÁ¦_³²","14","teal","33","8_vs_9","9"
"¼ºÁ¦_³²","15","blue","33","8_vs_9","9"
"¼ºÁ¦_³²","16","purple","33","8_vs_9","9"
"¼ºÁ¦_³²","17","pink","33","8_vs_9","9"
"¼ºÁ¦_³²","18","dark","33","8_vs_9","9"
"¼ºÁ¦_³²","19","white","33","8_vs_9","9"
"¼ºÁ¦_³²","20","brown","33","8_vs_9","9"
"¼ºÁ¦_³²_Å»°Í","10","red","47","8_vs_9","9"
"¼ºÁ¦_³²_Å»°Í","11","orange","47","8_vs_9","9"
"¼ºÁ¦_³²_Å»°Í","12","gold","47","8_vs_9","9"
"¼ºÁ¦_³²_Å»°Í","13","green","47","8_vs_9","9"
"¼ºÁ¦_³²_Å»°Í","14","teal","47","8_vs_9","9"
"¼ºÁ¦_³²_Å»°Í","15","blue","47","8_vs_9","9"
"¼ºÁ¦_³²_Å»°Í","16","purple","47","8_vs_9","9"
"¼ºÁ¦_³²_Å»°Í","17","pink","47","8_vs_9","9"
"¼ºÁ¦_³²_Å»°Í","18","dark","47","8_vs_9","9"
"¼ºÁ¦_³²_Å»°Í","19","white","47","8_vs_9","9"
"¼ºÁ¦_³²_Å»°Í","20","brown","47","8_vs_9","9"
"¼ºÁ¦_¿©","10","red","47","8_vs_9","9"
"¼ºÁ¦_¿©","11","orange","47","8_vs_9","9"
"¼ºÁ¦_¿©","12","gold","47","8_vs_9","9"
"¼ºÁ¦_¿©","13","green","47","8_vs_9","9"
"¼ºÁ¦_¿©","14","teal","47","8_vs_9","9"
"¼ºÁ¦_¿©","15","blue","47","8_vs_9","9"
"¼ºÁ¦_¿©","16","purple","47","8_vs_9","9"
"¼ºÁ¦_¿©","17","pink","47","8_vs_9","9"
"¼ºÁ¦_¿©","18","dark","47","8_vs_9","9"
"¼ºÁ¦_¿©","19","white","47","8_vs_9","9"
"¼ºÁ¦_¿©","20","brown","47","8_vs_9","9"
"¼ºÁ¦_¿©_Å»°Í","10","red","47","8_vs_9","9"
"¼ºÁ¦_¿©_Å»°Í","11","orange","47","8_vs_9","9"
"¼ºÁ¦_¿©_Å»°Í","12","gold","47","8_vs_9","9"
"¼ºÁ¦_¿©_Å»°Í","13","green","47","8_vs_9","9"
"¼ºÁ¦_¿©_Å»°Í","14","teal","47","8_vs_9","9"
"¼ºÁ¦_¿©_Å»°Í","15","blue","47","8_vs_9","9"
"¼ºÁ¦_¿©_Å»°Í","16","purple","47","8_vs_9","9"
"¼ºÁ¦_¿©_Å»°Í","17","pink","47","8_vs_9","9"
"¼ºÁ¦_¿©_Å»°Í","18","dark","47","8_vs_9","9"
"¼ºÁ¦_¿©_Å»°Í","19","white","47","8_vs_9","9"
"¼ºÁ¦_¿©_Å»°Í","20","brown","47","8_vs_9","9"
"¼ºÁ¦À¶ÇÕ_³²","10","red","33","8_vs_9","9"
"¼ºÁ¦À¶ÇÕ_³²","11","orange","33","8_vs_9","9"
"¼ºÁ¦À¶ÇÕ_³²","12","gold","33","8_vs_9","9"
"¼ºÁ¦À¶ÇÕ_³²","13","green","33","8_vs_9","9"
"¼ºÁ¦À¶ÇÕ_³²","14","teal","33","8_vs_9","9"
"¼ºÁ¦À¶ÇÕ_³²","15","blue","33","8_vs_9","9"
"¼ºÁ¦À¶ÇÕ_³²","16","purple","33","8_vs_9","9"
"¼ºÁ¦À¶ÇÕ_³²","17","pink","33","8_vs_9","9"
"¼ºÁ¦À¶ÇÕ_³²","18","dark","33","8_vs_9","9"
"¼ºÁ¦À¶ÇÕ_³²","19","white","33","8_vs_9","9"
"¼ºÁ¦À¶ÇÕ_³²","20","brown","33","8_vs_9","9"
"¼ºÁ¦À¶ÇÕ_¿©","10","red","47","8_vs_9","9"
"¼ºÁ¦À¶ÇÕ_¿©","11","orange","47","8_vs_9","9"
"¼ºÁ¦À¶ÇÕ_¿©","12","gold","47","8_vs_9","9"
"¼ºÁ¦À¶ÇÕ_¿©","13","green","47","8_vs_9","9"
"¼ºÁ¦À¶ÇÕ_¿©","14","teal","47","8_vs_9","9"
"¼ºÁ¦À¶ÇÕ_¿©","15","blue","47","8_vs_9","9"
"¼ºÁ¦À¶ÇÕ_¿©","16","purple","47","8_vs_9","9"
"¼ºÁ¦À¶ÇÕ_¿©","17","pink","47","8_vs_9","9"
"¼ºÁ¦À¶ÇÕ_¿©","18","dark","47","8_vs_9","9"
"¼ºÁ¦À¶ÇÕ_¿©","19","white","47","8_vs_9","9"
"¼ºÁ¦À¶ÇÕ_¿©","20","brown","47","8_vs_9","9"
"¼ºÁ÷ÀÚ_³²","10","red","38","8_vs_9","9"
"¼ºÁ÷ÀÚ_³²","11","orange","38","8_vs_9","9"
"¼ºÁ÷ÀÚ_³²","12","gold","38","8_vs_9","9"
"¼ºÁ÷ÀÚ_³²","13","green","38","8_vs_9","9"
"¼ºÁ÷ÀÚ_³²","14","teal","38","8_vs_9","9"
"¼ºÁ÷ÀÚ_³²","15","blue","38","8_vs_9","9"
"¼ºÁ÷ÀÚ_³²","16","purple","38","8_vs_9","9"
"¼ºÁ÷ÀÚ_³²","17","pink","38","8_vs_9","9"
"¼ºÁ÷ÀÚ_³²","18","dark","38","8_vs_9","9"
"¼ºÁ÷ÀÚ_³²","19","white","38","8_vs_9","9"
"¼ºÁ÷ÀÚ_³²","20","brown","38","8_vs_9","9"
"¼ºÁ÷ÀÚ_¿©","10","red","22","8_vs_9","9"
"¼ºÁ÷ÀÚ_¿©","11","orange","22","8_vs_9","9"
"¼ºÁ÷ÀÚ_¿©","12","gold","22","8_vs_9","9"
"¼ºÁ÷ÀÚ_¿©","13","green","22","8_vs_9","9"
"¼ºÁ÷ÀÚ_¿©","14","teal","22","8_vs_9","9"
"¼ºÁ÷ÀÚ_¿©","15","blue","22","8_vs_9","9"
"¼ºÁ÷ÀÚ_¿©","16","purple","22","8_vs_9","9"
"¼ºÁ÷ÀÚ_¿©","17","pink","22","8_vs_9","9"
"¼ºÁ÷ÀÚ_¿©","18","dark","22","8_vs_9","9"
"¼ºÁ÷ÀÚ_¿©","19","white","22","8_vs_9","9"
"¼ºÁ÷ÀÚ_¿©","20","brown","22","8_vs_9","9"
"¼ºÅõ»ç2_³²","10","red","111","8_vs_9","9"
"¼ºÅõ»ç2_³²","11","orange","111","8_vs_9","9"
"¼ºÅõ»ç2_³²","12","gold","111","8_vs_9","9"
"¼ºÅõ»ç2_³²","13","green","111","8_vs_9","9"
"¼ºÅõ»ç2_³²","14","teal","111","8_vs_9","9"
"¼ºÅõ»ç2_³²","15","blue","111","8_vs_9","9"
"¼ºÅõ»ç2_³²","16","purple","111","8_vs_9","9"
"¼ºÅõ»ç2_³²","17","pink","111","8_vs_9","9"
"¼ºÅõ»ç2_³²","18","dark","111","8_vs_9","9"
"¼ºÅõ»ç2_³²","19","white","111","8_vs_9","9"
"¼ºÅõ»ç2_³²","20","brown","111","8_vs_9","9"
"¼ºÅõ»ç2_¿©","10","red","111","8_vs_9","9"
"¼ºÅõ»ç2_¿©","11","orange","111","8_vs_9","9"
"¼ºÅõ»ç2_¿©","12","gold","111","8_vs_9","9"
"¼ºÅõ»ç2_¿©","13","green","111","8_vs_9","9"
"¼ºÅõ»ç2_¿©","14","teal","111","8_vs_9","9"
"¼ºÅõ»ç2_¿©","15","blue","111","8_vs_9","9"
"¼ºÅõ»ç2_¿©","16","purple","111","8_vs_9","9"
"¼ºÅõ»ç2_¿©","17","pink","111","8_vs_9","9"
"¼ºÅõ»ç2_¿©","18","dark","111","8_vs_9","9"
"¼ºÅõ»ç2_¿©","19","white","111","8_vs_9","9"
"¼ºÅõ»ç2_¿©","20","brown","111","8_vs_9","9"
"¼ºÅõ»ç_³²","10","red","111","8_vs_9","9"
"¼ºÅõ»ç_³²","11","orange","111","8_vs_9","9"
"¼ºÅõ»ç_³²","12","gold","111","8_vs_9","9"
"¼ºÅõ»ç_³²","13","green","111","8_vs_9","9"
"¼ºÅõ»ç_³²","14","teal","111","8_vs_9","9"
"¼ºÅõ»ç_³²","15","blue","111","8_vs_9","9"
"¼ºÅõ»ç_³²","16","purple","111","8_vs_9","9"
"¼ºÅõ»ç_³²","17","pink","111","8_vs_9","9"
"¼ºÅõ»ç_³²","18","dark","111","8_vs_9","9"
"¼ºÅõ»ç_³²","19","white","111","8_vs_9","9"
"¼ºÅõ»ç_³²","20","brown","111","8_vs_9","9"
"¼ºÅõ»ç_¿©","10","red","111","8_vs_9","9"
"¼ºÅõ»ç_¿©","11","orange","111","8_vs_9","9"
"¼ºÅõ»ç_¿©","12","gold","111","8_vs_9","9"
"¼ºÅõ»ç_¿©","13","green","111","8_vs_9","9"
"¼ºÅõ»ç_¿©","14","teal","111","8_vs_9","9"
"¼ºÅõ»ç_¿©","15","blue","111","8_vs_9","9"
"¼ºÅõ»ç_¿©","16","purple","111","8_vs_9","9"
"¼ºÅõ»ç_¿©","17","pink","111","8_vs_9","9"
"¼ºÅõ»ç_¿©","18","dark","111","8_vs_9","9"
"¼ºÅõ»ç_¿©","19","white","111","8_vs_9","9"
"¼ºÅõ»ç_¿©","20","brown","111","8_vs_9","9"
"¼¼ÀÌÁö_³²","10","red","38","8_vs_9","9"
"¼¼ÀÌÁö_³²","11","orange","38","8_vs_9","9"
"¼¼ÀÌÁö_³²","12","gold","38","8_vs_9","9"
"¼¼ÀÌÁö_³²","13","green","38","8_vs_9","9"
"¼¼ÀÌÁö_³²","14","teal","38","8_vs_9","9"
"¼¼ÀÌÁö_³²","15","blue","38","8_vs_9","9"
"¼¼ÀÌÁö_³²","16","purple","38","8_vs_9","9"
"¼¼ÀÌÁö_³²","17","pink","38","8_vs_9","9"
"¼¼ÀÌÁö_³²","18","dark","38","8_vs_9","9"
"¼¼ÀÌÁö_³²","19","white","38","8_vs_9","9"
"¼¼ÀÌÁö_³²","20","brown","38","8_vs_9","9"
"¼¼ÀÌÁö_¿©","10","red","47","8_vs_9","9"
"¼¼ÀÌÁö_¿©","11","orange","47","8_vs_9","9"
"¼¼ÀÌÁö_¿©","12","gold","47","8_vs_9","9"
"¼¼ÀÌÁö_¿©","13","green","47","8_vs_9","9"
"¼¼ÀÌÁö_¿©","14","teal","47","8_vs_9","9"
"¼¼ÀÌÁö_¿©","15","blue","47","8_vs_9","9"
"¼¼ÀÌÁö_¿©","16","purple","47","8_vs_9","9"
"¼¼ÀÌÁö_¿©","17","pink","47","8_vs_9","9"
"¼¼ÀÌÁö_¿©","18","dark","47","8_vs_9","9"
"¼¼ÀÌÁö_¿©","19","white","47","8_vs_9","9"
"¼¼ÀÌÁö_¿©","20","brown","47","8_vs_9","9"
"¼Ò¼­·¯_³²","10","red","36","8_vs_9","9"
"¼Ò¼­·¯_³²","11","orange","36","8_vs_9","9"
"¼Ò¼­·¯_³²","12","gold","36","8_vs_9","9"
"¼Ò¼­·¯_³²","13","green","36","8_vs_9","9"
"¼Ò¼­·¯_³²","14","teal","36","8_vs_9","9"
"¼Ò¼­·¯_³²","15","blue","36","8_vs_9","9"
"¼Ò¼­·¯_³²","16","purple","36","8_vs_9","9"
"¼Ò¼­·¯_³²","17","pink","36","8_vs_9","9"
"¼Ò¼­·¯_³²","18","dark","36","8_vs_9","9"
"¼Ò¼­·¯_³²","19","white","36","8_vs_9","9"
"¼Ò¼­·¯_³²","20","brown","36","8_vs_9","9"
"¼Ò¼­·¯_¿©","10","red","36","8_vs_9","9"
"¼Ò¼­·¯_¿©","11","orange","36","8_vs_9","9"
"¼Ò¼­·¯_¿©","12","gold","36","8_vs_9","9"
"¼Ò¼­·¯_¿©","13","green","36","8_vs_9","9"
"¼Ò¼­·¯_¿©","14","teal","36","8_vs_9","9"
"¼Ò¼­·¯_¿©","15","blue","36","8_vs_9","9"
"¼Ò¼­·¯_¿©","16","purple","36","8_vs_9","9"
"¼Ò¼­·¯_¿©","17","pink","36","8_vs_9","9"
"¼Ò¼­·¯_¿©","18","dark","36","8_vs_9","9"
"¼Ò¼­·¯_¿©","19","white","36","8_vs_9","9"
"¼Ò¼­·¯_¿©","20","brown","36","8_vs_9","9"
"¼Ò¿ï¸®ÆÛ_³²","10","red","66","8_vs_9","9"
"¼Ò¿ï¸®ÆÛ_³²","11","orange","66","8_vs_9","9"
"¼Ò¿ï¸®ÆÛ_³²","12","gold","66","8_vs_9","9"
"¼Ò¿ï¸®ÆÛ_³²","13","green","66","8_vs_9","9"
"¼Ò¿ï¸®ÆÛ_³²","14","teal","66","8_vs_9","9"
"¼Ò¿ï¸®ÆÛ_³²","15","blue","66","8_vs_9","9"
"¼Ò¿ï¸®ÆÛ_³²","16","purple","66","8_vs_9","9"
"¼Ò¿ï¸®ÆÛ_³²","17","pink","66","8_vs_9","9"
"¼Ò¿ï¸®ÆÛ_³²","18","dark","66","8_vs_9","9"
"¼Ò¿ï¸®ÆÛ_³²","19","white","66","8_vs_9","9"
"¼Ò¿ï¸®ÆÛ_³²","20","brown","66","8_vs_9","9"
"¼Ò¿ï¸®ÆÛ_¿©","10","red","66","8_vs_9","9"
"¼Ò¿ï¸®ÆÛ_¿©","11","orange","66","8_vs_9","9"
"¼Ò¿ï¸®ÆÛ_¿©","12","gold","66","8_vs_9","9"
"¼Ò¿ï¸®ÆÛ_¿©","13","green","66","8_vs_9","9"
"¼Ò¿ï¸®ÆÛ_¿©","14","teal","66","8_vs_9","9"
"¼Ò¿ï¸®ÆÛ_¿©","15","blue","66","8_vs_9","9"
"¼Ò¿ï¸®ÆÛ_¿©","16","purple","66","8_vs_9","9"
"¼Ò¿ï¸®ÆÛ_¿©","17","pink","66","8_vs_9","9"
"¼Ò¿ï¸®ÆÛ_¿©","18","dark","66","8_vs_9","9"
"¼Ò¿ï¸®ÆÛ_¿©","19","white","66","8_vs_9","9"
"¼Ò¿ï¸®ÆÛ_¿©","20","brown","66","8_vs_9","9"
"¼Ò¿ï¸µÄ¿_³²","10","red","82","8_vs_9","9"
"¼Ò¿ï¸µÄ¿_³²","11","orange","82","8_vs_9","9"
"¼Ò¿ï¸µÄ¿_³²","12","gold","82","8_vs_9","9"
"¼Ò¿ï¸µÄ¿_³²","13","green","82","8_vs_9","9"
"¼Ò¿ï¸µÄ¿_³²","14","teal","82","8_vs_9","9"
"¼Ò¿ï¸µÄ¿_³²","15","blue","82","8_vs_9","9"
"¼Ò¿ï¸µÄ¿_³²","16","purple","82","8_vs_9","9"
"¼Ò¿ï¸µÄ¿_³²","17","pink","82","8_vs_9","9"
"¼Ò¿ï¸µÄ¿_³²","18","dark","82","8_vs_9","9"
"¼Ò¿ï¸µÄ¿_³²","19","white","82","8_vs_9","9"
"¼Ò¿ï¸µÄ¿_³²","20","brown","82","8_vs_9","9"
"¼Ò¿ï¸µÄ¿_¿©","10","red","48","8_vs_9","9"
"¼Ò¿ï¸µÄ¿_¿©","11","orange","48","8_vs_9","9"
"¼Ò¿ï¸µÄ¿_¿©","12","gold","48","8_vs_9","9"
"¼Ò¿ï¸µÄ¿_¿©","13","green","48","8_vs_9","9"
"¼Ò¿ï¸µÄ¿_¿©","14","teal","48","8_vs_9","9"
"¼Ò¿ï¸µÄ¿_¿©","15","blue","48","8_vs_9","9"
"¼Ò¿ï¸µÄ¿_¿©","16","purple","48","8_vs_9","9"
"¼Ò¿ï¸µÄ¿_¿©","17","pink","48","8_vs_9","9"
"¼Ò¿ï¸µÄ¿_¿©","18","dark","48","8_vs_9","9"
"¼Ò¿ï¸µÄ¿_¿©","19","white","48","8_vs_9","9"
"¼Ò¿ï¸µÄ¿_¿©","20","brown","48","8_vs_9","9"
"½¦µµ¿ìÃ¼ÀÌ¼­_³²","10","red","56","8_vs_9","9"
"½¦µµ¿ìÃ¼ÀÌ¼­_³²","11","orange","56","8_vs_9","9"
"½¦µµ¿ìÃ¼ÀÌ¼­_³²","12","gold","56","8_vs_9","9"
"½¦µµ¿ìÃ¼ÀÌ¼­_³²","13","green","56","8_vs_9","9"
"½¦µµ¿ìÃ¼ÀÌ¼­_³²","14","teal","56","8_vs_9","9"
"½¦µµ¿ìÃ¼ÀÌ¼­_³²","15","blue","56","8_vs_9","9"
"½¦µµ¿ìÃ¼ÀÌ¼­_³²","16","purple","56","8_vs_9","9"
"½¦µµ¿ìÃ¼ÀÌ¼­_³²","17","pink","56","8_vs_9","9"
"½¦µµ¿ìÃ¼ÀÌ¼­_³²","18","dark","56","8_vs_9","9"
"½¦µµ¿ìÃ¼ÀÌ¼­_³²","19","white","56","8_vs_9","9"
"½¦µµ¿ìÃ¼ÀÌ¼­_³²","20","brown","56","8_vs_9","9"
"½¦µµ¿ìÃ¼ÀÌ¼­_¿©","10","red","49","8_vs_9","9"
"½¦µµ¿ìÃ¼ÀÌ¼­_¿©","11","orange","49","8_vs_9","9"
"½¦µµ¿ìÃ¼ÀÌ¼­_¿©","12","gold","49","8_vs_9","9"
"½¦µµ¿ìÃ¼ÀÌ¼­_¿©","13","green","49","8_vs_9","9"
"½¦µµ¿ìÃ¼ÀÌ¼­_¿©","14","teal","49","8_vs_9","9"
"½¦µµ¿ìÃ¼ÀÌ¼­_¿©","15","blue","49","8_vs_9","9"
"½¦µµ¿ìÃ¼ÀÌ¼­_¿©","16","purple","49","8_vs_9","9"
"½¦µµ¿ìÃ¼ÀÌ¼­_¿©","17","pink","49","8_vs_9","9"
"½¦µµ¿ìÃ¼ÀÌ¼­_¿©","18","dark","49","8_vs_9","9"
"½¦µµ¿ìÃ¼ÀÌ¼­_¿©","19","white","49","8_vs_9","9"
"½¦µµ¿ìÃ¼ÀÌ¼­_¿©","20","brown","49","8_vs_9","9"
"½´¶ó_³²","10","red","57","8_vs_9","9"
"½´¶ó_³²","11","orange","57","8_vs_9","9"
"½´¶ó_³²","12","gold","57","8_vs_9","9"
"½´¶ó_³²","13","green","57","8_vs_9","9"
"½´¶ó_³²","14","teal","57","8_vs_9","9"
"½´¶ó_³²","15","blue","57","8_vs_9","9"
"½´¶ó_³²","16","purple","57","8_vs_9","9"
"½´¶ó_³²","17","pink","57","8_vs_9","9"
"½´¶ó_³²","18","dark","57","8_vs_9","9"
"½´¶ó_³²","19","white","57","8_vs_9","9"
"½´¶ó_³²","20","brown","57","8_vs_9","9"
"½´¶ó_¿©","10","red","66","8_vs_9","9"
"½´¶ó_¿©","11","orange","66","8_vs_9","9"
"½´¶ó_¿©","12","gold","66","8_vs_9","9"
"½´¶ó_¿©","13","green","66","8_vs_9","9"
"½´¶ó_¿©","14","teal","66","8_vs_9","9"
"½´¶ó_¿©","15","blue","66","8_vs_9","9"
"½´¶ó_¿©","16","purple","66","8_vs_9","9"
"½´¶ó_¿©","17","pink","66","8_vs_9","9"
"½´¶ó_¿©","18","dark","66","8_vs_9","9"
"½´¶ó_¿©","19","white","66","8_vs_9","9"
"½´¶ó_¿©","20","brown","66","8_vs_9","9"
"½´¶ó¾ËÆÄÄ«_³²","10","red","57","8_vs_9","9"
"½´¶ó¾ËÆÄÄ«_³²","11","orange","57","8_vs_9","9"
"½´¶ó¾ËÆÄÄ«_³²","12","gold","57","8_vs_9","9"
"½´¶ó¾ËÆÄÄ«_³²","13","green","57","8_vs_9","9"
"½´¶ó¾ËÆÄÄ«_³²","14","teal","57","8_vs_9","9"
"½´¶ó¾ËÆÄÄ«_³²","15","blue","57","8_vs_9","9"
"½´¶ó¾ËÆÄÄ«_³²","16","purple","57","8_vs_9","9"
"½´¶ó¾ËÆÄÄ«_³²","17","pink","57","8_vs_9","9"
"½´¶ó¾ËÆÄÄ«_³²","18","dark","57","8_vs_9","9"
"½´¶ó¾ËÆÄÄ«_³²","19","white","57","8_vs_9","9"
"½´¶ó¾ËÆÄÄ«_³²","20","brown","57","8_vs_9","9"
"½´¶ó¾ËÆÄÄ«_¿©","10","red","66","8_vs_9","9"
"½´¶ó¾ËÆÄÄ«_¿©","11","orange","66","8_vs_9","9"
"½´¶ó¾ËÆÄÄ«_¿©","12","gold","66","8_vs_9","9"
"½´¶ó¾ËÆÄÄ«_¿©","13","green","66","8_vs_9","9"
"½´¶ó¾ËÆÄÄ«_¿©","14","teal","66","8_vs_9","9"
"½´¶ó¾ËÆÄÄ«_¿©","15","blue","66","8_vs_9","9"
"½´¶ó¾ËÆÄÄ«_¿©","16","purple","66","8_vs_9","9"
"½´¶ó¾ËÆÄÄ«_¿©","17","pink","66","8_vs_9","9"
"½´¶ó¾ËÆÄÄ«_¿©","18","dark","66","8_vs_9","9"
"½´¶ó¾ËÆÄÄ«_¿©","19","white","66","8_vs_9","9"
"½´¶ó¾ËÆÄÄ«_¿©","20","brown","66","8_vs_9","9"
"½´ÆÛ³ëºñ½º_³²","10","red","60","8_vs_9","9"
"½´ÆÛ³ëºñ½º_³²","11","orange","60","8_vs_9","9"
"½´ÆÛ³ëºñ½º_³²","12","gold","60","8_vs_9","9"
"½´ÆÛ³ëºñ½º_³²","13","green","60","8_vs_9","9"
"½´ÆÛ³ëºñ½º_³²","14","teal","60","8_vs_9","9"
"½´ÆÛ³ëºñ½º_³²","15","blue","60","8_vs_9","9"
"½´ÆÛ³ëºñ½º_³²","16","purple","60","8_vs_9","9"
"½´ÆÛ³ëºñ½º_³²","17","pink","60","8_vs_9","9"
"½´ÆÛ³ëºñ½º_³²","18","dark","60","8_vs_9","9"
"½´ÆÛ³ëºñ½º_³²","19","white","60","8_vs_9","9"
"½´ÆÛ³ëºñ½º_³²","20","brown","60","8_vs_9","9"
"½´ÆÛ³ëºñ½º_¿©","10","red","56","8_vs_9","9"
"½´ÆÛ³ëºñ½º_¿©","11","orange","56","8_vs_9","9"
"½´ÆÛ³ëºñ½º_¿©","12","gold","56","8_vs_9","9"
"½´ÆÛ³ëºñ½º_¿©","13","green","56","8_vs_9","9"
"½´ÆÛ³ëºñ½º_¿©","14","teal","56","8_vs_9","9"
"½´ÆÛ³ëºñ½º_¿©","15","blue","56","8_vs_9","9"
"½´ÆÛ³ëºñ½º_¿©","16","purple","56","8_vs_9","9"
"½´ÆÛ³ëºñ½º_¿©","17","pink","56","8_vs_9","9"
"½´ÆÛ³ëºñ½º_¿©","18","dark","56","8_vs_9","9"
"½´ÆÛ³ëºñ½º_¿©","19","white","56","8_vs_9","9"
"½´ÆÛ³ëºñ½º_¿©","20","brown","56","8_vs_9","9"
"½´ÆÛ³ëºñ½ºÆ÷¸µ_³²","10","red","60","8_vs_9","9"
"½´ÆÛ³ëºñ½ºÆ÷¸µ_³²","11","orange","60","8_vs_9","9"
"½´ÆÛ³ëºñ½ºÆ÷¸µ_³²","12","gold","60","8_vs_9","9"
"½´ÆÛ³ëºñ½ºÆ÷¸µ_³²","13","green","60","8_vs_9","9"
"½´ÆÛ³ëºñ½ºÆ÷¸µ_³²","14","teal","60","8_vs_9","9"
"½´ÆÛ³ëºñ½ºÆ÷¸µ_³²","15","blue","60","8_vs_9","9"
"½´ÆÛ³ëºñ½ºÆ÷¸µ_³²","16","purple","60","8_vs_9","9"
"½´ÆÛ³ëºñ½ºÆ÷¸µ_³²","17","pink","60","8_vs_9","9"
"½´ÆÛ³ëºñ½ºÆ÷¸µ_³²","18","dark","60","8_vs_9","9"
"½´ÆÛ³ëºñ½ºÆ÷¸µ_³²","19","white","60","8_vs_9","9"
"½´ÆÛ³ëºñ½ºÆ÷¸µ_³²","20","brown","60","8_vs_9","9"
"½´ÆÛ³ëºñ½ºÆ÷¸µ_¿©","10","red","56","8_vs_9","9"
"½´ÆÛ³ëºñ½ºÆ÷¸µ_¿©","11","orange","56","8_vs_9","9"
"½´ÆÛ³ëºñ½ºÆ÷¸µ_¿©","12","gold","56","8_vs_9","9"
"½´ÆÛ³ëºñ½ºÆ÷¸µ_¿©","13","green","56","8_vs_9","9"
"½´ÆÛ³ëºñ½ºÆ÷¸µ_¿©","14","teal","56","8_vs_9","9"
"½´ÆÛ³ëºñ½ºÆ÷¸µ_¿©","15","blue","56","8_vs_9","9"
"½´ÆÛ³ëºñ½ºÆ÷¸µ_¿©","16","purple","56","8_vs_9","9"
"½´ÆÛ³ëºñ½ºÆ÷¸µ_¿©","17","pink","56","8_vs_9","9"
"½´ÆÛ³ëºñ½ºÆ÷¸µ_¿©","18","dark","56","8_vs_9","9"
"½´ÆÛ³ëºñ½ºÆ÷¸µ_¿©","19","white","56","8_vs_9","9"
"½´ÆÛ³ëºñ½ºÆ÷¸µ_¿©","20","brown","56","8_vs_9","9"
"½º³ªÀÌÆÛ_³²","10","red","47","8_vs_9","9"
"½º³ªÀÌÆÛ_³²","11","orange","47","8_vs_9","9"
"½º³ªÀÌÆÛ_³²","12","gold","47","8_vs_9","9"
"½º³ªÀÌÆÛ_³²","13","green","47","8_vs_9","9"
"½º³ªÀÌÆÛ_³²","14","teal","47","8_vs_9","9"
"½º³ªÀÌÆÛ_³²","15","blue","47","8_vs_9","9"
"½º³ªÀÌÆÛ_³²","16","purple","47","8_vs_9","9"
"½º³ªÀÌÆÛ_³²","17","pink","47","8_vs_9","9"
"½º³ªÀÌÆÛ_³²","18","dark","47","8_vs_9","9"
"½º³ªÀÌÆÛ_³²","19","white","47","8_vs_9","9"
"½º³ªÀÌÆÛ_³²","20","brown","47","8_vs_9","9"
"½º³ªÀÌÆÛ_¿©","10","red","71","8_vs_9","9"
"½º³ªÀÌÆÛ_¿©","11","orange","71","8_vs_9","9"
"½º³ªÀÌÆÛ_¿©","12","gold","71","8_vs_9","9"
"½º³ªÀÌÆÛ_¿©","13","green","71","8_vs_9","9"
"½º³ªÀÌÆÛ_¿©","14","teal","71","8_vs_9","9"
"½º³ªÀÌÆÛ_¿©","15","blue","71","8_vs_9","9"
"½º³ªÀÌÆÛ_¿©","16","purple","71","8_vs_9","9"
"½º³ªÀÌÆÛ_¿©","17","pink","71","8_vs_9","9"
"½º³ªÀÌÆÛ_¿©","18","dark","71","8_vs_9","9"
"½º³ªÀÌÆÛ_¿©","19","white","71","8_vs_9","9"
"½º³ªÀÌÆÛ_¿©","20","brown","71","8_vs_9","9"
"½ºÅäÄ¿_³²","10","red","55","8_vs_9","9"
"½ºÅäÄ¿_³²","11","orange","55","8_vs_9","9"
"½ºÅäÄ¿_³²","12","gold","55","8_vs_9","9"
"½ºÅäÄ¿_³²","13","green","55","8_vs_9","9"
"½ºÅäÄ¿_³²","14","teal","55","8_vs_9","9"
"½ºÅäÄ¿_³²","15","blue","55","8_vs_9","9"
"½ºÅäÄ¿_³²","16","purple","55","8_vs_9","9"
"½ºÅäÄ¿_³²","17","pink","55","8_vs_9","9"
"½ºÅäÄ¿_³²","18","dark","55","8_vs_9","9"
"½ºÅäÄ¿_³²","19","white","55","8_vs_9","9"
"½ºÅäÄ¿_³²","20","brown","55","8_vs_9","9"
"½ºÅäÄ¿_¿©","10","red","71","8_vs_9","9"
"½ºÅäÄ¿_¿©","11","orange","71","8_vs_9","9"
"½ºÅäÄ¿_¿©","12","gold","71","8_vs_9","9"
"½ºÅäÄ¿_¿©","13","green","71","8_vs_9","9"
"½ºÅäÄ¿_¿©","14","teal","71","8_vs_9","9"
"½ºÅäÄ¿_¿©","15","blue","71","8_vs_9","9"
"½ºÅäÄ¿_¿©","16","purple","71","8_vs_9","9"
"½ºÅäÄ¿_¿©","17","pink","71","8_vs_9","9"
"½ºÅäÄ¿_¿©","18","dark","71","8_vs_9","9"
"½ºÅäÄ¿_¿©","19","white","71","8_vs_9","9"
"½ºÅäÄ¿_¿©","20","brown","71","8_vs_9","9"
"½ÅÆäÄÚÅ©·ç¼¼ÀÌ´õ_³²","10","red","55","8_vs_9","9"
"½ÅÆäÄÚÅ©·ç¼¼ÀÌ´õ_³²","11","orange","55","8_vs_9","9"
"½ÅÆäÄÚÅ©·ç¼¼ÀÌ´õ_³²","12","gold","55","8_vs_9","9"
"½ÅÆäÄÚÅ©·ç¼¼ÀÌ´õ_³²","13","green","55","8_vs_9","9"
"½ÅÆäÄÚÅ©·ç¼¼ÀÌ´õ_³²","14","teal","55","8_vs_9","9"
"½ÅÆäÄÚÅ©·ç¼¼ÀÌ´õ_³²","15","blue","55","8_vs_9","9"
"½ÅÆäÄÚÅ©·ç¼¼ÀÌ´õ_³²","16","purple","55","8_vs_9","9"
"½ÅÆäÄÚÅ©·ç¼¼ÀÌ´õ_³²","17","pink","55","8_vs_9","9"
"½ÅÆäÄÚÅ©·ç¼¼ÀÌ´õ_³²","18","dark","55","8_vs_9","9"
"½ÅÆäÄÚÅ©·ç¼¼ÀÌ´õ_³²","19","white","55","8_vs_9","9"
"½ÅÆäÄÚÅ©·ç¼¼ÀÌ´õ_³²","20","brown","55","8_vs_9","9"
"½ÅÆäÄÚÅ©·ç¼¼ÀÌ´õ_¿©","10","red","71","8_vs_9","9"
"½ÅÆäÄÚÅ©·ç¼¼ÀÌ´õ_¿©","11","orange","71","8_vs_9","9"
"½ÅÆäÄÚÅ©·ç¼¼ÀÌ´õ_¿©","12","gold","71","8_vs_9","9"
"½ÅÆäÄÚÅ©·ç¼¼ÀÌ´õ_¿©","13","green","71","8_vs_9","9"
"½ÅÆäÄÚÅ©·ç¼¼ÀÌ´õ_¿©","14","teal","71","8_vs_9","9"
"½ÅÆäÄÚÅ©·ç¼¼ÀÌ´õ_¿©","15","blue","71","8_vs_9","9"
"½ÅÆäÄÚÅ©·ç¼¼ÀÌ´õ_¿©","16","purple","71","8_vs_9","9"
"½ÅÆäÄÚÅ©·ç¼¼ÀÌ´õ_¿©","17","pink","71","8_vs_9","9"
"½ÅÆäÄÚÅ©·ç¼¼ÀÌ´õ_¿©","18","dark","71","8_vs_9","9"
"½ÅÆäÄÚÅ©·ç¼¼ÀÌ´õ_¿©","19","white","71","8_vs_9","9"
"½ÅÆäÄÚÅ©·ç¼¼ÀÌ´õ_¿©","20","brown","71","8_vs_9","9"
"¾ÆÅ©ºñ¼ó_³²","10","red","17","8_vs_9","9"
"¾ÆÅ©ºñ¼ó_³²","11","orange","17","8_vs_9","9"
"¾ÆÅ©ºñ¼ó_³²","12","gold","17","8_vs_9","9"
"¾ÆÅ©ºñ¼ó_³²","13","green","17","8_vs_9","9"
"¾ÆÅ©ºñ¼ó_³²","14","teal","17","8_vs_9","9"
"¾ÆÅ©ºñ¼ó_³²","15","blue","17","8_vs_9","9"
"¾ÆÅ©ºñ¼ó_³²","16","purple","17","8_vs_9","9"
"¾ÆÅ©ºñ¼ó_³²","17","pink","17","8_vs_9","9"
"¾ÆÅ©ºñ¼ó_³²","18","dark","17","8_vs_9","9"
"¾ÆÅ©ºñ¼ó_³²","19","white","17","8_vs_9","9"
"¾ÆÅ©ºñ¼ó_³²","20","brown","17","8_vs_9","9"
"¾ÆÅ©ºñ¼ó_¿©","10","red","33","8_vs_9","9"
"¾ÆÅ©ºñ¼ó_¿©","11","orange","33","8_vs_9","9"
"¾ÆÅ©ºñ¼ó_¿©","12","gold","33","8_vs_9","9"
"¾ÆÅ©ºñ¼ó_¿©","13","green","33","8_vs_9","9"
"¾ÆÅ©ºñ¼ó_¿©","14","teal","33","8_vs_9","9"
"¾ÆÅ©ºñ¼ó_¿©","15","blue","33","8_vs_9","9"
"¾ÆÅ©ºñ¼ó_¿©","16","purple","33","8_vs_9","9"
"¾ÆÅ©ºñ¼ó_¿©","17","pink","33","8_vs_9","9"
"¾ÆÅ©ºñ¼ó_¿©","18","dark","33","8_vs_9","9"
"¾ÆÅ©ºñ¼ó_¿©","19","white","33","8_vs_9","9"
"¾ÆÅ©ºñ¼ó_¿©","20","brown","33","8_vs_9","9"
"¾ÆÅ©ºñ¼ó¾ËÆÄÄ«_³²","10","red","17","8_vs_9","9"
"¾ÆÅ©ºñ¼ó¾ËÆÄÄ«_³²","11","orange","17","8_vs_9","9"
"¾ÆÅ©ºñ¼ó¾ËÆÄÄ«_³²","12","gold","17","8_vs_9","9"
"¾ÆÅ©ºñ¼ó¾ËÆÄÄ«_³²","13","green","17","8_vs_9","9"
"¾ÆÅ©ºñ¼ó¾ËÆÄÄ«_³²","14","teal","17","8_vs_9","9"
"¾ÆÅ©ºñ¼ó¾ËÆÄÄ«_³²","15","blue","17","8_vs_9","9"
"¾ÆÅ©ºñ¼ó¾ËÆÄÄ«_³²","16","purple","17","8_vs_9","9"
"¾ÆÅ©ºñ¼ó¾ËÆÄÄ«_³²","17","pink","17","8_vs_9","9"
"¾ÆÅ©ºñ¼ó¾ËÆÄÄ«_³²","18","dark","17","8_vs_9","9"
"¾ÆÅ©ºñ¼ó¾ËÆÄÄ«_³²","19","white","17","8_vs_9","9"
"¾ÆÅ©ºñ¼ó¾ËÆÄÄ«_³²","20","brown","17","8_vs_9","9"
"¾ÆÅ©ºñ¼ó¾ËÆÄÄ«_¿©","10","red","33","8_vs_9","9"
"¾ÆÅ©ºñ¼ó¾ËÆÄÄ«_¿©","11","orange","33","8_vs_9","9"
"¾ÆÅ©ºñ¼ó¾ËÆÄÄ«_¿©","12","gold","33","8_vs_9","9"
"¾ÆÅ©ºñ¼ó¾ËÆÄÄ«_¿©","13","green","33","8_vs_9","9"
"¾ÆÅ©ºñ¼ó¾ËÆÄÄ«_¿©","14","teal","33","8_vs_9","9"
"¾ÆÅ©ºñ¼ó¾ËÆÄÄ«_¿©","15","blue","33","8_vs_9","9"
"¾ÆÅ©ºñ¼ó¾ËÆÄÄ«_¿©","16","purple","33","8_vs_9","9"
"¾ÆÅ©ºñ¼ó¾ËÆÄÄ«_¿©","17","pink","33","8_vs_9","9"
"¾ÆÅ©ºñ¼ó¾ËÆÄÄ«_¿©","18","dark","33","8_vs_9","9"
"¾ÆÅ©ºñ¼ó¾ËÆÄÄ«_¿©","19","white","33","8_vs_9","9"
"¾ÆÅ©ºñ¼ó¾ËÆÄÄ«_¿©","20","brown","33","8_vs_9","9"
"¾î»õ½Å_³²","10","red","103","8_vs_9","9"
"¾î»õ½Å_³²","11","orange","103","8_vs_9","9"
"¾î»õ½Å_³²","12","gold","103","8_vs_9","9"
"¾î»õ½Å_³²","13","green","103","8_vs_9","9"
"¾î»õ½Å_³²","14","teal","103","8_vs_9","9"
"¾î»õ½Å_³²","15","blue","103","8_vs_9","9"
"¾î»õ½Å_³²","16","purple","103","8_vs_9","9"
"¾î»õ½Å_³²","17","pink","103","8_vs_9","9"
"¾î»õ½Å_³²","18","dark","103","8_vs_9","9"
"¾î»õ½Å_³²","19","white","103","8_vs_9","9"
"¾î»õ½Å_³²","20","brown","103","8_vs_9","9"
"¾î¼¼½Å_³²","10","red","62","8_vs_9","9"
"¾î¼¼½Å_³²","11","orange","62","8_vs_9","9"
"¾î¼¼½Å_³²","12","gold","62","8_vs_9","9"
"¾î¼¼½Å_³²","13","green","62","8_vs_9","9"
"¾î¼¼½Å_³²","14","teal","62","8_vs_9","9"
"¾î¼¼½Å_³²","15","blue","62","8_vs_9","9"
"¾î¼¼½Å_³²","16","purple","62","8_vs_9","9"
"¾î¼¼½Å_³²","17","pink","62","8_vs_9","9"
"¾î¼¼½Å_³²","18","dark","62","8_vs_9","9"
"¾î¼¼½Å_³²","19","white","62","8_vs_9","9"
"¾î¼¼½Å_³²","20","brown","62","8_vs_9","9"
"¾î¼¼½Å_¿©","10","red","55","8_vs_9","9"
"¾î¼¼½Å_¿©","11","orange","55","8_vs_9","9"
"¾î¼¼½Å_¿©","12","gold","55","8_vs_9","9"
"¾î¼¼½Å_¿©","13","green","55","8_vs_9","9"
"¾î¼¼½Å_¿©","14","teal","55","8_vs_9","9"
"¾î¼¼½Å_¿©","15","blue","55","8_vs_9","9"
"¾î¼¼½Å_¿©","16","purple","55","8_vs_9","9"
"¾î¼¼½Å_¿©","17","pink","55","8_vs_9","9"
"¾î¼¼½Å_¿©","18","dark","55","8_vs_9","9"
"¾î¼¼½Å_¿©","19","white","55","8_vs_9","9"
"¾î¼¼½Å_¿©","20","brown","55","8_vs_9","9"
"¾î¼¼½ÅÅ©·Î½º_³²","10","red","62","8_vs_9","9"
"¾î¼¼½ÅÅ©·Î½º_³²","11","orange","62","8_vs_9","9"
"¾î¼¼½ÅÅ©·Î½º_³²","12","gold","62","8_vs_9","9"
"¾î¼¼½ÅÅ©·Î½º_³²","13","green","62","8_vs_9","9"
"¾î¼¼½ÅÅ©·Î½º_³²","14","teal","62","8_vs_9","9"
"¾î¼¼½ÅÅ©·Î½º_³²","15","blue","62","8_vs_9","9"
"¾î¼¼½ÅÅ©·Î½º_³²","16","purple","62","8_vs_9","9"
"¾î¼¼½ÅÅ©·Î½º_³²","17","pink","62","8_vs_9","9"
"¾î¼¼½ÅÅ©·Î½º_³²","18","dark","62","8_vs_9","9"
"¾î¼¼½ÅÅ©·Î½º_³²","19","white","62","8_vs_9","9"
"¾î¼¼½ÅÅ©·Î½º_³²","20","brown","62","8_vs_9","9"
"¾î¼¼½ÅÅ©·Î½º_¿©","10","red","55","8_vs_9","9"
"¾î¼¼½ÅÅ©·Î½º_¿©","11","orange","55","8_vs_9","9"
"¾î¼¼½ÅÅ©·Î½º_¿©","12","gold","55","8_vs_9","9"
"¾î¼¼½ÅÅ©·Î½º_¿©","13","green","55","8_vs_9","9"
"¾î¼¼½ÅÅ©·Î½º_¿©","14","teal","55","8_vs_9","9"
"¾î¼¼½ÅÅ©·Î½º_¿©","15","blue","55","8_vs_9","9"
"¾î¼¼½ÅÅ©·Î½º_¿©","16","purple","55","8_vs_9","9"
"¾î¼¼½ÅÅ©·Î½º_¿©","17","pink","55","8_vs_9","9"
"¾î¼¼½ÅÅ©·Î½º_¿©","18","dark","55","8_vs_9","9"
"¾î¼¼½ÅÅ©·Î½º_¿©","19","white","55","8_vs_9","9"
"¾î¼¼½ÅÅ©·Î½º_¿©","20","brown","55","8_vs_9","9"
"¿©¿ì¸¶¹ý»ç_³²","10","red","30","8_vs_9","9"
"¿©¿ì¸¶¹ý»ç_³²","11","orange","30","8_vs_9","9"
"¿©¿ì¸¶¹ý»ç_³²","12","gold","30","8_vs_9","9"
"¿©¿ì¸¶¹ý»ç_³²","13","green","30","8_vs_9","9"
"¿©¿ì¸¶¹ý»ç_³²","14","teal","30","8_vs_9","9"
"¿©¿ì¸¶¹ý»ç_³²","15","blue","30","8_vs_9","9"
"¿©¿ì¸¶¹ý»ç_³²","16","purple","30","8_vs_9","9"
"¿©¿ì¸¶¹ý»ç_³²","17","pink","30","8_vs_9","9"
"¿©¿ì¸¶¹ý»ç_³²","18","dark","30","8_vs_9","9"
"¿©¿ì¸¶¹ý»ç_³²","19","white","30","8_vs_9","9"
"¿©¿ì¸¶¹ý»ç_³²","20","brown","30","8_vs_9","9"
"¿©¿ì¸¶¹ý»ç_¿©","10","red","31","8_vs_9","9"
"¿©¿ì¸¶¹ý»ç_¿©","11","orange","31","8_vs_9","9"
"¿©¿ì¸¶¹ý»ç_¿©","12","gold","31","8_vs_9","9"
"¿©¿ì¸¶¹ý»ç_¿©","13","green","31","8_vs_9","9"
"¿©¿ì¸¶¹ý»ç_¿©","14","teal","31","8_vs_9","9"
"¿©¿ì¸¶¹ý»ç_¿©","15","blue","31","8_vs_9","9"
"¿©¿ì¸¶¹ý»ç_¿©","16","purple","31","8_vs_9","9"
"¿©¿ì¸¶¹ý»ç_¿©","17","pink","31","8_vs_9","9"
"¿©¿ì¸¶¹ý»ç_¿©","18","dark","31","8_vs_9","9"
"¿©¿ì¸¶¹ý»ç_¿©","19","white","31","8_vs_9","9"
"¿©¿ì¸¶¹ý»ç_¿©","20","brown","31","8_vs_9","9"
"¿©¿ì¼¼ÀÌÁö_³²","10","red","38","8_vs_9","9"
"¿©¿ì¼¼ÀÌÁö_³²","11","orange","38","8_vs_9","9"
"¿©¿ì¼¼ÀÌÁö_³²","12","gold","38","8_vs_9","9"
"¿©¿ì¼¼ÀÌÁö_³²","13","green","38","8_vs_9","9"
"¿©¿ì¼¼ÀÌÁö_³²","14","teal","38","8_vs_9","9"
"¿©¿ì¼¼ÀÌÁö_³²","15","blue","38","8_vs_9","9"
"¿©¿ì¼¼ÀÌÁö_³²","16","purple","38","8_vs_9","9"
"¿©¿ì¼¼ÀÌÁö_³²","17","pink","38","8_vs_9","9"
"¿©¿ì¼¼ÀÌÁö_³²","18","dark","38","8_vs_9","9"
"¿©¿ì¼¼ÀÌÁö_³²","19","white","38","8_vs_9","9"
"¿©¿ì¼¼ÀÌÁö_³²","20","brown","38","8_vs_9","9"
"¿©¿ì¼¼ÀÌÁö_¿©","10","red","47","8_vs_9","9"
"¿©¿ì¼¼ÀÌÁö_¿©","11","orange","47","8_vs_9","9"
"¿©¿ì¼¼ÀÌÁö_¿©","12","gold","47","8_vs_9","9"
"¿©¿ì¼¼ÀÌÁö_¿©","13","green","47","8_vs_9","9"
"¿©¿ì¼¼ÀÌÁö_¿©","14","teal","47","8_vs_9","9"
"¿©¿ì¼¼ÀÌÁö_¿©","15","blue","47","8_vs_9","9"
"¿©¿ì¼¼ÀÌÁö_¿©","16","purple","47","8_vs_9","9"
"¿©¿ì¼¼ÀÌÁö_¿©","17","pink","47","8_vs_9","9"
"¿©¿ì¼¼ÀÌÁö_¿©","18","dark","47","8_vs_9","9"
"¿©¿ì¼¼ÀÌÁö_¿©","19","white","47","8_vs_9","9"
"¿©¿ì¼¼ÀÌÁö_¿©","20","brown","47","8_vs_9","9"
"¿©¿ì¼Ò¼­·¯_³²","10","red","36","8_vs_9","9"
"¿©¿ì¼Ò¼­·¯_³²","11","orange","36","8_vs_9","9"
"¿©¿ì¼Ò¼­·¯_³²","12","gold","36","8_vs_9","9"
"¿©¿ì¼Ò¼­·¯_³²","13","green","36","8_vs_9","9"
"¿©¿ì¼Ò¼­·¯_³²","14","teal","36","8_vs_9","9"
"¿©¿ì¼Ò¼­·¯_³²","15","blue","36","8_vs_9","9"
"¿©¿ì¼Ò¼­·¯_³²","16","purple","36","8_vs_9","9"
"¿©¿ì¼Ò¼­·¯_³²","17","pink","36","8_vs_9","9"
"¿©¿ì¼Ò¼­·¯_³²","18","dark","36","8_vs_9","9"
"¿©¿ì¼Ò¼­·¯_³²","19","white","36","8_vs_9","9"
"¿©¿ì¼Ò¼­·¯_³²","20","brown","36","8_vs_9","9"
"¿©¿ì¼Ò¼­·¯_¿©","10","red","36","8_vs_9","9"
"¿©¿ì¼Ò¼­·¯_¿©","11","orange","36","8_vs_9","9"
"¿©¿ì¼Ò¼­·¯_¿©","12","gold","36","8_vs_9","9"
"¿©¿ì¼Ò¼­·¯_¿©","13","green","36","8_vs_9","9"
"¿©¿ì¼Ò¼­·¯_¿©","14","teal","36","8_vs_9","9"
"¿©¿ì¼Ò¼­·¯_¿©","15","blue","36","8_vs_9","9"
"¿©¿ì¼Ò¼­·¯_¿©","16","purple","36","8_vs_9","9"
"¿©¿ì¼Ò¼­·¯_¿©","17","pink","36","8_vs_9","9"
"¿©¿ì¼Ò¼­·¯_¿©","18","dark","36","8_vs_9","9"
"¿©¿ì¼Ò¼­·¯_¿©","19","white","36","8_vs_9","9"
"¿©¿ì¼Ò¼­·¯_¿©","20","brown","36","8_vs_9","9"
"¿©¿ì¿ö·Ï_³²","10","red","44","8_vs_9","9"
"¿©¿ì¿ö·Ï_³²","11","orange","44","8_vs_9","9"
"¿©¿ì¿ö·Ï_³²","12","gold","44","8_vs_9","9"
"¿©¿ì¿ö·Ï_³²","13","green","44","8_vs_9","9"
"¿©¿ì¿ö·Ï_³²","14","teal","44","8_vs_9","9"
"¿©¿ì¿ö·Ï_³²","15","blue","44","8_vs_9","9"
"¿©¿ì¿ö·Ï_³²","16","purple","44","8_vs_9","9"
"¿©¿ì¿ö·Ï_³²","17","pink","44","8_vs_9","9"
"¿©¿ì¿ö·Ï_³²","18","dark","44","8_vs_9","9"
"¿©¿ì¿ö·Ï_³²","19","white","44","8_vs_9","9"
"¿©¿ì¿ö·Ï_³²","20","brown","44","8_vs_9","9"
"¿©¿ì¿ö·Ï_¿©","10","red","45","8_vs_9","9"
"¿©¿ì¿ö·Ï_¿©","11","orange","45","8_vs_9","9"
"¿©¿ì¿ö·Ï_¿©","12","gold","45","8_vs_9","9"
"¿©¿ì¿ö·Ï_¿©","13","green","45","8_vs_9","9"
"¿©¿ì¿ö·Ï_¿©","14","teal","45","8_vs_9","9"
"¿©¿ì¿ö·Ï_¿©","15","blue","45","8_vs_9","9"
"¿©¿ì¿ö·Ï_¿©","16","purple","45","8_vs_9","9"
"¿©¿ì¿ö·Ï_¿©","17","pink","45","8_vs_9","9"
"¿©¿ì¿ö·Ï_¿©","18","dark","45","8_vs_9","9"
"¿©¿ì¿ö·Ï_¿©","19","white","45","8_vs_9","9"
"¿©¿ì¿ö·Ï_¿©","20","brown","45","8_vs_9","9"
"¿©¿ìÀ§Àúµå_³²","10","red","46","8_vs_9","9"
"¿©¿ìÀ§Àúµå_³²","11","orange","46","8_vs_9","9"
"¿©¿ìÀ§Àúµå_³²","12","gold","46","8_vs_9","9"
"¿©¿ìÀ§Àúµå_³²","13","green","46","8_vs_9","9"
"¿©¿ìÀ§Àúµå_³²","14","teal","46","8_vs_9","9"
"¿©¿ìÀ§Àúµå_³²","15","blue","46","8_vs_9","9"
"¿©¿ìÀ§Àúµå_³²","16","purple","46","8_vs_9","9"
"¿©¿ìÀ§Àúµå_³²","17","pink","46","8_vs_9","9"
"¿©¿ìÀ§Àúµå_³²","18","dark","46","8_vs_9","9"
"¿©¿ìÀ§Àúµå_³²","19","white","46","8_vs_9","9"
"¿©¿ìÀ§Àúµå_³²","20","brown","46","8_vs_9","9"
"¿©¿ìÀ§Àúµå_¿©","10","red","47","8_vs_9","9"
"¿©¿ìÀ§Àúµå_¿©","11","orange","47","8_vs_9","9"
"¿©¿ìÀ§Àúµå_¿©","12","gold","47","8_vs_9","9"
"¿©¿ìÀ§Àúµå_¿©","13","green","47","8_vs_9","9"
"¿©¿ìÀ§Àúµå_¿©","14","teal","47","8_vs_9","9"
"¿©¿ìÀ§Àúµå_¿©","15","blue","47","8_vs_9","9"
"¿©¿ìÀ§Àúµå_¿©","16","purple","47","8_vs_9","9"
"¿©¿ìÀ§Àúµå_¿©","17","pink","47","8_vs_9","9"
"¿©¿ìÀ§Àúµå_¿©","18","dark","47","8_vs_9","9"
"¿©¿ìÀ§Àúµå_¿©","19","white","47","8_vs_9","9"
"¿©¿ìÀ§Àúµå_¿©","20","brown","47","8_vs_9","9"
"¿©¿ìÇÁ·ÎÆä¼­_³²","10","red","46","8_vs_9","9"
"¿©¿ìÇÁ·ÎÆä¼­_³²","11","orange","46","8_vs_9","9"
"¿©¿ìÇÁ·ÎÆä¼­_³²","12","gold","46","8_vs_9","9"
"¿©¿ìÇÁ·ÎÆä¼­_³²","13","green","46","8_vs_9","9"
"¿©¿ìÇÁ·ÎÆä¼­_³²","14","teal","46","8_vs_9","9"
"¿©¿ìÇÁ·ÎÆä¼­_³²","15","blue","46","8_vs_9","9"
"¿©¿ìÇÁ·ÎÆä¼­_³²","16","purple","46","8_vs_9","9"
"¿©¿ìÇÁ·ÎÆä¼­_³²","17","pink","46","8_vs_9","9"
"¿©¿ìÇÁ·ÎÆä¼­_³²","18","dark","46","8_vs_9","9"
"¿©¿ìÇÁ·ÎÆä¼­_³²","19","white","46","8_vs_9","9"
"¿©¿ìÇÁ·ÎÆä¼­_³²","20","brown","46","8_vs_9","9"
"¿©¿ìÇÁ·ÎÆä¼­_¿©","10","red","47","8_vs_9","9"
"¿©¿ìÇÁ·ÎÆä¼­_¿©","11","orange","47","8_vs_9","9"
"¿©¿ìÇÁ·ÎÆä¼­_¿©","12","gold","47","8_vs_9","9"
"¿©¿ìÇÁ·ÎÆä¼­_¿©","13","green","47","8_vs_9","9"
"¿©¿ìÇÁ·ÎÆä¼­_¿©","14","teal","47","8_vs_9","9"
"¿©¿ìÇÁ·ÎÆä¼­_¿©","15","blue","47","8_vs_9","9"
"¿©¿ìÇÁ·ÎÆä¼­_¿©","16","purple","47","8_vs_9","9"
"¿©¿ìÇÁ·ÎÆä¼­_¿©","17","pink","47","8_vs_9","9"
"¿©¿ìÇÁ·ÎÆä¼­_¿©","18","dark","47","8_vs_9","9"
"¿©¿ìÇÁ·ÎÆä¼­_¿©","19","white","47","8_vs_9","9"
"¿©¿ìÇÁ·ÎÆä¼­_¿©","20","brown","47","8_vs_9","9"
"¿©¿ìÇÏÀÌÀ§Àúµå_³²","10","red","38","8_vs_9","9"
"¿©¿ìÇÏÀÌÀ§Àúµå_³²","11","orange","38","8_vs_9","9"
"¿©¿ìÇÏÀÌÀ§Àúµå_³²","12","gold","38","8_vs_9","9"
"¿©¿ìÇÏÀÌÀ§Àúµå_³²","13","green","38","8_vs_9","9"
"¿©¿ìÇÏÀÌÀ§Àúµå_³²","14","teal","38","8_vs_9","9"
"¿©¿ìÇÏÀÌÀ§Àúµå_³²","15","blue","38","8_vs_9","9"
"¿©¿ìÇÏÀÌÀ§Àúµå_³²","16","purple","38","8_vs_9","9"
"¿©¿ìÇÏÀÌÀ§Àúµå_³²","17","pink","38","8_vs_9","9"
"¿©¿ìÇÏÀÌÀ§Àúµå_³²","18","dark","38","8_vs_9","9"
"¿©¿ìÇÏÀÌÀ§Àúµå_³²","19","white","38","8_vs_9","9"
"¿©¿ìÇÏÀÌÀ§Àúµå_³²","20","brown","38","8_vs_9","9"
"¿©¿ìÇÏÀÌÀ§Àúµå_¿©","10","red","47","8_vs_9","9"
"¿©¿ìÇÏÀÌÀ§Àúµå_¿©","11","orange","47","8_vs_9","9"
"¿©¿ìÇÏÀÌÀ§Àúµå_¿©","12","gold","47","8_vs_9","9"
"¿©¿ìÇÏÀÌÀ§Àúµå_¿©","13","green","47","8_vs_9","9"
"¿©¿ìÇÏÀÌÀ§Àúµå_¿©","14","teal","47","8_vs_9","9"
"¿©¿ìÇÏÀÌÀ§Àúµå_¿©","15","blue","47","8_vs_9","9"
"¿©¿ìÇÏÀÌÀ§Àúµå_¿©","16","purple","47","8_vs_9","9"
"¿©¿ìÇÏÀÌÀ§Àúµå_¿©","17","pink","47","8_vs_9","9"
"¿©¿ìÇÏÀÌÀ§Àúµå_¿©","18","dark","47","8_vs_9","9"
"¿©¿ìÇÏÀÌÀ§Àúµå_¿©","19","white","47","8_vs_9","9"
"¿©¿ìÇÏÀÌÀ§Àúµå_¿©","20","brown","47","8_vs_9","9"
"¿¬±Ý¼ú»ç_³²","10","red","47","8_vs_9","9"
"¿¬±Ý¼ú»ç_³²","11","orange","47","8_vs_9","9"
"¿¬±Ý¼ú»ç_³²","12","gold","47","8_vs_9","9"
"¿¬±Ý¼ú»ç_³²","13","green","47","8_vs_9","9"
"¿¬±Ý¼ú»ç_³²","14","teal","47","8_vs_9","9"
"¿¬±Ý¼ú»ç_³²","15","blue","47","8_vs_9","9"
"¿¬±Ý¼ú»ç_³²","16","purple","47","8_vs_9","9"
"¿¬±Ý¼ú»ç_³²","17","pink","47","8_vs_9","9"
"¿¬±Ý¼ú»ç_³²","18","dark","47","8_vs_9","9"
"¿¬±Ý¼ú»ç_³²","19","white","47","8_vs_9","9"
"¿¬±Ý¼ú»ç_³²","20","brown","47","8_vs_9","9"
"¿¬±Ý¼ú»ç_¿©","10","red","63","8_vs_9","9"
"¿¬±Ý¼ú»ç_¿©","11","orange","63","8_vs_9","9"
"¿¬±Ý¼ú»ç_¿©","12","gold","63","8_vs_9","9"
"¿¬±Ý¼ú»ç_¿©","13","green","63","8_vs_9","9"
"¿¬±Ý¼ú»ç_¿©","14","teal","63","8_vs_9","9"
"¿¬±Ý¼ú»ç_¿©","15","blue","63","8_vs_9","9"
"¿¬±Ý¼ú»ç_¿©","16","purple","63","8_vs_9","9"
"¿¬±Ý¼ú»ç_¿©","17","pink","63","8_vs_9","9"
"¿¬±Ý¼ú»ç_¿©","18","dark","63","8_vs_9","9"
"¿¬±Ý¼ú»ç_¿©","19","white","63","8_vs_9","9"
"¿¬±Ý¼ú»ç_¿©","20","brown","63","8_vs_9","9"
"¿¬±Ý¼ú»ç¸äµÅÁö_³²","10","red","47","8_vs_9","9"
"¿¬±Ý¼ú»ç¸äµÅÁö_³²","11","orange","47","8_vs_9","9"
"¿¬±Ý¼ú»ç¸äµÅÁö_³²","12","gold","47","8_vs_9","9"
"¿¬±Ý¼ú»ç¸äµÅÁö_³²","13","green","47","8_vs_9","9"
"¿¬±Ý¼ú»ç¸äµÅÁö_³²","14","teal","47","8_vs_9","9"
"¿¬±Ý¼ú»ç¸äµÅÁö_³²","15","blue","47","8_vs_9","9"
"¿¬±Ý¼ú»ç¸äµÅÁö_³²","16","purple","47","8_vs_9","9"
"¿¬±Ý¼ú»ç¸äµÅÁö_³²","17","pink","47","8_vs_9","9"
"¿¬±Ý¼ú»ç¸äµÅÁö_³²","18","dark","47","8_vs_9","9"
"¿¬±Ý¼ú»ç¸äµÅÁö_³²","19","white","47","8_vs_9","9"
"¿¬±Ý¼ú»ç¸äµÅÁö_³²","20","brown","47","8_vs_9","9"
"¿¬±Ý¼ú»ç¸äµÅÁö_¿©","10","red","63","8_vs_9","9"
"¿¬±Ý¼ú»ç¸äµÅÁö_¿©","11","orange","63","8_vs_9","9"
"¿¬±Ý¼ú»ç¸äµÅÁö_¿©","12","gold","63","8_vs_9","9"
"¿¬±Ý¼ú»ç¸äµÅÁö_¿©","13","green","63","8_vs_9","9"
"¿¬±Ý¼ú»ç¸äµÅÁö_¿©","14","teal","63","8_vs_9","9"
"¿¬±Ý¼ú»ç¸äµÅÁö_¿©","15","blue","63","8_vs_9","9"
"¿¬±Ý¼ú»ç¸äµÅÁö_¿©","16","purple","63","8_vs_9","9"
"¿¬±Ý¼ú»ç¸äµÅÁö_¿©","17","pink","63","8_vs_9","9"
"¿¬±Ý¼ú»ç¸äµÅÁö_¿©","18","dark","63","8_vs_9","9"
"¿¬±Ý¼ú»ç¸äµÅÁö_¿©","19","white","63","8_vs_9","9"
"¿¬±Ý¼ú»ç¸äµÅÁö_¿©","20","brown","63","8_vs_9","9"
"¿ïÇÁ·¹ÀÎÀú_³²","10","red","41","8_vs_9","9"
"¿ïÇÁ·¹ÀÎÀú_³²","11","orange","41","8_vs_9","9"
"¿ïÇÁ·¹ÀÎÀú_³²","12","gold","41","8_vs_9","9"
"¿ïÇÁ·¹ÀÎÀú_³²","13","green","41","8_vs_9","9"
"¿ïÇÁ·¹ÀÎÀú_³²","14","teal","41","8_vs_9","9"
"¿ïÇÁ·¹ÀÎÀú_³²","15","blue","41","8_vs_9","9"
"¿ïÇÁ·¹ÀÎÀú_³²","16","purple","41","8_vs_9","9"
"¿ïÇÁ·¹ÀÎÀú_³²","17","pink","41","8_vs_9","9"
"¿ïÇÁ·¹ÀÎÀú_³²","18","dark","41","8_vs_9","9"
"¿ïÇÁ·¹ÀÎÀú_³²","19","white","41","8_vs_9","9"
"¿ïÇÁ·¹ÀÎÀú_³²","20","brown","41","8_vs_9","9"
"¿ïÇÁ·¹ÀÎÀú_¿©","10","red","40","8_vs_9","9"
"¿ïÇÁ·¹ÀÎÀú_¿©","11","orange","40","8_vs_9","9"
"¿ïÇÁ·¹ÀÎÀú_¿©","12","gold","40","8_vs_9","9"
"¿ïÇÁ·¹ÀÎÀú_¿©","13","green","40","8_vs_9","9"
"¿ïÇÁ·¹ÀÎÀú_¿©","14","teal","40","8_vs_9","9"
"¿ïÇÁ·¹ÀÎÀú_¿©","15","blue","40","8_vs_9","9"
"¿ïÇÁ·¹ÀÎÀú_¿©","16","purple","40","8_vs_9","9"
"¿ïÇÁ·¹ÀÎÀú_¿©","17","pink","40","8_vs_9","9"
"¿ïÇÁ·¹ÀÎÀú_¿©","18","dark","40","8_vs_9","9"
"¿ïÇÁ·¹ÀÎÀú_¿©","19","white","40","8_vs_9","9"
"¿ïÇÁ·¹ÀÎÀú_¿©","20","brown","40","8_vs_9","9"
"¿ö·Ï_³²","10","red","44","8_vs_9","9"
"¿ö·Ï_³²","11","orange","44","8_vs_9","9"
"¿ö·Ï_³²","12","gold","44","8_vs_9","9"
"¿ö·Ï_³²","13","green","44","8_vs_9","9"
"¿ö·Ï_³²","14","teal","44","8_vs_9","9"
"¿ö·Ï_³²","15","blue","44","8_vs_9","9"
"¿ö·Ï_³²","16","purple","44","8_vs_9","9"
"¿ö·Ï_³²","17","pink","44","8_vs_9","9"
"¿ö·Ï_³²","18","dark","44","8_vs_9","9"
"¿ö·Ï_³²","19","white","44","8_vs_9","9"
"¿ö·Ï_³²","20","brown","44","8_vs_9","9"
"¿ö·Ï_¿©","10","red","45","8_vs_9","9"
"¿ö·Ï_¿©","11","orange","45","8_vs_9","9"
"¿ö·Ï_¿©","12","gold","45","8_vs_9","9"
"¿ö·Ï_¿©","13","green","45","8_vs_9","9"
"¿ö·Ï_¿©","14","teal","45","8_vs_9","9"
"¿ö·Ï_¿©","15","blue","45","8_vs_9","9"
"¿ö·Ï_¿©","16","purple","45","8_vs_9","9"
"¿ö·Ï_¿©","17","pink","45","8_vs_9","9"
"¿ö·Ï_¿©","18","dark","45","8_vs_9","9"
"¿ö·Ï_¿©","19","white","45","8_vs_9","9"
"¿ö·Ï_¿©","20","brown","45","8_vs_9","9"
"¿ø´õ·¯_³²","10","red","103","8_vs_9","9"
"¿ø´õ·¯_³²","11","orange","103","8_vs_9","9"
"¿ø´õ·¯_³²","12","gold","103","8_vs_9","9"
"¿ø´õ·¯_³²","13","green","103","8_vs_9","9"
"¿ø´õ·¯_³²","14","teal","103","8_vs_9","9"
"¿ø´õ·¯_³²","15","blue","103","8_vs_9","9"
"¿ø´õ·¯_³²","16","purple","103","8_vs_9","9"
"¿ø´õ·¯_³²","17","pink","103","8_vs_9","9"
"¿ø´õ·¯_³²","18","dark","103","8_vs_9","9"
"¿ø´õ·¯_³²","19","white","103","8_vs_9","9"
"¿ø´õ·¯_³²","20","brown","103","8_vs_9","9"
"¿ø´õ·¯_¿©","10","red","44","8_vs_9","9"
"¿ø´õ·¯_¿©","11","orange","44","8_vs_9","9"
"¿ø´õ·¯_¿©","12","gold","44","8_vs_9","9"
"¿ø´õ·¯_¿©","13","green","44","8_vs_9","9"
"¿ø´õ·¯_¿©","14","teal","44","8_vs_9","9"
"¿ø´õ·¯_¿©","15","blue","44","8_vs_9","9"
"¿ø´õ·¯_¿©","16","purple","44","8_vs_9","9"
"¿ø´õ·¯_¿©","17","pink","44","8_vs_9","9"
"¿ø´õ·¯_¿©","18","dark","44","8_vs_9","9"
"¿ø´õ·¯_¿©","19","white","44","8_vs_9","9"
"¿ø´õ·¯_¿©","20","brown","44","8_vs_9","9"
"À§Àúµå_³²","10","red","46","8_vs_9","9"
"À§Àúµå_³²","11","orange","46","8_vs_9","9"
"À§Àúµå_³²","12","gold","46","8_vs_9","9"
"À§Àúµå_³²","13","green","46","8_vs_9","9"
"À§Àúµå_³²","14","teal","46","8_vs_9","9"
"À§Àúµå_³²","15","blue","46","8_vs_9","9"
"À§Àúµå_³²","16","purple","46","8_vs_9","9"
"À§Àúµå_³²","17","pink","46","8_vs_9","9"
"À§Àúµå_³²","18","dark","46","8_vs_9","9"
"À§Àúµå_³²","19","white","46","8_vs_9","9"
"À§Àúµå_³²","20","brown","46","8_vs_9","9"
"À§Àúµå_¿©","10","red","47","8_vs_9","9"
"À§Àúµå_¿©","11","orange","47","8_vs_9","9"
"À§Àúµå_¿©","12","gold","47","8_vs_9","9"
"À§Àúµå_¿©","13","green","47","8_vs_9","9"
"À§Àúµå_¿©","14","teal","47","8_vs_9","9"
"À§Àúµå_¿©","15","blue","47","8_vs_9","9"
"À§Àúµå_¿©","16","purple","47","8_vs_9","9"
"À§Àúµå_¿©","17","pink","47","8_vs_9","9"
"À§Àúµå_¿©","18","dark","47","8_vs_9","9"
"À§Àúµå_¿©","19","white","47","8_vs_9","9"
"À§Àúµå_¿©","20","brown","47","8_vs_9","9"
"Á¦³×¸¯_³²","10","red","20","8_vs_9","9"
"Á¦³×¸¯_³²","11","orange","20","8_vs_9","9"
"Á¦³×¸¯_³²","12","gold","20","8_vs_9","9"
"Á¦³×¸¯_³²","13","green","20","8_vs_9","9"
"Á¦³×¸¯_³²","14","teal","20","8_vs_9","9"
"Á¦³×¸¯_³²","15","blue","20","8_vs_9","9"
"Á¦³×¸¯_³²","16","purple","20","8_vs_9","9"
"Á¦³×¸¯_³²","17","pink","20","8_vs_9","9"
"Á¦³×¸¯_³²","18","dark","20","8_vs_9","9"
"Á¦³×¸¯_³²","19","white","20","8_vs_9","9"
"Á¦³×¸¯_³²","20","brown","20","8_vs_9","9"
"Á¦³×¸¯_¿©","10","red","44","8_vs_9","9"
"Á¦³×¸¯_¿©","11","orange","44","8_vs_9","9"
"Á¦³×¸¯_¿©","12","gold","44","8_vs_9","9"
"Á¦³×¸¯_¿©","13","green","44","8_vs_9","9"
"Á¦³×¸¯_¿©","14","teal","44","8_vs_9","9"
"Á¦³×¸¯_¿©","15","blue","44","8_vs_9","9"
"Á¦³×¸¯_¿©","16","purple","44","8_vs_9","9"
"Á¦³×¸¯_¿©","17","pink","44","8_vs_9","9"
"Á¦³×¸¯_¿©","18","dark","44","8_vs_9","9"
"Á¦³×¸¯_¿©","19","white","44","8_vs_9","9"
"Á¦³×¸¯_¿©","20","brown","44","8_vs_9","9"
"Á¦³×¸¯¸äµÅÁö_³²","10","red","20","8_vs_9","9"
"Á¦³×¸¯¸äµÅÁö_³²","11","orange","20","8_vs_9","9"
"Á¦³×¸¯¸äµÅÁö_³²","12","gold","20","8_vs_9","9"
"Á¦³×¸¯¸äµÅÁö_³²","13","green","20","8_vs_9","9"
"Á¦³×¸¯¸äµÅÁö_³²","14","teal","20","8_vs_9","9"
"Á¦³×¸¯¸äµÅÁö_³²","15","blue","20","8_vs_9","9"
"Á¦³×¸¯¸äµÅÁö_³²","16","purple","20","8_vs_9","9"
"Á¦³×¸¯¸äµÅÁö_³²","17","pink","20","8_vs_9","9"
"Á¦³×¸¯¸äµÅÁö_³²","18","dark","20","8_vs_9","9"
"Á¦³×¸¯¸äµÅÁö_³²","19","white","20","8_vs_9","9"
"Á¦³×¸¯¸äµÅÁö_³²","20","brown","20","8_vs_9","9"
"Á¦³×¸¯¸äµÅÁö_¿©","10","red","44","8_vs_9","9"
"Á¦³×¸¯¸äµÅÁö_¿©","11","orange","44","8_vs_9","9"
"Á¦³×¸¯¸äµÅÁö_¿©","12","gold","44","8_vs_9","9"
"Á¦³×¸¯¸äµÅÁö_¿©","13","green","44","8_vs_9","9"
"Á¦³×¸¯¸äµÅÁö_¿©","14","teal","44","8_vs_9","9"
"Á¦³×¸¯¸äµÅÁö_¿©","15","blue","44","8_vs_9","9"
"Á¦³×¸¯¸äµÅÁö_¿©","16","purple","44","8_vs_9","9"
"Á¦³×¸¯¸äµÅÁö_¿©","17","pink","44","8_vs_9","9"
"Á¦³×¸¯¸äµÅÁö_¿©","18","dark","44","8_vs_9","9"
"Á¦³×¸¯¸äµÅÁö_¿©","19","white","44","8_vs_9","9"
"Á¦³×¸¯¸äµÅÁö_¿©","20","brown","44","8_vs_9","9"
"Á¦Ã¶°ø_³²","10","red","47","8_vs_9","9"
"Á¦Ã¶°ø_³²","11","orange","47","8_vs_9","9"
"Á¦Ã¶°ø_³²","12","gold","47","8_vs_9","9"
"Á¦Ã¶°ø_³²","13","green","47","8_vs_9","9"
"Á¦Ã¶°ø_³²","14","teal","47","8_vs_9","9"
"Á¦Ã¶°ø_³²","15","blue","47","8_vs_9","9"
"Á¦Ã¶°ø_³²","16","purple","47","8_vs_9","9"
"Á¦Ã¶°ø_³²","17","pink","47","8_vs_9","9"
"Á¦Ã¶°ø_³²","18","dark","47","8_vs_9","9"
"Á¦Ã¶°ø_³²","19","white","47","8_vs_9","9"
"Á¦Ã¶°ø_³²","20","brown","47","8_vs_9","9"
"Á¦Ã¶°ø_¿©","10","red","63","8_vs_9","9"
"Á¦Ã¶°ø_¿©","11","orange","63","8_vs_9","9"
"Á¦Ã¶°ø_¿©","12","gold","63","8_vs_9","9"
"Á¦Ã¶°ø_¿©","13","green","63","8_vs_9","9"
"Á¦Ã¶°ø_¿©","14","teal","63","8_vs_9","9"
"Á¦Ã¶°ø_¿©","15","blue","63","8_vs_9","9"
"Á¦Ã¶°ø_¿©","16","purple","63","8_vs_9","9"
"Á¦Ã¶°ø_¿©","17","pink","63","8_vs_9","9"
"Á¦Ã¶°ø_¿©","18","dark","63","8_vs_9","9"
"Á¦Ã¶°ø_¿©","19","white","63","8_vs_9","9"
"Á¦Ã¶°ø_¿©","20","brown","63","8_vs_9","9"
"Á¦Ã¶°ø¸äµÅÁö_³²","10","red","47","8_vs_9","9"
"Á¦Ã¶°ø¸äµÅÁö_³²","11","orange","47","8_vs_9","9"
"Á¦Ã¶°ø¸äµÅÁö_³²","12","gold","47","8_vs_9","9"
"Á¦Ã¶°ø¸äµÅÁö_³²","13","green","47","8_vs_9","9"
"Á¦Ã¶°ø¸äµÅÁö_³²","14","teal","47","8_vs_9","9"
"Á¦Ã¶°ø¸äµÅÁö_³²","15","blue","47","8_vs_9","9"
"Á¦Ã¶°ø¸äµÅÁö_³²","16","purple","47","8_vs_9","9"
"Á¦Ã¶°ø¸äµÅÁö_³²","17","pink","47","8_vs_9","9"
"Á¦Ã¶°ø¸äµÅÁö_³²","18","dark","47","8_vs_9","9"
"Á¦Ã¶°ø¸äµÅÁö_³²","19","white","47","8_vs_9","9"
"Á¦Ã¶°ø¸äµÅÁö_³²","20","brown","47","8_vs_9","9"
"Á¦Ã¶°ø¸äµÅÁö_¿©","10","red","63","8_vs_9","9"
"Á¦Ã¶°ø¸äµÅÁö_¿©","11","orange","63","8_vs_9","9"
"Á¦Ã¶°ø¸äµÅÁö_¿©","12","gold","63","8_vs_9","9"
"Á¦Ã¶°ø¸äµÅÁö_¿©","13","green","63","8_vs_9","9"
"Á¦Ã¶°ø¸äµÅÁö_¿©","14","teal","63","8_vs_9","9"
"Á¦Ã¶°ø¸äµÅÁö_¿©","15","blue","63","8_vs_9","9"
"Á¦Ã¶°ø¸äµÅÁö_¿©","16","purple","63","8_vs_9","9"
"Á¦Ã¶°ø¸äµÅÁö_¿©","17","pink","63","8_vs_9","9"
"Á¦Ã¶°ø¸äµÅÁö_¿©","18","dark","63","8_vs_9","9"
"Á¦Ã¶°ø¸äµÅÁö_¿©","19","white","63","8_vs_9","9"
"Á¦Ã¶°ø¸äµÅÁö_¿©","20","brown","63","8_vs_9","9"
"Áý½Ã_¿©","10","red","71","8_vs_9","9"
"Áý½Ã_¿©","11","orange","71","8_vs_9","9"
"Áý½Ã_¿©","12","gold","71","8_vs_9","9"
"Áý½Ã_¿©","13","green","71","8_vs_9","9"
"Áý½Ã_¿©","14","teal","71","8_vs_9","9"
"Áý½Ã_¿©","15","blue","71","8_vs_9","9"
"Áý½Ã_¿©","16","purple","71","8_vs_9","9"
"Áý½Ã_¿©","17","pink","71","8_vs_9","9"
"Áý½Ã_¿©","18","dark","71","8_vs_9","9"
"Áý½Ã_¿©","19","white","71","8_vs_9","9"
"Áý½Ã_¿©","20","brown","71","8_vs_9","9"
"Ã¨ÇÇ¿Â_³²","10","red","39","8_vs_9","9"
"Ã¨ÇÇ¿Â_³²","11","orange","39","8_vs_9","9"
"Ã¨ÇÇ¿Â_³²","12","gold","39","8_vs_9","9"
"Ã¨ÇÇ¿Â_³²","13","green","39","8_vs_9","9"
"Ã¨ÇÇ¿Â_³²","14","teal","39","8_vs_9","9"
"Ã¨ÇÇ¿Â_³²","15","blue","39","8_vs_9","9"
"Ã¨ÇÇ¿Â_³²","16","purple","39","8_vs_9","9"
"Ã¨ÇÇ¿Â_³²","17","pink","39","8_vs_9","9"
"Ã¨ÇÇ¿Â_³²","18","dark","39","8_vs_9","9"
"Ã¨ÇÇ¿Â_³²","19","white","39","8_vs_9","9"
"Ã¨ÇÇ¿Â_³²","20","brown","39","8_vs_9","9"
"Ã¨ÇÇ¿Â_¿©","10","red","39","8_vs_9","9"
"Ã¨ÇÇ¿Â_¿©","11","orange","39","8_vs_9","9"
"Ã¨ÇÇ¿Â_¿©","12","gold","39","8_vs_9","9"
"Ã¨ÇÇ¿Â_¿©","13","green","39","8_vs_9","9"
"Ã¨ÇÇ¿Â_¿©","14","teal","39","8_vs_9","9"
"Ã¨ÇÇ¿Â_¿©","15","blue","39","8_vs_9","9"
"Ã¨ÇÇ¿Â_¿©","16","purple","39","8_vs_9","9"
"Ã¨ÇÇ¿Â_¿©","17","pink","39","8_vs_9","9"
"Ã¨ÇÇ¿Â_¿©","18","dark","39","8_vs_9","9"
"Ã¨ÇÇ¿Â_¿©","19","white","39","8_vs_9","9"
"Ã¨ÇÇ¿Â_¿©","20","brown","39","8_vs_9","9"
"Ã¨ÇÇ¿Â¾ËÆÄÄ«_³²","10","red","39","8_vs_9","9"
"Ã¨ÇÇ¿Â¾ËÆÄÄ«_³²","11","orange","39","8_vs_9","9"
"Ã¨ÇÇ¿Â¾ËÆÄÄ«_³²","12","gold","39","8_vs_9","9"
"Ã¨ÇÇ¿Â¾ËÆÄÄ«_³²","13","green","39","8_vs_9","9"
"Ã¨ÇÇ¿Â¾ËÆÄÄ«_³²","14","teal","39","8_vs_9","9"
"Ã¨ÇÇ¿Â¾ËÆÄÄ«_³²","15","blue","39","8_vs_9","9"
"Ã¨ÇÇ¿Â¾ËÆÄÄ«_³²","16","purple","39","8_vs_9","9"
"Ã¨ÇÇ¿Â¾ËÆÄÄ«_³²","17","pink","39","8_vs_9","9"
"Ã¨ÇÇ¿Â¾ËÆÄÄ«_³²","18","dark","39","8_vs_9","9"
"Ã¨ÇÇ¿Â¾ËÆÄÄ«_³²","19","white","39","8_vs_9","9"
"Ã¨ÇÇ¿Â¾ËÆÄÄ«_³²","20","brown","39","8_vs_9","9"
"Ã¨ÇÇ¿Â¾ËÆÄÄ«_¿©","10","red","39","8_vs_9","9"
"Ã¨ÇÇ¿Â¾ËÆÄÄ«_¿©","11","orange","39","8_vs_9","9"
"Ã¨ÇÇ¿Â¾ËÆÄÄ«_¿©","12","gold","39","8_vs_9","9"
"Ã¨ÇÇ¿Â¾ËÆÄÄ«_¿©","13","green","39","8_vs_9","9"
"Ã¨ÇÇ¿Â¾ËÆÄÄ«_¿©","14","teal","39","8_vs_9","9"
"Ã¨ÇÇ¿Â¾ËÆÄÄ«_¿©","15","blue","39","8_vs_9","9"
"Ã¨ÇÇ¿Â¾ËÆÄÄ«_¿©","16","purple","39","8_vs_9","9"
"Ã¨ÇÇ¿Â¾ËÆÄÄ«_¿©","17","pink","39","8_vs_9","9"
"Ã¨ÇÇ¿Â¾ËÆÄÄ«_¿©","18","dark","39","8_vs_9","9"
"Ã¨ÇÇ¿Â¾ËÆÄÄ«_¿©","19","white","39","8_vs_9","9"
"Ã¨ÇÇ¿Â¾ËÆÄÄ«_¿©","20","brown","39","8_vs_9","9"
"ÃÊº¸ÀÚ_³²","10","red","55","8_vs_9","9"
"ÃÊº¸ÀÚ_³²","11","orange","55","8_vs_9","9"
"ÃÊº¸ÀÚ_³²","12","gold","55","8_vs_9","9"
"ÃÊº¸ÀÚ_³²","13","green","55","8_vs_9","9"
"ÃÊº¸ÀÚ_³²","14","teal","55","8_vs_9","9"
"ÃÊº¸ÀÚ_³²","15","blue","55","8_vs_9","9"
"ÃÊº¸ÀÚ_³²","16","purple","55","8_vs_9","9"
"ÃÊº¸ÀÚ_³²","17","pink","55","8_vs_9","9"
"ÃÊº¸ÀÚ_³²","18","dark","55","8_vs_9","9"
"ÃÊº¸ÀÚ_³²","19","white","55","8_vs_9","9"
"ÃÊº¸ÀÚ_³²","20","brown","55","8_vs_9","9"
"ÃÊº¸ÀÚ_¿©","10","red","73","8_vs_9","9"
"ÃÊº¸ÀÚ_¿©","11","orange","73","8_vs_9","9"
"ÃÊº¸ÀÚ_¿©","12","gold","73","8_vs_9","9"
"ÃÊº¸ÀÚ_¿©","13","green","73","8_vs_9","9"
"ÃÊº¸ÀÚ_¿©","14","teal","73","8_vs_9","9"
"ÃÊº¸ÀÚ_¿©","15","blue","73","8_vs_9","9"
"ÃÊº¸ÀÚ_¿©","16","purple","73","8_vs_9","9"
"ÃÊº¸ÀÚ_¿©","17","pink","73","8_vs_9","9"
"ÃÊº¸ÀÚ_¿©","18","dark","73","8_vs_9","9"
"ÃÊº¸ÀÚ_¿©","19","white","73","8_vs_9","9"
"ÃÊº¸ÀÚ_¿©","20","brown","73","8_vs_9","9"
"ÄÌº£·Î½º±æ·ÎÆ¾Å©·Î½º_³²","10","red","46","8_vs_9","9"
"ÄÌº£·Î½º±æ·ÎÆ¾Å©·Î½º_³²","11","orange","46","8_vs_9","9"
"ÄÌº£·Î½º±æ·ÎÆ¾Å©·Î½º_³²","12","gold","46","8_vs_9","9"
"ÄÌº£·Î½º±æ·ÎÆ¾Å©·Î½º_³²","13","green","46","8_vs_9","9"
"ÄÌº£·Î½º±æ·ÎÆ¾Å©·Î½º_³²","14","teal","46","8_vs_9","9"
"ÄÌº£·Î½º±æ·ÎÆ¾Å©·Î½º_³²","15","blue","46","8_vs_9","9"
"ÄÌº£·Î½º±æ·ÎÆ¾Å©·Î½º_³²","16","purple","46","8_vs_9","9"
"ÄÌº£·Î½º±æ·ÎÆ¾Å©·Î½º_³²","17","pink","46","8_vs_9","9"
"ÄÌº£·Î½º±æ·ÎÆ¾Å©·Î½º_³²","18","dark","46","8_vs_9","9"
"ÄÌº£·Î½º±æ·ÎÆ¾Å©·Î½º_³²","19","white","46","8_vs_9","9"
"ÄÌº£·Î½º±æ·ÎÆ¾Å©·Î½º_³²","20","brown","46","8_vs_9","9"
"ÄÌº£·Î½º±æ·ÎÆ¾Å©·Î½º_¿©","10","red","38","8_vs_9","9"
"ÄÌº£·Î½º±æ·ÎÆ¾Å©·Î½º_¿©","11","orange","38","8_vs_9","9"
"ÄÌº£·Î½º±æ·ÎÆ¾Å©·Î½º_¿©","12","gold","38","8_vs_9","9"
"ÄÌº£·Î½º±æ·ÎÆ¾Å©·Î½º_¿©","13","green","38","8_vs_9","9"
"ÄÌº£·Î½º±æ·ÎÆ¾Å©·Î½º_¿©","14","teal","38","8_vs_9","9"
"ÄÌº£·Î½º±æ·ÎÆ¾Å©·Î½º_¿©","15","blue","38","8_vs_9","9"
"ÄÌº£·Î½º±æ·ÎÆ¾Å©·Î½º_¿©","16","purple","38","8_vs_9","9"
"ÄÌº£·Î½º±æ·ÎÆ¾Å©·Î½º_¿©","17","pink","38","8_vs_9","9"
"ÄÌº£·Î½º±æ·ÎÆ¾Å©·Î½º_¿©","18","dark","38","8_vs_9","9"
"ÄÌº£·Î½º±æ·ÎÆ¾Å©·Î½º_¿©","19","white","38","8_vs_9","9"
"ÄÌº£·Î½º±æ·ÎÆ¾Å©·Î½º_¿©","20","brown","38","8_vs_9","9"
"ÄÌº£·Î½ºµµµÏ_³²","10","red","14","8_vs_9","9"
"ÄÌº£·Î½ºµµµÏ_³²","11","orange","14","8_vs_9","9"
"ÄÌº£·Î½ºµµµÏ_³²","12","gold","14","8_vs_9","9"
"ÄÌº£·Î½ºµµµÏ_³²","13","green","14","8_vs_9","9"
"ÄÌº£·Î½ºµµµÏ_³²","14","teal","14","8_vs_9","9"
"ÄÌº£·Î½ºµµµÏ_³²","15","blue","14","8_vs_9","9"
"ÄÌº£·Î½ºµµµÏ_³²","16","purple","14","8_vs_9","9"
"ÄÌº£·Î½ºµµµÏ_³²","17","pink","14","8_vs_9","9"
"ÄÌº£·Î½ºµµµÏ_³²","18","dark","14","8_vs_9","9"
"ÄÌº£·Î½ºµµµÏ_³²","19","white","14","8_vs_9","9"
"ÄÌº£·Î½ºµµµÏ_³²","20","brown","14","8_vs_9","9"
"ÄÌº£·Î½ºµµµÏ_¿©","10","red","30","8_vs_9","9"
"ÄÌº£·Î½ºµµµÏ_¿©","11","orange","30","8_vs_9","9"
"ÄÌº£·Î½ºµµµÏ_¿©","12","gold","30","8_vs_9","9"
"ÄÌº£·Î½ºµµµÏ_¿©","13","green","30","8_vs_9","9"
"ÄÌº£·Î½ºµµµÏ_¿©","14","teal","30","8_vs_9","9"
"ÄÌº£·Î½ºµµµÏ_¿©","15","blue","30","8_vs_9","9"
"ÄÌº£·Î½ºµµµÏ_¿©","16","purple","30","8_vs_9","9"
"ÄÌº£·Î½ºµµµÏ_¿©","17","pink","30","8_vs_9","9"
"ÄÌº£·Î½ºµµµÏ_¿©","18","dark","30","8_vs_9","9"
"ÄÌº£·Î½ºµµµÏ_¿©","19","white","30","8_vs_9","9"
"ÄÌº£·Î½ºµµµÏ_¿©","20","brown","30","8_vs_9","9"
"ÄÌº£·Î½º·Î±×_³²","10","red","62","8_vs_9","9"
"ÄÌº£·Î½º·Î±×_³²","11","orange","62","8_vs_9","9"
"ÄÌº£·Î½º·Î±×_³²","12","gold","62","8_vs_9","9"
"ÄÌº£·Î½º·Î±×_³²","13","green","62","8_vs_9","9"
"ÄÌº£·Î½º·Î±×_³²","14","teal","62","8_vs_9","9"
"ÄÌº£·Î½º·Î±×_³²","15","blue","62","8_vs_9","9"
"ÄÌº£·Î½º·Î±×_³²","16","purple","62","8_vs_9","9"
"ÄÌº£·Î½º·Î±×_³²","17","pink","62","8_vs_9","9"
"ÄÌº£·Î½º·Î±×_³²","18","dark","62","8_vs_9","9"
"ÄÌº£·Î½º·Î±×_³²","19","white","62","8_vs_9","9"
"ÄÌº£·Î½º·Î±×_³²","20","brown","62","8_vs_9","9"
"ÄÌº£·Î½º·Î±×_¿©","10","red","55","8_vs_9","9"
"ÄÌº£·Î½º·Î±×_¿©","11","orange","55","8_vs_9","9"
"ÄÌº£·Î½º·Î±×_¿©","12","gold","55","8_vs_9","9"
"ÄÌº£·Î½º·Î±×_¿©","13","green","55","8_vs_9","9"
"ÄÌº£·Î½º·Î±×_¿©","14","teal","55","8_vs_9","9"
"ÄÌº£·Î½º·Î±×_¿©","15","blue","55","8_vs_9","9"
"ÄÌº£·Î½º·Î±×_¿©","16","purple","55","8_vs_9","9"
"ÄÌº£·Î½º·Î±×_¿©","17","pink","55","8_vs_9","9"
"ÄÌº£·Î½º·Î±×_¿©","18","dark","55","8_vs_9","9"
"ÄÌº£·Î½º·Î±×_¿©","19","white","55","8_vs_9","9"
"ÄÌº£·Î½º·Î±×_¿©","20","brown","55","8_vs_9","9"
"ÄÌº£·Î½º½¦µµ¿ìÃ¼ÀÌ¼­_³²","10","red","56","8_vs_9","9"
"ÄÌº£·Î½º½¦µµ¿ìÃ¼ÀÌ¼­_³²","11","orange","56","8_vs_9","9"
"ÄÌº£·Î½º½¦µµ¿ìÃ¼ÀÌ¼­_³²","12","gold","56","8_vs_9","9"
"ÄÌº£·Î½º½¦µµ¿ìÃ¼ÀÌ¼­_³²","13","green","56","8_vs_9","9"
"ÄÌº£·Î½º½¦µµ¿ìÃ¼ÀÌ¼­_³²","14","teal","56","8_vs_9","9"
"ÄÌº£·Î½º½¦µµ¿ìÃ¼ÀÌ¼­_³²","15","blue","56","8_vs_9","9"
"ÄÌº£·Î½º½¦µµ¿ìÃ¼ÀÌ¼­_³²","16","purple","56","8_vs_9","9"
"ÄÌº£·Î½º½¦µµ¿ìÃ¼ÀÌ¼­_³²","17","pink","56","8_vs_9","9"
"ÄÌº£·Î½º½¦µµ¿ìÃ¼ÀÌ¼­_³²","18","dark","56","8_vs_9","9"
"ÄÌº£·Î½º½¦µµ¿ìÃ¼ÀÌ¼­_³²","19","white","56","8_vs_9","9"
"ÄÌº£·Î½º½¦µµ¿ìÃ¼ÀÌ¼­_³²","20","brown","56","8_vs_9","9"
"ÄÌº£·Î½º½¦µµ¿ìÃ¼ÀÌ¼­_¿©","10","red","49","8_vs_9","9"
"ÄÌº£·Î½º½¦µµ¿ìÃ¼ÀÌ¼­_¿©","11","orange","49","8_vs_9","9"
"ÄÌº£·Î½º½¦µµ¿ìÃ¼ÀÌ¼­_¿©","12","gold","49","8_vs_9","9"
"ÄÌº£·Î½º½¦µµ¿ìÃ¼ÀÌ¼­_¿©","13","green","49","8_vs_9","9"
"ÄÌº£·Î½º½¦µµ¿ìÃ¼ÀÌ¼­_¿©","14","teal","49","8_vs_9","9"
"ÄÌº£·Î½º½¦µµ¿ìÃ¼ÀÌ¼­_¿©","15","blue","49","8_vs_9","9"
"ÄÌº£·Î½º½¦µµ¿ìÃ¼ÀÌ¼­_¿©","16","purple","49","8_vs_9","9"
"ÄÌº£·Î½º½¦µµ¿ìÃ¼ÀÌ¼­_¿©","17","pink","49","8_vs_9","9"
"ÄÌº£·Î½º½¦µµ¿ìÃ¼ÀÌ¼­_¿©","18","dark","49","8_vs_9","9"
"ÄÌº£·Î½º½¦µµ¿ìÃ¼ÀÌ¼­_¿©","19","white","49","8_vs_9","9"
"ÄÌº£·Î½º½¦µµ¿ìÃ¼ÀÌ¼­_¿©","20","brown","49","8_vs_9","9"
"ÄÌº£·Î½º½ºÅäÄ¿_³²","10","red","55","8_vs_9","9"
"ÄÌº£·Î½º½ºÅäÄ¿_³²","11","orange","55","8_vs_9","9"
"ÄÌº£·Î½º½ºÅäÄ¿_³²","12","gold","55","8_vs_9","9"
"ÄÌº£·Î½º½ºÅäÄ¿_³²","13","green","55","8_vs_9","9"
"ÄÌº£·Î½º½ºÅäÄ¿_³²","14","teal","55","8_vs_9","9"
"ÄÌº£·Î½º½ºÅäÄ¿_³²","15","blue","55","8_vs_9","9"
"ÄÌº£·Î½º½ºÅäÄ¿_³²","16","purple","55","8_vs_9","9"
"ÄÌº£·Î½º½ºÅäÄ¿_³²","17","pink","55","8_vs_9","9"
"ÄÌº£·Î½º½ºÅäÄ¿_³²","18","dark","55","8_vs_9","9"
"ÄÌº£·Î½º½ºÅäÄ¿_³²","19","white","55","8_vs_9","9"
"ÄÌº£·Î½º½ºÅäÄ¿_³²","20","brown","55","8_vs_9","9"
"ÄÌº£·Î½º½ºÅäÄ¿_¿©","10","red","71","8_vs_9","9"
"ÄÌº£·Î½º½ºÅäÄ¿_¿©","11","orange","71","8_vs_9","9"
"ÄÌº£·Î½º½ºÅäÄ¿_¿©","12","gold","71","8_vs_9","9"
"ÄÌº£·Î½º½ºÅäÄ¿_¿©","13","green","71","8_vs_9","9"
"ÄÌº£·Î½º½ºÅäÄ¿_¿©","14","teal","71","8_vs_9","9"
"ÄÌº£·Î½º½ºÅäÄ¿_¿©","15","blue","71","8_vs_9","9"
"ÄÌº£·Î½º½ºÅäÄ¿_¿©","16","purple","71","8_vs_9","9"
"ÄÌº£·Î½º½ºÅäÄ¿_¿©","17","pink","71","8_vs_9","9"
"ÄÌº£·Î½º½ºÅäÄ¿_¿©","18","dark","71","8_vs_9","9"
"ÄÌº£·Î½º½ºÅäÄ¿_¿©","19","white","71","8_vs_9","9"
"ÄÌº£·Î½º½ºÅäÄ¿_¿©","20","brown","71","8_vs_9","9"
"Å©¶ó¿î_³²","10","red","47","8_vs_9","9"
"Å©¶ó¿î_³²","11","orange","47","8_vs_9","9"
"Å©¶ó¿î_³²","12","gold","47","8_vs_9","9"
"Å©¶ó¿î_³²","13","green","47","8_vs_9","9"
"Å©¶ó¿î_³²","14","teal","47","8_vs_9","9"
"Å©¶ó¿î_³²","15","blue","47","8_vs_9","9"
"Å©¶ó¿î_³²","16","purple","47","8_vs_9","9"
"Å©¶ó¿î_³²","17","pink","47","8_vs_9","9"
"Å©¶ó¿î_³²","18","dark","47","8_vs_9","9"
"Å©¶ó¿î_³²","19","white","47","8_vs_9","9"
"Å©¶ó¿î_³²","20","brown","47","8_vs_9","9"
"Å©·ç_³²","10","red","55","8_vs_9","9"
"Å©·ç_³²","11","orange","55","8_vs_9","9"
"Å©·ç_³²","12","gold","55","8_vs_9","9"
"Å©·ç_³²","13","green","55","8_vs_9","9"
"Å©·ç_³²","14","teal","55","8_vs_9","9"
"Å©·ç_³²","15","blue","55","8_vs_9","9"
"Å©·ç_³²","16","purple","55","8_vs_9","9"
"Å©·ç_³²","17","pink","55","8_vs_9","9"
"Å©·ç_³²","18","dark","55","8_vs_9","9"
"Å©·ç_³²","19","white","55","8_vs_9","9"
"Å©·ç_³²","20","brown","55","8_vs_9","9"
"Å©·ç_¿©","10","red","71","8_vs_9","9"
"Å©·ç_¿©","11","orange","71","8_vs_9","9"
"Å©·ç_¿©","12","gold","71","8_vs_9","9"
"Å©·ç_¿©","13","green","71","8_vs_9","9"
"Å©·ç_¿©","14","teal","71","8_vs_9","9"
"Å©·ç_¿©","15","blue","71","8_vs_9","9"
"Å©·ç_¿©","16","purple","71","8_vs_9","9"
"Å©·ç_¿©","17","pink","71","8_vs_9","9"
"Å©·ç_¿©","18","dark","71","8_vs_9","9"
"Å©·ç_¿©","19","white","71","8_vs_9","9"
"Å©·ç_¿©","20","brown","71","8_vs_9","9"
"Å©¸®¿¡ÀÌÅÍ_³²","10","red","47","8_vs_9","9"
"Å©¸®¿¡ÀÌÅÍ_³²","11","orange","47","8_vs_9","9"
"Å©¸®¿¡ÀÌÅÍ_³²","12","gold","47","8_vs_9","9"
"Å©¸®¿¡ÀÌÅÍ_³²","13","green","47","8_vs_9","9"
"Å©¸®¿¡ÀÌÅÍ_³²","14","teal","47","8_vs_9","9"
"Å©¸®¿¡ÀÌÅÍ_³²","15","blue","47","8_vs_9","9"
"Å©¸®¿¡ÀÌÅÍ_³²","16","purple","47","8_vs_9","9"
"Å©¸®¿¡ÀÌÅÍ_³²","17","pink","47","8_vs_9","9"
"Å©¸®¿¡ÀÌÅÍ_³²","18","dark","47","8_vs_9","9"
"Å©¸®¿¡ÀÌÅÍ_³²","19","white","47","8_vs_9","9"
"Å©¸®¿¡ÀÌÅÍ_³²","20","brown","47","8_vs_9","9"
"Å©¸®¿¡ÀÌÅÍ_¿©","10","red","63","8_vs_9","9"
"Å©¸®¿¡ÀÌÅÍ_¿©","11","orange","63","8_vs_9","9"
"Å©¸®¿¡ÀÌÅÍ_¿©","12","gold","63","8_vs_9","9"
"Å©¸®¿¡ÀÌÅÍ_¿©","13","green","63","8_vs_9","9"
"Å©¸®¿¡ÀÌÅÍ_¿©","14","teal","63","8_vs_9","9"
"Å©¸®¿¡ÀÌÅÍ_¿©","15","blue","63","8_vs_9","9"
"Å©¸®¿¡ÀÌÅÍ_¿©","16","purple","63","8_vs_9","9"
"Å©¸®¿¡ÀÌÅÍ_¿©","17","pink","63","8_vs_9","9"
"Å©¸®¿¡ÀÌÅÍ_¿©","18","dark","63","8_vs_9","9"
"Å©¸®¿¡ÀÌÅÍ_¿©","19","white","63","8_vs_9","9"
"Å©¸®¿¡ÀÌÅÍ_¿©","20","brown","63","8_vs_9","9"
"Å©¸®¿¡ÀÌÅÍ¸äµÅÁö_³²","10","red","47","8_vs_9","9"
"Å©¸®¿¡ÀÌÅÍ¸äµÅÁö_³²","11","orange","47","8_vs_9","9"
"Å©¸®¿¡ÀÌÅÍ¸äµÅÁö_³²","12","gold","47","8_vs_9","9"
"Å©¸®¿¡ÀÌÅÍ¸äµÅÁö_³²","13","green","47","8_vs_9","9"
"Å©¸®¿¡ÀÌÅÍ¸äµÅÁö_³²","14","teal","47","8_vs_9","9"
"Å©¸®¿¡ÀÌÅÍ¸äµÅÁö_³²","15","blue","47","8_vs_9","9"
"Å©¸®¿¡ÀÌÅÍ¸äµÅÁö_³²","16","purple","47","8_vs_9","9"
"Å©¸®¿¡ÀÌÅÍ¸äµÅÁö_³²","17","pink","47","8_vs_9","9"
"Å©¸®¿¡ÀÌÅÍ¸äµÅÁö_³²","18","dark","47","8_vs_9","9"
"Å©¸®¿¡ÀÌÅÍ¸äµÅÁö_³²","19","white","47","8_vs_9","9"
"Å©¸®¿¡ÀÌÅÍ¸äµÅÁö_³²","20","brown","47","8_vs_9","9"
"Å©¸®¿¡ÀÌÅÍ¸äµÅÁö_¿©","10","red","63","8_vs_9","9"
"Å©¸®¿¡ÀÌÅÍ¸äµÅÁö_¿©","11","orange","63","8_vs_9","9"
"Å©¸®¿¡ÀÌÅÍ¸äµÅÁö_¿©","12","gold","63","8_vs_9","9"
"Å©¸®¿¡ÀÌÅÍ¸äµÅÁö_¿©","13","green","63","8_vs_9","9"
"Å©¸®¿¡ÀÌÅÍ¸äµÅÁö_¿©","14","teal","63","8_vs_9","9"
"Å©¸®¿¡ÀÌÅÍ¸äµÅÁö_¿©","15","blue","63","8_vs_9","9"
"Å©¸®¿¡ÀÌÅÍ¸äµÅÁö_¿©","16","purple","63","8_vs_9","9"
"Å©¸®¿¡ÀÌÅÍ¸äµÅÁö_¿©","17","pink","63","8_vs_9","9"
"Å©¸®¿¡ÀÌÅÍ¸äµÅÁö_¿©","18","dark","63","8_vs_9","9"
"Å©¸®¿¡ÀÌÅÍ¸äµÅÁö_¿©","19","white","63","8_vs_9","9"
"Å©¸®¿¡ÀÌÅÍ¸äµÅÁö_¿©","20","brown","63","8_vs_9","9"
"Å¸Á¶±Ã¼ö_³²","10","red","55","8_vs_9","9"
"Å¸Á¶±Ã¼ö_³²","11","orange","55","8_vs_9","9"
"Å¸Á¶±Ã¼ö_³²","12","gold","55","8_vs_9","9"
"Å¸Á¶±Ã¼ö_³²","13","green","55","8_vs_9","9"
"Å¸Á¶±Ã¼ö_³²","14","teal","55","8_vs_9","9"
"Å¸Á¶±Ã¼ö_³²","15","blue","55","8_vs_9","9"
"Å¸Á¶±Ã¼ö_³²","16","purple","55","8_vs_9","9"
"Å¸Á¶±Ã¼ö_³²","17","pink","55","8_vs_9","9"
"Å¸Á¶±Ã¼ö_³²","18","dark","55","8_vs_9","9"
"Å¸Á¶±Ã¼ö_³²","19","white","55","8_vs_9","9"
"Å¸Á¶±Ã¼ö_³²","20","brown","55","8_vs_9","9"
"Å¸Á¶±Ã¼ö_¿©","10","red","30","8_vs_9","9"
"Å¸Á¶±Ã¼ö_¿©","11","orange","30","8_vs_9","9"
"Å¸Á¶±Ã¼ö_¿©","12","gold","30","8_vs_9","9"
"Å¸Á¶±Ã¼ö_¿©","13","green","30","8_vs_9","9"
"Å¸Á¶±Ã¼ö_¿©","14","teal","30","8_vs_9","9"
"Å¸Á¶±Ã¼ö_¿©","15","blue","30","8_vs_9","9"
"Å¸Á¶±Ã¼ö_¿©","16","purple","30","8_vs_9","9"
"Å¸Á¶±Ã¼ö_¿©","17","pink","30","8_vs_9","9"
"Å¸Á¶±Ã¼ö_¿©","18","dark","30","8_vs_9","9"
"Å¸Á¶±Ã¼ö_¿©","19","white","30","8_vs_9","9"
"Å¸Á¶±Ã¼ö_¿©","20","brown","30","8_vs_9","9"
"Å¸Á¶·¹ÀÎÁ®_³²","10","red","116","8_vs_9","9"
"Å¸Á¶·¹ÀÎÁ®_³²","11","orange","116","8_vs_9","9"
"Å¸Á¶·¹ÀÎÁ®_³²","12","gold","116","8_vs_9","9"
"Å¸Á¶·¹ÀÎÁ®_³²","13","green","116","8_vs_9","9"
"Å¸Á¶·¹ÀÎÁ®_³²","14","teal","116","8_vs_9","9"
"Å¸Á¶·¹ÀÎÁ®_³²","15","blue","116","8_vs_9","9"
"Å¸Á¶·¹ÀÎÁ®_³²","16","purple","116","8_vs_9","9"
"Å¸Á¶·¹ÀÎÁ®_³²","17","pink","116","8_vs_9","9"
"Å¸Á¶·¹ÀÎÁ®_³²","18","dark","116","8_vs_9","9"
"Å¸Á¶·¹ÀÎÁ®_³²","19","white","116","8_vs_9","9"
"Å¸Á¶·¹ÀÎÁ®_³²","20","brown","116","8_vs_9","9"
"Å¸Á¶·¹ÀÎÁ®_¿©","10","red","127","8_vs_9","9"
"Å¸Á¶·¹ÀÎÁ®_¿©","11","orange","127","8_vs_9","9"
"Å¸Á¶·¹ÀÎÁ®_¿©","12","gold","127","8_vs_9","9"
"Å¸Á¶·¹ÀÎÁ®_¿©","13","green","127","8_vs_9","9"
"Å¸Á¶·¹ÀÎÁ®_¿©","14","teal","127","8_vs_9","9"
"Å¸Á¶·¹ÀÎÁ®_¿©","15","blue","127","8_vs_9","9"
"Å¸Á¶·¹ÀÎÁ®_¿©","16","purple","127","8_vs_9","9"
"Å¸Á¶·¹ÀÎÁ®_¿©","17","pink","127","8_vs_9","9"
"Å¸Á¶·¹ÀÎÁ®_¿©","18","dark","127","8_vs_9","9"
"Å¸Á¶·¹ÀÎÁ®_¿©","19","white","127","8_vs_9","9"
"Å¸Á¶·¹ÀÎÁ®_¿©","20","brown","127","8_vs_9","9"
"Å¸Á¶¹«Èñ_³²","10","red","47","8_vs_9","9"
"Å¸Á¶¹«Èñ_³²","11","orange","47","8_vs_9","9"
"Å¸Á¶¹«Èñ_³²","12","gold","47","8_vs_9","9"
"Å¸Á¶¹«Èñ_³²","13","green","47","8_vs_9","9"
"Å¸Á¶¹«Èñ_³²","14","teal","47","8_vs_9","9"
"Å¸Á¶¹«Èñ_³²","15","blue","47","8_vs_9","9"
"Å¸Á¶¹«Èñ_³²","16","purple","47","8_vs_9","9"
"Å¸Á¶¹«Èñ_³²","17","pink","47","8_vs_9","9"
"Å¸Á¶¹«Èñ_³²","18","dark","47","8_vs_9","9"
"Å¸Á¶¹«Èñ_³²","19","white","47","8_vs_9","9"
"Å¸Á¶¹«Èñ_³²","20","brown","47","8_vs_9","9"
"Å¸Á¶¹«Èñ_¿©","10","red","111","8_vs_9","9"
"Å¸Á¶¹«Èñ_¿©","11","orange","111","8_vs_9","9"
"Å¸Á¶¹«Èñ_¿©","12","gold","111","8_vs_9","9"
"Å¸Á¶¹«Èñ_¿©","13","green","111","8_vs_9","9"
"Å¸Á¶¹«Èñ_¿©","14","teal","111","8_vs_9","9"
"Å¸Á¶¹«Èñ_¿©","15","blue","111","8_vs_9","9"
"Å¸Á¶¹«Èñ_¿©","16","purple","111","8_vs_9","9"
"Å¸Á¶¹«Èñ_¿©","17","pink","111","8_vs_9","9"
"Å¸Á¶¹«Èñ_¿©","18","dark","111","8_vs_9","9"
"Å¸Á¶¹«Èñ_¿©","19","white","111","8_vs_9","9"
"Å¸Á¶¹«Èñ_¿©","20","brown","111","8_vs_9","9"
"Å¸Á¶¹Î½ºÆ®·²_³²","10","red","44","8_vs_9","9"
"Å¸Á¶¹Î½ºÆ®·²_³²","11","orange","44","8_vs_9","9"
"Å¸Á¶¹Î½ºÆ®·²_³²","12","gold","44","8_vs_9","9"
"Å¸Á¶¹Î½ºÆ®·²_³²","13","green","44","8_vs_9","9"
"Å¸Á¶¹Î½ºÆ®·²_³²","14","teal","44","8_vs_9","9"
"Å¸Á¶¹Î½ºÆ®·²_³²","15","blue","44","8_vs_9","9"
"Å¸Á¶¹Î½ºÆ®·²_³²","16","purple","44","8_vs_9","9"
"Å¸Á¶¹Î½ºÆ®·²_³²","17","pink","44","8_vs_9","9"
"Å¸Á¶¹Î½ºÆ®·²_³²","18","dark","44","8_vs_9","9"
"Å¸Á¶¹Î½ºÆ®·²_³²","19","white","44","8_vs_9","9"
"Å¸Á¶¹Î½ºÆ®·²_³²","20","brown","44","8_vs_9","9"
"Å¸Á¶¹Ùµå_³²","10","red","47","8_vs_9","9"
"Å¸Á¶¹Ùµå_³²","11","orange","47","8_vs_9","9"
"Å¸Á¶¹Ùµå_³²","12","gold","47","8_vs_9","9"
"Å¸Á¶¹Ùµå_³²","13","green","47","8_vs_9","9"
"Å¸Á¶¹Ùµå_³²","14","teal","47","8_vs_9","9"
"Å¸Á¶¹Ùµå_³²","15","blue","47","8_vs_9","9"
"Å¸Á¶¹Ùµå_³²","16","purple","47","8_vs_9","9"
"Å¸Á¶¹Ùµå_³²","17","pink","47","8_vs_9","9"
"Å¸Á¶¹Ùµå_³²","18","dark","47","8_vs_9","9"
"Å¸Á¶¹Ùµå_³²","19","white","47","8_vs_9","9"
"Å¸Á¶¹Ùµå_³²","20","brown","47","8_vs_9","9"
"Å¸Á¶¹Ùµå_¿©","10","red","111","8_vs_9","9"
"Å¸Á¶¹Ùµå_¿©","11","orange","111","8_vs_9","9"
"Å¸Á¶¹Ùµå_¿©","12","gold","111","8_vs_9","9"
"Å¸Á¶¹Ùµå_¿©","13","green","111","8_vs_9","9"
"Å¸Á¶¹Ùµå_¿©","14","teal","111","8_vs_9","9"
"Å¸Á¶¹Ùµå_¿©","15","blue","111","8_vs_9","9"
"Å¸Á¶¹Ùµå_¿©","16","purple","111","8_vs_9","9"
"Å¸Á¶¹Ùµå_¿©","17","pink","111","8_vs_9","9"
"Å¸Á¶¹Ùµå_¿©","18","dark","111","8_vs_9","9"
"Å¸Á¶¹Ùµå_¿©","19","white","111","8_vs_9","9"
"Å¸Á¶¹Ùµå_¿©","20","brown","111","8_vs_9","9"
"Å¸Á¶½º³ªÀÌÆÛ_³²","10","red","47","8_vs_9","9"
"Å¸Á¶½º³ªÀÌÆÛ_³²","11","orange","47","8_vs_9","9"
"Å¸Á¶½º³ªÀÌÆÛ_³²","12","gold","47","8_vs_9","9"
"Å¸Á¶½º³ªÀÌÆÛ_³²","13","green","47","8_vs_9","9"
"Å¸Á¶½º³ªÀÌÆÛ_³²","14","teal","47","8_vs_9","9"
"Å¸Á¶½º³ªÀÌÆÛ_³²","15","blue","47","8_vs_9","9"
"Å¸Á¶½º³ªÀÌÆÛ_³²","16","purple","47","8_vs_9","9"
"Å¸Á¶½º³ªÀÌÆÛ_³²","17","pink","47","8_vs_9","9"
"Å¸Á¶½º³ªÀÌÆÛ_³²","18","dark","47","8_vs_9","9"
"Å¸Á¶½º³ªÀÌÆÛ_³²","19","white","47","8_vs_9","9"
"Å¸Á¶½º³ªÀÌÆÛ_³²","20","brown","47","8_vs_9","9"
"Å¸Á¶½º³ªÀÌÆÛ_¿©","10","red","71","8_vs_9","9"
"Å¸Á¶½º³ªÀÌÆÛ_¿©","11","orange","71","8_vs_9","9"
"Å¸Á¶½º³ªÀÌÆÛ_¿©","12","gold","71","8_vs_9","9"
"Å¸Á¶½º³ªÀÌÆÛ_¿©","13","green","71","8_vs_9","9"
"Å¸Á¶½º³ªÀÌÆÛ_¿©","14","teal","71","8_vs_9","9"
"Å¸Á¶½º³ªÀÌÆÛ_¿©","15","blue","71","8_vs_9","9"
"Å¸Á¶½º³ªÀÌÆÛ_¿©","16","purple","71","8_vs_9","9"
"Å¸Á¶½º³ªÀÌÆÛ_¿©","17","pink","71","8_vs_9","9"
"Å¸Á¶½º³ªÀÌÆÛ_¿©","18","dark","71","8_vs_9","9"
"Å¸Á¶½º³ªÀÌÆÛ_¿©","19","white","71","8_vs_9","9"
"Å¸Á¶½º³ªÀÌÆÛ_¿©","20","brown","71","8_vs_9","9"
"Å¸Á¶¿ø´õ·¯_¿©","10","red","44","8_vs_9","9"
"Å¸Á¶¿ø´õ·¯_¿©","11","orange","44","8_vs_9","9"
"Å¸Á¶¿ø´õ·¯_¿©","12","gold","44","8_vs_9","9"
"Å¸Á¶¿ø´õ·¯_¿©","13","green","44","8_vs_9","9"
"Å¸Á¶¿ø´õ·¯_¿©","14","teal","44","8_vs_9","9"
"Å¸Á¶¿ø´õ·¯_¿©","15","blue","44","8_vs_9","9"
"Å¸Á¶¿ø´õ·¯_¿©","16","purple","44","8_vs_9","9"
"Å¸Á¶¿ø´õ·¯_¿©","17","pink","44","8_vs_9","9"
"Å¸Á¶¿ø´õ·¯_¿©","18","dark","44","8_vs_9","9"
"Å¸Á¶¿ø´õ·¯_¿©","19","white","44","8_vs_9","9"
"Å¸Á¶¿ø´õ·¯_¿©","20","brown","44","8_vs_9","9"
"Å¸Á¶Å©¶ó¿î_³²","10","red","47","8_vs_9","9"
"Å¸Á¶Å©¶ó¿î_³²","11","orange","47","8_vs_9","9"
"Å¸Á¶Å©¶ó¿î_³²","12","gold","47","8_vs_9","9"
"Å¸Á¶Å©¶ó¿î_³²","13","green","47","8_vs_9","9"
"Å¸Á¶Å©¶ó¿î_³²","14","teal","47","8_vs_9","9"
"Å¸Á¶Å©¶ó¿î_³²","15","blue","47","8_vs_9","9"
"Å¸Á¶Å©¶ó¿î_³²","16","purple","47","8_vs_9","9"
"Å¸Á¶Å©¶ó¿î_³²","17","pink","47","8_vs_9","9"
"Å¸Á¶Å©¶ó¿î_³²","18","dark","47","8_vs_9","9"
"Å¸Á¶Å©¶ó¿î_³²","19","white","47","8_vs_9","9"
"Å¸Á¶Å©¶ó¿î_³²","20","brown","47","8_vs_9","9"
"Å¸Á¶ÇåÅÍ_³²","10","red","47","8_vs_9","9"
"Å¸Á¶ÇåÅÍ_³²","11","orange","47","8_vs_9","9"
"Å¸Á¶ÇåÅÍ_³²","12","gold","47","8_vs_9","9"
"Å¸Á¶ÇåÅÍ_³²","13","green","47","8_vs_9","9"
"Å¸Á¶ÇåÅÍ_³²","14","teal","47","8_vs_9","9"
"Å¸Á¶ÇåÅÍ_³²","15","blue","47","8_vs_9","9"
"Å¸Á¶ÇåÅÍ_³²","16","purple","47","8_vs_9","9"
"Å¸Á¶ÇåÅÍ_³²","17","pink","47","8_vs_9","9"
"Å¸Á¶ÇåÅÍ_³²","18","dark","47","8_vs_9","9"
"Å¸Á¶ÇåÅÍ_³²","19","white","47","8_vs_9","9"
"Å¸Á¶ÇåÅÍ_³²","20","brown","47","8_vs_9","9"
"Å¸Á¶ÇåÅÍ_¿©","10","red","71","8_vs_9","9"
"Å¸Á¶ÇåÅÍ_¿©","11","orange","71","8_vs_9","9"
"Å¸Á¶ÇåÅÍ_¿©","12","gold","71","8_vs_9","9"
"Å¸Á¶ÇåÅÍ_¿©","13","green","71","8_vs_9","9"
"Å¸Á¶ÇåÅÍ_¿©","14","teal","71","8_vs_9","9"
"Å¸Á¶ÇåÅÍ_¿©","15","blue","71","8_vs_9","9"
"Å¸Á¶ÇåÅÍ_¿©","16","purple","71","8_vs_9","9"
"Å¸Á¶ÇåÅÍ_¿©","17","pink","71","8_vs_9","9"
"Å¸Á¶ÇåÅÍ_¿©","18","dark","71","8_vs_9","9"
"Å¸Á¶ÇåÅÍ_¿©","19","white","71","8_vs_9","9"
"Å¸Á¶ÇåÅÍ_¿©","20","brown","71","8_vs_9","9"
"ÅÂ±Ç¼Ò³â_³²","10","red","48","8_vs_9","9"
"ÅÂ±Ç¼Ò³â_³²","11","orange","48","8_vs_9","9"
"ÅÂ±Ç¼Ò³â_³²","12","gold","48","8_vs_9","9"
"ÅÂ±Ç¼Ò³â_³²","13","green","48","8_vs_9","9"
"ÅÂ±Ç¼Ò³â_³²","14","teal","48","8_vs_9","9"
"ÅÂ±Ç¼Ò³â_³²","15","blue","48","8_vs_9","9"
"ÅÂ±Ç¼Ò³â_³²","16","purple","48","8_vs_9","9"
"ÅÂ±Ç¼Ò³â_³²","17","pink","48","8_vs_9","9"
"ÅÂ±Ç¼Ò³â_³²","18","dark","48","8_vs_9","9"
"ÅÂ±Ç¼Ò³â_³²","19","white","48","8_vs_9","9"
"ÅÂ±Ç¼Ò³â_³²","20","brown","48","8_vs_9","9"
"ÅÂ±Ç¼Ò³â_¿©","10","red","41","8_vs_9","9"
"ÅÂ±Ç¼Ò³â_¿©","11","orange","41","8_vs_9","9"
"ÅÂ±Ç¼Ò³â_¿©","12","gold","41","8_vs_9","9"
"ÅÂ±Ç¼Ò³â_¿©","13","green","41","8_vs_9","9"
"ÅÂ±Ç¼Ò³â_¿©","14","teal","41","8_vs_9","9"
"ÅÂ±Ç¼Ò³â_¿©","15","blue","41","8_vs_9","9"
"ÅÂ±Ç¼Ò³â_¿©","16","purple","41","8_vs_9","9"
"ÅÂ±Ç¼Ò³â_¿©","17","pink","41","8_vs_9","9"
"ÅÂ±Ç¼Ò³â_¿©","18","dark","41","8_vs_9","9"
"ÅÂ±Ç¼Ò³â_¿©","19","white","41","8_vs_9","9"
"ÅÂ±Ç¼Ò³â_¿©","20","brown","41","8_vs_9","9"
"ÅÂ±Ç¼Ò³âÆ÷¸µ_³²","10","red","48","8_vs_9","9"
"ÅÂ±Ç¼Ò³âÆ÷¸µ_³²","11","orange","48","8_vs_9","9"
"ÅÂ±Ç¼Ò³âÆ÷¸µ_³²","12","gold","48","8_vs_9","9"
"ÅÂ±Ç¼Ò³âÆ÷¸µ_³²","13","green","48","8_vs_9","9"
"ÅÂ±Ç¼Ò³âÆ÷¸µ_³²","14","teal","48","8_vs_9","9"
"ÅÂ±Ç¼Ò³âÆ÷¸µ_³²","15","blue","48","8_vs_9","9"
"ÅÂ±Ç¼Ò³âÆ÷¸µ_³²","16","purple","48","8_vs_9","9"
"ÅÂ±Ç¼Ò³âÆ÷¸µ_³²","17","pink","48","8_vs_9","9"
"ÅÂ±Ç¼Ò³âÆ÷¸µ_³²","18","dark","48","8_vs_9","9"
"ÅÂ±Ç¼Ò³âÆ÷¸µ_³²","19","white","48","8_vs_9","9"
"ÅÂ±Ç¼Ò³âÆ÷¸µ_³²","20","brown","48","8_vs_9","9"
"ÅÂ±Ç¼Ò³âÆ÷¸µ_¿©","10","red","41","8_vs_9","9"
"ÅÂ±Ç¼Ò³âÆ÷¸µ_¿©","11","orange","41","8_vs_9","9"
"ÅÂ±Ç¼Ò³âÆ÷¸µ_¿©","12","gold","41","8_vs_9","9"
"ÅÂ±Ç¼Ò³âÆ÷¸µ_¿©","13","green","41","8_vs_9","9"
"ÅÂ±Ç¼Ò³âÆ÷¸µ_¿©","14","teal","41","8_vs_9","9"
"ÅÂ±Ç¼Ò³âÆ÷¸µ_¿©","15","blue","41","8_vs_9","9"
"ÅÂ±Ç¼Ò³âÆ÷¸µ_¿©","16","purple","41","8_vs_9","9"
"ÅÂ±Ç¼Ò³âÆ÷¸µ_¿©","17","pink","41","8_vs_9","9"
"ÅÂ±Ç¼Ò³âÆ÷¸µ_¿©","18","dark","41","8_vs_9","9"
"ÅÂ±Ç¼Ò³âÆ÷¸µ_¿©","19","white","41","8_vs_9","9"
"ÅÂ±Ç¼Ò³âÆ÷¸µ_¿©","20","brown","41","8_vs_9","9"
"ÆäÄÚ°Ç³Ê_³²","10","red","41","8_vs_9","9"
"ÆäÄÚ°Ç³Ê_³²","11","orange","41","8_vs_9","9"
"ÆäÄÚ°Ç³Ê_³²","12","gold","41","8_vs_9","9"
"ÆäÄÚ°Ç³Ê_³²","13","green","41","8_vs_9","9"
"ÆäÄÚ°Ç³Ê_³²","14","teal","41","8_vs_9","9"
"ÆäÄÚ°Ç³Ê_³²","15","blue","41","8_vs_9","9"
"ÆäÄÚ°Ç³Ê_³²","16","purple","41","8_vs_9","9"
"ÆäÄÚ°Ç³Ê_³²","17","pink","41","8_vs_9","9"
"ÆäÄÚ°Ç³Ê_³²","18","dark","41","8_vs_9","9"
"ÆäÄÚ°Ç³Ê_³²","19","white","41","8_vs_9","9"
"ÆäÄÚ°Ç³Ê_³²","20","brown","41","8_vs_9","9"
"ÆäÄÚ°Ç³Ê_¿©","10","red","40","8_vs_9","9"
"ÆäÄÚ°Ç³Ê_¿©","11","orange","40","8_vs_9","9"
"ÆäÄÚ°Ç³Ê_¿©","12","gold","40","8_vs_9","9"
"ÆäÄÚ°Ç³Ê_¿©","13","green","40","8_vs_9","9"
"ÆäÄÚ°Ç³Ê_¿©","14","teal","40","8_vs_9","9"
"ÆäÄÚ°Ç³Ê_¿©","15","blue","40","8_vs_9","9"
"ÆäÄÚ°Ç³Ê_¿©","16","purple","40","8_vs_9","9"
"ÆäÄÚ°Ç³Ê_¿©","17","pink","40","8_vs_9","9"
"ÆäÄÚ°Ç³Ê_¿©","18","dark","40","8_vs_9","9"
"ÆäÄÚ°Ç³Ê_¿©","19","white","40","8_vs_9","9"
"ÆäÄÚ°Ç³Ê_¿©","20","brown","40","8_vs_9","9"
"ÆäÄÚ°Ë»ç_³²","10","red","31","8_vs_9","9"
"ÆäÄÚ°Ë»ç_³²","11","orange","31","8_vs_9","9"
"ÆäÄÚ°Ë»ç_³²","12","gold","31","8_vs_9","9"
"ÆäÄÚ°Ë»ç_³²","13","green","31","8_vs_9","9"
"ÆäÄÚ°Ë»ç_³²","14","teal","31","8_vs_9","9"
"ÆäÄÚ°Ë»ç_³²","15","blue","31","8_vs_9","9"
"ÆäÄÚ°Ë»ç_³²","16","purple","31","8_vs_9","9"
"ÆäÄÚ°Ë»ç_³²","17","pink","31","8_vs_9","9"
"ÆäÄÚ°Ë»ç_³²","18","dark","31","8_vs_9","9"
"ÆäÄÚ°Ë»ç_³²","19","white","31","8_vs_9","9"
"ÆäÄÚ°Ë»ç_³²","20","brown","31","8_vs_9","9"
"ÆäÄÚ°Ë»ç_¿©","10","red","23","8_vs_9","9"
"ÆäÄÚ°Ë»ç_¿©","11","orange","23","8_vs_9","9"
"ÆäÄÚ°Ë»ç_¿©","12","gold","23","8_vs_9","9"
"ÆäÄÚ°Ë»ç_¿©","13","green","23","8_vs_9","9"
"ÆäÄÚ°Ë»ç_¿©","14","teal","23","8_vs_9","9"
"ÆäÄÚ°Ë»ç_¿©","15","blue","23","8_vs_9","9"
"ÆäÄÚ°Ë»ç_¿©","16","purple","23","8_vs_9","9"
"ÆäÄÚ°Ë»ç_¿©","17","pink","23","8_vs_9","9"
"ÆäÄÚ°Ë»ç_¿©","18","dark","23","8_vs_9","9"
"ÆäÄÚ°Ë»ç_¿©","19","white","23","8_vs_9","9"
"ÆäÄÚ°Ë»ç_¿©","20","brown","23","8_vs_9","9"
"ÆäÄÚ·Î³ª_³²","10","red","55","8_vs_9","9"
"ÆäÄÚ·Î³ª_³²","11","orange","55","8_vs_9","9"
"ÆäÄÚ·Î³ª_³²","12","gold","55","8_vs_9","9"
"ÆäÄÚ·Î³ª_³²","13","green","55","8_vs_9","9"
"ÆäÄÚ·Î³ª_³²","14","teal","55","8_vs_9","9"
"ÆäÄÚ·Î³ª_³²","15","blue","55","8_vs_9","9"
"ÆäÄÚ·Î³ª_³²","16","purple","55","8_vs_9","9"
"ÆäÄÚ·Î³ª_³²","17","pink","55","8_vs_9","9"
"ÆäÄÚ·Î³ª_³²","18","dark","55","8_vs_9","9"
"ÆäÄÚ·Î³ª_³²","19","white","55","8_vs_9","9"
"ÆäÄÚ·Î³ª_³²","20","brown","55","8_vs_9","9"
"ÆäÄÚ·Î³ª_¿©","10","red","71","8_vs_9","9"
"ÆäÄÚ·Î³ª_¿©","11","orange","71","8_vs_9","9"
"ÆäÄÚ·Î³ª_¿©","12","gold","71","8_vs_9","9"
"ÆäÄÚ·Î³ª_¿©","13","green","71","8_vs_9","9"
"ÆäÄÚ·Î³ª_¿©","14","teal","71","8_vs_9","9"
"ÆäÄÚ·Î³ª_¿©","15","blue","71","8_vs_9","9"
"ÆäÄÚ·Î³ª_¿©","16","purple","71","8_vs_9","9"
"ÆäÄÚ·Î³ª_¿©","17","pink","71","8_vs_9","9"
"ÆäÄÚ·Î³ª_¿©","18","dark","71","8_vs_9","9"
"ÆäÄÚ·Î³ª_¿©","19","white","71","8_vs_9","9"
"ÆäÄÚ·Î³ª_¿©","20","brown","71","8_vs_9","9"
"ÆäÄÚÆäÄÚ_±â»ç_³²","10","red","55","8_vs_9","9"
"ÆäÄÚÆäÄÚ_±â»ç_³²","11","orange","55","8_vs_9","9"
"ÆäÄÚÆäÄÚ_±â»ç_³²","12","gold","55","8_vs_9","9"
"ÆäÄÚÆäÄÚ_±â»ç_³²","13","green","55","8_vs_9","9"
"ÆäÄÚÆäÄÚ_±â»ç_³²","14","teal","55","8_vs_9","9"
"ÆäÄÚÆäÄÚ_±â»ç_³²","15","blue","55","8_vs_9","9"
"ÆäÄÚÆäÄÚ_±â»ç_³²","16","purple","55","8_vs_9","9"
"ÆäÄÚÆäÄÚ_±â»ç_³²","17","pink","55","8_vs_9","9"
"ÆäÄÚÆäÄÚ_±â»ç_³²","18","dark","55","8_vs_9","9"
"ÆäÄÚÆäÄÚ_±â»ç_³²","19","white","55","8_vs_9","9"
"ÆäÄÚÆäÄÚ_±â»ç_³²","20","brown","55","8_vs_9","9"
"ÆäÄÚÆäÄÚ_±â»ç_¿©","10","red","71","8_vs_9","9"
"ÆäÄÚÆäÄÚ_±â»ç_¿©","11","orange","71","8_vs_9","9"
"ÆäÄÚÆäÄÚ_±â»ç_¿©","12","gold","71","8_vs_9","9"
"ÆäÄÚÆäÄÚ_±â»ç_¿©","13","green","71","8_vs_9","9"
"ÆäÄÚÆäÄÚ_±â»ç_¿©","14","teal","71","8_vs_9","9"
"ÆäÄÚÆäÄÚ_±â»ç_¿©","15","blue","71","8_vs_9","9"
"ÆäÄÚÆäÄÚ_±â»ç_¿©","16","purple","71","8_vs_9","9"
"ÆäÄÚÆäÄÚ_±â»ç_¿©","17","pink","71","8_vs_9","9"
"ÆäÄÚÆäÄÚ_±â»ç_¿©","18","dark","71","8_vs_9","9"
"ÆäÄÚÆäÄÚ_±â»ç_¿©","19","white","71","8_vs_9","9"
"ÆäÄÚÆäÄÚ_±â»ç_¿©","20","brown","71","8_vs_9","9"
"ÆäÄÚÆäÄÚ_Å©·ç_³²","10","red","55","8_vs_9","9"
"ÆäÄÚÆäÄÚ_Å©·ç_³²","11","orange","55","8_vs_9","9"
"ÆäÄÚÆäÄÚ_Å©·ç_³²","12","gold","55","8_vs_9","9"
"ÆäÄÚÆäÄÚ_Å©·ç_³²","13","green","55","8_vs_9","9"
"ÆäÄÚÆäÄÚ_Å©·ç_³²","14","teal","55","8_vs_9","9"
"ÆäÄÚÆäÄÚ_Å©·ç_³²","15","blue","55","8_vs_9","9"
"ÆäÄÚÆäÄÚ_Å©·ç_³²","16","purple","55","8_vs_9","9"
"ÆäÄÚÆäÄÚ_Å©·ç_³²","17","pink","55","8_vs_9","9"
"ÆäÄÚÆäÄÚ_Å©·ç_³²","18","dark","55","8_vs_9","9"
"ÆäÄÚÆäÄÚ_Å©·ç_³²","19","white","55","8_vs_9","9"
"ÆäÄÚÆäÄÚ_Å©·ç_³²","20","brown","55","8_vs_9","9"
"ÆäÄÚÆäÄÚ_Å©·ç_¿©","10","red","71","8_vs_9","9"
"ÆäÄÚÆäÄÚ_Å©·ç_¿©","11","orange","71","8_vs_9","9"
"ÆäÄÚÆäÄÚ_Å©·ç_¿©","12","gold","71","8_vs_9","9"
"ÆäÄÚÆäÄÚ_Å©·ç_¿©","13","green","71","8_vs_9","9"
"ÆäÄÚÆäÄÚ_Å©·ç_¿©","14","teal","71","8_vs_9","9"
"ÆäÄÚÆäÄÚ_Å©·ç_¿©","15","blue","71","8_vs_9","9"
"ÆäÄÚÆäÄÚ_Å©·ç_¿©","16","purple","71","8_vs_9","9"
"ÆäÄÚÆäÄÚ_Å©·ç_¿©","17","pink","71","8_vs_9","9"
"ÆäÄÚÆäÄÚ_Å©·ç_¿©","18","dark","71","8_vs_9","9"
"ÆäÄÚÆäÄÚ_Å©·ç_¿©","19","white","71","8_vs_9","9"
"ÆäÄÚÆäÄÚ_Å©·ç_¿©","20","brown","71","8_vs_9","9"
"ÆäÄÚÆÈ¶ó_³²","10","red","55","8_vs_9","9"
"ÆäÄÚÆÈ¶ó_³²","11","orange","55","8_vs_9","9"
"ÆäÄÚÆÈ¶ó_³²","12","gold","55","8_vs_9","9"
"ÆäÄÚÆÈ¶ó_³²","13","green","55","8_vs_9","9"
"ÆäÄÚÆÈ¶ó_³²","14","teal","55","8_vs_9","9"
"ÆäÄÚÆÈ¶ó_³²","15","blue","55","8_vs_9","9"
"ÆäÄÚÆÈ¶ó_³²","16","purple","55","8_vs_9","9"
"ÆäÄÚÆÈ¶ó_³²","17","pink","55","8_vs_9","9"
"ÆäÄÚÆÈ¶ó_³²","18","dark","55","8_vs_9","9"
"ÆäÄÚÆÈ¶ó_³²","19","white","55","8_vs_9","9"
"ÆäÄÚÆÈ¶ó_³²","20","brown","55","8_vs_9","9"
"ÆäÄÚÆÈ¶ó_¿©","10","red","71","8_vs_9","9"
"ÆäÄÚÆÈ¶ó_¿©","11","orange","71","8_vs_9","9"
"ÆäÄÚÆÈ¶ó_¿©","12","gold","71","8_vs_9","9"
"ÆäÄÚÆÈ¶ó_¿©","13","green","71","8_vs_9","9"
"ÆäÄÚÆÈ¶ó_¿©","14","teal","71","8_vs_9","9"
"ÆäÄÚÆÈ¶ó_¿©","15","blue","71","8_vs_9","9"
"ÆäÄÚÆÈ¶ó_¿©","16","purple","71","8_vs_9","9"
"ÆäÄÚÆÈ¶ó_¿©","17","pink","71","8_vs_9","9"
"ÆäÄÚÆÈ¶ó_¿©","18","dark","71","8_vs_9","9"
"ÆäÄÚÆÈ¶ó_¿©","19","white","71","8_vs_9","9"
"ÆäÄÚÆÈ¶ó_¿©","20","brown","71","8_vs_9","9"
"ÆäÄÚÆÈ¶óµò_³²","10","red","55","8_vs_9","9"
"ÆäÄÚÆÈ¶óµò_³²","11","orange","55","8_vs_9","9"
"ÆäÄÚÆÈ¶óµò_³²","12","gold","55","8_vs_9","9"
"ÆäÄÚÆÈ¶óµò_³²","13","green","55","8_vs_9","9"
"ÆäÄÚÆÈ¶óµò_³²","14","teal","55","8_vs_9","9"
"ÆäÄÚÆÈ¶óµò_³²","15","blue","55","8_vs_9","9"
"ÆäÄÚÆÈ¶óµò_³²","16","purple","55","8_vs_9","9"
"ÆäÄÚÆÈ¶óµò_³²","17","pink","55","8_vs_9","9"
"ÆäÄÚÆÈ¶óµò_³²","18","dark","55","8_vs_9","9"
"ÆäÄÚÆÈ¶óµò_³²","19","white","55","8_vs_9","9"
"ÆäÄÚÆÈ¶óµò_³²","20","brown","55","8_vs_9","9"
"ÆäÄÚÆÈ¶óµò_¿©","10","red","71","8_vs_9","9"
"ÆäÄÚÆÈ¶óµò_¿©","11","orange","71","8_vs_9","9"
"ÆäÄÚÆÈ¶óµò_¿©","12","gold","71","8_vs_9","9"
"ÆäÄÚÆÈ¶óµò_¿©","13","green","71","8_vs_9","9"
"ÆäÄÚÆÈ¶óµò_¿©","14","teal","71","8_vs_9","9"
"ÆäÄÚÆÈ¶óµò_¿©","15","blue","71","8_vs_9","9"
"ÆäÄÚÆÈ¶óµò_¿©","16","purple","71","8_vs_9","9"
"ÆäÄÚÆÈ¶óµò_¿©","17","pink","71","8_vs_9","9"
"ÆäÄÚÆÈ¶óµò_¿©","18","dark","71","8_vs_9","9"
"ÆäÄÚÆÈ¶óµò_¿©","19","white","71","8_vs_9","9"
"ÆäÄÚÆÈ¶óµò_¿©","20","brown","71","8_vs_9","9"
"ÆÈ¶óµò_³²","10","red","55","8_vs_9","9"
"ÆÈ¶óµò_³²","11","orange","55","8_vs_9","9"
"ÆÈ¶óµò_³²","12","gold","55","8_vs_9","9"
"ÆÈ¶óµò_³²","13","green","55","8_vs_9","9"
"ÆÈ¶óµò_³²","14","teal","55","8_vs_9","9"
"ÆÈ¶óµò_³²","15","blue","55","8_vs_9","9"
"ÆÈ¶óµò_³²","16","purple","55","8_vs_9","9"
"ÆÈ¶óµò_³²","17","pink","55","8_vs_9","9"
"ÆÈ¶óµò_³²","18","dark","55","8_vs_9","9"
"ÆÈ¶óµò_³²","19","white","55","8_vs_9","9"
"ÆÈ¶óµò_³²","20","brown","55","8_vs_9","9"
"ÆÈ¶óµò_¿©","10","red","71","8_vs_9","9"
"ÆÈ¶óµò_¿©","11","orange","71","8_vs_9","9"
"ÆÈ¶óµò_¿©","12","gold","71","8_vs_9","9"
"ÆÈ¶óµò_¿©","13","green","71","8_vs_9","9"
"ÆÈ¶óµò_¿©","14","teal","71","8_vs_9","9"
"ÆÈ¶óµò_¿©","15","blue","71","8_vs_9","9"
"ÆÈ¶óµò_¿©","16","purple","71","8_vs_9","9"
"ÆÈ¶óµò_¿©","17","pink","71","8_vs_9","9"
"ÆÈ¶óµò_¿©","18","dark","71","8_vs_9","9"
"ÆÈ¶óµò_¿©","19","white","71","8_vs_9","9"
"ÆÈ¶óµò_¿©","20","brown","71","8_vs_9","9"
"ÇÁ·ÎÆä¼­_³²","10","red","46","8_vs_9","9"
"ÇÁ·ÎÆä¼­_³²","11","orange","46","8_vs_9","9"
"ÇÁ·ÎÆä¼­_³²","12","gold","46","8_vs_9","9"
"ÇÁ·ÎÆä¼­_³²","13","green","46","8_vs_9","9"
"ÇÁ·ÎÆä¼­_³²","14","teal","46","8_vs_9","9"
"ÇÁ·ÎÆä¼­_³²","15","blue","46","8_vs_9","9"
"ÇÁ·ÎÆä¼­_³²","16","purple","46","8_vs_9","9"
"ÇÁ·ÎÆä¼­_³²","17","pink","46","8_vs_9","9"
"ÇÁ·ÎÆä¼­_³²","18","dark","46","8_vs_9","9"
"ÇÁ·ÎÆä¼­_³²","19","white","46","8_vs_9","9"
"ÇÁ·ÎÆä¼­_³²","20","brown","46","8_vs_9","9"
"ÇÁ·ÎÆä¼­_¿©","10","red","47","8_vs_9","9"
"ÇÁ·ÎÆä¼­_¿©","11","orange","47","8_vs_9","9"
"ÇÁ·ÎÆä¼­_¿©","12","gold","47","8_vs_9","9"
"ÇÁ·ÎÆä¼­_¿©","13","green","47","8_vs_9","9"
"ÇÁ·ÎÆä¼­_¿©","14","teal","47","8_vs_9","9"
"ÇÁ·ÎÆä¼­_¿©","15","blue","47","8_vs_9","9"
"ÇÁ·ÎÆä¼­_¿©","16","purple","47","8_vs_9","9"
"ÇÁ·ÎÆä¼­_¿©","17","pink","47","8_vs_9","9"
"ÇÁ·ÎÆä¼­_¿©","18","dark","47","8_vs_9","9"
"ÇÁ·ÎÆä¼­_¿©","19","white","47","8_vs_9","9"
"ÇÁ·ÎÆä¼­_¿©","20","brown","47","8_vs_9","9"
"ÇÁ¸®½ºÆ®_³²","10","red","39","8_vs_9","9"
"ÇÁ¸®½ºÆ®_³²","11","orange","39","8_vs_9","9"
"ÇÁ¸®½ºÆ®_³²","12","gold","39","8_vs_9","9"
"ÇÁ¸®½ºÆ®_³²","13","green","39","8_vs_9","9"
"ÇÁ¸®½ºÆ®_³²","14","teal","39","8_vs_9","9"
"ÇÁ¸®½ºÆ®_³²","15","blue","39","8_vs_9","9"
"ÇÁ¸®½ºÆ®_³²","16","purple","39","8_vs_9","9"
"ÇÁ¸®½ºÆ®_³²","17","pink","39","8_vs_9","9"
"ÇÁ¸®½ºÆ®_³²","18","dark","39","8_vs_9","9"
"ÇÁ¸®½ºÆ®_³²","19","white","39","8_vs_9","9"
"ÇÁ¸®½ºÆ®_³²","20","brown","39","8_vs_9","9"
"ÇÁ¸®½ºÆ®_¿©","10","red","39","8_vs_9","9"
"ÇÁ¸®½ºÆ®_¿©","11","orange","39","8_vs_9","9"
"ÇÁ¸®½ºÆ®_¿©","12","gold","39","8_vs_9","9"
"ÇÁ¸®½ºÆ®_¿©","13","green","39","8_vs_9","9"
"ÇÁ¸®½ºÆ®_¿©","14","teal","39","8_vs_9","9"
"ÇÁ¸®½ºÆ®_¿©","15","blue","39","8_vs_9","9"
"ÇÁ¸®½ºÆ®_¿©","16","purple","39","8_vs_9","9"
"ÇÁ¸®½ºÆ®_¿©","17","pink","39","8_vs_9","9"
"ÇÁ¸®½ºÆ®_¿©","18","dark","39","8_vs_9","9"
"ÇÁ¸®½ºÆ®_¿©","19","white","39","8_vs_9","9"
"ÇÁ¸®½ºÆ®_¿©","20","brown","39","8_vs_9","9"
"ÇÁ¸®½ºÆ®¾ËÆÄÄ«_³²","10","red","39","8_vs_9","9"
"ÇÁ¸®½ºÆ®¾ËÆÄÄ«_³²","11","orange","39","8_vs_9","9"
"ÇÁ¸®½ºÆ®¾ËÆÄÄ«_³²","12","gold","39","8_vs_9","9"
"ÇÁ¸®½ºÆ®¾ËÆÄÄ«_³²","13","green","39","8_vs_9","9"
"ÇÁ¸®½ºÆ®¾ËÆÄÄ«_³²","14","teal","39","8_vs_9","9"
"ÇÁ¸®½ºÆ®¾ËÆÄÄ«_³²","15","blue","39","8_vs_9","9"
"ÇÁ¸®½ºÆ®¾ËÆÄÄ«_³²","16","purple","39","8_vs_9","9"
"ÇÁ¸®½ºÆ®¾ËÆÄÄ«_³²","17","pink","39","8_vs_9","9"
"ÇÁ¸®½ºÆ®¾ËÆÄÄ«_³²","18","dark","39","8_vs_9","9"
"ÇÁ¸®½ºÆ®¾ËÆÄÄ«_³²","19","white","39","8_vs_9","9"
"ÇÁ¸®½ºÆ®¾ËÆÄÄ«_³²","20","brown","39","8_vs_9","9"
"ÇÁ¸®½ºÆ®¾ËÆÄÄ«_¿©","10","red","39","8_vs_9","9"
"ÇÁ¸®½ºÆ®¾ËÆÄÄ«_¿©","11","orange","39","8_vs_9","9"
"ÇÁ¸®½ºÆ®¾ËÆÄÄ«_¿©","12","gold","39","8_vs_9","9"
"ÇÁ¸®½ºÆ®¾ËÆÄÄ«_¿©","13","green","39","8_vs_9","9"
"ÇÁ¸®½ºÆ®¾ËÆÄÄ«_¿©","14","teal","39","8_vs_9","9"
"ÇÁ¸®½ºÆ®¾ËÆÄÄ«_¿©","15","blue","39","8_vs_9","9"
"ÇÁ¸®½ºÆ®¾ËÆÄÄ«_¿©","16","purple","39","8_vs_9","9"
"ÇÁ¸®½ºÆ®¾ËÆÄÄ«_¿©","17","pink","39","8_vs_9","9"
"ÇÁ¸®½ºÆ®¾ËÆÄÄ«_¿©","18","dark","39","8_vs_9","9"
"ÇÁ¸®½ºÆ®¾ËÆÄÄ«_¿©","19","white","39","8_vs_9","9"
"ÇÁ¸®½ºÆ®¾ËÆÄÄ«_¿©","20","brown","39","8_vs_9","9"
"ÇåÅÍ_³²","10","red","47","8_vs_9","9"
"ÇåÅÍ_³²","11","orange","47","8_vs_9","9"
"ÇåÅÍ_³²","12","gold","47","8_vs_9","9"
"ÇåÅÍ_³²","13","green","47","8_vs_9","9"
"ÇåÅÍ_³²","14","teal","47","8_vs_9","9"
"ÇåÅÍ_³²","15","blue","47","8_vs_9","9"
"ÇåÅÍ_³²","16","purple","47","8_vs_9","9"
"ÇåÅÍ_³²","17","pink","47","8_vs_9","9"
"ÇåÅÍ_³²","18","dark","47","8_vs_9","9"
"ÇåÅÍ_³²","19","white","47","8_vs_9","9"
"ÇåÅÍ_³²","20","brown","47","8_vs_9","9"
"ÇåÅÍ_¿©","10","red","71","8_vs_9","9"
"ÇåÅÍ_¿©","11","orange","71","8_vs_9","9"
"ÇåÅÍ_¿©","12","gold","71","8_vs_9","9"
"ÇåÅÍ_¿©","13","green","71","8_vs_9","9"
"ÇåÅÍ_¿©","14","teal","71","8_vs_9","9"
"ÇåÅÍ_¿©","15","blue","71","8_vs_9","9"
"ÇåÅÍ_¿©","16","purple","71","8_vs_9","9"
"ÇåÅÍ_¿©","17","pink","71","8_vs_9","9"
"ÇåÅÍ_¿©","18","dark","71","8_vs_9","9"
"ÇåÅÍ_¿©","19","white","71","8_vs_9","9"
"ÇåÅÍ_¿©","20","brown","71","8_vs_9","9"
"ÇÏÀÌÀ§Àúµå_³²","10","red","38","8_vs_9","9"
"ÇÏÀÌÀ§Àúµå_³²","11","orange","38","8_vs_9","9"
"ÇÏÀÌÀ§Àúµå_³²","12","gold","38","8_vs_9","9"
"ÇÏÀÌÀ§Àúµå_³²","13","green","38","8_vs_9","9"
"ÇÏÀÌÀ§Àúµå_³²","14","teal","38","8_vs_9","9"
"ÇÏÀÌÀ§Àúµå_³²","15","blue","38","8_vs_9","9"
"ÇÏÀÌÀ§Àúµå_³²","16","purple","38","8_vs_9","9"
"ÇÏÀÌÀ§Àúµå_³²","17","pink","38","8_vs_9","9"
"ÇÏÀÌÀ§Àúµå_³²","18","dark","38","8_vs_9","9"
"ÇÏÀÌÀ§Àúµå_³²","19","white","38","8_vs_9","9"
"ÇÏÀÌÀ§Àúµå_³²","20","brown","38","8_vs_9","9"
"ÇÏÀÌÀ§Àúµå_¿©","10","red","47","8_vs_9","9"
"ÇÏÀÌÀ§Àúµå_¿©","11","orange","47","8_vs_9","9"
"ÇÏÀÌÀ§Àúµå_¿©","12","gold","47","8_vs_9","9"
"ÇÏÀÌÀ§Àúµå_¿©","13","green","47","8_vs_9","9"
"ÇÏÀÌÀ§Àúµå_¿©","14","teal","47","8_vs_9","9"
"ÇÏÀÌÀ§Àúµå_¿©","15","blue","47","8_vs_9","9"
"ÇÏÀÌÀ§Àúµå_¿©","16","purple","47","8_vs_9","9"
"ÇÏÀÌÀ§Àúµå_¿©","17","pink","47","8_vs_9","9"
"ÇÏÀÌÀ§Àúµå_¿©","18","dark","47","8_vs_9","9"
"ÇÏÀÌÀ§Àúµå_¿©","19","white","47","8_vs_9","9"
"ÇÏÀÌÀ§Àúµå_¿©","20","brown","47","8_vs_9","9"
"ÇÏÀÌÇÁ¸®½ºÆ®_³²","10","red","39","8_vs_9","9"
"ÇÏÀÌÇÁ¸®½ºÆ®_³²","11","orange","39","8_vs_9","9"
"ÇÏÀÌÇÁ¸®½ºÆ®_³²","12","gold","39","8_vs_9","9"
"ÇÏÀÌÇÁ¸®½ºÆ®_³²","13","green","39","8_vs_9","9"
"ÇÏÀÌÇÁ¸®½ºÆ®_³²","14","teal","39","8_vs_9","9"
"ÇÏÀÌÇÁ¸®½ºÆ®_³²","15","blue","39","8_vs_9","9"
"ÇÏÀÌÇÁ¸®½ºÆ®_³²","16","purple","39","8_vs_9","9"
"ÇÏÀÌÇÁ¸®½ºÆ®_³²","17","pink","39","8_vs_9","9"
"ÇÏÀÌÇÁ¸®½ºÆ®_³²","18","dark","39","8_vs_9","9"
"ÇÏÀÌÇÁ¸®½ºÆ®_³²","19","white","39","8_vs_9","9"
"ÇÏÀÌÇÁ¸®½ºÆ®_³²","20","brown","39","8_vs_9","9"
"ÇÏÀÌÇÁ¸®½ºÆ®_¿©","10","red","39","8_vs_9","9"
"ÇÏÀÌÇÁ¸®½ºÆ®_¿©","11","orange","39","8_vs_9","9"
"ÇÏÀÌÇÁ¸®½ºÆ®_¿©","12","gold","39","8_vs_9","9"
"ÇÏÀÌÇÁ¸®½ºÆ®_¿©","13","green","39","8_vs_9","9"
"ÇÏÀÌÇÁ¸®½ºÆ®_¿©","14","teal","39","8_vs_9","9"
"ÇÏÀÌÇÁ¸®½ºÆ®_¿©","15","blue","39","8_vs_9","9"
"ÇÏÀÌÇÁ¸®½ºÆ®_¿©","16","purple","39","8_vs_9","9"
"ÇÏÀÌÇÁ¸®½ºÆ®_¿©","17","pink","39","8_vs_9","9"
"ÇÏÀÌÇÁ¸®½ºÆ®_¿©","18","dark","39","8_vs_9","9"
"ÇÏÀÌÇÁ¸®½ºÆ®_¿©","19","white","39","8_vs_9","9"
"ÇÏÀÌÇÁ¸®½ºÆ®_¿©","20","brown","39","8_vs_9","9"
"ÇÏÀÌÇÁ¸®½ºÆ®¾ËÆÄÄ«_³²","10","red","39","8_vs_9","9"
"ÇÏÀÌÇÁ¸®½ºÆ®¾ËÆÄÄ«_³²","11","orange","39","8_vs_9","9"
"ÇÏÀÌÇÁ¸®½ºÆ®¾ËÆÄÄ«_³²","12","gold","39","8_vs_9","9"
"ÇÏÀÌÇÁ¸®½ºÆ®¾ËÆÄÄ«_³²","13","green","39","8_vs_9","9"
"ÇÏÀÌÇÁ¸®½ºÆ®¾ËÆÄÄ«_³²","14","teal","39","8_vs_9","9"
"ÇÏÀÌÇÁ¸®½ºÆ®¾ËÆÄÄ«_³²","15","blue","39","8_vs_9","9"
"ÇÏÀÌÇÁ¸®½ºÆ®¾ËÆÄÄ«_³²","16","purple","39","8_vs_9","9"
"ÇÏÀÌÇÁ¸®½ºÆ®¾ËÆÄÄ«_³²","17","pink","39","8_vs_9","9"
"ÇÏÀÌÇÁ¸®½ºÆ®¾ËÆÄÄ«_³²","18","dark","39","8_vs_9","9"
"ÇÏÀÌÇÁ¸®½ºÆ®¾ËÆÄÄ«_³²","19","white","39","8_vs_9","9"
"ÇÏÀÌÇÁ¸®½ºÆ®¾ËÆÄÄ«_³²","20","brown","39","8_vs_9","9"
"ÇÏÀÌÇÁ¸®½ºÆ®¾ËÆÄÄ«_¿©","10","red","39","8_vs_9","9"
"ÇÏÀÌÇÁ¸®½ºÆ®¾ËÆÄÄ«_¿©","11","orange","39","8_vs_9","9"
"ÇÏÀÌÇÁ¸®½ºÆ®¾ËÆÄÄ«_¿©","12","gold","39","8_vs_9","9"
"ÇÏÀÌÇÁ¸®½ºÆ®¾ËÆÄÄ«_¿©","13","green","39","8_vs_9","9"
"ÇÏÀÌÇÁ¸®½ºÆ®¾ËÆÄÄ«_¿©","14","teal","39","8_vs_9","9"
"ÇÏÀÌÇÁ¸®½ºÆ®¾ËÆÄÄ«_¿©","15","blue","39","8_vs_9","9"
"ÇÏÀÌÇÁ¸®½ºÆ®¾ËÆÄÄ«_¿©","16","purple","39","8_vs_9","9"
"ÇÏÀÌÇÁ¸®½ºÆ®¾ËÆÄÄ«_¿©","17","pink","39","8_vs_9","9"
"ÇÏÀÌÇÁ¸®½ºÆ®¾ËÆÄÄ«_¿©","18","dark","39","8_vs_9","9"
"ÇÏÀÌÇÁ¸®½ºÆ®¾ËÆÄÄ«_¿©","19","white","39","8_vs_9","9"
"ÇÏÀÌÇÁ¸®½ºÆ®¾ËÆÄÄ«_¿©","20","brown","39","8_vs_9","9"
"ÇØÅÂ¼ºÁ¦_³²","10","red","66","8_vs_9","9"
"ÇØÅÂ¼ºÁ¦_³²","11","orange","66","8_vs_9","9"
"ÇØÅÂ¼ºÁ¦_³²","12","gold","66","8_vs_9","9"
"ÇØÅÂ¼ºÁ¦_³²","13","green","66","8_vs_9","9"
"ÇØÅÂ¼ºÁ¦_³²","14","teal","66","8_vs_9","9"
"ÇØÅÂ¼ºÁ¦_³²","15","blue","66","8_vs_9","9"
"ÇØÅÂ¼ºÁ¦_³²","16","purple","66","8_vs_9","9"
"ÇØÅÂ¼ºÁ¦_³²","17","pink","66","8_vs_9","9"
"ÇØÅÂ¼ºÁ¦_³²","18","dark","66","8_vs_9","9"
"ÇØÅÂ¼ºÁ¦_³²","19","white","66","8_vs_9","9"
"ÇØÅÂ¼ºÁ¦_³²","20","brown","66","8_vs_9","9"
"ÇØÅÂ¼ºÁ¦_¿©","10","red","80","8_vs_9","9"
"ÇØÅÂ¼ºÁ¦_¿©","11","orange","80","8_vs_9","9"
"ÇØÅÂ¼ºÁ¦_¿©","12","gold","80","8_vs_9","9"
"ÇØÅÂ¼ºÁ¦_¿©","13","green","80","8_vs_9","9"
"ÇØÅÂ¼ºÁ¦_¿©","14","teal","80","8_vs_9","9"
"ÇØÅÂ¼ºÁ¦_¿©","15","blue","80","8_vs_9","9"
"ÇØÅÂ¼ºÁ¦_¿©","16","purple","80","8_vs_9","9"
"ÇØÅÂ¼ºÁ¦_¿©","17","pink","80","8_vs_9","9"
"ÇØÅÂ¼ºÁ¦_¿©","18","dark","80","8_vs_9","9"
"ÇØÅÂ¼ºÁ¦_¿©","19","white","80","8_vs_9","9"
"ÇØÅÂ¼ºÁ¦_¿©","20","brown","80","8_vs_9","9"
"ÇØÅÂ¼Ò¿ï¸®ÆÛ_²","10","red","99","8_vs_9","9"
"ÇØÅÂ¼Ò¿ï¸®ÆÛ_²","11","orange","99","8_vs_9","9"
"ÇØÅÂ¼Ò¿ï¸®ÆÛ_²","12","gold","99","8_vs_9","9"
"ÇØÅÂ¼Ò¿ï¸®ÆÛ_²","13","green","99","8_vs_9","9"
"ÇØÅÂ¼Ò¿ï¸®ÆÛ_²","14","teal","99","8_vs_9","9"
"ÇØÅÂ¼Ò¿ï¸®ÆÛ_²","15","blue","99","8_vs_9","9"
"ÇØÅÂ¼Ò¿ï¸®ÆÛ_²","16","purple","99","8_vs_9","9"
"ÇØÅÂ¼Ò¿ï¸®ÆÛ_²","17","pink","99","8_vs_9","9"
"ÇØÅÂ¼Ò¿ï¸®ÆÛ_²","18","dark","99","8_vs_9","9"
"ÇØÅÂ¼Ò¿ï¸®ÆÛ_²","19","white","99","8_vs_9","9"
"ÇØÅÂ¼Ò¿ï¸®ÆÛ_²","20","brown","99","8_vs_9","9"
"ÇØÅÂ¼Ò¿ï¸®ÆÛ_³²","10","red","99","8_vs_9","9"
"ÇØÅÂ¼Ò¿ï¸®ÆÛ_³²","11","orange","99","8_vs_9","9"
"ÇØÅÂ¼Ò¿ï¸®ÆÛ_³²","12","gold","99","8_vs_9","9"
"ÇØÅÂ¼Ò¿ï¸®ÆÛ_³²","13","green","99","8_vs_9","9"
"ÇØÅÂ¼Ò¿ï¸®ÆÛ_³²","14","teal","99","8_vs_9","9"
"ÇØÅÂ¼Ò¿ï¸®ÆÛ_³²","15","blue","99","8_vs_9","9"
"ÇØÅÂ¼Ò¿ï¸®ÆÛ_³²","16","purple","99","8_vs_9","9"
"ÇØÅÂ¼Ò¿ï¸®ÆÛ_³²","17","pink","99","8_vs_9","9"
"ÇØÅÂ¼Ò¿ï¸®ÆÛ_³²","18","dark","99","8_vs_9","9"
"ÇØÅÂ¼Ò¿ï¸®ÆÛ_³²","19","white","99","8_vs_9","9"
"ÇØÅÂ¼Ò¿ï¸®ÆÛ_³²","20","brown","99","8_vs_9","9"
"ÇØÅÂ¼Ò¿ï¸®ÆÛ_¿©","10","red","99","8_vs_9","9"
"ÇØÅÂ¼Ò¿ï¸®ÆÛ_¿©","11","orange","99","8_vs_9","9"
"ÇØÅÂ¼Ò¿ï¸®ÆÛ_¿©","12","gold","99","8_vs_9","9"
"ÇØÅÂ¼Ò¿ï¸®ÆÛ_¿©","13","green","99","8_vs_9","9"
"ÇØÅÂ¼Ò¿ï¸®ÆÛ_¿©","14","teal","99","8_vs_9","9"
"ÇØÅÂ¼Ò¿ï¸®ÆÛ_¿©","15","blue","99","8_vs_9","9"
"ÇØÅÂ¼Ò¿ï¸®ÆÛ_¿©","16","purple","99","8_vs_9","9"
"ÇØÅÂ¼Ò¿ï¸®ÆÛ_¿©","17","pink","99","8_vs_9","9"
"ÇØÅÂ¼Ò¿ï¸®ÆÛ_¿©","18","dark","99","8_vs_9","9"
"ÇØÅÂ¼Ò¿ï¸®ÆÛ_¿©","19","white","99","8_vs_9","9"
"ÇØÅÂ¼Ò¿ï¸®ÆÛ_¿©","20","brown","99","8_vs_9","9"
"È­ÀÌÆ®½º¹Ì½º_³²","10","red","47","8_vs_9","9"
"È­ÀÌÆ®½º¹Ì½º_³²","11","orange","47","8_vs_9","9"
"È­ÀÌÆ®½º¹Ì½º_³²","12","gold","47","8_vs_9","9"
"È­ÀÌÆ®½º¹Ì½º_³²","13","green","47","8_vs_9","9"
"È­ÀÌÆ®½º¹Ì½º_³²","14","teal","47","8_vs_9","9"
"È­ÀÌÆ®½º¹Ì½º_³²","15","blue","47","8_vs_9","9"
"È­ÀÌÆ®½º¹Ì½º_³²","16","purple","47","8_vs_9","9"
"È­ÀÌÆ®½º¹Ì½º_³²","17","pink","47","8_vs_9","9"
"È­ÀÌÆ®½º¹Ì½º_³²","18","dark","47","8_vs_9","9"
"È­ÀÌÆ®½º¹Ì½º_³²","19","white","47","8_vs_9","9"
"È­ÀÌÆ®½º¹Ì½º_³²","20","brown","47","8_vs_9","9"
"È­ÀÌÆ®½º¹Ì½º_¿©","10","red","63","8_vs_9","9"
"È­ÀÌÆ®½º¹Ì½º_¿©","11","orange","63","8_vs_9","9"
"È­ÀÌÆ®½º¹Ì½º_¿©","12","gold","63","8_vs_9","9"
"È­ÀÌÆ®½º¹Ì½º_¿©","13","green","63","8_vs_9","9"
"È­ÀÌÆ®½º¹Ì½º_¿©","14","teal","63","8_vs_9","9"
"È­ÀÌÆ®½º¹Ì½º_¿©","15","blue","63","8_vs_9","9"
"È­ÀÌÆ®½º¹Ì½º_¿©","16","purple","63","8_vs_9","9"
"È­ÀÌÆ®½º¹Ì½º_¿©","17","pink","63","8_vs_9","9"
"È­ÀÌÆ®½º¹Ì½º_¿©","18","dark","63","8_vs_9","9"
"È­ÀÌÆ®½º¹Ì½º_¿©","19","white","63","8_vs_9","9"
"È­ÀÌÆ®½º¹Ì½º_¿©","20","brown","63","8_vs_9","9"
"È­ÀÌÆ®½º¹Ì½º¸äµÅÁö_³²","10","red","47","8_vs_9","9"
"È­ÀÌÆ®½º¹Ì½º¸äµÅÁö_³²","11","orange","47","8_vs_9","9"
"È­ÀÌÆ®½º¹Ì½º¸äµÅÁö_³²","12","gold","47","8_vs_9","9"
"È­ÀÌÆ®½º¹Ì½º¸äµÅÁö_³²","13","green","47","8_vs_9","9"
"È­ÀÌÆ®½º¹Ì½º¸äµÅÁö_³²","14","teal","47","8_vs_9","9"
"È­ÀÌÆ®½º¹Ì½º¸äµÅÁö_³²","15","blue","47","8_vs_9","9"
"È­ÀÌÆ®½º¹Ì½º¸äµÅÁö_³²","16","purple","47","8_vs_9","9"
"È­ÀÌÆ®½º¹Ì½º¸äµÅÁö_³²","17","pink","47","8_vs_9","9"
"È­ÀÌÆ®½º¹Ì½º¸äµÅÁö_³²","18","dark","47","8_vs_9","9"
"È­ÀÌÆ®½º¹Ì½º¸äµÅÁö_³²","19","white","47","8_vs_9","9"
"È­ÀÌÆ®½º¹Ì½º¸äµÅÁö_³²","20","brown","47","8_vs_9","9"
"È­ÀÌÆ®½º¹Ì½º¸äµÅÁö_¿©","10","red","63","8_vs_9","9"
"È­ÀÌÆ®½º¹Ì½º¸äµÅÁö_¿©","11","orange","63","8_vs_9","9"
"È­ÀÌÆ®½º¹Ì½º¸äµÅÁö_¿©","12","gold","63","8_vs_9","9"
"È­ÀÌÆ®½º¹Ì½º¸äµÅÁö_¿©","13","green","63","8_vs_9","9"
"È­ÀÌÆ®½º¹Ì½º¸äµÅÁö_¿©","14","teal","63","8_vs_9","9"
"È­ÀÌÆ®½º¹Ì½º¸äµÅÁö_¿©","15","blue","63","8_vs_9","9"
"È­ÀÌÆ®½º¹Ì½º¸äµÅÁö_¿©","16","purple","63","8_vs_9","9"
"È­ÀÌÆ®½º¹Ì½º¸äµÅÁö_¿©","17","pink","63","8_vs_9","9"
"È­ÀÌÆ®½º¹Ì½º¸äµÅÁö_¿©","18","dark","63","8_vs_9","9"
"È­ÀÌÆ®½º¹Ì½º¸äµÅÁö_¿©","19","white","63","8_vs_9","9"
"È­ÀÌÆ®½º¹Ì½º¸äµÅÁö_¿©","20","brown","63","8_vs_9","9"
